{
    "all": {
        "mean_mae": [
            23.843168258666992,
            26.08934211730957,
            42.85728454589844,
            51.63285827636719
        ],
        "mae_sr": 0.48566877841949463,
        "rmsd": 0.841789186000824,
        "dihedral_counts": [
            628,
            496,
            213,
            104
        ],
        "seq_len": 754,
        "num_sc": 628,
        "clash_info": {
            "100": {
                "num_clashes": 279,
                "num_atom_pairs": 12839134,
                "energy": 59.15715789794922
            },
            "90": {
                "num_clashes": 62,
                "num_atom_pairs": 12839134,
                "energy": 15.590916633605957
            },
            "80": {
                "num_clashes": 21,
                "num_atom_pairs": 12839134,
                "energy": 4.059276580810547
            }
        },
        "ca_rmsd": 8.141430854797363
    },
    "core": {
        "mean_mae": [
            16.384634017944336,
            19.807926177978516,
            34.797645568847656,
            49.64540481567383
        ],
        "mae_sr": 0.6693227291107178,
        "rmsd": 0.5058188438415527,
        "dihedral_counts": [
            251,
            184,
            38,
            19
        ],
        "seq_len": 301,
        "num_sc": 251
    },
    "surface": {
        "mean_mae": [
            33.549991607666016,
            34.5035285949707,
            45.74795913696289,
            51.09970474243164
        ],
        "mae_sr": 0.29004329442977905,
        "rmsd": 1.2165776491165161,
        "dihedral_counts": [
            231,
            196,
            127,
            57
        ],
        "seq_len": 282,
        "num_sc": 231
    }
}