{
    "all": {
        "mean_mae": [
            16.425846099853516,
            11.736798286437988,
            34.34022903442383,
            45.99090576171875
        ],
        "mae_sr": 0.720588207244873,
        "rmsd": 0.5237050652503967,
        "dihedral_counts": [
            204,
            158,
            55,
            30
        ],
        "seq_len": 277,
        "num_sc": 204,
        "clash_info": {
            "100": {
                "num_clashes": 58,
                "num_atom_pairs": 1480803,
                "energy": 11.575239181518555
            },
            "90": {
                "num_clashes": 10,
                "num_atom_pairs": 1480803,
                "energy": 2.723377227783203
            },
            "80": {
                "num_clashes": 2,
                "num_atom_pairs": 1480803,
                "energy": 0.7520847320556641
            }
        },
        "ca_rmsd": 5.172403234610101e-06
    },
    "core": {
        "mean_mae": [
            6.349438667297363,
            7.341080665588379,
            40.22107696533203,
            38.91739273071289
        ],
        "mae_sr": 0.8554216623306274,
        "rmsd": 0.3202625811100006,
        "dihedral_counts": [
            83,
            64,
            17,
            8
        ],
        "seq_len": 114,
        "num_sc": 83
    },
    "surface": {
        "mean_mae": [
            24.384849548339844,
            14.865005493164062,
            29.398639678955078,
            54.45393371582031
        ],
        "mae_sr": 0.6091954112052917,
        "rmsd": 0.7092425227165222,
        "dihedral_counts": [
            87,
            67,
            31,
            16
        ],
        "seq_len": 116,
        "num_sc": 87
    }
}