{
    "all": {
        "mean_mae": [
            11.621586799621582,
            17.551633834838867,
            31.545982360839844,
            52.49176025390625
        ],
        "mae_sr": 0.7622377872467041,
        "rmsd": 0.5058354735374451,
        "dihedral_counts": [
            143,
            121,
            36,
            16
        ],
        "seq_len": 161,
        "num_sc": 143,
        "clash_info": {
            "100": {
                "num_clashes": 52,
                "num_atom_pairs": 708935,
                "energy": 10.719837188720703
            },
            "90": {
                "num_clashes": 13,
                "num_atom_pairs": 708935,
                "energy": 3.555098056793213
            },
            "80": {
                "num_clashes": 4,
                "num_atom_pairs": 708935,
                "energy": 1.067664384841919
            }
        },
        "ca_rmsd": 4.8957144826999865e-06
    },
    "core": {
        "mean_mae": [
            9.358752250671387,
            9.130208969116211,
            18.49732208251953,
            59.329071044921875
        ],
        "mae_sr": 0.8857142925262451,
        "rmsd": 0.33165886998176575,
        "dihedral_counts": [
            35,
            29,
            4,
            2
        ],
        "seq_len": 46,
        "num_sc": 35
    },
    "surface": {
        "mean_mae": [
            14.73521614074707,
            26.10935401916504,
            39.18348693847656,
            56.90099334716797
        ],
        "mae_sr": 0.6216216087341309,
        "rmsd": 0.7016755938529968,
        "dihedral_counts": [
            74,
            64,
            26,
            10
        ],
        "seq_len": 79,
        "num_sc": 74
    }
}