{
    "all": {
        "rmsd": 0.6157141923904419,
        "mae_sr": 0.6714285612106323,
        "mean_mae": [
            16.144380569458008,
            21.22443962097168,
            42.75936508178711,
            55.42564010620117
        ],
        "dihedral_counts": [
            17962,
            13381,
            4406,
            2035
        ],
        "num_sc": 17962,
        "mean_seq_len": 303.9154968261719,
        "ca_rmsd": 3.3306871500826674e-06,
        "clash_info": {
            "100": {
                "energy": 15.348108291625977,
                "num_atom_pairs": 1392006.0,
                "num_clashes": 67.0
            },
            "90": {
                "energy": 3.415630340576172,
                "num_atom_pairs": 1392006.0,
                "num_clashes": 14.0
            },
            "80": {
                "energy": 0.8207944631576538,
                "num_atom_pairs": 1392006.0,
                "num_clashes": 3.0
            }
        }
    },
    "core": {
        "rmsd": 0.3179679811000824,
        "mae_sr": 0.8611111044883728,
        "mean_mae": [
            8.635283470153809,
            10.831525802612305,
            27.438426971435547,
            41.14856719970703
        ],
        "dihedral_counts": [
            5775,
            4143,
            811,
            339
        ],
        "num_sc": 5775,
        "mean_seq_len": 99.53520965576172
    },
    "surface": {
        "rmsd": 0.8269713521003723,
        "mae_sr": 0.577464759349823,
        "mean_mae": [
            22.88060188293457,
            26.660221099853516,
            45.36338424682617,
            60.07651901245117
        ],
        "dihedral_counts": [
            8432,
            6368,
            2669,
            1234
        ],
        "num_sc": 8432,
        "mean_seq_len": 142.78872680664062
    }
}