{
    "all": {
        "mean_mae": [
            9.354586601257324,
            13.443004608154297,
            31.26051902770996,
            52.45754623413086
        ],
        "mae_sr": 0.7768421173095703,
        "rmsd": 0.394808828830719,
        "dihedral_counts": [
            475,
            363,
            120,
            57
        ],
        "seq_len": 573,
        "num_sc": 475,
        "clash_info": {
            "100": {
                "num_clashes": 137,
                "num_atom_pairs": 7237975,
                "energy": 19.67431640625
            },
            "90": {
                "num_clashes": 15,
                "num_atom_pairs": 7237975,
                "energy": 3.2260184288024902
            },
            "80": {
                "num_clashes": 2,
                "num_atom_pairs": 7237975,
                "energy": 0.8325996398925781
            }
        },
        "ca_rmsd": 4.5268689063959755e-06
    },
    "core": {
        "mean_mae": [
            5.35515832901001,
            8.416755676269531,
            15.918542861938477,
            45.754127502441406
        ],
        "mae_sr": 0.8949771523475647,
        "rmsd": 0.25162479281425476,
        "dihedral_counts": [
            219,
            172,
            37,
            17
        ],
        "seq_len": 278,
        "num_sc": 219
    },
    "surface": {
        "mean_mae": [
            13.77463150024414,
            21.771026611328125,
            36.097232818603516,
            65.67292022705078
        ],
        "mae_sr": 0.6223776340484619,
        "rmsd": 0.5701929926872253,
        "dihedral_counts": [
            143,
            103,
            53,
            26
        ],
        "seq_len": 168,
        "num_sc": 143
    }
}