{
    "all": {
        "mean_mae": [
            13.033110618591309,
            21.46840476989746,
            49.937957763671875,
            63.34859848022461
        ],
        "mae_sr": 0.6708333492279053,
        "rmsd": 0.6007855534553528,
        "dihedral_counts": [
            240,
            186,
            63,
            34
        ],
        "seq_len": 279,
        "num_sc": 240,
        "clash_info": {
            "100": {
                "num_clashes": 103,
                "num_atom_pairs": 1863165,
                "energy": 26.617450714111328
            },
            "90": {
                "num_clashes": 27,
                "num_atom_pairs": 1863165,
                "energy": 9.125778198242188
            },
            "80": {
                "num_clashes": 14,
                "num_atom_pairs": 1863165,
                "energy": 3.1959681510925293
            }
        },
        "ca_rmsd": 5.857802534592338e-06
    },
    "core": {
        "mean_mae": [
            10.168719291687012,
            14.041070938110352,
            45.737266540527344,
            73.353271484375
        ],
        "mae_sr": 0.8260869383811951,
        "rmsd": 0.363518089056015,
        "dihedral_counts": [
            92,
            68,
            15,
            7
        ],
        "seq_len": 104,
        "num_sc": 92
    },
    "surface": {
        "mean_mae": [
            15.56023120880127,
            28.492069244384766,
            43.95834732055664,
            46.5369987487793
        ],
        "mae_sr": 0.5652173757553101,
        "rmsd": 0.7827608585357666,
        "dihedral_counts": [
            92,
            74,
            32,
            18
        ],
        "seq_len": 112,
        "num_sc": 92
    }
}