{
    "all": {
        "mean_mae": [
            8.820111274719238,
            12.88648509979248,
            36.20516586303711,
            45.64320373535156
        ],
        "mae_sr": 0.7958115339279175,
        "rmsd": 0.38583099842071533,
        "dihedral_counts": [
            191,
            160,
            52,
            24
        ],
        "seq_len": 229,
        "num_sc": 191,
        "clash_info": {
            "100": {
                "num_clashes": 35,
                "num_atom_pairs": 1146495,
                "energy": 4.643826484680176
            },
            "90": {
                "num_clashes": 2,
                "num_atom_pairs": 1146495,
                "energy": 0.26767516136169434
            },
            "80": {
                "num_clashes": 0,
                "num_atom_pairs": 1146495,
                "energy": 0.0
            }
        },
        "ca_rmsd": 5.370516191760544e-06
    },
    "core": {
        "mean_mae": [
            5.698078155517578,
            5.875352382659912,
            14.864604949951172,
            6.045656681060791
        ],
        "mae_sr": 0.9166666865348816,
        "rmsd": 0.20832304656505585,
        "dihedral_counts": [
            72,
            56,
            9,
            2
        ],
        "seq_len": 87,
        "num_sc": 72
    },
    "surface": {
        "mean_mae": [
            9.201075553894043,
            11.64276123046875,
            38.045719146728516,
            53.7492561340332
        ],
        "mae_sr": 0.6800000071525574,
        "rmsd": 0.4708719849586487,
        "dihedral_counts": [
            75,
            65,
            28,
            14
        ],
        "seq_len": 89,
        "num_sc": 75
    }
}