{
    "all": {
        "mean_mae": [
            29.610015869140625,
            26.30507469177246,
            44.13578796386719,
            61.3783073425293
        ],
        "mae_sr": 0.5456674695014954,
        "rmsd": 0.8962243795394897,
        "dihedral_counts": [
            854,
            647,
            192,
            88
        ],
        "seq_len": 1008,
        "num_sc": 854,
        "clash_info": {
            "100": {
                "num_clashes": 549,
                "num_atom_pairs": 22727944,
                "energy": 133.87515258789062
            },
            "90": {
                "num_clashes": 124,
                "num_atom_pairs": 22727944,
                "energy": 42.86355972290039
            },
            "80": {
                "num_clashes": 43,
                "num_atom_pairs": 22727944,
                "energy": 19.573028564453125
            }
        },
        "ca_rmsd": 8.509588951710612e-06
    },
    "core": {
        "mean_mae": [
            21.480487823486328,
            20.638151168823242,
            31.598894119262695,
            56.526283264160156
        ],
        "mae_sr": 0.6420454382896423,
        "rmsd": 0.6304941773414612,
        "dihedral_counts": [
            352,
            260,
            56,
            19
        ],
        "seq_len": 425,
        "num_sc": 352
    },
    "surface": {
        "mean_mae": [
            41.432891845703125,
            32.08456802368164,
            55.977718353271484,
            64.63986206054688
        ],
        "mae_sr": 0.4323432445526123,
        "rmsd": 1.231899380683899,
        "dihedral_counts": [
            303,
            228,
            81,
            44
        ],
        "seq_len": 349,
        "num_sc": 303
    }
}