{
    "all": {
        "mean_mae": [
            21.869009017944336,
            23.15630531311035,
            76.64776611328125,
            61.41204833984375
        ],
        "mae_sr": 0.523809552192688,
        "rmsd": 1.2606172561645508,
        "dihedral_counts": [
            21,
            14,
            12,
            9
        ],
        "seq_len": 29,
        "num_sc": 21,
        "clash_info": {
            "100": {
                "num_clashes": 10,
                "num_atom_pairs": 17640,
                "energy": 1.9458019733428955
            },
            "90": {
                "num_clashes": 3,
                "num_atom_pairs": 17640,
                "energy": 0.576667308807373
            },
            "80": {
                "num_clashes": 1,
                "num_atom_pairs": 17640,
                "energy": 0.12908554077148438
            }
        },
        "ca_rmsd": 1.6581344652877306e-06
    },
    "core": {
        "mean_mae": [
            0.0,
            0.0,
            0.0,
            0.0
        ],
        "mae_sr": 1.0,
        "rmsd": 0.0,
        "dihedral_counts": [
            0,
            0,
            0,
            0
        ],
        "seq_len": 0,
        "num_sc": 0
    },
    "surface": {
        "mean_mae": [
            21.869009017944336,
            23.15630531311035,
            76.64776611328125,
            61.41204833984375
        ],
        "mae_sr": 0.523809552192688,
        "rmsd": 1.2606172561645508,
        "dihedral_counts": [
            21,
            14,
            12,
            9
        ],
        "seq_len": 29,
        "num_sc": 21
    }
}