{
    "all": {
        "mean_mae": [
            10.599536895751953,
            16.446565628051758,
            40.43330764770508,
            56.53236770629883
        ],
        "mae_sr": 0.767123281955719,
        "rmsd": 0.4821203052997589,
        "dihedral_counts": [
            292,
            222,
            75,
            33
        ],
        "seq_len": 378,
        "num_sc": 292,
        "clash_info": {
            "100": {
                "num_clashes": 86,
                "num_atom_pairs": 3090279,
                "energy": 20.563127517700195
            },
            "90": {
                "num_clashes": 22,
                "num_atom_pairs": 3090279,
                "energy": 6.296142578125
            },
            "80": {
                "num_clashes": 7,
                "num_atom_pairs": 3090279,
                "energy": 2.479336738586426
            }
        },
        "ca_rmsd": 5.867319941899041e-06
    },
    "core": {
        "mean_mae": [
            8.453287124633789,
            10.419027328491211,
            20.659687042236328,
            43.91397476196289
        ],
        "mae_sr": 0.907216489315033,
        "rmsd": 0.24814766645431519,
        "dihedral_counts": [
            97,
            75,
            11,
            3
        ],
        "seq_len": 124,
        "num_sc": 97
    },
    "surface": {
        "mean_mae": [
            12.021576881408691,
            22.089963912963867,
            48.12834167480469,
            68.05523681640625
        ],
        "mae_sr": 0.671999990940094,
        "rmsd": 0.6659213304519653,
        "dihedral_counts": [
            125,
            97,
            39,
            19
        ],
        "seq_len": 166,
        "num_sc": 125
    }
}