{
    "all": {
        "mean_mae": [
            21.017248153686523,
            24.70831871032715,
            52.14803695678711,
            70.44190216064453
        ],
        "mae_sr": 0.6107594966888428,
        "rmsd": 0.7571036219596863,
        "dihedral_counts": [
            316,
            238,
            71,
            31
        ],
        "seq_len": 399,
        "num_sc": 316,
        "clash_info": {
            "100": {
                "num_clashes": 107,
                "num_atom_pairs": 3186781,
                "energy": 22.510112762451172
            },
            "90": {
                "num_clashes": 23,
                "num_atom_pairs": 3186781,
                "energy": 7.483410835266113
            },
            "80": {
                "num_clashes": 7,
                "num_atom_pairs": 3186781,
                "energy": 3.4824941158294678
            }
        },
        "ca_rmsd": 1.1834208635264076e-05
    },
    "core": {
        "mean_mae": [
            18.663389205932617,
            13.000958442687988,
            47.06446838378906,
            66.1231460571289
        ],
        "mae_sr": 0.800000011920929,
        "rmsd": 0.5548635721206665,
        "dihedral_counts": [
            25,
            17,
            4,
            2
        ],
        "seq_len": 32,
        "num_sc": 25
    },
    "surface": {
        "mean_mae": [
            21.171096801757812,
            26.713401794433594,
            55.92603302001953,
            74.89122009277344
        ],
        "mae_sr": 0.5836575627326965,
        "rmsd": 0.7938986420631409,
        "dihedral_counts": [
            257,
            197,
            61,
            26
        ],
        "seq_len": 326,
        "num_sc": 257
    }
}