{
    "all": {
        "mean_mae": [
            26.399080276489258,
            27.73409080505371,
            58.394432067871094,
            68.0589370727539
        ],
        "mae_sr": 0.5173913240432739,
        "rmsd": 0.830723226070404,
        "dihedral_counts": [
            230,
            160,
            50,
            18
        ],
        "seq_len": 270,
        "num_sc": 230,
        "clash_info": {
            "100": {
                "num_clashes": 149,
                "num_atom_pairs": 1684725,
                "energy": 48.2642822265625
            },
            "90": {
                "num_clashes": 46,
                "num_atom_pairs": 1684725,
                "energy": 21.762866973876953
            },
            "80": {
                "num_clashes": 18,
                "num_atom_pairs": 1684725,
                "energy": 11.329859733581543
            }
        },
        "ca_rmsd": 2.720925749599701e-06
    },
    "core": {
        "mean_mae": [
            11.199285507202148,
            16.67348861694336,
            66.65190124511719,
            74.29985809326172
        ],
        "mae_sr": 0.7051281929016113,
        "rmsd": 0.538682222366333,
        "dihedral_counts": [
            78,
            56,
            16,
            6
        ],
        "seq_len": 94,
        "num_sc": 78
    },
    "surface": {
        "mean_mae": [
            40.16151428222656,
            40.375431060791016,
            60.19365310668945,
            53.5976676940918
        ],
        "mae_sr": 0.3564356565475464,
        "rmsd": 1.1040815114974976,
        "dihedral_counts": [
            101,
            67,
            23,
            7
        ],
        "seq_len": 122,
        "num_sc": 101
    }
}