{
    "all": {
        "mean_mae": [
            17.70528793334961,
            22.80130386352539,
            49.54179763793945,
            69.44747161865234
        ],
        "mae_sr": 0.6205673813819885,
        "rmsd": 0.7255661487579346,
        "dihedral_counts": [
            282,
            231,
            85,
            41
        ],
        "seq_len": 349,
        "num_sc": 282,
        "clash_info": {
            "100": {
                "num_clashes": 156,
                "num_atom_pairs": 2864125,
                "energy": 60.5460090637207
            },
            "90": {
                "num_clashes": 62,
                "num_atom_pairs": 2864125,
                "energy": 28.71783447265625
            },
            "80": {
                "num_clashes": 29,
                "num_atom_pairs": 2864125,
                "energy": 14.272856712341309
            }
        },
        "ca_rmsd": 2.35454513131117e-06
    },
    "core": {
        "mean_mae": [
            8.635283470153809,
            14.542643547058105,
            39.497276306152344,
            58.00103759765625
        ],
        "mae_sr": 0.7413793206214905,
        "rmsd": 0.3978792428970337,
        "dihedral_counts": [
            116,
            87,
            22,
            12
        ],
        "seq_len": 149,
        "num_sc": 116
    },
    "surface": {
        "mean_mae": [
            32.433536529541016,
            35.42090606689453,
            55.142086029052734,
            69.171630859375
        ],
        "mae_sr": 0.4375,
        "rmsd": 1.1428436040878296,
        "dihedral_counts": [
            96,
            85,
            43,
            19
        ],
        "seq_len": 118,
        "num_sc": 96
    }
}