{
    "all": {
        "mean_mae": [
            21.198360443115234,
            20.519174575805664,
            48.07748794555664,
            66.39080047607422
        ],
        "mae_sr": 0.6490066051483154,
        "rmsd": 0.6401899456977844,
        "dihedral_counts": [
            453,
            323,
            82,
            38
        ],
        "seq_len": 563,
        "num_sc": 453,
        "clash_info": {
            "100": {
                "num_clashes": 300,
                "num_atom_pairs": 6430869,
                "energy": 71.21643829345703
            },
            "90": {
                "num_clashes": 73,
                "num_atom_pairs": 6430869,
                "energy": 22.480770111083984
            },
            "80": {
                "num_clashes": 26,
                "num_atom_pairs": 6430869,
                "energy": 9.62442684173584
            }
        },
        "ca_rmsd": 0.0
    },
    "core": {
        "mean_mae": [
            14.79774284362793,
            16.08746910095215,
            35.39693832397461,
            59.88142013549805
        ],
        "mae_sr": 0.7348484992980957,
        "rmsd": 0.494151771068573,
        "dihedral_counts": [
            264,
            187,
            51,
            24
        ],
        "seq_len": 319,
        "num_sc": 264
    },
    "surface": {
        "mean_mae": [
            39.2253532409668,
            31.053804397583008,
            69.9910888671875,
            105.002685546875
        ],
        "mae_sr": 0.46078431606292725,
        "rmsd": 0.9912825226783752,
        "dihedral_counts": [
            102,
            73,
            16,
            3
        ],
        "seq_len": 141,
        "num_sc": 102
    }
}