{
    "all": {
        "mean_mae": [
            11.313355445861816,
            17.30485725402832,
            32.436519622802734,
            50.2232551574707
        ],
        "mae_sr": 0.7939698696136475,
        "rmsd": 0.4539854824542999,
        "dihedral_counts": [
            199,
            151,
            45,
            20
        ],
        "seq_len": 263,
        "num_sc": 199,
        "clash_info": {
            "100": {
                "num_clashes": 70,
                "num_atom_pairs": 1410345,
                "energy": 12.417598724365234
            },
            "90": {
                "num_clashes": 12,
                "num_atom_pairs": 1410345,
                "energy": 2.429729461669922
            },
            "80": {
                "num_clashes": 1,
                "num_atom_pairs": 1410345,
                "energy": 0.2697579860687256
            }
        },
        "ca_rmsd": 4.5842693907616194e-06
    },
    "core": {
        "mean_mae": [
            8.542996406555176,
            9.218903541564941,
            13.066045761108398,
            41.14856719970703
        ],
        "mae_sr": 0.8571428656578064,
        "rmsd": 0.2582567632198334,
        "dihedral_counts": [
            98,
            73,
            13,
            5
        ],
        "seq_len": 120,
        "num_sc": 98
    },
    "surface": {
        "mean_mae": [
            14.454595565795898,
            26.301095962524414,
            38.109371185302734,
            42.81743240356445
        ],
        "mae_sr": 0.6969696879386902,
        "rmsd": 0.732206404209137,
        "dihedral_counts": [
            66,
            55,
            25,
            12
        ],
        "seq_len": 97,
        "num_sc": 66
    }
}