{
    "all": {
        "mean_mae": [
            13.252870559692383,
            19.70919418334961,
            48.27009582519531,
            38.56201934814453
        ],
        "mae_sr": 0.800000011920929,
        "rmsd": 0.586185097694397,
        "dihedral_counts": [
            40,
            35,
            11,
            5
        ],
        "seq_len": 46,
        "num_sc": 40,
        "clash_info": {
            "100": {
                "num_clashes": 13,
                "num_atom_pairs": 48867,
                "energy": 4.9681196212768555
            },
            "90": {
                "num_clashes": 5,
                "num_atom_pairs": 48867,
                "energy": 2.1275479793548584
            },
            "80": {
                "num_clashes": 2,
                "num_atom_pairs": 48867,
                "energy": 1.0749887228012085
            }
        },
        "ca_rmsd": 2.4546802706026938e-06
    },
    "core": {
        "mean_mae": [
            2.7276611328125,
            1.848215103149414,
            7.913498401641846,
            0.0
        ],
        "mae_sr": 1.0,
        "rmsd": 0.09411656111478806,
        "dihedral_counts": [
            3,
            3,
            1,
            0
        ],
        "seq_len": 3,
        "num_sc": 3
    },
    "surface": {
        "mean_mae": [
            17.351245880126953,
            21.362770080566406,
            52.305763244628906,
            38.56201934814453
        ],
        "mae_sr": 0.75,
        "rmsd": 0.7390312552452087,
        "dihedral_counts": [
            28,
            24,
            10,
            5
        ],
        "seq_len": 33,
        "num_sc": 28
    }
}