{
    "all": {
        "mean_mae": [
            18.064590454101562,
            24.00900650024414,
            54.87051773071289,
            36.52965545654297
        ],
        "mae_sr": 0.6071428656578064,
        "rmsd": 0.710771918296814,
        "dihedral_counts": [
            140,
            113,
            41,
            22
        ],
        "seq_len": 164,
        "num_sc": 140,
        "clash_info": {
            "100": {
                "num_clashes": 49,
                "num_atom_pairs": 664961,
                "energy": 7.45027494430542
            },
            "90": {
                "num_clashes": 8,
                "num_atom_pairs": 664961,
                "energy": 0.5814242362976074
            },
            "80": {
                "num_clashes": 0,
                "num_atom_pairs": 664961,
                "energy": 0.0
            }
        },
        "ca_rmsd": 1.568235688864661e-06
    },
    "core": {
        "mean_mae": [
            11.727099418640137,
            26.33160400390625,
            55.84945297241211,
            22.591903686523438
        ],
        "mae_sr": 0.7142857313156128,
        "rmsd": 0.45113253593444824,
        "dihedral_counts": [
            42,
            31,
            7,
            3
        ],
        "seq_len": 50,
        "num_sc": 42
    },
    "surface": {
        "mean_mae": [
            22.194868087768555,
            23.68170928955078,
            52.49073028564453,
            47.04728317260742
        ],
        "mae_sr": 0.5540540814399719,
        "rmsd": 0.8932907581329346,
        "dihedral_counts": [
            74,
            62,
            27,
            15
        ],
        "seq_len": 89,
        "num_sc": 74
    }
}