{
    "all": {
        "mean_mae": [
            39.912750244140625,
            30.998180389404297,
            49.48374557495117,
            49.24375915527344
        ],
        "mae_sr": 0.4785478413105011,
        "rmsd": 1.0995752811431885,
        "dihedral_counts": [
            303,
            232,
            72,
            32
        ],
        "seq_len": 358,
        "num_sc": 303,
        "clash_info": {
            "100": {
                "num_clashes": 75,
                "num_atom_pairs": 2730574,
                "energy": 11.392468452453613
            },
            "90": {
                "num_clashes": 8,
                "num_atom_pairs": 2730574,
                "energy": 1.2402613162994385
            },
            "80": {
                "num_clashes": 2,
                "num_atom_pairs": 2730574,
                "energy": 0.3597433567047119
            }
        },
        "ca_rmsd": 1.1203589565411676e-05
    },
    "core": {
        "mean_mae": [
            25.31485366821289,
            20.845077514648438,
            23.082828521728516,
            6.502941131591797
        ],
        "mae_sr": 0.7333333492279053,
        "rmsd": 0.6609497666358948,
        "dihedral_counts": [
            30,
            16,
            7,
            3
        ],
        "seq_len": 35,
        "num_sc": 30
    },
    "surface": {
        "mean_mae": [
            42.77812194824219,
            32.585636138916016,
            53.88691711425781,
            54.83788299560547
        ],
        "mae_sr": 0.4508196711540222,
        "rmsd": 1.1585638523101807,
        "dihedral_counts": [
            244,
            190,
            55,
            26
        ],
        "seq_len": 291,
        "num_sc": 244
    }
}