{
    "all": {
        "mean_mae": [
            29.800464630126953,
            22.262752532958984,
            59.1116828918457,
            39.975257873535156
        ],
        "mae_sr": 0.6060606241226196,
        "rmsd": 0.8545032143592834,
        "dihedral_counts": [
            66,
            47,
            20,
            12
        ],
        "seq_len": 84,
        "num_sc": 66,
        "clash_info": {
            "100": {
                "num_clashes": 16,
                "num_atom_pairs": 153348,
                "energy": 1.9021317958831787
            },
            "90": {
                "num_clashes": 0,
                "num_atom_pairs": 153348,
                "energy": 0.0
            },
            "80": {
                "num_clashes": 0,
                "num_atom_pairs": 153348,
                "energy": 0.0
            }
        },
        "ca_rmsd": 2.4038772608037107e-06
    },
    "core": {
        "mean_mae": [
            4.076132774353027,
            6.1818037033081055,
            40.766746520996094,
            63.941158294677734
        ],
        "mae_sr": 0.9333333373069763,
        "rmsd": 0.34230950474739075,
        "dihedral_counts": [
            15,
            10,
            3,
            3
        ],
        "seq_len": 23,
        "num_sc": 15
    },
    "surface": {
        "mean_mae": [
            44.11566925048828,
            32.26274871826172,
            64.08281707763672,
            37.154239654541016
        ],
        "mae_sr": 0.42500001192092896,
        "rmsd": 1.1487414836883545,
        "dihedral_counts": [
            40,
            28,
            14,
            6
        ],
        "seq_len": 47,
        "num_sc": 40
    }
}