{
    "all": {
        "mean_mae": [
            37.78056335449219,
            37.417083740234375,
            53.53976058959961,
            64.72986602783203
        ],
        "mae_sr": 0.4531615972518921,
        "rmsd": 1.1348938941955566,
        "dihedral_counts": [
            854,
            647,
            192,
            88
        ],
        "seq_len": 1008,
        "num_sc": 854,
        "clash_info": {
            "100": {
                "num_clashes": 565,
                "num_atom_pairs": 22727944,
                "energy": 135.8686981201172
            },
            "90": {
                "num_clashes": 154,
                "num_atom_pairs": 22727944,
                "energy": 38.21015930175781
            },
            "80": {
                "num_clashes": 42,
                "num_atom_pairs": 22727944,
                "energy": 10.088658332824707
            }
        },
        "ca_rmsd": 8.509588951710612e-06
    },
    "core": {
        "mean_mae": [
            28.074668884277344,
            30.619291305541992,
            43.67359161376953,
            66.54017639160156
        ],
        "mae_sr": 0.5710227489471436,
        "rmsd": 0.8280689120292664,
        "dihedral_counts": [
            352,
            260,
            56,
            19
        ],
        "seq_len": 425,
        "num_sc": 352
    },
    "surface": {
        "mean_mae": [
            47.88373947143555,
            41.342559814453125,
            58.801185607910156,
            58.606101989746094
        ],
        "mae_sr": 0.34983497858047485,
        "rmsd": 1.374780297279358,
        "dihedral_counts": [
            303,
            228,
            81,
            44
        ],
        "seq_len": 349,
        "num_sc": 303
    }
}