{
    "all": {
        "mean_mae": [
            21.437198638916016,
            22.00596046447754,
            35.77703094482422,
            71.07437133789062
        ],
        "mae_sr": 0.6574074029922485,
        "rmsd": 0.6847181916236877,
        "dihedral_counts": [
            108,
            70,
            25,
            10
        ],
        "seq_len": 125,
        "num_sc": 108,
        "clash_info": {
            "100": {
                "num_clashes": 43,
                "num_atom_pairs": 330785,
                "energy": 11.349881172180176
            },
            "90": {
                "num_clashes": 9,
                "num_atom_pairs": 330785,
                "energy": 5.013028144836426
            },
            "80": {
                "num_clashes": 5,
                "num_atom_pairs": 330785,
                "energy": 2.6942031383514404
            }
        },
        "ca_rmsd": 2.725865897446056e-06
    },
    "core": {
        "mean_mae": [
            9.384859085083008,
            10.36044979095459,
            5.105349540710449,
            60.75645446777344
        ],
        "mae_sr": 0.8214285969734192,
        "rmsd": 0.26868048310279846,
        "dihedral_counts": [
            28,
            17,
            2,
            1
        ],
        "seq_len": 30,
        "num_sc": 28
    },
    "surface": {
        "mean_mae": [
            31.003276824951172,
            29.817459106445312,
            47.997779846191406,
            79.94747924804688
        ],
        "mae_sr": 0.5079365372657776,
        "rmsd": 0.9549376368522644,
        "dihedral_counts": [
            63,
            38,
            18,
            8
        ],
        "seq_len": 76,
        "num_sc": 63
    }
}