{
    "all": {
        "mean_mae": [
            22.87991714477539,
            19.905866622924805,
            36.786094665527344,
            54.56000518798828
        ],
        "mae_sr": 0.631313145160675,
        "rmsd": 0.7955701947212219,
        "dihedral_counts": [
            198,
            160,
            62,
            34
        ],
        "seq_len": 223,
        "num_sc": 198,
        "clash_info": {
            "100": {
                "num_clashes": 72,
                "num_atom_pairs": 1212729,
                "energy": 13.711706161499023
            },
            "90": {
                "num_clashes": 11,
                "num_atom_pairs": 1212729,
                "energy": 3.3563332557678223
            },
            "80": {
                "num_clashes": 3,
                "num_atom_pairs": 1212729,
                "energy": 0.49376964569091797
            }
        },
        "ca_rmsd": 5.5309460549324285e-06
    },
    "core": {
        "mean_mae": [
            11.34463119506836,
            15.463168144226074,
            18.66449546813965,
            28.001300811767578
        ],
        "mae_sr": 0.8260869383811951,
        "rmsd": 0.41595426201820374,
        "dihedral_counts": [
            69,
            50,
            12,
            5
        ],
        "seq_len": 80,
        "num_sc": 69
    },
    "surface": {
        "mean_mae": [
            30.86701202392578,
            23.003232955932617,
            42.91695785522461,
            60.87594985961914
        ],
        "mae_sr": 0.49473685026168823,
        "rmsd": 1.0843147039413452,
        "dihedral_counts": [
            95,
            79,
            40,
            24
        ],
        "seq_len": 105,
        "num_sc": 95
    }
}