{
    "all": {
        "mean_mae": [
            18.439062118530273,
            20.59609031677246,
            40.6585807800293,
            31.43340492248535
        ],
        "mae_sr": 0.7017543911933899,
        "rmsd": 0.7084524631500244,
        "dihedral_counts": [
            171,
            134,
            37,
            16
        ],
        "seq_len": 221,
        "num_sc": 171,
        "clash_info": {
            "100": {
                "num_clashes": 48,
                "num_atom_pairs": 1015040,
                "energy": 5.546337127685547
            },
            "90": {
                "num_clashes": 4,
                "num_atom_pairs": 1015040,
                "energy": 0.4592721462249756
            },
            "80": {
                "num_clashes": 0,
                "num_atom_pairs": 1015040,
                "energy": 0.0
            }
        },
        "ca_rmsd": 3.8077500903455075e-06
    },
    "core": {
        "mean_mae": [
            9.280397415161133,
            9.81975269317627,
            14.925407409667969,
            4.691260814666748
        ],
        "mae_sr": 0.9154929518699646,
        "rmsd": 0.29679909348487854,
        "dihedral_counts": [
            71,
            49,
            7,
            1
        ],
        "seq_len": 91,
        "num_sc": 71
    },
    "surface": {
        "mean_mae": [
            28.371322631835938,
            33.0018310546875,
            36.810733795166016,
            29.796777725219727
        ],
        "mae_sr": 0.5352112650871277,
        "rmsd": 1.0656962394714355,
        "dihedral_counts": [
            71,
            60,
            22,
            11
        ],
        "seq_len": 92,
        "num_sc": 71
    }
}