{
    "all": {
        "mean_mae": [
            17.344024658203125,
            27.5425968170166,
            56.58147048950195,
            51.63559341430664
        ],
        "mae_sr": 0.6448087692260742,
        "rmsd": 0.610468327999115,
        "dihedral_counts": [
            183,
            127,
            37,
            15
        ],
        "seq_len": 214,
        "num_sc": 183,
        "clash_info": {
            "100": {
                "num_clashes": 95,
                "num_atom_pairs": 1046100,
                "energy": 12.264425277709961
            },
            "90": {
                "num_clashes": 6,
                "num_atom_pairs": 1046100,
                "energy": 0.6848516464233398
            },
            "80": {
                "num_clashes": 0,
                "num_atom_pairs": 1046100,
                "energy": 0.0
            }
        },
        "ca_rmsd": 1.4865496495986008e-06
    },
    "core": {
        "mean_mae": [
            10.992716789245605,
            23.017601013183594,
            48.46223449707031,
            55.94973373413086
        ],
        "mae_sr": 0.7916666865348816,
        "rmsd": 0.46943801641464233,
        "dihedral_counts": [
            72,
            48,
            10,
            2
        ],
        "seq_len": 83,
        "num_sc": 72
    },
    "surface": {
        "mean_mae": [
            26.427141189575195,
            33.87450408935547,
            60.03385925292969,
            48.91999816894531
        ],
        "mae_sr": 0.5,
        "rmsd": 0.8358345627784729,
        "dihedral_counts": [
            72,
            53,
            18,
            9
        ],
        "seq_len": 87,
        "num_sc": 72
    }
}