{
    "all": {
        "mean_mae": [
            15.687287330627441,
            25.343454360961914,
            37.53678894042969,
            75.30593872070312
        ],
        "mae_sr": 0.7222222089767456,
        "rmsd": 0.5304785370826721,
        "dihedral_counts": [
            108,
            70,
            25,
            10
        ],
        "seq_len": 125,
        "num_sc": 108,
        "clash_info": {
            "100": {
                "num_clashes": 26,
                "num_atom_pairs": 330785,
                "energy": 4.677852153778076
            },
            "90": {
                "num_clashes": 4,
                "num_atom_pairs": 330785,
                "energy": 0.793978214263916
            },
            "80": {
                "num_clashes": 1,
                "num_atom_pairs": 330785,
                "energy": 0.14972567558288574
            }
        },
        "ca_rmsd": 2.725865897446056e-06
    },
    "core": {
        "mean_mae": [
            8.07793140411377,
            8.353381156921387,
            82.76521301269531,
            55.01725769042969
        ],
        "mae_sr": 0.8571428656578064,
        "rmsd": 0.24809159338474274,
        "dihedral_counts": [
            28,
            17,
            2,
            1
        ],
        "seq_len": 30,
        "num_sc": 28
    },
    "surface": {
        "mean_mae": [
            21.174772262573242,
            32.42145919799805,
            38.31736373901367,
            86.2693099975586
        ],
        "mae_sr": 0.6349206566810608,
        "rmsd": 0.6858194470405579,
        "dihedral_counts": [
            63,
            38,
            18,
            8
        ],
        "seq_len": 76,
        "num_sc": 63
    }
}