{
    "all": {
        "mean_mae": [
            9.899357795715332,
            24.944929122924805,
            35.31510925292969,
            26.68439292907715
        ],
        "mae_sr": 0.7202796936035156,
        "rmsd": 0.511992871761322,
        "dihedral_counts": [
            143,
            121,
            36,
            16
        ],
        "seq_len": 161,
        "num_sc": 143,
        "clash_info": {
            "100": {
                "num_clashes": 48,
                "num_atom_pairs": 708935,
                "energy": 6.473404884338379
            },
            "90": {
                "num_clashes": 4,
                "num_atom_pairs": 708935,
                "energy": 0.4063396453857422
            },
            "80": {
                "num_clashes": 0,
                "num_atom_pairs": 708935,
                "energy": 0.0
            }
        },
        "ca_rmsd": 5.436345873022219e-06
    },
    "core": {
        "mean_mae": [
            7.308798313140869,
            11.537035942077637,
            15.826818466186523,
            8.132627487182617
        ],
        "mae_sr": 0.9142857193946838,
        "rmsd": 0.2823655605316162,
        "dihedral_counts": [
            35,
            29,
            4,
            2
        ],
        "seq_len": 46,
        "num_sc": 35
    },
    "surface": {
        "mean_mae": [
            13.048571586608887,
            36.62122344970703,
            41.417808532714844,
            35.066383361816406
        ],
        "mae_sr": 0.5945945978164673,
        "rmsd": 0.7305160164833069,
        "dihedral_counts": [
            74,
            64,
            26,
            10
        ],
        "seq_len": 79,
        "num_sc": 74
    }
}