{
    "all": {
        "mean_mae": [
            11.622947692871094,
            25.11927032470703,
            34.22975540161133,
            41.532981872558594
        ],
        "mae_sr": 0.6499999761581421,
        "rmsd": 0.6083840131759644,
        "dihedral_counts": [
            40,
            35,
            11,
            5
        ],
        "seq_len": 46,
        "num_sc": 40,
        "clash_info": {
            "100": {
                "num_clashes": 7,
                "num_atom_pairs": 48867,
                "energy": 0.8330714702606201
            },
            "90": {
                "num_clashes": 0,
                "num_atom_pairs": 48867,
                "energy": 0.0
            },
            "80": {
                "num_clashes": 0,
                "num_atom_pairs": 48867,
                "energy": 0.0
            }
        },
        "ca_rmsd": 1.254215248991386e-06
    },
    "core": {
        "mean_mae": [
            2.9886083602905273,
            14.395081520080566,
            1.022438406944275,
            0.0
        ],
        "mae_sr": 1.0,
        "rmsd": 0.35430482029914856,
        "dihedral_counts": [
            3,
            3,
            1,
            0
        ],
        "seq_len": 3,
        "num_sc": 3
    },
    "surface": {
        "mean_mae": [
            15.261253356933594,
            21.805700302124023,
            37.55048751831055,
            41.532981872558594
        ],
        "mae_sr": 0.6071428656578064,
        "rmsd": 0.688961923122406,
        "dihedral_counts": [
            28,
            24,
            10,
            5
        ],
        "seq_len": 33,
        "num_sc": 28
    }
}