{
    "all": {
        "mean_mae": [
            32.702999114990234,
            38.989356994628906,
            60.26322555541992,
            80.46845245361328
        ],
        "mae_sr": 0.3676767647266388,
        "rmsd": 1.0522422790527344,
        "dihedral_counts": [
            990,
            745,
            256,
            122
        ],
        "seq_len": 1142,
        "num_sc": 990,
        "clash_info": {
            "100": {
                "num_clashes": 352,
                "num_atom_pairs": 30942128,
                "energy": 67.16020202636719
            },
            "90": {
                "num_clashes": 66,
                "num_atom_pairs": 30942128,
                "energy": 14.919679641723633
            },
            "80": {
                "num_clashes": 19,
                "num_atom_pairs": 30942128,
                "energy": 3.1162164211273193
            }
        },
        "ca_rmsd": 3.7097008771524997e-06
    },
    "core": {
        "mean_mae": [
            20.700109481811523,
            28.908288955688477,
            56.837646484375,
            81.00801849365234
        ],
        "mae_sr": 0.5284280776977539,
        "rmsd": 0.6588360071182251,
        "dihedral_counts": [
            299,
            211,
            42,
            20
        ],
        "seq_len": 355,
        "num_sc": 299
    },
    "surface": {
        "mean_mae": [
            41.197715759277344,
            45.67253112792969,
            60.961753845214844,
            83.7712631225586
        ],
        "mae_sr": 0.2747524678707123,
        "rmsd": 1.3520588874816895,
        "dihedral_counts": [
            404,
            323,
            148,
            74
        ],
        "seq_len": 457,
        "num_sc": 404
    }
}