{
    "all": {
        "mean_mae": [
            10.263870239257812,
            14.185174942016602,
            45.755062103271484,
            51.51082992553711
        ],
        "mae_sr": 0.748031497001648,
        "rmsd": 0.46052834391593933,
        "dihedral_counts": [
            127,
            101,
            30,
            18
        ],
        "seq_len": 160,
        "num_sc": 127,
        "clash_info": {
            "100": {
                "num_clashes": 52,
                "num_atom_pairs": 568666,
                "energy": 7.715636253356934
            },
            "90": {
                "num_clashes": 6,
                "num_atom_pairs": 568666,
                "energy": 1.2206079959869385
            },
            "80": {
                "num_clashes": 1,
                "num_atom_pairs": 568666,
                "energy": 0.23202753067016602
            }
        },
        "ca_rmsd": 1.977897682081675e-06
    },
    "core": {
        "mean_mae": [
            4.542664527893066,
            9.822994232177734,
            36.16884994506836,
            105.90898895263672
        ],
        "mae_sr": 0.8979591727256775,
        "rmsd": 0.26747629046440125,
        "dihedral_counts": [
            49,
            40,
            6,
            3
        ],
        "seq_len": 61,
        "num_sc": 49
    },
    "surface": {
        "mean_mae": [
            16.02861785888672,
            19.090290069580078,
            49.08158874511719,
            41.92993927001953
        ],
        "mae_sr": 0.6000000238418579,
        "rmsd": 0.6825278401374817,
        "dihedral_counts": [
            60,
            49,
            22,
            14
        ],
        "seq_len": 72,
        "num_sc": 60
    }
}