{
    "all": {
        "mean_mae": [
            15.395878791809082,
            25.14708137512207,
            50.90838623046875,
            58.72544479370117
        ],
        "mae_sr": 0.6612021923065186,
        "rmsd": 0.5475652813911438,
        "dihedral_counts": [
            183,
            127,
            37,
            15
        ],
        "seq_len": 214,
        "num_sc": 183,
        "clash_info": {
            "100": {
                "num_clashes": 79,
                "num_atom_pairs": 1046100,
                "energy": 9.951621055603027
            },
            "90": {
                "num_clashes": 8,
                "num_atom_pairs": 1046100,
                "energy": 0.6738495826721191
            },
            "80": {
                "num_clashes": 0,
                "num_atom_pairs": 1046100,
                "energy": 0.0
            }
        },
        "ca_rmsd": 1.7318810705546639e-06
    },
    "core": {
        "mean_mae": [
            8.37317180633545,
            19.754714965820312,
            32.40317916870117,
            22.24186897277832
        ],
        "mae_sr": 0.7916666865348816,
        "rmsd": 0.3371914327144623,
        "dihedral_counts": [
            72,
            48,
            10,
            2
        ],
        "seq_len": 83,
        "num_sc": 72
    },
    "surface": {
        "mean_mae": [
            22.13439178466797,
            30.563058853149414,
            58.43510055541992,
            61.67055892944336
        ],
        "mae_sr": 0.5416666865348816,
        "rmsd": 0.7768985629081726,
        "dihedral_counts": [
            72,
            53,
            18,
            9
        ],
        "seq_len": 87,
        "num_sc": 72
    }
}