{
    "all": {
        "mean_mae": [
            24.341217041015625,
            24.89284896850586,
            62.5303955078125,
            65.98662567138672
        ],
        "mae_sr": 0.6363636255264282,
        "rmsd": 0.7571925520896912,
        "dihedral_counts": [
            66,
            47,
            20,
            12
        ],
        "seq_len": 84,
        "num_sc": 66,
        "clash_info": {
            "100": {
                "num_clashes": 19,
                "num_atom_pairs": 153348,
                "energy": 1.6452627182006836
            },
            "90": {
                "num_clashes": 0,
                "num_atom_pairs": 153348,
                "energy": 0.0
            },
            "80": {
                "num_clashes": 0,
                "num_atom_pairs": 153348,
                "energy": 0.0
            }
        },
        "ca_rmsd": 2.4151447632903e-06
    },
    "core": {
        "mean_mae": [
            4.471991062164307,
            8.84280014038086,
            4.2014594078063965,
            10.740775108337402
        ],
        "mae_sr": 1.0,
        "rmsd": 0.28319051861763,
        "dihedral_counts": [
            15,
            10,
            3,
            3
        ],
        "seq_len": 23,
        "num_sc": 15
    },
    "surface": {
        "mean_mae": [
            33.492530822753906,
            36.99460983276367,
            74.55097198486328,
            77.57695007324219
        ],
        "mae_sr": 0.4749999940395355,
        "rmsd": 0.9666392207145691,
        "dihedral_counts": [
            40,
            28,
            14,
            6
        ],
        "seq_len": 47,
        "num_sc": 40
    }
}