{
    "all": {
        "rmsd": 0.6938225030899048,
        "mae_sr": 0.6168830990791321,
        "mean_mae": [
            20.3027286529541,
            24.89284896850586,
            51.092620849609375,
            67.5702896118164
        ],
        "dihedral_counts": [
            17962,
            13381,
            4406,
            2035
        ],
        "num_sc": 17962,
        "mean_seq_len": 303.9154968261719,
        "ca_rmsd": 3.1261313324648654e-06,
        "clash_info": {
            "100": {
                "energy": 10.416585922241211,
                "num_atom_pairs": 1392006.0,
                "num_clashes": 64.0
            },
            "90": {
                "energy": 1.3427330255508423,
                "num_atom_pairs": 1392006.0,
                "num_clashes": 9.0
            },
            "80": {
                "energy": 0.13372230529785156,
                "num_atom_pairs": 1392006.0,
                "num_clashes": 1.0
            }
        }
    },
    "core": {
        "rmsd": 0.3520981967449188,
        "mae_sr": 0.8116592168807983,
        "mean_mae": [
            8.922348976135254,
            14.395081520080566,
            36.044105529785156,
            46.30474853515625
        ],
        "dihedral_counts": [
            5775,
            4143,
            811,
            339
        ],
        "num_sc": 5775,
        "mean_seq_len": 99.53520965576172
    },
    "surface": {
        "rmsd": 0.9645973443984985,
        "mae_sr": 0.5052631497383118,
        "mean_mae": [
            26.516149520874023,
            30.91071891784668,
            55.104312896728516,
            74.69178009033203
        ],
        "dihedral_counts": [
            8432,
            6368,
            2669,
            1234
        ],
        "num_sc": 8432,
        "mean_seq_len": 142.78872680664062
    }
}