{
    "all": {
        "mean_mae": [
            23.488605499267578,
            28.874547958374023,
            35.46324157714844,
            56.21209716796875
        ],
        "mae_sr": 0.5850340127944946,
        "rmsd": 0.8486854434013367,
        "dihedral_counts": [
            147,
            119,
            36,
            22
        ],
        "seq_len": 170,
        "num_sc": 147,
        "clash_info": {
            "100": {
                "num_clashes": 71,
                "num_atom_pairs": 683768,
                "energy": 13.972668647766113
            },
            "90": {
                "num_clashes": 16,
                "num_atom_pairs": 683768,
                "energy": 2.909850597381592
            },
            "80": {
                "num_clashes": 4,
                "num_atom_pairs": 683768,
                "energy": 0.4492011070251465
            }
        },
        "ca_rmsd": 4.06356912208139e-06
    },
    "core": {
        "mean_mae": [
            8.395552635192871,
            21.97683334350586,
            28.522573471069336,
            9.222021102905273
        ],
        "mae_sr": 0.8157894611358643,
        "rmsd": 0.36770039796829224,
        "dihedral_counts": [
            38,
            26,
            6,
            4
        ],
        "seq_len": 49,
        "num_sc": 38
    },
    "surface": {
        "mean_mae": [
            34.6248893737793,
            39.38700485229492,
            34.975318908691406,
            66.67008972167969
        ],
        "mae_sr": 0.3896103799343109,
        "rmsd": 1.229446530342102,
        "dihedral_counts": [
            77,
            65,
            27,
            16
        ],
        "seq_len": 84,
        "num_sc": 77
    }
}