{
    "all": {
        "mean_mae": [
            23.384159088134766,
            25.92566680908203,
            58.89965057373047,
            88.07838439941406
        ],
        "mae_sr": 0.5196850299835205,
        "rmsd": 0.865652859210968,
        "dihedral_counts": [
            127,
            81,
            36,
            19
        ],
        "seq_len": 146,
        "num_sc": 127,
        "clash_info": {
            "100": {
                "num_clashes": 81,
                "num_atom_pairs": 456404,
                "energy": 14.271540641784668
            },
            "90": {
                "num_clashes": 15,
                "num_atom_pairs": 456404,
                "energy": 2.4182965755462646
            },
            "80": {
                "num_clashes": 2,
                "num_atom_pairs": 456404,
                "energy": 0.17695951461791992
            }
        },
        "ca_rmsd": 1.1773335245379712e-05
    },
    "core": {
        "mean_mae": [
            11.359451293945312,
            12.933476448059082,
            89.3387451171875,
            8.99709415435791
        ],
        "mae_sr": 0.7948718070983887,
        "rmsd": 0.42378050088882446,
        "dihedral_counts": [
            39,
            25,
            3,
            1
        ],
        "seq_len": 41,
        "num_sc": 39
    },
    "surface": {
        "mean_mae": [
            31.722623825073242,
            40.16194152832031,
            58.50705337524414,
            110.9920883178711
        ],
        "mae_sr": 0.35185185074806213,
        "rmsd": 1.0676957368850708,
        "dihedral_counts": [
            54,
            31,
            19,
            10
        ],
        "seq_len": 68,
        "num_sc": 54
    }
}