{
    "all": {
        "mean_mae": [
            36.84646987915039,
            38.72642135620117,
            51.979736328125,
            64.06859588623047
        ],
        "mae_sr": 0.3868243098258972,
        "rmsd": 1.2039638757705688,
        "dihedral_counts": [
            592,
            480,
            169,
            75
        ],
        "seq_len": 648,
        "num_sc": 592,
        "clash_info": {
            "100": {
                "num_clashes": 299,
                "num_atom_pairs": 10489017,
                "energy": 66.0224609375
            },
            "90": {
                "num_clashes": 69,
                "num_atom_pairs": 10489017,
                "energy": 15.573131561279297
            },
            "80": {
                "num_clashes": 17,
                "num_atom_pairs": 10489017,
                "energy": 2.258871555328369
            }
        },
        "ca_rmsd": 1.1699059541570023e-05
    },
    "core": {
        "mean_mae": [
            25.865842819213867,
            21.20477867126465,
            45.93244934082031,
            41.502967834472656
        ],
        "mae_sr": 0.6470588445663452,
        "rmsd": 0.6891617178916931,
        "dihedral_counts": [
            85,
            64,
            11,
            2
        ],
        "seq_len": 99,
        "num_sc": 85
    },
    "surface": {
        "mean_mae": [
            44.274723052978516,
            45.75259017944336,
            53.51396179199219,
            68.66860961914062
        ],
        "mae_sr": 0.2869080901145935,
        "rmsd": 1.4684878587722778,
        "dihedral_counts": [
            359,
            300,
            124,
            55
        ],
        "seq_len": 389,
        "num_sc": 359
    }
}