{
    "all": {
        "mean_mae": [
            26.172677993774414,
            28.451358795166016,
            54.267723083496094,
            37.21973419189453
        ],
        "mae_sr": 0.5363321900367737,
        "rmsd": 0.9615669846534729,
        "dihedral_counts": [
            289,
            237,
            68,
            32
        ],
        "seq_len": 365,
        "num_sc": 289,
        "clash_info": {
            "100": {
                "num_clashes": 151,
                "num_atom_pairs": 3170435,
                "energy": 23.498136520385742
            },
            "90": {
                "num_clashes": 16,
                "num_atom_pairs": 3170435,
                "energy": 2.981870412826538
            },
            "80": {
                "num_clashes": 3,
                "num_atom_pairs": 3170435,
                "energy": 0.39821863174438477
            }
        },
        "ca_rmsd": 0.0004528918652795255
    },
    "core": {
        "mean_mae": [
            17.709611892700195,
            18.725393295288086,
            49.52767562866211,
            69.38154602050781
        ],
        "mae_sr": 0.6785714030265808,
        "rmsd": 0.5560868382453918,
        "dihedral_counts": [
            84,
            64,
            12,
            5
        ],
        "seq_len": 107,
        "num_sc": 84
    },
    "surface": {
        "mean_mae": [
            37.03849411010742,
            41.42156982421875,
            63.08884048461914,
            29.495933532714844
        ],
        "mae_sr": 0.39830508828163147,
        "rmsd": 1.5006990432739258,
        "dihedral_counts": [
            118,
            102,
            38,
            21
        ],
        "seq_len": 144,
        "num_sc": 118
    }
}