{
    "all": {
        "mean_mae": [
            40.31824493408203,
            37.77470397949219,
            53.32291793823242,
            56.71820068359375
        ],
        "mae_sr": 0.3792516887187958,
        "rmsd": 1.2005740404129028,
        "dihedral_counts": [
            588,
            477,
            154,
            78
        ],
        "seq_len": 629,
        "num_sc": 588,
        "clash_info": {
            "100": {
                "num_clashes": 284,
                "num_atom_pairs": 9951011,
                "energy": 59.7750244140625
            },
            "90": {
                "num_clashes": 56,
                "num_atom_pairs": 9951011,
                "energy": 12.912181854248047
            },
            "80": {
                "num_clashes": 16,
                "num_atom_pairs": 9951011,
                "energy": 3.1866445541381836
            }
        },
        "ca_rmsd": 8.166934094333556e-06
    },
    "core": {
        "mean_mae": [
            32.416709899902344,
            31.26604652404785,
            42.602359771728516,
            51.34115219116211
        ],
        "mae_sr": 0.5316455960273743,
        "rmsd": 0.7698078155517578,
        "dihedral_counts": [
            79,
            55,
            7,
            4
        ],
        "seq_len": 84,
        "num_sc": 79
    },
    "surface": {
        "mean_mae": [
            47.22328567504883,
            39.42011260986328,
            51.71483612060547,
            58.83218765258789
        ],
        "mae_sr": 0.3014492690563202,
        "rmsd": 1.4415514469146729,
        "dihedral_counts": [
            345,
            286,
            111,
            56
        ],
        "seq_len": 370,
        "num_sc": 345
    }
}