{
    "all": {
        "mean_mae": [
            12.680066108703613,
            17.088930130004883,
            36.257877349853516,
            25.14164924621582
        ],
        "mae_sr": 0.8241758346557617,
        "rmsd": 0.4596187174320221,
        "dihedral_counts": [
            91,
            63,
            17,
            7
        ],
        "seq_len": 102,
        "num_sc": 91,
        "clash_info": {
            "100": {
                "num_clashes": 46,
                "num_atom_pairs": 244617,
                "energy": 7.586535453796387
            },
            "90": {
                "num_clashes": 7,
                "num_atom_pairs": 244617,
                "energy": 0.8234446048736572
            },
            "80": {
                "num_clashes": 0,
                "num_atom_pairs": 244617,
                "energy": 0.0
            }
        },
        "ca_rmsd": 6.2924855228629895e-06
    },
    "core": {
        "mean_mae": [
            2.404735803604126,
            4.293944835662842,
            6.177537441253662,
            2.5096027851104736
        ],
        "mae_sr": 1.0,
        "rmsd": 0.16677027940750122,
        "dihedral_counts": [
            15,
            11,
            1,
            1
        ],
        "seq_len": 15,
        "num_sc": 15
    },
    "surface": {
        "mean_mae": [
            19.401094436645508,
            24.37397575378418,
            48.22251510620117,
            53.04501724243164
        ],
        "mae_sr": 0.7115384340286255,
        "rmsd": 0.6737450957298279,
        "dihedral_counts": [
            52,
            39,
            12,
            3
        ],
        "seq_len": 62,
        "num_sc": 52
    }
}