{
    "all": {
        "mean_mae": [
            12.709942817687988,
            17.061843872070312,
            33.68294906616211,
            54.42269515991211
        ],
        "mae_sr": 0.6926605701446533,
        "rmsd": 0.5629230737686157,
        "dihedral_counts": [
            436,
            341,
            124,
            64
        ],
        "seq_len": 482,
        "num_sc": 436,
        "clash_info": {
            "100": {
                "num_clashes": 176,
                "num_atom_pairs": 5878583,
                "energy": 30.603235244750977
            },
            "90": {
                "num_clashes": 25,
                "num_atom_pairs": 5878583,
                "energy": 4.219964981079102
            },
            "80": {
                "num_clashes": 4,
                "num_atom_pairs": 5878583,
                "energy": 0.6444861888885498
            }
        },
        "ca_rmsd": 4.9032605602405965e-06
    },
    "core": {
        "mean_mae": [
            5.542329788208008,
            9.784379005432129,
            19.95050811767578,
            30.514270782470703
        ],
        "mae_sr": 0.882758617401123,
        "rmsd": 0.32507219910621643,
        "dihedral_counts": [
            145,
            114,
            30,
            11
        ],
        "seq_len": 157,
        "num_sc": 145
    },
    "surface": {
        "mean_mae": [
            18.295495986938477,
            24.258760452270508,
            37.877227783203125,
            64.18269348144531
        ],
        "mae_sr": 0.5478723645210266,
        "rmsd": 0.7456644177436829,
        "dihedral_counts": [
            188,
            146,
            62,
            33
        ],
        "seq_len": 211,
        "num_sc": 188
    }
}