{
    "all": {
        "mean_mae": [
            42.17890548706055,
            35.46343994140625,
            58.59379196166992,
            65.10098266601562
        ],
        "mae_sr": 0.4252873659133911,
        "rmsd": 1.1499112844467163,
        "dihedral_counts": [
            174,
            118,
            36,
            20
        ],
        "seq_len": 199,
        "num_sc": 174,
        "clash_info": {
            "100": {
                "num_clashes": 72,
                "num_atom_pairs": 786891,
                "energy": 11.610628128051758
            },
            "90": {
                "num_clashes": 10,
                "num_atom_pairs": 786891,
                "energy": 1.39603590965271
            },
            "80": {
                "num_clashes": 1,
                "num_atom_pairs": 786891,
                "energy": 0.13913297653198242
            }
        },
        "ca_rmsd": 8.900243759155273
    },
    "core": {
        "mean_mae": [
            26.769210815429688,
            15.798553466796875,
            86.04889678955078,
            39.94253158569336
        ],
        "mae_sr": 0.5869565010070801,
        "rmsd": 0.6247977614402771,
        "dihedral_counts": [
            46,
            26,
            6,
            3
        ],
        "seq_len": 50,
        "num_sc": 46
    },
    "surface": {
        "mean_mae": [
            53.8248405456543,
            42.68851089477539,
            50.9957275390625,
            72.533203125
        ],
        "mae_sr": 0.3076923191547394,
        "rmsd": 1.461014986038208,
        "dihedral_counts": [
            91,
            67,
            24,
            13
        ],
        "seq_len": 106,
        "num_sc": 91
    }
}