{
    "all": {
        "mean_mae": [
            44.96945571899414,
            42.927040100097656,
            55.95634078979492,
            62.20796203613281
        ],
        "mae_sr": 0.31794872879981995,
        "rmsd": 1.3889310359954834,
        "dihedral_counts": [
            390,
            340,
            91,
            47
        ],
        "seq_len": 426,
        "num_sc": 390,
        "clash_info": {
            "100": {
                "num_clashes": 158,
                "num_atom_pairs": 4626885,
                "energy": 32.767494201660156
            },
            "90": {
                "num_clashes": 28,
                "num_atom_pairs": 4626885,
                "energy": 8.138272285461426
            },
            "80": {
                "num_clashes": 7,
                "num_atom_pairs": 4626885,
                "energy": 2.482926845550537
            }
        },
        "ca_rmsd": 2.46980357170105
    },
    "core": {
        "mean_mae": [
            21.203529357910156,
            36.4825325012207,
            76.44501495361328,
            34.984188079833984
        ],
        "mae_sr": 0.5142857432365417,
        "rmsd": 0.8254008889198303,
        "dihedral_counts": [
            35,
            32,
            4,
            1
        ],
        "seq_len": 39,
        "num_sc": 35
    },
    "surface": {
        "mean_mae": [
            50.9547233581543,
            44.894168853759766,
            56.13558578491211,
            61.2597541809082
        ],
        "mae_sr": 0.2804428040981293,
        "rmsd": 1.5325555801391602,
        "dihedral_counts": [
            271,
            238,
            78,
            42
        ],
        "seq_len": 293,
        "num_sc": 271
    }
}