{
    "all": {
        "mean_mae": [
            19.12163543701172,
            22.070343017578125,
            34.04029846191406,
            65.18923950195312
        ],
        "mae_sr": 0.6041666865348816,
        "rmsd": 0.6535618901252747,
        "dihedral_counts": [
            144,
            115,
            34,
            18
        ],
        "seq_len": 186,
        "num_sc": 144,
        "clash_info": {
            "100": {
                "num_clashes": 69,
                "num_atom_pairs": 685126,
                "energy": 11.170443534851074
            },
            "90": {
                "num_clashes": 8,
                "num_atom_pairs": 685126,
                "energy": 1.2009100914001465
            },
            "80": {
                "num_clashes": 1,
                "num_atom_pairs": 685126,
                "energy": 0.015805840492248535
            }
        },
        "ca_rmsd": 14.660300254821777
    },
    "core": {
        "mean_mae": [
            15.258191108703613,
            14.385562896728516,
            37.9730110168457,
            59.526336669921875
        ],
        "mae_sr": 0.699999988079071,
        "rmsd": 0.46590861678123474,
        "dihedral_counts": [
            50,
            36,
            8,
            3
        ],
        "seq_len": 62,
        "num_sc": 50
    },
    "surface": {
        "mean_mae": [
            22.883859634399414,
            32.78148651123047,
            24.31733512878418,
            77.4646224975586
        ],
        "mae_sr": 0.4464285671710968,
        "rmsd": 0.9149518609046936,
        "dihedral_counts": [
            56,
            47,
            18,
            12
        ],
        "seq_len": 65,
        "num_sc": 56
    }
}