{
    "all": {
        "mean_mae": [
            36.91134262084961,
            38.66326141357422,
            50.98788833618164,
            57.012962341308594
        ],
        "mae_sr": 0.36734694242477417,
        "rmsd": 1.2256776094436646,
        "dihedral_counts": [
            147,
            119,
            36,
            22
        ],
        "seq_len": 284,
        "num_sc": 147,
        "clash_info": {
            "100": {
                "num_clashes": 44,
                "num_atom_pairs": 683768,
                "energy": 5.353855133056641
            },
            "90": {
                "num_clashes": 2,
                "num_atom_pairs": 683768,
                "energy": 0.3092069625854492
            },
            "80": {
                "num_clashes": 0,
                "num_atom_pairs": 683768,
                "energy": 0.0
            }
        },
        "ca_rmsd": 37.01288604736328
    },
    "core": {
        "mean_mae": [
            19.42597007751465,
            33.480716705322266,
            41.42888259887695,
            12.224849700927734
        ],
        "mae_sr": 0.5263158082962036,
        "rmsd": 0.7172392010688782,
        "dihedral_counts": [
            38,
            26,
            6,
            4
        ],
        "seq_len": 163,
        "num_sc": 38
    },
    "surface": {
        "mean_mae": [
            51.38788986206055,
            47.715641021728516,
            55.48092269897461,
            62.54806900024414
        ],
        "mae_sr": 0.23376622796058655,
        "rmsd": 1.660466194152832,
        "dihedral_counts": [
            77,
            65,
            27,
            16
        ],
        "seq_len": 84,
        "num_sc": 77
    }
}