{
    "all": {
        "mean_mae": [
            45.77143096923828,
            37.973907470703125,
            65.73153686523438,
            54.04011154174805
        ],
        "mae_sr": 0.3529411852359772,
        "rmsd": 1.2914055585861206,
        "dihedral_counts": [
            272,
            205,
            57,
            27
        ],
        "seq_len": 298,
        "num_sc": 272,
        "clash_info": {
            "100": {
                "num_clashes": 112,
                "num_atom_pairs": 2207413,
                "energy": 17.40041160583496
            },
            "90": {
                "num_clashes": 13,
                "num_atom_pairs": 2207413,
                "energy": 2.327704429626465
            },
            "80": {
                "num_clashes": 2,
                "num_atom_pairs": 2207413,
                "energy": 0.6896164417266846
            }
        },
        "ca_rmsd": 26.469867706298828
    },
    "core": {
        "mean_mae": [
            28.992584228515625,
            29.73874282836914,
            57.62017059326172,
            19.859594345092773
        ],
        "mae_sr": 0.4727272689342499,
        "rmsd": 0.7746511697769165,
        "dihedral_counts": [
            55,
            42,
            7,
            1
        ],
        "seq_len": 64,
        "num_sc": 55
    },
    "surface": {
        "mean_mae": [
            56.334129333496094,
            43.03804397583008,
            63.10950469970703,
            46.839088439941406
        ],
        "mae_sr": 0.26760563254356384,
        "rmsd": 1.6046022176742554,
        "dihedral_counts": [
            142,
            108,
            34,
            20
        ],
        "seq_len": 153,
        "num_sc": 142
    }
}