{
    "all": {
        "mean_mae": [
            27.142759323120117,
            23.19784927368164,
            48.31940460205078,
            74.28456115722656
        ],
        "mae_sr": 0.5806451439857483,
        "rmsd": 0.9774767160415649,
        "dihedral_counts": [
            186,
            136,
            63,
            32
        ],
        "seq_len": 264,
        "num_sc": 186,
        "clash_info": {
            "100": {
                "num_clashes": 81,
                "num_atom_pairs": 1171742,
                "energy": 15.833646774291992
            },
            "90": {
                "num_clashes": 14,
                "num_atom_pairs": 1171742,
                "energy": 3.0494818687438965
            },
            "80": {
                "num_clashes": 3,
                "num_atom_pairs": 1171742,
                "energy": 0.8120173215866089
            }
        },
        "ca_rmsd": 24.63385772705078
    },
    "core": {
        "mean_mae": [
            12.340237617492676,
            8.198514938354492,
            23.24564552307129,
            77.6900634765625
        ],
        "mae_sr": 0.890625,
        "rmsd": 0.39746302366256714,
        "dihedral_counts": [
            64,
            43,
            10,
            4
        ],
        "seq_len": 116,
        "num_sc": 64
    },
    "surface": {
        "mean_mae": [
            38.52704620361328,
            30.488866806030273,
            50.9636116027832,
            70.97007751464844
        ],
        "mae_sr": 0.4000000059604645,
        "rmsd": 1.4258619546890259,
        "dihedral_counts": [
            85,
            67,
            39,
            21
        ],
        "seq_len": 104,
        "num_sc": 85
    }
}