{
    "all": {
        "mean_mae": [
            15.030675888061523,
            16.714754104614258,
            40.30394744873047,
            42.92074203491211
        ],
        "mae_sr": 0.7414634227752686,
        "rmsd": 0.5340307950973511,
        "dihedral_counts": [
            205,
            148,
            39,
            17
        ],
        "seq_len": 252,
        "num_sc": 205,
        "clash_info": {
            "100": {
                "num_clashes": 86,
                "num_atom_pairs": 1501482,
                "energy": 10.485527038574219
            },
            "90": {
                "num_clashes": 7,
                "num_atom_pairs": 1501482,
                "energy": 0.7024122476577759
            },
            "80": {
                "num_clashes": 0,
                "num_atom_pairs": 1501482,
                "energy": 0.0
            }
        },
        "ca_rmsd": 2.3454065285477554e-06
    },
    "core": {
        "mean_mae": [
            6.23792839050293,
            8.349656105041504,
            36.81698226928711,
            14.341041564941406
        ],
        "mae_sr": 0.9024389982223511,
        "rmsd": 0.3050236701965332,
        "dihedral_counts": [
            82,
            57,
            7,
            2
        ],
        "seq_len": 100,
        "num_sc": 82
    },
    "surface": {
        "mean_mae": [
            25.583398818969727,
            25.90756607055664,
            54.80927658081055,
            69.57029724121094
        ],
        "mae_sr": 0.5581395626068115,
        "rmsd": 0.7722020745277405,
        "dihedral_counts": [
            86,
            61,
            22,
            8
        ],
        "seq_len": 107,
        "num_sc": 86
    }
}