{
    "all": {
        "mean_mae": [
            16.066938400268555,
            19.465538024902344,
            41.05999755859375,
            64.39336395263672
        ],
        "mae_sr": 0.7192307710647583,
        "rmsd": 0.5708591341972351,
        "dihedral_counts": [
            260,
            169,
            45,
            18
        ],
        "seq_len": 338,
        "num_sc": 260,
        "clash_info": {
            "100": {
                "num_clashes": 103,
                "num_atom_pairs": 2140880,
                "energy": 14.430140495300293
            },
            "90": {
                "num_clashes": 9,
                "num_atom_pairs": 2140880,
                "energy": 1.3101158142089844
            },
            "80": {
                "num_clashes": 0,
                "num_atom_pairs": 2140880,
                "energy": 0.0
            }
        },
        "ca_rmsd": 4.5914589463791344e-06
    },
    "core": {
        "mean_mae": [
            9.363725662231445,
            10.30644702911377,
            34.360809326171875,
            28.77851104736328
        ],
        "mae_sr": 0.8684210777282715,
        "rmsd": 0.29729437828063965,
        "dihedral_counts": [
            38,
            28,
            5,
            2
        ],
        "seq_len": 47,
        "num_sc": 38
    },
    "surface": {
        "mean_mae": [
            19.1383113861084,
            24.63335418701172,
            50.5001106262207,
            71.99823760986328
        ],
        "mae_sr": 0.6727272868156433,
        "rmsd": 0.6372062563896179,
        "dihedral_counts": [
            165,
            95,
            29,
            11
        ],
        "seq_len": 222,
        "num_sc": 165
    }
}