{
    "all": {
        "mean_mae": [
            18.853050231933594,
            20.29322624206543,
            46.892459869384766,
            46.345821380615234
        ],
        "mae_sr": 0.649350643157959,
        "rmsd": 0.5927719473838806,
        "dihedral_counts": [
            154,
            103,
            28,
            10
        ],
        "seq_len": 204,
        "num_sc": 154,
        "clash_info": {
            "100": {
                "num_clashes": 76,
                "num_atom_pairs": 794731,
                "energy": 12.960805892944336
            },
            "90": {
                "num_clashes": 10,
                "num_atom_pairs": 794731,
                "energy": 2.74922776222229
            },
            "80": {
                "num_clashes": 3,
                "num_atom_pairs": 794731,
                "energy": 0.710627555847168
            }
        },
        "ca_rmsd": 4.118625838600565e-06
    },
    "core": {
        "mean_mae": [
            17.167171478271484,
            24.260860443115234,
            45.91509246826172,
            31.249391555786133
        ],
        "mae_sr": 0.6666666865348816,
        "rmsd": 0.6453470587730408,
        "dihedral_counts": [
            42,
            30,
            7,
            4
        ],
        "seq_len": 53,
        "num_sc": 42
    },
    "surface": {
        "mean_mae": [
            23.18503761291504,
            19.88176918029785,
            55.102378845214844,
            93.0615234375
        ],
        "mae_sr": 0.5890411138534546,
        "rmsd": 0.6163160800933838,
        "dihedral_counts": [
            73,
            47,
            13,
            3
        ],
        "seq_len": 102,
        "num_sc": 73
    }
}