{
    "all": {
        "mean_mae": [
            13.743134498596191,
            15.202764511108398,
            53.22964859008789,
            38.58965301513672
        ],
        "mae_sr": 0.8031495809555054,
        "rmsd": 0.525191068649292,
        "dihedral_counts": [
            127,
            101,
            30,
            18
        ],
        "seq_len": 160,
        "num_sc": 127,
        "clash_info": {
            "100": {
                "num_clashes": 40,
                "num_atom_pairs": 568666,
                "energy": 5.413591384887695
            },
            "90": {
                "num_clashes": 3,
                "num_atom_pairs": 568666,
                "energy": 0.7141709327697754
            },
            "80": {
                "num_clashes": 1,
                "num_atom_pairs": 568666,
                "energy": 0.06801509857177734
            }
        },
        "ca_rmsd": 4.338829057815019e-06
    },
    "core": {
        "mean_mae": [
            5.175451278686523,
            7.051389217376709,
            29.190839767456055,
            7.432794094085693
        ],
        "mae_sr": 0.9591836929321289,
        "rmsd": 0.27127930521965027,
        "dihedral_counts": [
            49,
            40,
            6,
            3
        ],
        "seq_len": 61,
        "num_sc": 49
    },
    "surface": {
        "mean_mae": [
            21.61077117919922,
            23.044538497924805,
            60.71243667602539,
            47.57570266723633
        ],
        "mae_sr": 0.6666666865348816,
        "rmsd": 0.7926914095878601,
        "dihedral_counts": [
            60,
            49,
            22,
            14
        ],
        "seq_len": 72,
        "num_sc": 60
    }
}