{
    "all": {
        "mean_mae": [
            25.984132766723633,
            27.54366683959961,
            43.12211227416992,
            46.013221740722656
        ],
        "mae_sr": 0.49522292613983154,
        "rmsd": 0.8480820655822754,
        "dihedral_counts": [
            628,
            496,
            213,
            104
        ],
        "seq_len": 748,
        "num_sc": 628,
        "clash_info": {
            "100": {
                "num_clashes": 275,
                "num_atom_pairs": 12839134,
                "energy": 56.59552001953125
            },
            "90": {
                "num_clashes": 44,
                "num_atom_pairs": 12839134,
                "energy": 16.324068069458008
            },
            "80": {
                "num_clashes": 16,
                "num_atom_pairs": 12839134,
                "energy": 8.83630657196045
            }
        },
        "ca_rmsd": 7.465277121809777e-06
    },
    "core": {
        "mean_mae": [
            16.06085968017578,
            20.298860549926758,
            22.46222496032715,
            59.318397521972656
        ],
        "mae_sr": 0.6772908568382263,
        "rmsd": 0.4830276668071747,
        "dihedral_counts": [
            251,
            184,
            38,
            19
        ],
        "seq_len": 301,
        "num_sc": 251
    },
    "surface": {
        "mean_mae": [
            41.1198844909668,
            37.03520965576172,
            50.47241973876953,
            42.87211990356445
        ],
        "mae_sr": 0.27272728085517883,
        "rmsd": 1.321176528930664,
        "dihedral_counts": [
            231,
            196,
            127,
            57
        ],
        "seq_len": 276,
        "num_sc": 231
    }
}