{
    "all": {
        "mean_mae": [
            11.639616012573242,
            15.317517280578613,
            27.594785690307617,
            35.61308288574219
        ],
        "mae_sr": 0.7762237787246704,
        "rmsd": 0.5181746482849121,
        "dihedral_counts": [
            143,
            97,
            36,
            16
        ],
        "seq_len": 184,
        "num_sc": 143,
        "clash_info": {
            "100": {
                "num_clashes": 58,
                "num_atom_pairs": 636051,
                "energy": 10.379501342773438
            },
            "90": {
                "num_clashes": 11,
                "num_atom_pairs": 636051,
                "energy": 1.3202561140060425
            },
            "80": {
                "num_clashes": 0,
                "num_atom_pairs": 636051,
                "energy": 0.0
            }
        },
        "ca_rmsd": 4.525413260125788e-06
    },
    "core": {
        "mean_mae": [
            10.648009300231934,
            3.7951271533966064,
            23.77243995666504,
            47.01408767700195
        ],
        "mae_sr": 0.8799999952316284,
        "rmsd": 0.3674063980579376,
        "dihedral_counts": [
            50,
            30,
            6,
            4
        ],
        "seq_len": 64,
        "num_sc": 50
    },
    "surface": {
        "mean_mae": [
            17.282316207885742,
            32.892860412597656,
            32.905906677246094,
            40.91372299194336
        ],
        "mae_sr": 0.5964912176132202,
        "rmsd": 0.817048966884613,
        "dihedral_counts": [
            57,
            38,
            22,
            8
        ],
        "seq_len": 81,
        "num_sc": 57
    }
}