{
    "all": {
        "mean_mae": [
            53.8705940246582,
            49.554771423339844,
            76.95186614990234,
            62.46973419189453
        ],
        "mae_sr": 0.2247191071510315,
        "rmsd": 1.5669825077056885,
        "dihedral_counts": [
            89,
            74,
            28,
            14
        ],
        "seq_len": 104,
        "num_sc": 89,
        "clash_info": {
            "100": {
                "num_clashes": 85,
                "num_atom_pairs": 247833,
                "energy": 21.07811164855957
            },
            "90": {
                "num_clashes": 25,
                "num_atom_pairs": 247833,
                "energy": 5.983757972717285
            },
            "80": {
                "num_clashes": 7,
                "num_atom_pairs": 247833,
                "energy": 2.0932135581970215
            }
        },
        "ca_rmsd": 2.4823600597301265e-06
    },
    "core": {
        "mean_mae": [
            39.941444396972656,
            43.37427520751953,
            96.2727279663086,
            56.38654708862305
        ],
        "mae_sr": 0.25,
        "rmsd": 1.1708569526672363,
        "dihedral_counts": [
            16,
            14,
            3,
            3
        ],
        "seq_len": 19,
        "num_sc": 16
    },
    "surface": {
        "mean_mae": [
            65.41331481933594,
            51.455596923828125,
            75.1082534790039,
            65.6097640991211
        ],
        "mae_sr": 0.1599999964237213,
        "rmsd": 1.830637812614441,
        "dihedral_counts": [
            50,
            42,
            22,
            9
        ],
        "seq_len": 57,
        "num_sc": 50
    }
}