{
    "all": {
        "mean_mae": [
            20.15032958984375,
            20.787817001342773,
            44.65958023071289,
            20.408308029174805
        ],
        "mae_sr": 0.6818181872367859,
        "rmsd": 0.6602070927619934,
        "dihedral_counts": [
            66,
            47,
            20,
            12
        ],
        "seq_len": 84,
        "num_sc": 66,
        "clash_info": {
            "100": {
                "num_clashes": 19,
                "num_atom_pairs": 153348,
                "energy": 2.7214131355285645
            },
            "90": {
                "num_clashes": 3,
                "num_atom_pairs": 153348,
                "energy": 0.5445702075958252
            },
            "80": {
                "num_clashes": 1,
                "num_atom_pairs": 153348,
                "energy": 0.06595873832702637
            }
        },
        "ca_rmsd": 2.397946673227125e-06
    },
    "core": {
        "mean_mae": [
            3.2483038902282715,
            3.7763664722442627,
            5.6027512550354,
            8.003392219543457
        ],
        "mae_sr": 1.0,
        "rmsd": 0.24436917901039124,
        "dihedral_counts": [
            15,
            10,
            3,
            3
        ],
        "seq_len": 23,
        "num_sc": 15
    },
    "surface": {
        "mean_mae": [
            31.032934188842773,
            31.53969383239746,
            51.37592315673828,
            26.679719924926758
        ],
        "mae_sr": 0.5249999761581421,
        "rmsd": 0.8939591646194458,
        "dihedral_counts": [
            40,
            28,
            14,
            6
        ],
        "seq_len": 47,
        "num_sc": 40
    }
}