{
    "all": {
        "mean_mae": [
            16.43703269958496,
            17.617294311523438,
            38.917415618896484,
            46.723876953125
        ],
        "mae_sr": 0.7292817831039429,
        "rmsd": 0.680300235748291,
        "dihedral_counts": [
            181,
            142,
            44,
            22
        ],
        "seq_len": 205,
        "num_sc": 181,
        "clash_info": {
            "100": {
                "num_clashes": 67,
                "num_atom_pairs": 1044501,
                "energy": 10.122659683227539
            },
            "90": {
                "num_clashes": 8,
                "num_atom_pairs": 1044501,
                "energy": 1.8304071426391602
            },
            "80": {
                "num_clashes": 2,
                "num_atom_pairs": 1044501,
                "energy": 0.5016963481903076
            }
        },
        "ca_rmsd": 4.6657655730086844e-06
    },
    "core": {
        "mean_mae": [
            3.1452512741088867,
            3.8127636909484863,
            3.9897854328155518,
            2.6978862285614014
        ],
        "mae_sr": 1.0,
        "rmsd": 0.24802939593791962,
        "dihedral_counts": [
            36,
            27,
            5,
            3
        ],
        "seq_len": 41,
        "num_sc": 36
    },
    "surface": {
        "mean_mae": [
            24.160476684570312,
            24.62819480895996,
            48.928916931152344,
            52.31909942626953
        ],
        "mae_sr": 0.581818163394928,
        "rmsd": 0.920325756072998,
        "dihedral_counts": [
            110,
            83,
            31,
            16
        ],
        "seq_len": 124,
        "num_sc": 110
    }
}