{
    "all": {
        "mean_mae": [
            30.178987503051758,
            30.456144332885742,
            54.98762512207031,
            46.65278625488281
        ],
        "mae_sr": 0.4838709533214569,
        "rmsd": 1.0378808975219727,
        "dihedral_counts": [
            62,
            45,
            22,
            11
        ],
        "seq_len": 70,
        "num_sc": 62,
        "clash_info": {
            "100": {
                "num_clashes": 20,
                "num_atom_pairs": 110271,
                "energy": 3.384298801422119
            },
            "90": {
                "num_clashes": 2,
                "num_atom_pairs": 110271,
                "energy": 0.2000117301940918
            },
            "80": {
                "num_clashes": 0,
                "num_atom_pairs": 110271,
                "energy": 0.0
            }
        },
        "ca_rmsd": 2.2322146833175793e-05
    },
    "core": {
        "mean_mae": [
            5.389429092407227,
            10.72708511352539,
            0.0,
            0.0
        ],
        "mae_sr": 1.0,
        "rmsd": 0.4913327991962433,
        "dihedral_counts": [
            3,
            2,
            0,
            0
        ],
        "seq_len": 3,
        "num_sc": 3
    },
    "surface": {
        "mean_mae": [
            35.37732696533203,
            33.713172912597656,
            54.98762512207031,
            46.65278625488281
        ],
        "mae_sr": 0.3617021143436432,
        "rmsd": 1.2443108558654785,
        "dihedral_counts": [
            47,
            36,
            22,
            11
        ],
        "seq_len": 55,
        "num_sc": 47
    }
}