{
    "all": {
        "mean_mae": [
            16.567630767822266,
            21.003311157226562,
            35.220218658447266,
            61.83058547973633
        ],
        "mae_sr": 0.607594907283783,
        "rmsd": 0.7857214212417603,
        "dihedral_counts": [
            79,
            68,
            34,
            15
        ],
        "seq_len": 92,
        "num_sc": 79,
        "clash_info": {
            "100": {
                "num_clashes": 40,
                "num_atom_pairs": 224702,
                "energy": 20.495346069335938
            },
            "90": {
                "num_clashes": 19,
                "num_atom_pairs": 224702,
                "energy": 12.381680488586426
            },
            "80": {
                "num_clashes": 12,
                "num_atom_pairs": 224702,
                "energy": 7.630634784698486
            }
        },
        "ca_rmsd": 2.875299514926155e-06
    },
    "core": {
        "mean_mae": [
            2.843996286392212,
            4.110220909118652,
            0.9275956153869629,
            0.0
        ],
        "mae_sr": 1.0,
        "rmsd": 0.135834202170372,
        "dihedral_counts": [
            12,
            9,
            1,
            0
        ],
        "seq_len": 13,
        "num_sc": 12
    },
    "surface": {
        "mean_mae": [
            24.12014389038086,
            27.650733947753906,
            34.40762710571289,
            52.45271301269531
        ],
        "mae_sr": 0.47058823704719543,
        "rmsd": 1.0248990058898926,
        "dihedral_counts": [
            51,
            44,
            26,
            12
        ],
        "seq_len": 55,
        "num_sc": 51
    }
}