{
    "all": {
        "mean_mae": [
            23.315385818481445,
            26.302936553955078,
            56.06293869018555,
            73.13131713867188
        ],
        "mae_sr": 0.5118110179901123,
        "rmsd": 0.7881996631622314,
        "dihedral_counts": [
            127,
            81,
            36,
            19
        ],
        "seq_len": 146,
        "num_sc": 127,
        "clash_info": {
            "100": {
                "num_clashes": 85,
                "num_atom_pairs": 456404,
                "energy": 22.64214515686035
            },
            "90": {
                "num_clashes": 30,
                "num_atom_pairs": 456404,
                "energy": 6.7866315841674805
            },
            "80": {
                "num_clashes": 7,
                "num_atom_pairs": 456404,
                "energy": 1.8104257583618164
            }
        },
        "ca_rmsd": 0.0
    },
    "core": {
        "mean_mae": [
            16.253427505493164,
            16.50811004638672,
            90.78116607666016,
            1.9666301012039185
        ],
        "mae_sr": 0.7179487347602844,
        "rmsd": 0.5740317702293396,
        "dihedral_counts": [
            39,
            25,
            3,
            1
        ],
        "seq_len": 41,
        "num_sc": 39
    },
    "surface": {
        "mean_mae": [
            25.259193420410156,
            36.2873420715332,
            56.079036712646484,
            88.94124603271484
        ],
        "mae_sr": 0.4444444477558136,
        "rmsd": 0.8726649284362793,
        "dihedral_counts": [
            54,
            31,
            19,
            10
        ],
        "seq_len": 68,
        "num_sc": 54
    }
}