{
    "all": {
        "mean_mae": [
            50.77739715576172,
            45.10028076171875,
            58.20843505859375,
            50.16157150268555
        ],
        "mae_sr": 0.2753623127937317,
        "rmsd": 1.5009855031967163,
        "dihedral_counts": [
            138,
            106,
            44,
            24
        ],
        "seq_len": 168,
        "num_sc": 138,
        "clash_info": {
            "100": {
                "num_clashes": 150,
                "num_atom_pairs": 577822,
                "energy": 41.59149169921875
            },
            "90": {
                "num_clashes": 43,
                "num_atom_pairs": 577822,
                "energy": 13.547117233276367
            },
            "80": {
                "num_clashes": 15,
                "num_atom_pairs": 577822,
                "energy": 4.674258232116699
            }
        },
        "ca_rmsd": 2.395426463408512e-06
    },
    "core": {
        "mean_mae": [
            40.28000259399414,
            54.1485595703125,
            68.66573333740234,
            78.02005004882812
        ],
        "mae_sr": 0.3333333432674408,
        "rmsd": 1.2020680904388428,
        "dihedral_counts": [
            33,
            21,
            7,
            2
        ],
        "seq_len": 37,
        "num_sc": 33
    },
    "surface": {
        "mean_mae": [
            55.91754150390625,
            44.89836120605469,
            50.986385345458984,
            47.9158935546875
        ],
        "mae_sr": 0.24657534062862396,
        "rmsd": 1.6810773611068726,
        "dihedral_counts": [
            73,
            61,
            29,
            16
        ],
        "seq_len": 96,
        "num_sc": 73
    }
}