{
    "all": {
        "mean_mae": [
            33.284446716308594,
            31.88770866394043,
            40.44359588623047,
            93.49860382080078
        ],
        "mae_sr": 0.48076921701431274,
        "rmsd": 1.0559394359588623,
        "dihedral_counts": [
            52,
            47,
            19,
            7
        ],
        "seq_len": 59,
        "num_sc": 52,
        "clash_info": {
            "100": {
                "num_clashes": 32,
                "num_atom_pairs": 89640,
                "energy": 11.034978866577148
            },
            "90": {
                "num_clashes": 14,
                "num_atom_pairs": 89640,
                "energy": 4.106892108917236
            },
            "80": {
                "num_clashes": 3,
                "num_atom_pairs": 89640,
                "energy": 1.4234496355056763
            }
        },
        "ca_rmsd": 2.275850420119241e-06
    },
    "core": {
        "mean_mae": [
            26.6573543548584,
            6.660226821899414,
            0.0,
            0.0
        ],
        "mae_sr": 0.800000011920929,
        "rmsd": 0.39772355556488037,
        "dihedral_counts": [
            5,
            3,
            0,
            0
        ],
        "seq_len": 5,
        "num_sc": 5
    },
    "surface": {
        "mean_mae": [
            33.798274993896484,
            30.559701919555664,
            38.77008819580078,
            101.50731658935547
        ],
        "mae_sr": 0.42105263471603394,
        "rmsd": 1.1844052076339722,
        "dihedral_counts": [
            38,
            35,
            16,
            6
        ],
        "seq_len": 43,
        "num_sc": 38
    }
}