{
    "all": {
        "mean_mae": [
            31.528785705566406,
            29.73720359802246,
            60.85722732543945,
            53.87895584106445
        ],
        "mae_sr": 0.45370370149612427,
        "rmsd": 1.1002287864685059,
        "dihedral_counts": [
            108,
            87,
            28,
            11
        ],
        "seq_len": 125,
        "num_sc": 108,
        "clash_info": {
            "100": {
                "num_clashes": 77,
                "num_atom_pairs": 389340,
                "energy": 41.774871826171875
            },
            "90": {
                "num_clashes": 38,
                "num_atom_pairs": 389340,
                "energy": 25.007064819335938
            },
            "80": {
                "num_clashes": 21,
                "num_atom_pairs": 389340,
                "energy": 16.061901092529297
            }
        },
        "ca_rmsd": 1.475896510783059e-06
    },
    "core": {
        "mean_mae": [
            38.09282302856445,
            22.43406867980957,
            0.0,
            0.0
        ],
        "mae_sr": 0.75,
        "rmsd": 0.8556814789772034,
        "dihedral_counts": [
            4,
            3,
            0,
            0
        ],
        "seq_len": 4,
        "num_sc": 4
    },
    "surface": {
        "mean_mae": [
            33.285911560058594,
            32.34494400024414,
            66.76432037353516,
            58.76790237426758
        ],
        "mae_sr": 0.3896103799343109,
        "rmsd": 1.2037427425384521,
        "dihedral_counts": [
            77,
            62,
            25,
            10
        ],
        "seq_len": 89,
        "num_sc": 77
    }
}