{
    "all": {
        "mean_mae": [
            21.209585189819336,
            22.072336196899414,
            39.37833786010742,
            59.58847427368164
        ],
        "mae_sr": 0.5381355881690979,
        "rmsd": 0.7706930637359619,
        "dihedral_counts": [
            472,
            372,
            136,
            61
        ],
        "seq_len": 520,
        "num_sc": 472,
        "clash_info": {
            "100": {
                "num_clashes": 266,
                "num_atom_pairs": 6977790,
                "energy": 64.35751342773438
            },
            "90": {
                "num_clashes": 61,
                "num_atom_pairs": 6977790,
                "energy": 20.256153106689453
            },
            "80": {
                "num_clashes": 22,
                "num_atom_pairs": 6977790,
                "energy": 6.7829179763793945
            }
        },
        "ca_rmsd": 1.0902629583142698e-05
    },
    "core": {
        "mean_mae": [
            16.331506729125977,
            14.647104263305664,
            37.010772705078125,
            50.92157745361328
        ],
        "mae_sr": 0.6712328791618347,
        "rmsd": 0.5843136310577393,
        "dihedral_counts": [
            146,
            120,
            29,
            14
        ],
        "seq_len": 169,
        "num_sc": 146
    },
    "surface": {
        "mean_mae": [
            28.160091400146484,
            32.22042465209961,
            36.62425994873047,
            66.14727020263672
        ],
        "mae_sr": 0.40512821078300476,
        "rmsd": 0.9914981126785278,
        "dihedral_counts": [
            195,
            147,
            77,
            33
        ],
        "seq_len": 209,
        "num_sc": 195
    }
}