{
    "all": {
        "mean_mae": [
            39.870628356933594,
            39.046939849853516,
            47.868228912353516,
            65.511962890625
        ],
        "mae_sr": 0.37668919563293457,
        "rmsd": 1.2012722492218018,
        "dihedral_counts": [
            592,
            480,
            169,
            75
        ],
        "seq_len": 648,
        "num_sc": 592,
        "clash_info": {
            "100": {
                "num_clashes": 307,
                "num_atom_pairs": 10489017,
                "energy": 66.24876403808594
            },
            "90": {
                "num_clashes": 65,
                "num_atom_pairs": 10489017,
                "energy": 17.36463165283203
            },
            "80": {
                "num_clashes": 20,
                "num_atom_pairs": 10489017,
                "energy": 4.386053085327148
            }
        },
        "ca_rmsd": 1.2395502380968537e-05
    },
    "core": {
        "mean_mae": [
            26.22171401977539,
            24.831308364868164,
            46.585758209228516,
            8.129496574401855
        ],
        "mae_sr": 0.5882353186607361,
        "rmsd": 0.7710602879524231,
        "dihedral_counts": [
            85,
            64,
            11,
            2
        ],
        "seq_len": 99,
        "num_sc": 85
    },
    "surface": {
        "mean_mae": [
            47.664573669433594,
            43.16144561767578,
            48.45176315307617,
            68.84619903564453
        ],
        "mae_sr": 0.2980501353740692,
        "rmsd": 1.4017335176467896,
        "dihedral_counts": [
            359,
            300,
            124,
            55
        ],
        "seq_len": 389,
        "num_sc": 359
    }
}