{
    "all": {
        "rmsd": 0.9531861543655396,
        "mae_sr": 0.5370027422904968,
        "mean_mae": [
            29.839500427246094,
            29.662220001220703,
            50.63681411743164,
            61.77135467529297
        ],
        "dihedral_counts": [
            17962,
            13381,
            4406,
            2035
        ],
        "num_sc": 17962,
        "mean_seq_len": 354.4507141113281,
        "ca_rmsd": 39.283607482910156,
        "clash_info": {
            "100": {
                "energy": 17.865365982055664,
                "num_atom_pairs": 3113395.75,
                "num_clashes": 104.16901397705078
            },
            "90": {
                "energy": 3.00761342048645,
                "num_atom_pairs": 3113395.75,
                "num_clashes": 15.478873252868652
            },
            "80": {
                "energy": 0.5820379853248596,
                "num_atom_pairs": 3113395.75,
                "num_clashes": 3.0422534942626953
            }
        }
    },
    "core": {
        "rmsd": 0.5993524193763733,
        "mae_sr": 0.7255483865737915,
        "mean_mae": [
            18.568349838256836,
            20.422943115234375,
            41.36075973510742,
            45.47011947631836
        ],
        "dihedral_counts": [
            5861,
            4211,
            841,
            355
        ],
        "num_sc": 5861,
        "mean_seq_len": 148.81689453125
    },
    "surface": {
        "rmsd": 1.1699808835983276,
        "mae_sr": 0.4243771433830261,
        "mean_mae": [
            37.17691421508789,
            35.42106246948242,
            52.7984619140625,
            64.43195343017578
        ],
        "dihedral_counts": [
            8380,
            6331,
            2647,
            1223
        ],
        "num_sc": 8380,
        "mean_seq_len": 143.7042236328125
    }
}