{
    "all": {
        "mean_mae": [
            30.264020919799805,
            28.10000991821289,
            53.801780700683594,
            42.00777816772461
        ],
        "mae_sr": 0.5285714268684387,
        "rmsd": 0.9240884780883789,
        "dihedral_counts": [
            140,
            113,
            41,
            22
        ],
        "seq_len": 166,
        "num_sc": 140,
        "clash_info": {
            "100": {
                "num_clashes": 68,
                "num_atom_pairs": 664961,
                "energy": 11.720626831054688
            },
            "90": {
                "num_clashes": 9,
                "num_atom_pairs": 664961,
                "energy": 1.9208970069885254
            },
            "80": {
                "num_clashes": 3,
                "num_atom_pairs": 664961,
                "energy": 0.1953568458557129
            }
        },
        "ca_rmsd": 6.354310989379883
    },
    "core": {
        "mean_mae": [
            16.17898941040039,
            23.489681243896484,
            35.908817291259766,
            87.02816009521484
        ],
        "mae_sr": 0.6904761791229248,
        "rmsd": 0.5021347999572754,
        "dihedral_counts": [
            42,
            31,
            7,
            3
        ],
        "seq_len": 50,
        "num_sc": 42
    },
    "surface": {
        "mean_mae": [
            36.09664535522461,
            33.96870040893555,
            61.05443572998047,
            35.98588943481445
        ],
        "mae_sr": 0.45945945382118225,
        "rmsd": 1.1256554126739502,
        "dihedral_counts": [
            74,
            62,
            27,
            15
        ],
        "seq_len": 91,
        "num_sc": 74
    }
}