{
    "all": {
        "mean_mae": [
            39.07367706298828,
            35.60157775878906,
            63.34443664550781,
            74.62232208251953
        ],
        "mae_sr": 0.4335443079471588,
        "rmsd": 1.0688252449035645,
        "dihedral_counts": [
            316,
            238,
            71,
            31
        ],
        "seq_len": 518,
        "num_sc": 316,
        "clash_info": {
            "100": {
                "num_clashes": 84,
                "num_atom_pairs": 3186781,
                "energy": 11.78407096862793
            },
            "90": {
                "num_clashes": 14,
                "num_atom_pairs": 3186781,
                "energy": 1.2697999477386475
            },
            "80": {
                "num_clashes": 0,
                "num_atom_pairs": 3186781,
                "energy": 0.0
            }
        },
        "ca_rmsd": 155.9996337890625
    },
    "core": {
        "mean_mae": [
            29.259183883666992,
            37.22252655029297,
            45.52216339111328,
            2.483344078063965
        ],
        "mae_sr": 0.6000000238418579,
        "rmsd": 0.6811449527740479,
        "dihedral_counts": [
            25,
            17,
            4,
            2
        ],
        "seq_len": 151,
        "num_sc": 25
    },
    "surface": {
        "mean_mae": [
            41.2601203918457,
            36.93408203125,
            65.79888916015625,
            78.53329467773438
        ],
        "mae_sr": 0.40856030583381653,
        "rmsd": 1.138810396194458,
        "dihedral_counts": [
            257,
            197,
            61,
            26
        ],
        "seq_len": 326,
        "num_sc": 257
    }
}