{
    "all": {
        "mean_mae": [
            16.906980514526367,
            16.36333656311035,
            59.480289459228516,
            75.65571594238281
        ],
        "mae_sr": 0.6850393414497375,
        "rmsd": 0.649723470211029,
        "dihedral_counts": [
            127,
            101,
            30,
            18
        ],
        "seq_len": 160,
        "num_sc": 127,
        "clash_info": {
            "100": {
                "num_clashes": 43,
                "num_atom_pairs": 568666,
                "energy": 6.194720268249512
            },
            "90": {
                "num_clashes": 4,
                "num_atom_pairs": 568666,
                "energy": 0.9600205421447754
            },
            "80": {
                "num_clashes": 1,
                "num_atom_pairs": 568666,
                "energy": 0.10233950614929199
            }
        },
        "ca_rmsd": 0.5842245221138
    },
    "core": {
        "mean_mae": [
            10.519615173339844,
            10.170608520507812,
            58.94134521484375,
            65.18212127685547
        ],
        "mae_sr": 0.8571428656578064,
        "rmsd": 0.42343366146087646,
        "dihedral_counts": [
            49,
            40,
            6,
            3
        ],
        "seq_len": 61,
        "num_sc": 49
    },
    "surface": {
        "mean_mae": [
            21.634498596191406,
            22.099449157714844,
            62.524715423583984,
            82.52863311767578
        ],
        "mae_sr": 0.5,
        "rmsd": 0.8864211440086365,
        "dihedral_counts": [
            60,
            49,
            22,
            14
        ],
        "seq_len": 72,
        "num_sc": 60
    }
}