{
    "all": {
        "mean_mae": [
            13.884445190429688,
            18.09800148010254,
            33.65983581542969,
            45.29065704345703
        ],
        "mae_sr": 0.7052631378173828,
        "rmsd": 0.5357671976089478,
        "dihedral_counts": [
            475,
            363,
            120,
            57
        ],
        "seq_len": 630,
        "num_sc": 475,
        "clash_info": {
            "100": {
                "num_clashes": 185,
                "num_atom_pairs": 7237975,
                "energy": 29.371089935302734
            },
            "90": {
                "num_clashes": 22,
                "num_atom_pairs": 7237975,
                "energy": 3.537078857421875
            },
            "80": {
                "num_clashes": 2,
                "num_atom_pairs": 7237975,
                "energy": 0.27770090103149414
            }
        },
        "ca_rmsd": 14.527271270751953
    },
    "core": {
        "mean_mae": [
            8.64573860168457,
            14.120908737182617,
            17.254987716674805,
            44.54941177368164
        ],
        "mae_sr": 0.8274336457252502,
        "rmsd": 0.40477806329727173,
        "dihedral_counts": [
            226,
            178,
            41,
            19
        ],
        "seq_len": 343,
        "num_sc": 226
    },
    "surface": {
        "mean_mae": [
            20.569608688354492,
            26.17603302001953,
            38.892433166503906,
            53.91417694091797
        ],
        "mae_sr": 0.5285714268684387,
        "rmsd": 0.7421692609786987,
        "dihedral_counts": [
            140,
            100,
            51,
            26
        ],
        "seq_len": 164,
        "num_sc": 140
    }
}