{
    "all": {
        "mean_mae": [
            14.984964370727539,
            10.634617805480957,
            29.65586280822754,
            52.278892517089844
        ],
        "mae_sr": 0.7439024448394775,
        "rmsd": 0.6147010326385498,
        "dihedral_counts": [
            82,
            69,
            23,
            10
        ],
        "seq_len": 102,
        "num_sc": 82,
        "clash_info": {
            "100": {
                "num_clashes": 38,
                "num_atom_pairs": 247779,
                "energy": 5.704215049743652
            },
            "90": {
                "num_clashes": 4,
                "num_atom_pairs": 247779,
                "energy": 0.9411571025848389
            },
            "80": {
                "num_clashes": 1,
                "num_atom_pairs": 247779,
                "energy": 0.019228100776672363
            }
        },
        "ca_rmsd": 14.540249824523926
    },
    "core": {
        "mean_mae": [
            4.873220920562744,
            5.648665904998779,
            27.248384475708008,
            0.0
        ],
        "mae_sr": 0.8666666746139526,
        "rmsd": 0.2099081426858902,
        "dihedral_counts": [
            15,
            11,
            1,
            0
        ],
        "seq_len": 19,
        "num_sc": 15
    },
    "surface": {
        "mean_mae": [
            18.415210723876953,
            11.345893859863281,
            36.92939376831055,
            50.422767639160156
        ],
        "mae_sr": 0.717391312122345,
        "rmsd": 0.7661606073379517,
        "dihedral_counts": [
            46,
            41,
            16,
            8
        ],
        "seq_len": 58,
        "num_sc": 46
    }
}