{
    "all": {
        "mean_mae": [
            43.79115676879883,
            32.68512725830078,
            67.89498138427734,
            63.09644317626953
        ],
        "mae_sr": 0.375,
        "rmsd": 1.4736707210540771,
        "dihedral_counts": [
            40,
            35,
            21,
            9
        ],
        "seq_len": 153,
        "num_sc": 40,
        "clash_info": {
            "100": {
                "num_clashes": 12,
                "num_atom_pairs": 57321,
                "energy": 2.3380825519561768
            },
            "90": {
                "num_clashes": 2,
                "num_atom_pairs": 57321,
                "energy": 0.5550827980041504
            },
            "80": {
                "num_clashes": 0,
                "num_atom_pairs": 57321,
                "energy": 0.0
            }
        },
        "ca_rmsd": 16.62914276123047
    },
    "core": {
        "mean_mae": [
            38.572025299072266,
            45.14775085449219,
            54.645633697509766,
            123.5660171508789
        ],
        "mae_sr": 0.3333333432674408,
        "rmsd": 1.8026338815689087,
        "dihedral_counts": [
            3,
            3,
            3,
            1
        ],
        "seq_len": 108,
        "num_sc": 3
    },
    "surface": {
        "mean_mae": [
            44.214332580566406,
            31.516759872436523,
            70.10320281982422,
            55.537742614746094
        ],
        "mae_sr": 0.37837839126586914,
        "rmsd": 1.446998119354248,
        "dihedral_counts": [
            37,
            32,
            18,
            8
        ],
        "seq_len": 45,
        "num_sc": 37
    }
}