{
    "all": {
        "mean_mae": [
            20.21613121032715,
            22.406198501586914,
            47.996116638183594,
            70.9120101928711
        ],
        "mae_sr": 0.6733668446540833,
        "rmsd": 0.6735528707504272,
        "dihedral_counts": [
            199,
            151,
            45,
            20
        ],
        "seq_len": 299,
        "num_sc": 199,
        "clash_info": {
            "100": {
                "num_clashes": 93,
                "num_atom_pairs": 1410345,
                "energy": 18.781557083129883
            },
            "90": {
                "num_clashes": 17,
                "num_atom_pairs": 1410345,
                "energy": 5.658172607421875
            },
            "80": {
                "num_clashes": 8,
                "num_atom_pairs": 1410345,
                "energy": 1.9796851873397827
            }
        },
        "ca_rmsd": 12.626603126525879
    },
    "core": {
        "mean_mae": [
            11.970940589904785,
            13.204798698425293,
            42.025657653808594,
            53.53950881958008
        ],
        "mae_sr": 0.795918345451355,
        "rmsd": 0.39844992756843567,
        "dihedral_counts": [
            98,
            73,
            13,
            5
        ],
        "seq_len": 156,
        "num_sc": 98
    },
    "surface": {
        "mean_mae": [
            34.16929244995117,
            34.516910552978516,
            50.420982360839844,
            57.45798110961914
        ],
        "mae_sr": 0.4848484992980957,
        "rmsd": 1.1260991096496582,
        "dihedral_counts": [
            66,
            55,
            25,
            12
        ],
        "seq_len": 97,
        "num_sc": 66
    }
}