{
    "all": {
        "mean_mae": [
            24.56353759765625,
            23.974740982055664,
            43.72700119018555,
            70.3406753540039
        ],
        "mae_sr": 0.6574074029922485,
        "rmsd": 0.7320812344551086,
        "dihedral_counts": [
            108,
            70,
            25,
            10
        ],
        "seq_len": 171,
        "num_sc": 108,
        "clash_info": {
            "100": {
                "num_clashes": 32,
                "num_atom_pairs": 330785,
                "energy": 5.728887557983398
            },
            "90": {
                "num_clashes": 5,
                "num_atom_pairs": 330785,
                "energy": 1.3921679258346558
            },
            "80": {
                "num_clashes": 2,
                "num_atom_pairs": 330785,
                "energy": 0.35993218421936035
            }
        },
        "ca_rmsd": 20.95210838317871
    },
    "core": {
        "mean_mae": [
            9.590822219848633,
            9.922928810119629,
            63.75035095214844,
            39.918739318847656
        ],
        "mae_sr": 0.8214285969734192,
        "rmsd": 0.3231871724128723,
        "dihedral_counts": [
            28,
            17,
            2,
            1
        ],
        "seq_len": 76,
        "num_sc": 28
    },
    "surface": {
        "mean_mae": [
            33.20208740234375,
            34.916954040527344,
            42.26494598388672,
            81.63323974609375
        ],
        "mae_sr": 0.5396825671195984,
        "rmsd": 0.9791762828826904,
        "dihedral_counts": [
            63,
            38,
            18,
            8
        ],
        "seq_len": 76,
        "num_sc": 63
    }
}