{
    "all": {
        "mean_mae": [
            29.048316955566406,
            27.911846160888672,
            46.20688247680664,
            44.649658203125
        ],
        "mae_sr": 0.4538152515888214,
        "rmsd": 0.9070577025413513,
        "dihedral_counts": [
            249,
            188,
            59,
            28
        ],
        "seq_len": 317,
        "num_sc": 249,
        "clash_info": {
            "100": {
                "num_clashes": 100,
                "num_atom_pairs": 1879705,
                "energy": 17.329620361328125
            },
            "90": {
                "num_clashes": 13,
                "num_atom_pairs": 1879705,
                "energy": 2.9808473587036133
            },
            "80": {
                "num_clashes": 3,
                "num_atom_pairs": 1879705,
                "energy": 0.5457196235656738
            }
        },
        "ca_rmsd": 14.7999906539917
    },
    "core": {
        "mean_mae": [
            19.784912109375,
            16.326807022094727,
            31.733150482177734,
            13.370861053466797
        ],
        "mae_sr": 0.6296296119689941,
        "rmsd": 0.5995507836341858,
        "dihedral_counts": [
            81,
            58,
            10,
            4
        ],
        "seq_len": 123,
        "num_sc": 81
    },
    "surface": {
        "mean_mae": [
            37.00096893310547,
            31.68543243408203,
            44.17441940307617,
            46.031436920166016
        ],
        "mae_sr": 0.32758620381355286,
        "rmsd": 1.08518385887146,
        "dihedral_counts": [
            116,
            89,
            39,
            19
        ],
        "seq_len": 131,
        "num_sc": 116
    }
}