{
    "all": {
        "mean_mae": [
            26.54802894592285,
            34.390052795410156,
            57.315635681152344,
            60.282474517822266
        ],
        "mae_sr": 0.5531914830207825,
        "rmsd": 0.9982860684394836,
        "dihedral_counts": [
            94,
            84,
            30,
            12
        ],
        "seq_len": 114,
        "num_sc": 94,
        "clash_info": {
            "100": {
                "num_clashes": 32,
                "num_atom_pairs": 306204,
                "energy": 7.963327407836914
            },
            "90": {
                "num_clashes": 7,
                "num_atom_pairs": 306204,
                "energy": 2.241995096206665
            },
            "80": {
                "num_clashes": 2,
                "num_atom_pairs": 306204,
                "energy": 0.653616189956665
            }
        },
        "ca_rmsd": 9.089655876159668
    },
    "core": {
        "mean_mae": [
            16.79803466796875,
            38.92340850830078,
            63.85176467895508,
            56.520057678222656
        ],
        "mae_sr": 0.7200000286102295,
        "rmsd": 0.7902590036392212,
        "dihedral_counts": [
            25,
            21,
            7,
            4
        ],
        "seq_len": 34,
        "num_sc": 25
    },
    "surface": {
        "mean_mae": [
            33.84115219116211,
            37.327518463134766,
            61.01036071777344,
            72.76607513427734
        ],
        "mae_sr": 0.46000000834465027,
        "rmsd": 1.1556739807128906,
        "dihedral_counts": [
            50,
            45,
            15,
            5
        ],
        "seq_len": 57,
        "num_sc": 50
    }
}