{
    "all": {
        "mean_mae": [
            37.40763473510742,
            38.60099411010742,
            57.63997268676758,
            61.39935302734375
        ],
        "mae_sr": 0.41111111640930176,
        "rmsd": 1.1394567489624023,
        "dihedral_counts": [
            270,
            205,
            78,
            33
        ],
        "seq_len": 376,
        "num_sc": 270,
        "clash_info": {
            "100": {
                "num_clashes": 48,
                "num_atom_pairs": 2236612,
                "energy": 7.922954559326172
            },
            "90": {
                "num_clashes": 7,
                "num_atom_pairs": 2236612,
                "energy": 1.3525276184082031
            },
            "80": {
                "num_clashes": 1,
                "num_atom_pairs": 2236612,
                "energy": 0.42442965507507324
            }
        },
        "ca_rmsd": 89.39163970947266
    },
    "core": {
        "mean_mae": [
            20.59564781188965,
            25.85232925415039,
            27.104684829711914,
            26.930143356323242
        ],
        "mae_sr": 0.6567164063453674,
        "rmsd": 0.5348579287528992,
        "dihedral_counts": [
            67,
            45,
            9,
            3
        ],
        "seq_len": 144,
        "num_sc": 67
    },
    "surface": {
        "mean_mae": [
            51.54046630859375,
            46.805755615234375,
            63.749176025390625,
            68.23810577392578
        ],
        "mae_sr": 0.29729729890823364,
        "rmsd": 1.5194329023361206,
        "dihedral_counts": [
            148,
            115,
            57,
            24
        ],
        "seq_len": 166,
        "num_sc": 148
    }
}