{
    "all": {
        "mean_mae": [
            19.11058807373047,
            25.742408752441406,
            47.43443298339844,
            58.11697006225586
        ],
        "mae_sr": 0.6551724076271057,
        "rmsd": 0.6473811864852905,
        "dihedral_counts": [
            261,
            194,
            65,
            26
        ],
        "seq_len": 369,
        "num_sc": 261,
        "clash_info": {
            "100": {
                "num_clashes": 92,
                "num_atom_pairs": 2193283,
                "energy": 22.971040725708008
            },
            "90": {
                "num_clashes": 24,
                "num_atom_pairs": 2193283,
                "energy": 6.176092147827148
            },
            "80": {
                "num_clashes": 8,
                "num_atom_pairs": 2193283,
                "energy": 1.740516185760498
            }
        },
        "ca_rmsd": 85.59468078613281
    },
    "core": {
        "mean_mae": [
            13.128555297851562,
            18.53095245361328,
            25.459205627441406,
            44.50536346435547
        ],
        "mae_sr": 0.8016529083251953,
        "rmsd": 0.45211759209632874,
        "dihedral_counts": [
            121,
            83,
            18,
            7
        ],
        "seq_len": 197,
        "num_sc": 121
    },
    "surface": {
        "mean_mae": [
            23.14183235168457,
            34.462158203125,
            56.14213180541992,
            70.39261627197266
        ],
        "mae_sr": 0.46666666865348816,
        "rmsd": 0.8888559341430664,
        "dihedral_counts": [
            90,
            74,
            33,
            15
        ],
        "seq_len": 112,
        "num_sc": 90
    }
}