{
    "all": {
        "mean_mae": [
            34.531150817871094,
            29.874977111816406,
            37.019107818603516,
            51.29816436767578
        ],
        "mae_sr": 0.5307692289352417,
        "rmsd": 0.9257620573043823,
        "dihedral_counts": [
            260,
            169,
            45,
            18
        ],
        "seq_len": 338,
        "num_sc": 260,
        "clash_info": {
            "100": {
                "num_clashes": 76,
                "num_atom_pairs": 2140880,
                "energy": 18.581573486328125
            },
            "90": {
                "num_clashes": 23,
                "num_atom_pairs": 2140880,
                "energy": 5.498876571655273
            },
            "80": {
                "num_clashes": 6,
                "num_atom_pairs": 2140880,
                "energy": 1.0355072021484375
            }
        },
        "ca_rmsd": 6.851234436035156
    },
    "core": {
        "mean_mae": [
            40.25459289550781,
            39.07227325439453,
            39.298091888427734,
            3.2121012210845947
        ],
        "mae_sr": 0.4736842215061188,
        "rmsd": 0.9391722679138184,
        "dihedral_counts": [
            38,
            28,
            5,
            2
        ],
        "seq_len": 47,
        "num_sc": 38
    },
    "surface": {
        "mean_mae": [
            34.67913818359375,
            30.661312103271484,
            40.06489562988281,
            64.80786895751953
        ],
        "mae_sr": 0.5515151619911194,
        "rmsd": 0.886360764503479,
        "dihedral_counts": [
            165,
            95,
            29,
            11
        ],
        "seq_len": 222,
        "num_sc": 165
    }
}