{
    "all": {
        "mean_mae": [
            32.40639877319336,
            38.994144439697266,
            35.800960540771484,
            50.39031219482422
        ],
        "mae_sr": 0.4761904776096344,
        "rmsd": 0.9929874539375305,
        "dihedral_counts": [
            126,
            93,
            26,
            19
        ],
        "seq_len": 189,
        "num_sc": 126,
        "clash_info": {
            "100": {
                "num_clashes": 4,
                "num_atom_pairs": 522518,
                "energy": 0.5331747531890869
            },
            "90": {
                "num_clashes": 0,
                "num_atom_pairs": 522518,
                "energy": 0.0
            },
            "80": {
                "num_clashes": 0,
                "num_atom_pairs": 522518,
                "energy": 0.0
            }
        },
        "ca_rmsd": 64.72467803955078
    },
    "core": {
        "mean_mae": [
            0.0,
            0.0,
            0.0,
            0.0
        ],
        "mae_sr": 1.0,
        "rmsd": 0.0,
        "dihedral_counts": [
            0,
            0,
            0,
            0
        ],
        "seq_len": 0,
        "num_sc": 0
    },
    "surface": {
        "mean_mae": [
            32.61491775512695,
            38.994144439697266,
            35.800960540771484,
            50.39031219482422
        ],
        "mae_sr": 0.47200000286102295,
        "rmsd": 1.0,
        "dihedral_counts": [
            125,
            93,
            26,
            19
        ],
        "seq_len": 169,
        "num_sc": 125
    }
}