{
    "all": {
        "mean_mae": [
            42.7277717590332,
            31.13912010192871,
            67.43279266357422,
            41.509605407714844
        ],
        "mae_sr": 0.4838709533214569,
        "rmsd": 1.0688494443893433,
        "dihedral_counts": [
            62,
            49,
            17,
            7
        ],
        "seq_len": 122,
        "num_sc": 62,
        "clash_info": {
            "100": {
                "num_clashes": 12,
                "num_atom_pairs": 121979,
                "energy": 1.5574543476104736
            },
            "90": {
                "num_clashes": 1,
                "num_atom_pairs": 121979,
                "energy": 0.1023256778717041
            },
            "80": {
                "num_clashes": 0,
                "num_atom_pairs": 121979,
                "energy": 0.0
            }
        },
        "ca_rmsd": 21.67138671875
    },
    "core": {
        "mean_mae": [
            0.0,
            0.0,
            0.0,
            0.0
        ],
        "mae_sr": 1.0,
        "rmsd": 0.0,
        "dihedral_counts": [
            0,
            0,
            0,
            0
        ],
        "seq_len": 51,
        "num_sc": 0
    },
    "surface": {
        "mean_mae": [
            41.45354461669922,
            26.863649368286133,
            65.52640533447266,
            43.7896728515625
        ],
        "mae_sr": 0.48275861144065857,
        "rmsd": 1.0284924507141113,
        "dihedral_counts": [
            58,
            45,
            15,
            6
        ],
        "seq_len": 65,
        "num_sc": 58
    }
}