{
    "all": {
        "mean_mae": [
            21.990863800048828,
            22.702579498291016,
            47.13893508911133,
            55.03971862792969
        ],
        "mae_sr": 0.600389838218689,
        "rmsd": 0.6551527976989746,
        "dihedral_counts": [
            513,
            365,
            109,
            47
        ],
        "seq_len": 635,
        "num_sc": 513,
        "clash_info": {
            "100": {
                "num_clashes": 274,
                "num_atom_pairs": 8358985,
                "energy": 70.71419525146484
            },
            "90": {
                "num_clashes": 71,
                "num_atom_pairs": 8358985,
                "energy": 22.946340560913086
            },
            "80": {
                "num_clashes": 31,
                "num_atom_pairs": 8358985,
                "energy": 8.57268238067627
            }
        },
        "ca_rmsd": 6.868153095245361
    },
    "core": {
        "mean_mae": [
            15.02280330657959,
            18.738487243652344,
            52.92893600463867,
            34.775150299072266
        ],
        "mae_sr": 0.6905829310417175,
        "rmsd": 0.5192061066627502,
        "dihedral_counts": [
            223,
            172,
            38,
            13
        ],
        "seq_len": 278,
        "num_sc": 223
    },
    "surface": {
        "mean_mae": [
            32.86606979370117,
            28.354175567626953,
            45.82252883911133,
            77.00796508789062
        ],
        "mae_sr": 0.46327683329582214,
        "rmsd": 0.8512254357337952,
        "dihedral_counts": [
            177,
            114,
            48,
            19
        ],
        "seq_len": 222,
        "num_sc": 177
    }
}