{
    "all": {
        "mean_mae": [
            17.7091064453125,
            23.368600845336914,
            40.31705856323242,
            75.45773315429688
        ],
        "mae_sr": 0.6431924700737,
        "rmsd": 0.640451192855835,
        "dihedral_counts": [
            426,
            320,
            101,
            46
        ],
        "seq_len": 535,
        "num_sc": 426,
        "clash_info": {
            "100": {
                "num_clashes": 259,
                "num_atom_pairs": 6038304,
                "energy": 76.44313049316406
            },
            "90": {
                "num_clashes": 88,
                "num_atom_pairs": 6038304,
                "energy": 24.684947967529297
            },
            "80": {
                "num_clashes": 26,
                "num_atom_pairs": 6038304,
                "energy": 7.6476545333862305
            }
        },
        "ca_rmsd": 57.2163200378418
    },
    "core": {
        "mean_mae": [
            15.240416526794434,
            21.018489837646484,
            38.77959442138672,
            55.17090606689453
        ],
        "mae_sr": 0.6996197700500488,
        "rmsd": 0.521423876285553,
        "dihedral_counts": [
            263,
            188,
            46,
            19
        ],
        "seq_len": 339,
        "num_sc": 263
    },
    "surface": {
        "mean_mae": [
            26.77667999267578,
            30.33759880065918,
            42.569496154785156,
            87.31595611572266
        ],
        "mae_sr": 0.4660194218158722,
        "rmsd": 0.9879165887832642,
        "dihedral_counts": [
            103,
            82,
            40,
            18
        ],
        "seq_len": 120,
        "num_sc": 103
    }
}