{
    "all": {
        "mean_mae": [
            37.198856353759766,
            35.229129791259766,
            52.714473724365234,
            56.45000076293945
        ],
        "mae_sr": 0.42307692766189575,
        "rmsd": 1.0404447317123413,
        "dihedral_counts": [
            260,
            180,
            68,
            34
        ],
        "seq_len": 524,
        "num_sc": 260,
        "clash_info": {
            "100": {
                "num_clashes": 17,
                "num_atom_pairs": 2017035,
                "energy": 3.1376330852508545
            },
            "90": {
                "num_clashes": 4,
                "num_atom_pairs": 2017035,
                "energy": 0.3083338737487793
            },
            "80": {
                "num_clashes": 0,
                "num_atom_pairs": 2017035,
                "energy": 0.0
            }
        },
        "ca_rmsd": 162.35595703125
    },
    "core": {
        "mean_mae": [
            6.835723876953125,
            15.94989013671875,
            0.0,
            0.0
        ],
        "mae_sr": 0.8421052694320679,
        "rmsd": 0.2931525409221649,
        "dihedral_counts": [
            19,
            14,
            0,
            0
        ],
        "seq_len": 234,
        "num_sc": 19
    },
    "surface": {
        "mean_mae": [
            41.3604621887207,
            37.14353942871094,
            50.98512268066406,
            52.6953239440918
        ],
        "mae_sr": 0.3863636255264282,
        "rmsd": 1.1119893789291382,
        "dihedral_counts": [
            220,
            151,
            58,
            28
        ],
        "seq_len": 267,
        "num_sc": 220
    }
}