{
    "all": {
        "mean_mae": [
            40.2802734375,
            34.104835510253906,
            47.309322357177734,
            43.07404327392578
        ],
        "mae_sr": 0.4135802388191223,
        "rmsd": 1.145024061203003,
        "dihedral_counts": [
            162,
            127,
            46,
            21
        ],
        "seq_len": 170,
        "num_sc": 162,
        "clash_info": {
            "100": {
                "num_clashes": 46,
                "num_atom_pairs": 730331,
                "energy": 10.1729097366333
            },
            "90": {
                "num_clashes": 13,
                "num_atom_pairs": 730331,
                "energy": 1.3460032939910889
            },
            "80": {
                "num_clashes": 1,
                "num_atom_pairs": 730331,
                "energy": 0.0616307258605957
            }
        },
        "ca_rmsd": 20.50541114807129
    },
    "core": {
        "mean_mae": [
            12.895373344421387,
            10.9143648147583,
            20.192184448242188,
            28.23209571838379
        ],
        "mae_sr": 0.8125,
        "rmsd": 0.35795536637306213,
        "dihedral_counts": [
            16,
            12,
            1,
            1
        ],
        "seq_len": 16,
        "num_sc": 16
    },
    "surface": {
        "mean_mae": [
            44.62948989868164,
            35.48953628540039,
            46.852298736572266,
            41.41239929199219
        ],
        "mae_sr": 0.35199999809265137,
        "rmsd": 1.2406877279281616,
        "dihedral_counts": [
            125,
            97,
            40,
            18
        ],
        "seq_len": 132,
        "num_sc": 125
    }
}