{
    "all": {
        "mean_mae": [
            43.17319107055664,
            27.072057723999023,
            64.10847473144531,
            63.37033462524414
        ],
        "mae_sr": 0.3333333432674408,
        "rmsd": 1.4411863088607788,
        "dihedral_counts": [
            21,
            14,
            12,
            9
        ],
        "seq_len": 48,
        "num_sc": 21,
        "clash_info": {
            "100": {
                "num_clashes": 6,
                "num_atom_pairs": 17640,
                "energy": 1.5319759845733643
            },
            "90": {
                "num_clashes": 2,
                "num_atom_pairs": 17640,
                "energy": 0.30202531814575195
            },
            "80": {
                "num_clashes": 0,
                "num_atom_pairs": 17640,
                "energy": 0.0
            }
        },
        "ca_rmsd": 12.194258689880371
    },
    "core": {
        "mean_mae": [
            37.9180793762207,
            39.024131774902344,
            52.47078323364258,
            59.645652770996094
        ],
        "mae_sr": 0.4000000059604645,
        "rmsd": 1.4559086561203003,
        "dihedral_counts": [
            10,
            7,
            6,
            4
        ],
        "seq_len": 33,
        "num_sc": 10
    },
    "surface": {
        "mean_mae": [
            47.950565338134766,
            15.119985580444336,
            75.74616241455078,
            66.35008239746094
        ],
        "mae_sr": 0.27272728085517883,
        "rmsd": 1.4278022050857544,
        "dihedral_counts": [
            11,
            7,
            6,
            5
        ],
        "seq_len": 15,
        "num_sc": 11
    }
}