{
    "all": {
        "mean_mae": [
            36.978271484375,
            26.187850952148438,
            46.45110321044922,
            70.8508529663086
        ],
        "mae_sr": 0.5158730149269104,
        "rmsd": 0.9883490800857544,
        "dihedral_counts": [
            252,
            195,
            64,
            37
        ],
        "seq_len": 312,
        "num_sc": 252,
        "clash_info": {
            "100": {
                "num_clashes": 52,
                "num_atom_pairs": 1768206,
                "energy": 10.117757797241211
            },
            "90": {
                "num_clashes": 12,
                "num_atom_pairs": 1768206,
                "energy": 1.9568227529525757
            },
            "80": {
                "num_clashes": 1,
                "num_atom_pairs": 1768206,
                "energy": 0.05339622497558594
            }
        },
        "ca_rmsd": 19.33502960205078
    },
    "core": {
        "mean_mae": [
            15.780390739440918,
            16.509521484375,
            4.138463020324707,
            74.03271484375
        ],
        "mae_sr": 0.8309859037399292,
        "rmsd": 0.3741852641105652,
        "dihedral_counts": [
            71,
            46,
            2,
            1
        ],
        "seq_len": 126,
        "num_sc": 71
    },
    "surface": {
        "mean_mae": [
            55.02178192138672,
            33.592613220214844,
            47.16754913330078,
            59.15182876586914
        ],
        "mae_sr": 0.27184465527534485,
        "rmsd": 1.4926202297210693,
        "dihedral_counts": [
            103,
            89,
            42,
            22
        ],
        "seq_len": 106,
        "num_sc": 103
    }
}