{
    "all": {
        "mean_mae": [
            26.68670082092285,
            36.745487213134766,
            49.86105728149414,
            60.351688385009766
        ],
        "mae_sr": 0.5147058963775635,
        "rmsd": 0.8237025141716003,
        "dihedral_counts": [
            204,
            136,
            39,
            12
        ],
        "seq_len": 289,
        "num_sc": 204,
        "clash_info": {
            "100": {
                "num_clashes": 43,
                "num_atom_pairs": 1392006,
                "energy": 5.592264175415039
            },
            "90": {
                "num_clashes": 2,
                "num_atom_pairs": 1392006,
                "energy": 0.02623581886291504
            },
            "80": {
                "num_clashes": 0,
                "num_atom_pairs": 1392006,
                "energy": 0.0
            }
        },
        "ca_rmsd": 131.70045471191406
    },
    "core": {
        "mean_mae": [
            20.747751235961914,
            29.229482650756836,
            69.60131072998047,
            63.04156494140625
        ],
        "mae_sr": 0.6323529481887817,
        "rmsd": 0.6021624207496643,
        "dihedral_counts": [
            68,
            38,
            10,
            2
        ],
        "seq_len": 124,
        "num_sc": 68
    },
    "surface": {
        "mean_mae": [
            34.06583786010742,
            40.82117462158203,
            43.533935546875,
            55.590728759765625
        ],
        "mae_sr": 0.4047619104385376,
        "rmsd": 1.0168135166168213,
        "dihedral_counts": [
            84,
            62,
            18,
            7
        ],
        "seq_len": 106,
        "num_sc": 84
    }
}