{
    "all": {
        "mean_mae": [
            39.85689163208008,
            40.51982116699219,
            52.80393981933594,
            54.74837112426758
        ],
        "mae_sr": 0.38461539149284363,
        "rmsd": 1.2409589290618896,
        "dihedral_counts": [
            52,
            47,
            19,
            7
        ],
        "seq_len": 255,
        "num_sc": 52,
        "clash_info": {
            "100": {
                "num_clashes": 14,
                "num_atom_pairs": 89640,
                "energy": 1.984886646270752
            },
            "90": {
                "num_clashes": 1,
                "num_atom_pairs": 89640,
                "energy": 0.17197895050048828
            },
            "80": {
                "num_clashes": 0,
                "num_atom_pairs": 89640,
                "energy": 0.0
            }
        },
        "ca_rmsd": 47.1247673034668
    },
    "core": {
        "mean_mae": [
            27.736865997314453,
            8.500439643859863,
            0.0,
            0.0
        ],
        "mae_sr": 0.6000000238418579,
        "rmsd": 0.4570588171482086,
        "dihedral_counts": [
            5,
            3,
            0,
            0
        ],
        "seq_len": 201,
        "num_sc": 5
    },
    "surface": {
        "mean_mae": [
            48.33652877807617,
            47.26444625854492,
            49.455101013183594,
            57.319183349609375
        ],
        "mae_sr": 0.28947368264198303,
        "rmsd": 1.509377360343933,
        "dihedral_counts": [
            38,
            35,
            16,
            6
        ],
        "seq_len": 43,
        "num_sc": 38
    }
}