{
    "all": {
        "mean_mae": [
            31.835472106933594,
            33.34456253051758,
            50.53550338745117,
            42.11589431762695
        ],
        "mae_sr": 0.4084506928920746,
        "rmsd": 0.968758761882782,
        "dihedral_counts": [
            212,
            167,
            59,
            28
        ],
        "seq_len": 242,
        "num_sc": 213,
        "clash_info": {
            "100": {
                "num_clashes": 72,
                "num_atom_pairs": 1409892,
                "energy": 8.417683601379395
            },
            "90": {
                "num_clashes": 1,
                "num_atom_pairs": 1409892,
                "energy": 0.3250997066497803
            },
            "80": {
                "num_clashes": 1,
                "num_atom_pairs": 1409892,
                "energy": 0.008099794387817383
            }
        },
        "ca_rmsd": 1.667419672012329
    },
    "core": {
        "mean_mae": [
            20.661725997924805,
            13.804214477539062,
            58.726348876953125,
            31.877803802490234
        ],
        "mae_sr": 0.640625,
        "rmsd": 0.5447286367416382,
        "dihedral_counts": [
            64,
            47,
            5,
            1
        ],
        "seq_len": 77,
        "num_sc": 64
    },
    "surface": {
        "mean_mae": [
            37.90462875366211,
            42.269535064697266,
            45.79423904418945,
            52.71552276611328
        ],
        "mae_sr": 0.24742268025875092,
        "rmsd": 1.228147029876709,
        "dihedral_counts": [
            96,
            81,
            40,
            20
        ],
        "seq_len": 109,
        "num_sc": 97
    }
}