{
    "all": {
        "mean_mae": [
            50.27739334106445,
            40.39459228515625,
            49.86089324951172,
            36.82984924316406
        ],
        "mae_sr": 0.41040462255477905,
        "rmsd": 1.4857186079025269,
        "dihedral_counts": [
            346,
            244,
            56,
            27
        ],
        "seq_len": 538,
        "num_sc": 346,
        "clash_info": {
            "100": {
                "num_clashes": 143,
                "num_atom_pairs": 3827750,
                "energy": 15.768107414245605
            },
            "90": {
                "num_clashes": 5,
                "num_atom_pairs": 3827750,
                "energy": 1.1381475925445557
            },
            "80": {
                "num_clashes": 2,
                "num_atom_pairs": 3827750,
                "energy": 0.23674416542053223
            }
        },
        "ca_rmsd": 34.15681457519531
    },
    "core": {
        "mean_mae": [
            51.72806167602539,
            52.06266403198242,
            67.45745849609375,
            123.77849578857422
        ],
        "mae_sr": 0.3933333456516266,
        "rmsd": 1.4613428115844727,
        "dihedral_counts": [
            150,
            98,
            17,
            2
        ],
        "seq_len": 293,
        "num_sc": 150
    },
    "surface": {
        "mean_mae": [
            49.68756866455078,
            37.49103546142578,
            24.952184677124023,
            22.139820098876953
        ],
        "mae_sr": 0.3679245412349701,
        "rmsd": 1.539299726486206,
        "dihedral_counts": [
            106,
            82,
            24,
            15
        ],
        "seq_len": 131,
        "num_sc": 106
    }
}