{
    "all": {
        "mean_mae": [
            25.97406005859375,
            27.859338760375977,
            50.56182861328125,
            50.50005340576172
        ],
        "mae_sr": 0.5416666865348816,
        "rmsd": 0.8336930274963379,
        "dihedral_counts": [
            216,
            186,
            67,
            34
        ],
        "seq_len": 287,
        "num_sc": 216,
        "clash_info": {
            "100": {
                "num_clashes": 96,
                "num_atom_pairs": 1606354,
                "energy": 8.83184814453125
            },
            "90": {
                "num_clashes": 1,
                "num_atom_pairs": 1606354,
                "energy": 0.0189511775970459
            },
            "80": {
                "num_clashes": 0,
                "num_atom_pairs": 1606354,
                "energy": 0.0
            }
        },
        "ca_rmsd": 17.837106704711914
    },
    "core": {
        "mean_mae": [
            11.240080833435059,
            16.53852653503418,
            34.037681579589844,
            48.67972183227539
        ],
        "mae_sr": 0.7352941036224365,
        "rmsd": 0.4669497013092041,
        "dihedral_counts": [
            68,
            57,
            11,
            7
        ],
        "seq_len": 117,
        "num_sc": 68
    },
    "surface": {
        "mean_mae": [
            38.22007751464844,
            36.74360656738281,
            57.31774139404297,
            46.810760498046875
        ],
        "mae_sr": 0.3191489279270172,
        "rmsd": 1.1558440923690796,
        "dihedral_counts": [
            94,
            82,
            41,
            19
        ],
        "seq_len": 108,
        "num_sc": 94
    }
}