{
    "all": {
        "mean_mae": [
            38.066829681396484,
            31.46494483947754,
            51.1281623840332,
            41.84389114379883
        ],
        "mae_sr": 0.36464089155197144,
        "rmsd": 1.029077172279358,
        "dihedral_counts": [
            362,
            272,
            90,
            45
        ],
        "seq_len": 404,
        "num_sc": 362,
        "clash_info": {
            "100": {
                "num_clashes": 136,
                "num_atom_pairs": 3829490,
                "energy": 13.127795219421387
            },
            "90": {
                "num_clashes": 1,
                "num_atom_pairs": 3829490,
                "energy": 0.2649540901184082
            },
            "80": {
                "num_clashes": 0,
                "num_atom_pairs": 3829490,
                "energy": 0.0
            }
        },
        "ca_rmsd": 0.7891754508018494
    },
    "core": {
        "mean_mae": [
            25.723554611206055,
            24.306821823120117,
            65.82855987548828,
            29.958471298217773
        ],
        "mae_sr": 0.517241358757019,
        "rmsd": 0.7116385698318481,
        "dihedral_counts": [
            116,
            89,
            13,
            7
        ],
        "seq_len": 129,
        "num_sc": 116
    },
    "surface": {
        "mean_mae": [
            48.56360626220703,
            39.832157135009766,
            56.48128128051758,
            47.07394790649414
        ],
        "mae_sr": 0.24203822016716003,
        "rmsd": 1.354508638381958,
        "dihedral_counts": [
            157,
            117,
            56,
            28
        ],
        "seq_len": 179,
        "num_sc": 157
    }
}