{
    "all": {
        "mean_mae": [
            22.04085350036621,
            17.538400650024414,
            47.5196533203125,
            33.54331970214844
        ],
        "mae_sr": 0.6363636255264282,
        "rmsd": 0.6398234963417053,
        "dihedral_counts": [
            308,
            224,
            77,
            39
        ],
        "seq_len": 404,
        "num_sc": 308,
        "clash_info": {
            "100": {
                "num_clashes": 172,
                "num_atom_pairs": 3073073,
                "energy": 17.43865394592285
            },
            "90": {
                "num_clashes": 3,
                "num_atom_pairs": 3073073,
                "energy": 1.0739047527313232
            },
            "80": {
                "num_clashes": 2,
                "num_atom_pairs": 3073073,
                "energy": 0.3341848850250244
            }
        },
        "ca_rmsd": 13.802140235900879
    },
    "core": {
        "mean_mae": [
            20.243484497070312,
            15.98287296295166,
            62.204078674316406,
            30.99266815185547
        ],
        "mae_sr": 0.6689189076423645,
        "rmsd": 0.610489010810852,
        "dihedral_counts": [
            148,
            107,
            33,
            15
        ],
        "seq_len": 213,
        "num_sc": 148
    },
    "surface": {
        "mean_mae": [
            25.699857711791992,
            19.57750129699707,
            32.35746383666992,
            34.693359375
        ],
        "mae_sr": 0.603960394859314,
        "rmsd": 0.7007161974906921,
        "dihedral_counts": [
            101,
            74,
            27,
            14
        ],
        "seq_len": 118,
        "num_sc": 101
    }
}