{
    "all": {
        "rmsd": 1.0468800067901611,
        "mae_sr": 0.42359310388565063,
        "mean_mae": [
            35.01714324951172,
            33.21137237548828,
            50.66189956665039,
            52.01715850830078
        ],
        "dihedral_counts": [
            14707,
            11279,
            3812,
            1806
        ],
        "num_sc": 14708,
        "mean_seq_len": 295.43939208984375,
        "ca_rmsd": 16.709566116333008,
        "clash_info": {
            "100": {
                "energy": 6.7342023849487305,
                "num_atom_pairs": 684447.0,
                "num_clashes": 61.5
            },
            "90": {
                "energy": 0.03514397144317627,
                "num_atom_pairs": 684447.0,
                "num_clashes": 1.0
            },
            "80": {
                "energy": 0.0,
                "num_atom_pairs": 684447.0,
                "num_clashes": 0.0
            }
        }
    },
    "core": {
        "rmsd": 0.5826960802078247,
        "mae_sr": 0.6503125429153442,
        "mean_mae": [
            19.12282943725586,
            19.115629196166992,
            44.550987243652344,
            30.06423568725586
        ],
        "dihedral_counts": [
            3867,
            2834,
            541,
            230
        ],
        "num_sc": 3867,
        "mean_seq_len": 105.54545593261719
    },
    "surface": {
        "rmsd": 1.3063175678253174,
        "mae_sr": 0.32290780544281006,
        "mean_mae": [
            42.63153076171875,
            38.763370513916016,
            50.90770721435547,
            54.7267951965332
        ],
        "dihedral_counts": [
            7341,
            5728,
            2428,
            1164
        ],
        "num_sc": 7342,
        "mean_seq_len": 128.56060791015625
    }
}