{
    "all": {
        "mean_mae": [
            49.400760650634766,
            40.51910400390625,
            42.310447692871094,
            34.0132942199707
        ],
        "mae_sr": 0.19540229439735413,
        "rmsd": 1.3802413940429688,
        "dihedral_counts": [
            87,
            75,
            29,
            15
        ],
        "seq_len": 95,
        "num_sc": 87,
        "clash_info": {
            "100": {
                "num_clashes": 23,
                "num_atom_pairs": 237281,
                "energy": 2.115931749343872
            },
            "90": {
                "num_clashes": 0,
                "num_atom_pairs": 237281,
                "energy": 0.0
            },
            "80": {
                "num_clashes": 0,
                "num_atom_pairs": 237281,
                "energy": 0.0
            }
        },
        "ca_rmsd": 1.144351601600647
    },
    "core": {
        "mean_mae": [
            19.304588317871094,
            36.351112365722656,
            59.147457122802734,
            0.0
        ],
        "mae_sr": 0.27272728085517883,
        "rmsd": 0.8714601397514343,
        "dihedral_counts": [
            11,
            10,
            1,
            0
        ],
        "seq_len": 13,
        "num_sc": 11
    },
    "surface": {
        "mean_mae": [
            56.37497329711914,
            41.10104751586914,
            37.12567901611328,
            36.6904182434082
        ],
        "mae_sr": 0.12962962687015533,
        "rmsd": 1.5221720933914185,
        "dihedral_counts": [
            54,
            45,
            24,
            13
        ],
        "seq_len": 58,
        "num_sc": 54
    }
}