{
    "all": {
        "mean_mae": [
            25.541967391967773,
            34.638126373291016,
            51.016963958740234,
            47.156612396240234
        ],
        "mae_sr": 0.46125462651252747,
        "rmsd": 0.8921597003936768,
        "dihedral_counts": [
            271,
            200,
            76,
            29
        ],
        "seq_len": 338,
        "num_sc": 271,
        "clash_info": {
            "100": {
                "num_clashes": 70,
                "num_atom_pairs": 2357222,
                "energy": 7.0991621017456055
            },
            "90": {
                "num_clashes": 0,
                "num_atom_pairs": 2357222,
                "energy": 0.0
            },
            "80": {
                "num_clashes": 0,
                "num_atom_pairs": 2357222,
                "energy": 0.0
            }
        },
        "ca_rmsd": 21.40879249572754
    },
    "core": {
        "mean_mae": [
            12.890292167663574,
            40.44764709472656,
            62.50784683227539,
            30.169998168945312
        ],
        "mae_sr": 0.6600000262260437,
        "rmsd": 0.704617440700531,
        "dihedral_counts": [
            50,
            31,
            4,
            4
        ],
        "seq_len": 64,
        "num_sc": 50
    },
    "surface": {
        "mean_mae": [
            34.24178695678711,
            36.838096618652344,
            53.428016662597656,
            58.8658332824707
        ],
        "mae_sr": 0.35031846165657043,
        "rmsd": 1.0730128288269043,
        "dihedral_counts": [
            157,
            119,
            57,
            19
        ],
        "seq_len": 197,
        "num_sc": 157
    }
}