{
    "all": {
        "mean_mae": [
            35.341556549072266,
            32.82777786254883,
            52.94509506225586,
            44.59516525268555
        ],
        "mae_sr": 0.34375,
        "rmsd": 1.0842630863189697,
        "dihedral_counts": [
            256,
            208,
            66,
            32
        ],
        "seq_len": 289,
        "num_sc": 256,
        "clash_info": {
            "100": {
                "num_clashes": 83,
                "num_atom_pairs": 1903305,
                "energy": 7.985753536224365
            },
            "90": {
                "num_clashes": 1,
                "num_atom_pairs": 1903305,
                "energy": 0.0334925651550293
            },
            "80": {
                "num_clashes": 0,
                "num_atom_pairs": 1903305,
                "energy": 0.0
            }
        },
        "ca_rmsd": 42.89719772338867
    },
    "core": {
        "mean_mae": [
            19.095338821411133,
            26.060794830322266,
            46.40739059448242,
            2.9524357318878174
        ],
        "mae_sr": 0.4545454680919647,
        "rmsd": 0.7246847152709961,
        "dihedral_counts": [
            44,
            35,
            7,
            3
        ],
        "seq_len": 51,
        "num_sc": 44
    },
    "surface": {
        "mean_mae": [
            41.55949401855469,
            37.45186233520508,
            50.30863952636719,
            46.56864547729492
        ],
        "mae_sr": 0.251748263835907,
        "rmsd": 1.3045676946640015,
        "dihedral_counts": [
            143,
            116,
            49,
            24
        ],
        "seq_len": 165,
        "num_sc": 143
    }
}