{
    "all": {
        "mean_mae": [
            34.80412292480469,
            35.545230865478516,
            56.36152267456055,
            76.59239196777344
        ],
        "mae_sr": 0.43666666746139526,
        "rmsd": 1.1508753299713135,
        "dihedral_counts": [
            300,
            236,
            90,
            35
        ],
        "seq_len": 381,
        "num_sc": 300,
        "clash_info": {
            "100": {
                "num_clashes": 139,
                "num_atom_pairs": 3069180,
                "energy": 21.215307235717773
            },
            "90": {
                "num_clashes": 17,
                "num_atom_pairs": 3069180,
                "energy": 3.083185911178589
            },
            "80": {
                "num_clashes": 4,
                "num_atom_pairs": 3069180,
                "energy": 0.5659871101379395
            }
        },
        "ca_rmsd": 50.46418380737305
    },
    "core": {
        "mean_mae": [
            18.84327507019043,
            20.627071380615234,
            66.27423095703125,
            89.45188903808594
        ],
        "mae_sr": 0.6037735939025879,
        "rmsd": 0.7120489478111267,
        "dihedral_counts": [
            53,
            41,
            6,
            2
        ],
        "seq_len": 69,
        "num_sc": 53
    },
    "surface": {
        "mean_mae": [
            42.96223449707031,
            39.9395866394043,
            60.513572692871094,
            76.294189453125
        ],
        "mae_sr": 0.3589743673801422,
        "rmsd": 1.4073058366775513,
        "dihedral_counts": [
            156,
            119,
            64,
            25
        ],
        "seq_len": 212,
        "num_sc": 156
    }
}