{
    "all": {
        "mean_mae": [
            24.978891372680664,
            27.21588897705078,
            37.7119140625,
            63.97663497924805
        ],
        "mae_sr": 0.5969387888908386,
        "rmsd": 0.879615306854248,
        "dihedral_counts": [
            392,
            298,
            112,
            61
        ],
        "seq_len": 460,
        "num_sc": 392,
        "clash_info": {
            "100": {
                "num_clashes": 127,
                "num_atom_pairs": 4660950,
                "energy": 15.918069839477539
            },
            "90": {
                "num_clashes": 11,
                "num_atom_pairs": 4660950,
                "energy": 1.5868456363677979
            },
            "80": {
                "num_clashes": 1,
                "num_atom_pairs": 4660950,
                "energy": 0.20317625999450684
            }
        },
        "ca_rmsd": 3.2455952167510986
    },
    "core": {
        "mean_mae": [
            20.75465965270996,
            29.60841178894043,
            46.586875915527344,
            62.488494873046875
        ],
        "mae_sr": 0.6707317233085632,
        "rmsd": 0.7153119444847107,
        "dihedral_counts": [
            164,
            103,
            23,
            10
        ],
        "seq_len": 203,
        "num_sc": 164
    },
    "surface": {
        "mean_mae": [
            32.30086898803711,
            29.88800811767578,
            36.20116424560547,
            63.922752380371094
        ],
        "mae_sr": 0.4571428596973419,
        "rmsd": 1.1518434286117554,
        "dihedral_counts": [
            140,
            123,
            61,
            34
        ],
        "seq_len": 152,
        "num_sc": 140
    }
}