{
    "all": {
        "mean_mae": [
            35.7918701171875,
            36.29764175415039,
            53.03237533569336,
            67.25396728515625
        ],
        "mae_sr": 0.45769229531288147,
        "rmsd": 1.0951013565063477,
        "dihedral_counts": [
            260,
            180,
            68,
            34
        ],
        "seq_len": 524,
        "num_sc": 260,
        "clash_info": {
            "100": {
                "num_clashes": 75,
                "num_atom_pairs": 2017035,
                "energy": 12.095779418945312
            },
            "90": {
                "num_clashes": 15,
                "num_atom_pairs": 2017035,
                "energy": 1.9618401527404785
            },
            "80": {
                "num_clashes": 0,
                "num_atom_pairs": 2017035,
                "energy": 0.0
            }
        },
        "ca_rmsd": 162.35595703125
    },
    "core": {
        "mean_mae": [
            7.696150779724121,
            14.775529861450195,
            0.0,
            0.0
        ],
        "mae_sr": 0.8947368264198303,
        "rmsd": 0.29351791739463806,
        "dihedral_counts": [
            19,
            14,
            0,
            0
        ],
        "seq_len": 234,
        "num_sc": 19
    },
    "surface": {
        "mean_mae": [
            39.55799102783203,
            39.23928451538086,
            51.759578704833984,
            65.94744873046875
        ],
        "mae_sr": 0.41363635659217834,
        "rmsd": 1.1949572563171387,
        "dihedral_counts": [
            220,
            151,
            58,
            28
        ],
        "seq_len": 267,
        "num_sc": 220
    }
}