{
    "all": {
        "mean_mae": [
            37.03157043457031,
            32.55552673339844,
            57.15006637573242,
            65.22179412841797
        ],
        "mae_sr": 0.48184818029403687,
        "rmsd": 1.0232701301574707,
        "dihedral_counts": [
            303,
            232,
            72,
            32
        ],
        "seq_len": 390,
        "num_sc": 303,
        "clash_info": {
            "100": {
                "num_clashes": 89,
                "num_atom_pairs": 2730574,
                "energy": 12.971941947937012
            },
            "90": {
                "num_clashes": 7,
                "num_atom_pairs": 2730574,
                "energy": 2.009551763534546
            },
            "80": {
                "num_clashes": 3,
                "num_atom_pairs": 2730574,
                "energy": 0.5174896717071533
            }
        },
        "ca_rmsd": 117.5795669555664
    },
    "core": {
        "mean_mae": [
            26.167362213134766,
            38.987247467041016,
            71.2291488647461,
            35.97053909301758
        ],
        "mae_sr": 0.6333333253860474,
        "rmsd": 0.7669493556022644,
        "dihedral_counts": [
            30,
            16,
            7,
            3
        ],
        "seq_len": 67,
        "num_sc": 30
    },
    "surface": {
        "mean_mae": [
            39.24446105957031,
            34.26361083984375,
            59.10462951660156,
            74.32887268066406
        ],
        "mae_sr": 0.4508196711540222,
        "rmsd": 1.0856817960739136,
        "dihedral_counts": [
            244,
            190,
            55,
            26
        ],
        "seq_len": 291,
        "num_sc": 244
    }
}