{
    "all": {
        "mean_mae": [
            34.074371337890625,
            23.800750732421875,
            43.04147720336914,
            80.44145965576172
        ],
        "mae_sr": 0.5657894611358643,
        "rmsd": 0.9558275938034058,
        "dihedral_counts": [
            76,
            48,
            13,
            6
        ],
        "seq_len": 103,
        "num_sc": 76,
        "clash_info": {
            "100": {
                "num_clashes": 54,
                "num_atom_pairs": 168800,
                "energy": 12.984771728515625
            },
            "90": {
                "num_clashes": 16,
                "num_atom_pairs": 168800,
                "energy": 2.843165636062622
            },
            "80": {
                "num_clashes": 5,
                "num_atom_pairs": 168800,
                "energy": 0.2882835865020752
            }
        },
        "ca_rmsd": 24.678056716918945
    },
    "core": {
        "mean_mae": [
            22.819040298461914,
            9.447589874267578,
            55.660064697265625,
            143.92373657226562
        ],
        "mae_sr": 0.6470588445663452,
        "rmsd": 0.5561356544494629,
        "dihedral_counts": [
            17,
            12,
            2,
            1
        ],
        "seq_len": 26,
        "num_sc": 17
    },
    "surface": {
        "mean_mae": [
            32.03767395019531,
            23.511001586914062,
            27.03877830505371,
            66.9804916381836
        ],
        "mae_sr": 0.5384615659713745,
        "rmsd": 0.9826861619949341,
        "dihedral_counts": [
            39,
            23,
            6,
            3
        ],
        "seq_len": 56,
        "num_sc": 39
    }
}