{
    "all": {
        "mean_mae": [
            21.84052848815918,
            22.89058494567871,
            44.019466400146484,
            52.031246185302734
        ],
        "mae_sr": 0.6740331649780273,
        "rmsd": 0.8144020438194275,
        "dihedral_counts": [
            181,
            142,
            44,
            22
        ],
        "seq_len": 211,
        "num_sc": 181,
        "clash_info": {
            "100": {
                "num_clashes": 70,
                "num_atom_pairs": 1044501,
                "energy": 11.380332946777344
            },
            "90": {
                "num_clashes": 12,
                "num_atom_pairs": 1044501,
                "energy": 2.2910468578338623
            },
            "80": {
                "num_clashes": 2,
                "num_atom_pairs": 1044501,
                "energy": 0.1223902702331543
            }
        },
        "ca_rmsd": 11.997161865234375
    },
    "core": {
        "mean_mae": [
            3.864771842956543,
            5.6117634773254395,
            3.967566728591919,
            5.372708797454834
        ],
        "mae_sr": 0.9722222089767456,
        "rmsd": 0.2639971375465393,
        "dihedral_counts": [
            36,
            27,
            5,
            3
        ],
        "seq_len": 41,
        "num_sc": 36
    },
    "surface": {
        "mean_mae": [
            32.37648391723633,
            30.68421745300293,
            53.61198043823242,
            58.00395202636719
        ],
        "mae_sr": 0.5272727012634277,
        "rmsd": 1.098177194595337,
        "dihedral_counts": [
            110,
            83,
            31,
            16
        ],
        "seq_len": 130,
        "num_sc": 110
    }
}