{
    "all": {
        "mean_mae": [
            25.396928787231445,
            26.118330001831055,
            51.71828079223633,
            57.37626266479492
        ],
        "mae_sr": 0.5938697457313538,
        "rmsd": 0.8232340812683105,
        "dihedral_counts": [
            261,
            214,
            84,
            33
        ],
        "seq_len": 318,
        "num_sc": 261,
        "clash_info": {
            "100": {
                "num_clashes": 84,
                "num_atom_pairs": 2234157,
                "energy": 14.191932678222656
            },
            "90": {
                "num_clashes": 13,
                "num_atom_pairs": 2234157,
                "energy": 2.141524314880371
            },
            "80": {
                "num_clashes": 1,
                "num_atom_pairs": 2234157,
                "energy": 0.09562945365905762
            }
        },
        "ca_rmsd": 47.7408447265625
    },
    "core": {
        "mean_mae": [
            19.26520538330078,
            13.490145683288574,
            44.76792526245117,
            26.08163070678711
        ],
        "mae_sr": 0.8235294222831726,
        "rmsd": 0.45002493262290955,
        "dihedral_counts": [
            51,
            40,
            6,
            2
        ],
        "seq_len": 67,
        "num_sc": 51
    },
    "surface": {
        "mean_mae": [
            34.21955871582031,
            31.911102294921875,
            56.2860107421875,
            61.084407806396484
        ],
        "mae_sr": 0.4583333432674408,
        "rmsd": 1.1136538982391357,
        "dihedral_counts": [
            144,
            121,
            60,
            25
        ],
        "seq_len": 175,
        "num_sc": 144
    }
}