{
    "all": {
        "mean_mae": [
            15.187603950500488,
            15.283369064331055,
            29.854578018188477,
            48.99407196044922
        ],
        "mae_sr": 0.7317073345184326,
        "rmsd": 0.638599693775177,
        "dihedral_counts": [
            82,
            69,
            23,
            10
        ],
        "seq_len": 102,
        "num_sc": 82,
        "clash_info": {
            "100": {
                "num_clashes": 40,
                "num_atom_pairs": 247779,
                "energy": 5.76138162612915
            },
            "90": {
                "num_clashes": 4,
                "num_atom_pairs": 247779,
                "energy": 0.3487361669540405
            },
            "80": {
                "num_clashes": 0,
                "num_atom_pairs": 247779,
                "energy": 0.0
            }
        },
        "ca_rmsd": 14.540249824523926
    },
    "core": {
        "mean_mae": [
            4.879859447479248,
            5.16989803314209,
            18.116912841796875,
            0.0
        ],
        "mae_sr": 0.8666666746139526,
        "rmsd": 0.20270389318466187,
        "dihedral_counts": [
            15,
            11,
            1,
            0
        ],
        "seq_len": 19,
        "num_sc": 15
    },
    "surface": {
        "mean_mae": [
            18.747108459472656,
            19.315038681030273,
            37.09283447265625,
            60.195892333984375
        ],
        "mae_sr": 0.6521739363670349,
        "rmsd": 0.8335448503494263,
        "dihedral_counts": [
            46,
            41,
            16,
            8
        ],
        "seq_len": 58,
        "num_sc": 46
    }
}