{
    "all": {
        "mean_mae": [
            24.290958404541016,
            33.90998840332031,
            50.644351959228516,
            59.809783935546875
        ],
        "mae_sr": 0.5833333134651184,
        "rmsd": 0.7984181642532349,
        "dihedral_counts": [
            204,
            136,
            39,
            12
        ],
        "seq_len": 289,
        "num_sc": 204,
        "clash_info": {
            "100": {
                "num_clashes": 67,
                "num_atom_pairs": 1392006,
                "energy": 8.788337707519531
            },
            "90": {
                "num_clashes": 9,
                "num_atom_pairs": 1392006,
                "energy": 0.6897280216217041
            },
            "80": {
                "num_clashes": 1,
                "num_atom_pairs": 1392006,
                "energy": 0.0036923885345458984
            }
        },
        "ca_rmsd": 131.70045471191406
    },
    "core": {
        "mean_mae": [
            18.284194946289062,
            29.69440269470215,
            52.207855224609375,
            92.69364929199219
        ],
        "mae_sr": 0.7058823704719543,
        "rmsd": 0.5639101266860962,
        "dihedral_counts": [
            68,
            38,
            10,
            2
        ],
        "seq_len": 124,
        "num_sc": 68
    },
    "surface": {
        "mean_mae": [
            30.100879669189453,
            35.95398712158203,
            49.56285095214844,
            45.464717864990234
        ],
        "mae_sr": 0.4761904776096344,
        "rmsd": 0.9822214245796204,
        "dihedral_counts": [
            84,
            62,
            18,
            7
        ],
        "seq_len": 106,
        "num_sc": 84
    }
}