{
    "all": {
        "mean_mae": [
            15.867646217346191,
            19.667552947998047,
            34.38446807861328,
            46.05758285522461
        ],
        "mae_sr": 0.7356321811676025,
        "rmsd": 0.5839983820915222,
        "dihedral_counts": [
            261,
            194,
            65,
            26
        ],
        "seq_len": 369,
        "num_sc": 261,
        "clash_info": {
            "100": {
                "num_clashes": 100,
                "num_atom_pairs": 2193283,
                "energy": 14.861434936523438
            },
            "90": {
                "num_clashes": 10,
                "num_atom_pairs": 2193283,
                "energy": 1.4455804824829102
            },
            "80": {
                "num_clashes": 1,
                "num_atom_pairs": 2193283,
                "energy": 0.012612104415893555
            }
        },
        "ca_rmsd": 85.59467315673828
    },
    "core": {
        "mean_mae": [
            10.566473007202148,
            14.58456802368164,
            17.22936248779297,
            6.461902618408203
        ],
        "mae_sr": 0.8842975497245789,
        "rmsd": 0.38814499974250793,
        "dihedral_counts": [
            121,
            83,
            18,
            7
        ],
        "seq_len": 197,
        "num_sc": 121
    },
    "surface": {
        "mean_mae": [
            20.97226905822754,
            26.993268966674805,
            47.4963264465332,
            68.14047241210938
        ],
        "mae_sr": 0.5444444417953491,
        "rmsd": 0.8679834008216858,
        "dihedral_counts": [
            90,
            74,
            33,
            15
        ],
        "seq_len": 112,
        "num_sc": 90
    }
}