{
    "all": {
        "mean_mae": [
            33.70479965209961,
            30.078624725341797,
            52.65113830566406,
            53.435791015625
        ],
        "mae_sr": 0.5544041395187378,
        "rmsd": 0.8663041591644287,
        "dihedral_counts": [
            193,
            120,
            32,
            15
        ],
        "seq_len": 266,
        "num_sc": 193,
        "clash_info": {
            "100": {
                "num_clashes": 62,
                "num_atom_pairs": 1177355,
                "energy": 6.461884498596191
            },
            "90": {
                "num_clashes": 2,
                "num_atom_pairs": 1177355,
                "energy": 0.12363052368164062
            },
            "80": {
                "num_clashes": 0,
                "num_atom_pairs": 1177355,
                "energy": 0.0
            }
        },
        "ca_rmsd": 112.43008422851562
    },
    "core": {
        "mean_mae": [
            23.95467758178711,
            27.389251708984375,
            20.001615524291992,
            17.54533576965332
        ],
        "mae_sr": 0.6527777910232544,
        "rmsd": 0.5792703628540039,
        "dihedral_counts": [
            72,
            37,
            6,
            3
        ],
        "seq_len": 97,
        "num_sc": 72
    },
    "surface": {
        "mean_mae": [
            50.68431854248047,
            33.860836029052734,
            70.8468246459961,
            68.002685546875
        ],
        "mae_sr": 0.41558441519737244,
        "rmsd": 1.2713913917541504,
        "dihedral_counts": [
            77,
            51,
            17,
            11
        ],
        "seq_len": 112,
        "num_sc": 77
    }
}