{
    "all": {
        "mean_mae": [
            36.117496490478516,
            34.86002731323242,
            46.97584533691406,
            56.1419563293457
        ],
        "mae_sr": 0.4676056206226349,
        "rmsd": 1.0788582563400269,
        "dihedral_counts": [
            355,
            270,
            79,
            30
        ],
        "seq_len": 547,
        "num_sc": 355,
        "clash_info": {
            "100": {
                "num_clashes": 104,
                "num_atom_pairs": 3806270,
                "energy": 16.100181579589844
            },
            "90": {
                "num_clashes": 13,
                "num_atom_pairs": 3806270,
                "energy": 1.817098617553711
            },
            "80": {
                "num_clashes": 2,
                "num_atom_pairs": 3806270,
                "energy": 0.22077512741088867
            }
        },
        "ca_rmsd": 190.3208465576172
    },
    "core": {
        "mean_mae": [
            11.993284225463867,
            16.543466567993164,
            33.64934539794922,
            0.0
        ],
        "mae_sr": 0.8235294222831726,
        "rmsd": 0.43418964743614197,
        "dihedral_counts": [
            34,
            21,
            4,
            0
        ],
        "seq_len": 162,
        "num_sc": 34
    },
    "surface": {
        "mean_mae": [
            40.31011199951172,
            37.17683792114258,
            50.330055236816406,
            61.72492218017578
        ],
        "mae_sr": 0.40282684564590454,
        "rmsd": 1.1949505805969238,
        "dihedral_counts": [
            283,
            221,
            66,
            25
        ],
        "seq_len": 345,
        "num_sc": 283
    }
}