{
    "all": {
        "mean_mae": [
            27.209314346313477,
            22.962509155273438,
            64.90293884277344,
            48.638301849365234
        ],
        "mae_sr": 0.5757575631141663,
        "rmsd": 0.8057695627212524,
        "dihedral_counts": [
            66,
            47,
            20,
            12
        ],
        "seq_len": 116,
        "num_sc": 66,
        "clash_info": {
            "100": {
                "num_clashes": 15,
                "num_atom_pairs": 153348,
                "energy": 3.1851673126220703
            },
            "90": {
                "num_clashes": 2,
                "num_atom_pairs": 153348,
                "energy": 1.028504729270935
            },
            "80": {
                "num_clashes": 2,
                "num_atom_pairs": 153348,
                "energy": 0.40950489044189453
            }
        },
        "ca_rmsd": 20.16042709350586
    },
    "core": {
        "mean_mae": [
            3.277672290802002,
            8.343500137329102,
            5.2489094734191895,
            4.892917633056641
        ],
        "mae_sr": 1.0,
        "rmsd": 0.2922346889972687,
        "dihedral_counts": [
            15,
            10,
            3,
            3
        ],
        "seq_len": 55,
        "num_sc": 15
    },
    "surface": {
        "mean_mae": [
            34.55559158325195,
            32.56343460083008,
            64.758056640625,
            58.96854019165039
        ],
        "mae_sr": 0.375,
        "rmsd": 0.9741591215133667,
        "dihedral_counts": [
            40,
            28,
            14,
            6
        ],
        "seq_len": 47,
        "num_sc": 40
    }
}