{
    "all": {
        "mean_mae": [
            40.39908981323242,
            33.081459045410156,
            49.22697448730469,
            63.75906753540039
        ],
        "mae_sr": 0.4449648857116699,
        "rmsd": 1.1592128276824951,
        "dihedral_counts": [
            854,
            647,
            192,
            88
        ],
        "seq_len": 1029,
        "num_sc": 854,
        "clash_info": {
            "100": {
                "num_clashes": 351,
                "num_atom_pairs": 22727944,
                "energy": 56.061126708984375
            },
            "90": {
                "num_clashes": 45,
                "num_atom_pairs": 22727944,
                "energy": 7.496711730957031
            },
            "80": {
                "num_clashes": 7,
                "num_atom_pairs": 22727944,
                "energy": 1.558266043663025
            }
        },
        "ca_rmsd": 43.70073318481445
    },
    "core": {
        "mean_mae": [
            28.929210662841797,
            24.628828048706055,
            35.72455978393555,
            33.90231704711914
        ],
        "mae_sr": 0.6022727489471436,
        "rmsd": 0.8123893737792969,
        "dihedral_counts": [
            352,
            260,
            56,
            19
        ],
        "seq_len": 446,
        "num_sc": 352
    },
    "surface": {
        "mean_mae": [
            50.85905456542969,
            40.93783950805664,
            62.71642303466797,
            73.29772186279297
        ],
        "mae_sr": 0.3003300428390503,
        "rmsd": 1.4557929039001465,
        "dihedral_counts": [
            303,
            228,
            81,
            44
        ],
        "seq_len": 349,
        "num_sc": 303
    }
}