{
    "all": {
        "mean_mae": [
            20.28919219970703,
            21.714996337890625,
            36.219242095947266,
            54.079925537109375
        ],
        "mae_sr": 0.6783919334411621,
        "rmsd": 0.6674383878707886,
        "dihedral_counts": [
            199,
            151,
            45,
            20
        ],
        "seq_len": 299,
        "num_sc": 199,
        "clash_info": {
            "100": {
                "num_clashes": 54,
                "num_atom_pairs": 1410345,
                "energy": 8.825084686279297
            },
            "90": {
                "num_clashes": 8,
                "num_atom_pairs": 1410345,
                "energy": 1.2570948600769043
            },
            "80": {
                "num_clashes": 0,
                "num_atom_pairs": 1410345,
                "energy": 0.0
            }
        },
        "ca_rmsd": 12.626603126525879
    },
    "core": {
        "mean_mae": [
            12.113272666931152,
            13.692323684692383,
            21.444547653198242,
            59.16181182861328
        ],
        "mae_sr": 0.7857142686843872,
        "rmsd": 0.428649365901947,
        "dihedral_counts": [
            98,
            73,
            13,
            5
        ],
        "seq_len": 156,
        "num_sc": 98
    },
    "surface": {
        "mean_mae": [
            36.310550689697266,
            34.84382629394531,
            47.44194030761719,
            41.3495979309082
        ],
        "mae_sr": 0.43939393758773804,
        "rmsd": 1.1413719654083252,
        "dihedral_counts": [
            66,
            55,
            25,
            12
        ],
        "seq_len": 97,
        "num_sc": 66
    }
}