{
    "all": {
        "mean_mae": [
            31.639373779296875,
            27.80775260925293,
            62.97865295410156,
            58.392879486083984
        ],
        "mae_sr": 0.5285714268684387,
        "rmsd": 1.0209671258926392,
        "dihedral_counts": [
            140,
            113,
            41,
            22
        ],
        "seq_len": 166,
        "num_sc": 140,
        "clash_info": {
            "100": {
                "num_clashes": 39,
                "num_atom_pairs": 664961,
                "energy": 5.885199546813965
            },
            "90": {
                "num_clashes": 5,
                "num_atom_pairs": 664961,
                "energy": 1.080583095550537
            },
            "80": {
                "num_clashes": 2,
                "num_atom_pairs": 664961,
                "energy": 0.008426666259765625
            }
        },
        "ca_rmsd": 6.354310989379883
    },
    "core": {
        "mean_mae": [
            16.216371536254883,
            22.02789306640625,
            52.324188232421875,
            70.92313385009766
        ],
        "mae_sr": 0.738095223903656,
        "rmsd": 0.5173771977424622,
        "dihedral_counts": [
            42,
            31,
            7,
            3
        ],
        "seq_len": 50,
        "num_sc": 42
    },
    "surface": {
        "mean_mae": [
            40.52862548828125,
            33.71880340576172,
            64.7874984741211,
            68.21678924560547
        ],
        "mae_sr": 0.44594594836235046,
        "rmsd": 1.3062750101089478,
        "dihedral_counts": [
            74,
            62,
            27,
            15
        ],
        "seq_len": 91,
        "num_sc": 74
    }
}