{
    "all": {
        "mean_mae": [
            48.159507751464844,
            44.16466522216797,
            55.570098876953125,
            54.1500129699707
        ],
        "mae_sr": 0.3762376308441162,
        "rmsd": 1.5029010772705078,
        "dihedral_counts": [
            202,
            154,
            36,
            20
        ],
        "seq_len": 241,
        "num_sc": 202,
        "clash_info": {
            "100": {
                "num_clashes": 55,
                "num_atom_pairs": 1256288,
                "energy": 9.511780738830566
            },
            "90": {
                "num_clashes": 6,
                "num_atom_pairs": 1256288,
                "energy": 1.9542245864868164
            },
            "80": {
                "num_clashes": 3,
                "num_atom_pairs": 1256288,
                "energy": 0.27742719650268555
            }
        },
        "ca_rmsd": 22.669713973999023
    },
    "core": {
        "mean_mae": [
            33.8055534362793,
            36.935882568359375,
            54.54928207397461,
            71.88557434082031
        ],
        "mae_sr": 0.6000000238418579,
        "rmsd": 1.037623643875122,
        "dihedral_counts": [
            35,
            28,
            3,
            2
        ],
        "seq_len": 40,
        "num_sc": 35
    },
    "surface": {
        "mean_mae": [
            54.114105224609375,
            51.64327621459961,
            59.94728088378906,
            54.04591751098633
        ],
        "mae_sr": 0.30158731341362,
        "rmsd": 1.6156688928604126,
        "dihedral_counts": [
            126,
            91,
            25,
            12
        ],
        "seq_len": 155,
        "num_sc": 126
    }
}