{
    "all": {
        "mean_mae": [
            30.050674438476562,
            25.034130096435547,
            30.481502532958984,
            10.580538749694824
        ],
        "mae_sr": 0.6399999856948853,
        "rmsd": 0.8501662015914917,
        "dihedral_counts": [
            150,
            114,
            31,
            12
        ],
        "seq_len": 193,
        "num_sc": 150,
        "clash_info": {
            "100": {
                "num_clashes": 54,
                "num_atom_pairs": 678375,
                "energy": 21.156930923461914
            },
            "90": {
                "num_clashes": 24,
                "num_atom_pairs": 678375,
                "energy": 9.805098533630371
            },
            "80": {
                "num_clashes": 9,
                "num_atom_pairs": 678375,
                "energy": 4.758296489715576
            }
        },
        "ca_rmsd": 17.768457412719727
    },
    "core": {
        "mean_mae": [
            10.607073783874512,
            12.330763816833496,
            12.706781387329102,
            0.0
        ],
        "mae_sr": 0.9090909361839294,
        "rmsd": 0.4437035620212555,
        "dihedral_counts": [
            22,
            19,
            2,
            0
        ],
        "seq_len": 52,
        "num_sc": 22
    },
    "surface": {
        "mean_mae": [
            33.7743034362793,
            29.05667495727539,
            30.43229103088379,
            10.580538749694824
        ],
        "mae_sr": 0.5463917255401611,
        "rmsd": 0.9729247689247131,
        "dihedral_counts": [
            97,
            72,
            27,
            12
        ],
        "seq_len": 108,
        "num_sc": 97
    }
}