{
    "all": {
        "mean_mae": [
            59.1827507019043,
            52.714988708496094,
            72.68363189697266,
            52.447532653808594
        ],
        "mae_sr": 0.16853933036327362,
        "rmsd": 1.7232400178909302,
        "dihedral_counts": [
            89,
            74,
            28,
            14
        ],
        "seq_len": 116,
        "num_sc": 89,
        "clash_info": {
            "100": {
                "num_clashes": 25,
                "num_atom_pairs": 247833,
                "energy": 4.568680763244629
            },
            "90": {
                "num_clashes": 5,
                "num_atom_pairs": 247833,
                "energy": 1.2752737998962402
            },
            "80": {
                "num_clashes": 1,
                "num_atom_pairs": 247833,
                "energy": 0.5280065536499023
            }
        },
        "ca_rmsd": 6.111372470855713
    },
    "core": {
        "mean_mae": [
            49.170867919921875,
            48.86064529418945,
            78.85272216796875,
            71.38475799560547
        ],
        "mae_sr": 0.20000000298023224,
        "rmsd": 1.6237863302230835,
        "dihedral_counts": [
            25,
            23,
            6,
            6
        ],
        "seq_len": 41,
        "num_sc": 25
    },
    "surface": {
        "mean_mae": [
            67.1559829711914,
            60.397850036621094,
            74.75857543945312,
            35.346900939941406
        ],
        "mae_sr": 0.09090909361839294,
        "rmsd": 1.9869412183761597,
        "dihedral_counts": [
            44,
            37,
            20,
            7
        ],
        "seq_len": 50,
        "num_sc": 44
    }
}