{
    "all": {
        "mean_mae": [
            27.713895797729492,
            35.35551834106445,
            45.86187744140625,
            48.26826477050781
        ],
        "mae_sr": 0.5396825671195984,
        "rmsd": 0.8811033964157104,
        "dihedral_counts": [
            126,
            93,
            26,
            19
        ],
        "seq_len": 189,
        "num_sc": 126,
        "clash_info": {
            "100": {
                "num_clashes": 10,
                "num_atom_pairs": 522518,
                "energy": 0.9566361904144287
            },
            "90": {
                "num_clashes": 1,
                "num_atom_pairs": 522518,
                "energy": 0.1287393569946289
            },
            "80": {
                "num_clashes": 0,
                "num_atom_pairs": 522518,
                "energy": 0.0
            }
        },
        "ca_rmsd": 64.72467803955078
    },
    "core": {
        "mean_mae": [
            0.0,
            0.0,
            0.0,
            0.0
        ],
        "mae_sr": 1.0,
        "rmsd": 0.0,
        "dihedral_counts": [
            0,
            0,
            0,
            0
        ],
        "seq_len": 0,
        "num_sc": 0
    },
    "surface": {
        "mean_mae": [
            27.892244338989258,
            35.35551834106445,
            45.86186981201172,
            48.26826477050781
        ],
        "mae_sr": 0.5360000133514404,
        "rmsd": 0.8872271776199341,
        "dihedral_counts": [
            125,
            93,
            26,
            19
        ],
        "seq_len": 169,
        "num_sc": 125
    }
}