{
    "all": {
        "mean_mae": [
            26.98655128479004,
            28.759883880615234,
            45.54235076904297,
            41.889068603515625
        ],
        "mae_sr": 0.5707316994667053,
        "rmsd": 0.8989643454551697,
        "dihedral_counts": [
            205,
            148,
            39,
            17
        ],
        "seq_len": 261,
        "num_sc": 205,
        "clash_info": {
            "100": {
                "num_clashes": 81,
                "num_atom_pairs": 1501482,
                "energy": 14.526453018188477
            },
            "90": {
                "num_clashes": 12,
                "num_atom_pairs": 1501482,
                "energy": 3.03420352935791
            },
            "80": {
                "num_clashes": 3,
                "num_atom_pairs": 1501482,
                "energy": 0.712256669998169
            }
        },
        "ca_rmsd": 4.783365726470947
    },
    "core": {
        "mean_mae": [
            16.636640548706055,
            17.689029693603516,
            29.348482131958008,
            25.1209716796875
        ],
        "mae_sr": 0.8048780560493469,
        "rmsd": 0.5315253734588623,
        "dihedral_counts": [
            82,
            57,
            7,
            2
        ],
        "seq_len": 109,
        "num_sc": 82
    },
    "surface": {
        "mean_mae": [
            42.59150695800781,
            41.71915817260742,
            50.45724868774414,
            66.34883117675781
        ],
        "mae_sr": 0.3372093141078949,
        "rmsd": 1.286092758178711,
        "dihedral_counts": [
            86,
            61,
            22,
            8
        ],
        "seq_len": 107,
        "num_sc": 86
    }
}