{
    "all": {
        "mean_mae": [
            39.06814956665039,
            37.08871078491211,
            48.27546691894531,
            60.77696990966797
        ],
        "mae_sr": 0.39629629254341125,
        "rmsd": 1.250248670578003,
        "dihedral_counts": [
            270,
            205,
            78,
            33
        ],
        "seq_len": 376,
        "num_sc": 270,
        "clash_info": {
            "100": {
                "num_clashes": 51,
                "num_atom_pairs": 2236612,
                "energy": 7.18858528137207
            },
            "90": {
                "num_clashes": 5,
                "num_atom_pairs": 2236612,
                "energy": 1.268155574798584
            },
            "80": {
                "num_clashes": 2,
                "num_atom_pairs": 2236612,
                "energy": 0.13915061950683594
            }
        },
        "ca_rmsd": 89.39163970947266
    },
    "core": {
        "mean_mae": [
            20.10470962524414,
            25.54345703125,
            36.05598831176758,
            101.56219482421875
        ],
        "mae_sr": 0.6567164063453674,
        "rmsd": 0.6425274610519409,
        "dihedral_counts": [
            67,
            45,
            9,
            3
        ],
        "seq_len": 144,
        "num_sc": 67
    },
    "surface": {
        "mean_mae": [
            54.074562072753906,
            42.80624008178711,
            51.22977828979492,
            65.4890365600586
        ],
        "mae_sr": 0.2635135054588318,
        "rmsd": 1.6446812152862549,
        "dihedral_counts": [
            148,
            115,
            57,
            24
        ],
        "seq_len": 166,
        "num_sc": 148
    }
}