{
    "all": {
        "mean_mae": [
            24.2784423828125,
            25.333105087280273,
            52.86215591430664,
            61.7473030090332
        ],
        "mae_sr": 0.5423340797424316,
        "rmsd": 0.8242846131324768,
        "dihedral_counts": [
            437,
            344,
            121,
            67
        ],
        "seq_len": 544,
        "num_sc": 437,
        "clash_info": {
            "100": {
                "num_clashes": 165,
                "num_atom_pairs": 6459320,
                "energy": 31.214136123657227
            },
            "90": {
                "num_clashes": 34,
                "num_atom_pairs": 6459320,
                "energy": 6.11359167098999
            },
            "80": {
                "num_clashes": 6,
                "num_atom_pairs": 6459320,
                "energy": 1.0967601537704468
            }
        },
        "ca_rmsd": 15.502172470092773
    },
    "core": {
        "mean_mae": [
            19.10950469970703,
            21.297800064086914,
            50.67798614501953,
            42.76373291015625
        ],
        "mae_sr": 0.6858638525009155,
        "rmsd": 0.6303704380989075,
        "dihedral_counts": [
            191,
            149,
            31,
            16
        ],
        "seq_len": 230,
        "num_sc": 191
    },
    "surface": {
        "mean_mae": [
            34.54194259643555,
            31.236366271972656,
            54.25725173950195,
            74.94142150878906
        ],
        "mae_sr": 0.3233082592487335,
        "rmsd": 1.1854124069213867,
        "dihedral_counts": [
            133,
            104,
            60,
            34
        ],
        "seq_len": 168,
        "num_sc": 133
    }
}