{
    "all": {
        "rmsd": 1.1969224214553833,
        "mae_sr": 0.4161269962787628,
        "mean_mae": [
            39.01252746582031,
            35.08745193481445,
            52.9268798828125,
            56.204776763916016
        ],
        "dihedral_counts": [
            14707,
            11279,
            3812,
            1806
        ],
        "num_sc": 14708,
        "mean_seq_len": 295.43939208984375,
        "ca_rmsd": 26.405073165893555,
        "clash_info": {
            "100": {
                "energy": 28.337352752685547,
                "num_atom_pairs": 2408216.0,
                "num_clashes": 132.757568359375
            },
            "90": {
                "energy": 6.022608280181885,
                "num_atom_pairs": 2408216.0,
                "num_clashes": 28.954545974731445
            },
            "80": {
                "energy": 1.346009373664856,
                "num_atom_pairs": 2408216.0,
                "num_clashes": 5.681818008422852
            }
        }
    },
    "core": {
        "rmsd": 0.7655615210533142,
        "mae_sr": 0.6095564365386963,
        "mean_mae": [
            23.991592407226562,
            24.400115966796875,
            45.32626724243164,
            44.112239837646484
        ],
        "dihedral_counts": [
            3867,
            2834,
            541,
            230
        ],
        "num_sc": 3867,
        "mean_seq_len": 105.54545593261719
    },
    "surface": {
        "rmsd": 1.4021893739700317,
        "mae_sr": 0.32954999804496765,
        "mean_mae": [
            46.368045806884766,
            39.50984573364258,
            52.20268249511719,
            57.4139518737793
        ],
        "dihedral_counts": [
            7341,
            5728,
            2428,
            1164
        ],
        "num_sc": 7342,
        "mean_seq_len": 128.56060791015625
    }
}