{
    "all": {
        "mean_mae": [
            29.923307418823242,
            24.962011337280273,
            51.170101165771484,
            67.88208770751953
        ],
        "mae_sr": 0.5537634491920471,
        "rmsd": 1.0592334270477295,
        "dihedral_counts": [
            186,
            136,
            63,
            32
        ],
        "seq_len": 264,
        "num_sc": 186,
        "clash_info": {
            "100": {
                "num_clashes": 97,
                "num_atom_pairs": 1171742,
                "energy": 15.941198348999023
            },
            "90": {
                "num_clashes": 12,
                "num_atom_pairs": 1171742,
                "energy": 2.0736606121063232
            },
            "80": {
                "num_clashes": 3,
                "num_atom_pairs": 1171742,
                "energy": 0.4674915075302124
            }
        },
        "ca_rmsd": 24.63385772705078
    },
    "core": {
        "mean_mae": [
            13.897092819213867,
            10.621797561645508,
            18.221561431884766,
            48.039398193359375
        ],
        "mae_sr": 0.84375,
        "rmsd": 0.45231330394744873,
        "dihedral_counts": [
            64,
            43,
            10,
            4
        ],
        "seq_len": 116,
        "num_sc": 64
    },
    "surface": {
        "mean_mae": [
            43.85186004638672,
            34.26450729370117,
            56.06874084472656,
            69.45584869384766
        ],
        "mae_sr": 0.3764705955982208,
        "rmsd": 1.547902226448059,
        "dihedral_counts": [
            85,
            67,
            39,
            21
        ],
        "seq_len": 104,
        "num_sc": 85
    }
}