{
    "all": {
        "mean_mae": [
            38.69586944580078,
            34.528099060058594,
            51.956905364990234,
            65.98807525634766
        ],
        "mae_sr": 0.3686440587043762,
        "rmsd": 1.1628527641296387,
        "dihedral_counts": [
            472,
            372,
            136,
            61
        ],
        "seq_len": 580,
        "num_sc": 472,
        "clash_info": {
            "100": {
                "num_clashes": 348,
                "num_atom_pairs": 6977790,
                "energy": 88.35877990722656
            },
            "90": {
                "num_clashes": 93,
                "num_atom_pairs": 6977790,
                "energy": 24.9494571685791
            },
            "80": {
                "num_clashes": 27,
                "num_atom_pairs": 6977790,
                "energy": 7.559715270996094
            }
        },
        "ca_rmsd": 33.04869079589844
    },
    "core": {
        "mean_mae": [
            27.054601669311523,
            30.821632385253906,
            68.99165344238281,
            62.85512924194336
        ],
        "mae_sr": 0.4726027250289917,
        "rmsd": 0.8612737655639648,
        "dihedral_counts": [
            146,
            120,
            29,
            14
        ],
        "seq_len": 229,
        "num_sc": 146
    },
    "surface": {
        "mean_mae": [
            50.10268783569336,
            42.90145492553711,
            44.20854187011719,
            64.43347930908203
        ],
        "mae_sr": 0.2717948853969574,
        "rmsd": 1.4759321212768555,
        "dihedral_counts": [
            195,
            147,
            77,
            33
        ],
        "seq_len": 209,
        "num_sc": 195
    }
}