{
    "all": {
        "mean_mae": [
            30.978761672973633,
            25.622730255126953,
            36.643775939941406,
            38.430538177490234
        ],
        "mae_sr": 0.5806451439857483,
        "rmsd": 0.8959891200065613,
        "dihedral_counts": [
            93,
            68,
            29,
            14
        ],
        "seq_len": 127,
        "num_sc": 93,
        "clash_info": {
            "100": {
                "num_clashes": 27,
                "num_atom_pairs": 279891,
                "energy": 3.879023790359497
            },
            "90": {
                "num_clashes": 3,
                "num_atom_pairs": 279891,
                "energy": 0.17651963233947754
            },
            "80": {
                "num_clashes": 0,
                "num_atom_pairs": 279891,
                "energy": 0.0
            }
        },
        "ca_rmsd": 15.494580268859863
    },
    "core": {
        "mean_mae": [
            12.680166244506836,
            24.71680450439453,
            35.94734573364258,
            0.0
        ],
        "mae_sr": 0.8260869383811951,
        "rmsd": 0.37951889634132385,
        "dihedral_counts": [
            23,
            15,
            3,
            0
        ],
        "seq_len": 29,
        "num_sc": 23
    },
    "surface": {
        "mean_mae": [
            51.62611389160156,
            33.77176284790039,
            38.800052642822266,
            43.00533676147461
        ],
        "mae_sr": 0.3478260934352875,
        "rmsd": 1.4153140783309937,
        "dihedral_counts": [
            46,
            36,
            22,
            12
        ],
        "seq_len": 67,
        "num_sc": 46
    }
}