{
    "all": {
        "mean_mae": [
            25.31810188293457,
            28.870092391967773,
            47.55097961425781,
            43.3571891784668
        ],
        "mae_sr": 0.5967742204666138,
        "rmsd": 0.8070746064186096,
        "dihedral_counts": [
            682,
            480,
            123,
            57
        ],
        "seq_len": 832,
        "num_sc": 682,
        "clash_info": {
            "100": {
                "num_clashes": 483,
                "num_atom_pairs": 14330928,
                "energy": 101.75129699707031
            },
            "90": {
                "num_clashes": 101,
                "num_atom_pairs": 14330928,
                "energy": 18.307533264160156
            },
            "80": {
                "num_clashes": 13,
                "num_atom_pairs": 14330928,
                "energy": 3.023399829864502
            }
        },
        "ca_rmsd": 20.06392478942871
    },
    "core": {
        "mean_mae": [
            16.69475746154785,
            23.090879440307617,
            43.17858123779297,
            44.65615463256836
        ],
        "mae_sr": 0.6656050682067871,
        "rmsd": 0.6426436305046082,
        "dihedral_counts": [
            314,
            234,
            41,
            23
        ],
        "seq_len": 391,
        "num_sc": 314
    },
    "surface": {
        "mean_mae": [
            36.57474899291992,
            38.271263122558594,
            57.2383918762207,
            46.20182418823242
        ],
        "mae_sr": 0.49751242995262146,
        "rmsd": 0.9771342277526855,
        "dihedral_counts": [
            201,
            126,
            40,
            13
        ],
        "seq_len": 242,
        "num_sc": 201
    }
}