{
    "all": {
        "mean_mae": [
            20.999656677246094,
            27.157503128051758,
            54.79502487182617,
            66.28827667236328
        ],
        "mae_sr": 0.5902777910232544,
        "rmsd": 0.7745346426963806,
        "dihedral_counts": [
            144,
            115,
            34,
            18
        ],
        "seq_len": 186,
        "num_sc": 144,
        "clash_info": {
            "100": {
                "num_clashes": 96,
                "num_atom_pairs": 685126,
                "energy": 21.76190185546875
            },
            "90": {
                "num_clashes": 21,
                "num_atom_pairs": 685126,
                "energy": 4.7699174880981445
            },
            "80": {
                "num_clashes": 6,
                "num_atom_pairs": 685126,
                "energy": 1.3069050312042236
            }
        },
        "ca_rmsd": 14.660300254821777
    },
    "core": {
        "mean_mae": [
            18.17644691467285,
            13.14459228515625,
            61.18225860595703,
            43.62025451660156
        ],
        "mae_sr": 0.699999988079071,
        "rmsd": 0.5358102917671204,
        "dihedral_counts": [
            50,
            36,
            8,
            3
        ],
        "seq_len": 62,
        "num_sc": 50
    },
    "surface": {
        "mean_mae": [
            26.279052734375,
            41.75544738769531,
            36.58887481689453,
            69.31263732910156
        ],
        "mae_sr": 0.4464285671710968,
        "rmsd": 1.0426452159881592,
        "dihedral_counts": [
            56,
            47,
            18,
            12
        ],
        "seq_len": 65,
        "num_sc": 56
    }
}