{
    "all": {
        "mean_mae": [
            26.531208038330078,
            22.34239387512207,
            38.843441009521484,
            51.236209869384766
        ],
        "mae_sr": 0.5649350881576538,
        "rmsd": 0.7916848063468933,
        "dihedral_counts": [
            308,
            224,
            77,
            39
        ],
        "seq_len": 404,
        "num_sc": 308,
        "clash_info": {
            "100": {
                "num_clashes": 329,
                "num_atom_pairs": 3073073,
                "energy": 79.52130889892578
            },
            "90": {
                "num_clashes": 82,
                "num_atom_pairs": 3073073,
                "energy": 20.763090133666992
            },
            "80": {
                "num_clashes": 24,
                "num_atom_pairs": 3073073,
                "energy": 5.354840278625488
            }
        },
        "ca_rmsd": 13.834365844726562
    },
    "core": {
        "mean_mae": [
            23.18438720703125,
            19.21375274658203,
            35.35745620727539,
            49.82119369506836
        ],
        "mae_sr": 0.6554054021835327,
        "rmsd": 0.6842526793479919,
        "dihedral_counts": [
            148,
            107,
            33,
            15
        ],
        "seq_len": 213,
        "num_sc": 148
    },
    "surface": {
        "mean_mae": [
            33.5329475402832,
            24.87735939025879,
            34.595115661621094,
            43.17637252807617
        ],
        "mae_sr": 0.49504950642585754,
        "rmsd": 0.9369710683822632,
        "dihedral_counts": [
            101,
            74,
            27,
            14
        ],
        "seq_len": 118,
        "num_sc": 101
    }
}