{
    "all": {
        "mean_mae": [
            55.32513427734375,
            47.40796661376953,
            58.83785629272461,
            64.3829574584961
        ],
        "mae_sr": 0.22128377854824066,
        "rmsd": 1.5929440259933472,
        "dihedral_counts": [
            592,
            480,
            169,
            75
        ],
        "seq_len": 665,
        "num_sc": 592,
        "clash_info": {
            "100": {
                "num_clashes": 401,
                "num_atom_pairs": 10489017,
                "energy": 84.7445297241211
            },
            "90": {
                "num_clashes": 83,
                "num_atom_pairs": 10489017,
                "energy": 16.554889678955078
            },
            "80": {
                "num_clashes": 18,
                "num_atom_pairs": 10489017,
                "energy": 2.7709832191467285
            }
        },
        "ca_rmsd": 32.22905349731445
    },
    "core": {
        "mean_mae": [
            42.53429412841797,
            30.876937866210938,
            66.8311538696289,
            45.872493743896484
        ],
        "mae_sr": 0.42352941632270813,
        "rmsd": 1.163205862045288,
        "dihedral_counts": [
            85,
            64,
            11,
            2
        ],
        "seq_len": 99,
        "num_sc": 85
    },
    "surface": {
        "mean_mae": [
            57.53191375732422,
            53.852500915527344,
            59.43954086303711,
            64.55113983154297
        ],
        "mae_sr": 0.17270195484161377,
        "rmsd": 1.7513113021850586,
        "dihedral_counts": [
            359,
            300,
            124,
            55
        ],
        "seq_len": 389,
        "num_sc": 359
    }
}