{
    "all": {
        "mean_mae": [
            33.452823638916016,
            34.93856430053711,
            48.948055267333984,
            54.06386184692383
        ],
        "mae_sr": 0.40833333134651184,
        "rmsd": 1.1114689111709595,
        "dihedral_counts": [
            240,
            188,
            94,
            47
        ],
        "seq_len": 273,
        "num_sc": 240,
        "clash_info": {
            "100": {
                "num_clashes": 86,
                "num_atom_pairs": 1731717,
                "energy": 14.648382186889648
            },
            "90": {
                "num_clashes": 13,
                "num_atom_pairs": 1731717,
                "energy": 2.138312339782715
            },
            "80": {
                "num_clashes": 2,
                "num_atom_pairs": 1731717,
                "energy": 0.26968812942504883
            }
        },
        "ca_rmsd": 4.333864212036133
    },
    "core": {
        "mean_mae": [
            19.511943817138672,
            23.32761001586914,
            75.90924072265625,
            68.72185516357422
        ],
        "mae_sr": 0.6226415038108826,
        "rmsd": 0.6645212173461914,
        "dihedral_counts": [
            53,
            41,
            6,
            3
        ],
        "seq_len": 63,
        "num_sc": 53
    },
    "surface": {
        "mean_mae": [
            44.795230865478516,
            39.19392395019531,
            49.63391876220703,
            56.716087341308594
        ],
        "mae_sr": 0.2954545319080353,
        "rmsd": 1.412415862083435,
        "dihedral_counts": [
            132,
            105,
            67,
            32
        ],
        "seq_len": 146,
        "num_sc": 132
    }
}