{
    "all": {
        "mean_mae": [
            32.03828048706055,
            31.39147186279297,
            53.37080764770508,
            66.24311065673828
        ],
        "mae_sr": 0.4902912676334381,
        "rmsd": 0.9897409677505493,
        "dihedral_counts": [
            412,
            288,
            113,
            61
        ],
        "seq_len": 863,
        "num_sc": 412,
        "clash_info": {
            "100": {
                "num_clashes": 237,
                "num_atom_pairs": 4850685,
                "energy": 53.57196044921875
            },
            "90": {
                "num_clashes": 60,
                "num_atom_pairs": 4850685,
                "energy": 13.206220626831055
            },
            "80": {
                "num_clashes": 10,
                "num_atom_pairs": 4850685,
                "energy": 2.810853958129883
            }
        },
        "ca_rmsd": 44.89507293701172
    },
    "core": {
        "mean_mae": [
            23.74005126953125,
            21.151878356933594,
            61.54952621459961,
            60.24729537963867
        ],
        "mae_sr": 0.6915887594223022,
        "rmsd": 0.6431883573532104,
        "dihedral_counts": [
            107,
            74,
            9,
            6
        ],
        "seq_len": 519,
        "num_sc": 107
    },
    "surface": {
        "mean_mae": [
            37.15464782714844,
            37.567562103271484,
            47.66082000732422,
            75.078857421875
        ],
        "mae_sr": 0.3853658437728882,
        "rmsd": 1.1460143327713013,
        "dihedral_counts": [
            205,
            143,
            73,
            37
        ],
        "seq_len": 235,
        "num_sc": 205
    }
}