{
    "all": {
        "mean_mae": [
            59.91761779785156,
            41.36421203613281,
            43.67467498779297,
            43.64141082763672
        ],
        "mae_sr": 0.23308271169662476,
        "rmsd": 1.6259433031082153,
        "dihedral_counts": [
            133,
            98,
            39,
            23
        ],
        "seq_len": 148,
        "num_sc": 133,
        "clash_info": {
            "100": {
                "num_clashes": 29,
                "num_atom_pairs": 531330,
                "energy": 6.304781913757324
            },
            "90": {
                "num_clashes": 7,
                "num_atom_pairs": 531330,
                "energy": 1.5398459434509277
            },
            "80": {
                "num_clashes": 2,
                "num_atom_pairs": 531330,
                "energy": 0.41312551498413086
            }
        },
        "ca_rmsd": 17.07390022277832
    },
    "core": {
        "mean_mae": [
            58.54014205932617,
            33.51113510131836,
            38.96512985229492,
            83.15631103515625
        ],
        "mae_sr": 0.3214285671710968,
        "rmsd": 1.6164900064468384,
        "dihedral_counts": [
            28,
            19,
            5,
            4
        ],
        "seq_len": 32,
        "num_sc": 28
    },
    "surface": {
        "mean_mae": [
            59.80083084106445,
            42.765106201171875,
            41.79955291748047,
            27.97782325744629
        ],
        "mae_sr": 0.22368420660495758,
        "rmsd": 1.665052056312561,
        "dihedral_counts": [
            76,
            56,
            26,
            15
        ],
        "seq_len": 85,
        "num_sc": 76
    }
}