{
    "all": {
        "mean_mae": [
            34.98554992675781,
            36.20164108276367,
            56.92988967895508,
            50.71162033081055
        ],
        "mae_sr": 0.439446359872818,
        "rmsd": 1.252251386642456,
        "dihedral_counts": [
            289,
            237,
            68,
            32
        ],
        "seq_len": 382,
        "num_sc": 289,
        "clash_info": {
            "100": {
                "num_clashes": 174,
                "num_atom_pairs": 3170435,
                "energy": 42.42021942138672
            },
            "90": {
                "num_clashes": 43,
                "num_atom_pairs": 3170435,
                "energy": 12.67898941040039
            },
            "80": {
                "num_clashes": 15,
                "num_atom_pairs": 3170435,
                "energy": 4.300895690917969
            }
        },
        "ca_rmsd": 19.83690643310547
    },
    "core": {
        "mean_mae": [
            22.03169059753418,
            23.7954044342041,
            64.78864288330078,
            105.2539291381836
        ],
        "mae_sr": 0.5952380895614624,
        "rmsd": 0.8684222102165222,
        "dihedral_counts": [
            84,
            64,
            12,
            5
        ],
        "seq_len": 107,
        "num_sc": 84
    },
    "surface": {
        "mean_mae": [
            46.69972610473633,
            51.233699798583984,
            63.819976806640625,
            47.590797424316406
        ],
        "mae_sr": 0.27966102957725525,
        "rmsd": 1.7310633659362793,
        "dihedral_counts": [
            118,
            102,
            38,
            21
        ],
        "seq_len": 144,
        "num_sc": 118
    }
}