{
    "all": {
        "mean_mae": [
            22.82767105102539,
            22.6731014251709,
            43.84748458862305,
            38.21141815185547
        ],
        "mae_sr": 0.6129032373428345,
        "rmsd": 0.7643833160400391,
        "dihedral_counts": [
            93,
            68,
            29,
            14
        ],
        "seq_len": 127,
        "num_sc": 93,
        "clash_info": {
            "100": {
                "num_clashes": 25,
                "num_atom_pairs": 279891,
                "energy": 4.010028839111328
            },
            "90": {
                "num_clashes": 4,
                "num_atom_pairs": 279891,
                "energy": 0.30919814109802246
            },
            "80": {
                "num_clashes": 0,
                "num_atom_pairs": 279891,
                "energy": 0.0
            }
        },
        "ca_rmsd": 15.4059419631958
    },
    "core": {
        "mean_mae": [
            8.542701721191406,
            23.099456787109375,
            71.4498519897461,
            0.0
        ],
        "mae_sr": 0.8695651888847351,
        "rmsd": 0.39115652441978455,
        "dihedral_counts": [
            23,
            15,
            3,
            0
        ],
        "seq_len": 29,
        "num_sc": 23
    },
    "surface": {
        "mean_mae": [
            39.49894714355469,
            29.097564697265625,
            43.01425552368164,
            42.83213806152344
        ],
        "mae_sr": 0.3695652186870575,
        "rmsd": 1.2072651386260986,
        "dihedral_counts": [
            46,
            36,
            22,
            12
        ],
        "seq_len": 67,
        "num_sc": 46
    }
}