{
    "all": {
        "mean_mae": [
            33.389347076416016,
            49.660926818847656,
            46.29047775268555,
            68.45426940917969
        ],
        "mae_sr": 0.375,
        "rmsd": 1.4455400705337524,
        "dihedral_counts": [
            48,
            47,
            20,
            7
        ],
        "seq_len": 73,
        "num_sc": 48,
        "clash_info": {
            "100": {
                "num_clashes": 23,
                "num_atom_pairs": 117455,
                "energy": 4.205262184143066
            },
            "90": {
                "num_clashes": 1,
                "num_atom_pairs": 117455,
                "energy": 0.0714266300201416
            },
            "80": {
                "num_clashes": 0,
                "num_atom_pairs": 117455,
                "energy": 0.0
            }
        },
        "ca_rmsd": 5.069007396697998
    },
    "core": {
        "mean_mae": [
            5.446467876434326,
            6.159196376800537,
            0.0,
            0.0
        ],
        "mae_sr": 1.0,
        "rmsd": 0.4446102976799011,
        "dihedral_counts": [
            5,
            5,
            0,
            0
        ],
        "seq_len": 10,
        "num_sc": 5
    },
    "surface": {
        "mean_mae": [
            42.946678161621094,
            56.48383331298828,
            41.86644744873047,
            62.61833572387695
        ],
        "mae_sr": 0.23333333432674408,
        "rmsd": 1.6945699453353882,
        "dihedral_counts": [
            30,
            30,
            17,
            6
        ],
        "seq_len": 44,
        "num_sc": 30
    }
}