{
    "all": {
        "mean_mae": [
            28.148231506347656,
            28.569486618041992,
            29.851848602294922,
            22.630456924438477
        ],
        "mae_sr": 0.6263736486434937,
        "rmsd": 0.8706843852996826,
        "dihedral_counts": [
            91,
            63,
            17,
            7
        ],
        "seq_len": 106,
        "num_sc": 91,
        "clash_info": {
            "100": {
                "num_clashes": 67,
                "num_atom_pairs": 244617,
                "energy": 13.924081802368164
            },
            "90": {
                "num_clashes": 13,
                "num_atom_pairs": 244617,
                "energy": 2.257969856262207
            },
            "80": {
                "num_clashes": 1,
                "num_atom_pairs": 244617,
                "energy": 0.16437363624572754
            }
        },
        "ca_rmsd": 25.60463523864746
    },
    "core": {
        "mean_mae": [
            8.115219116210938,
            29.933061599731445,
            7.303173065185547,
            10.137557983398438
        ],
        "mae_sr": 0.800000011920929,
        "rmsd": 0.6124610900878906,
        "dihedral_counts": [
            15,
            11,
            1,
            1
        ],
        "seq_len": 15,
        "num_sc": 15
    },
    "surface": {
        "mean_mae": [
            41.616939544677734,
            28.419185638427734,
            35.10397720336914,
            39.31312942504883
        ],
        "mae_sr": 0.5,
        "rmsd": 1.1170761585235596,
        "dihedral_counts": [
            52,
            39,
            12,
            3
        ],
        "seq_len": 66,
        "num_sc": 52
    }
}