{
    "all": {
        "mean_mae": [
            26.86322021484375,
            22.93471336364746,
            56.83489227294922,
            75.47091674804688
        ],
        "mae_sr": 0.5645161271095276,
        "rmsd": 1.0254017114639282,
        "dihedral_counts": [
            186,
            136,
            63,
            32
        ],
        "seq_len": 264,
        "num_sc": 186,
        "clash_info": {
            "100": {
                "num_clashes": 99,
                "num_atom_pairs": 1171742,
                "energy": 18.972816467285156
            },
            "90": {
                "num_clashes": 18,
                "num_atom_pairs": 1171742,
                "energy": 4.071691513061523
            },
            "80": {
                "num_clashes": 5,
                "num_atom_pairs": 1171742,
                "energy": 0.8843156099319458
            }
        },
        "ca_rmsd": 24.459426879882812
    },
    "core": {
        "mean_mae": [
            10.339685440063477,
            7.498346328735352,
            35.32013702392578,
            48.52971267700195
        ],
        "mae_sr": 0.828125,
        "rmsd": 0.3781546652317047,
        "dihedral_counts": [
            64,
            43,
            10,
            4
        ],
        "seq_len": 116,
        "num_sc": 64
    },
    "surface": {
        "mean_mae": [
            38.843284606933594,
            34.332298278808594,
            60.851749420166016,
            75.89359283447266
        ],
        "mae_sr": 0.4000000059604645,
        "rmsd": 1.5347539186477661,
        "dihedral_counts": [
            85,
            67,
            39,
            21
        ],
        "seq_len": 104,
        "num_sc": 85
    }
}