{
    "all": {
        "mean_mae": [
            64.08056640625,
            42.669620513916016,
            63.89768600463867,
            63.94013595581055
        ],
        "mae_sr": 0.25925925374031067,
        "rmsd": 1.815137505531311,
        "dihedral_counts": [
            108,
            87,
            28,
            11
        ],
        "seq_len": 125,
        "num_sc": 108,
        "clash_info": {
            "100": {
                "num_clashes": 71,
                "num_atom_pairs": 389340,
                "energy": 15.206277847290039
            },
            "90": {
                "num_clashes": 16,
                "num_atom_pairs": 389340,
                "energy": 3.3974907398223877
            },
            "80": {
                "num_clashes": 4,
                "num_atom_pairs": 389340,
                "energy": 0.39093220233917236
            }
        },
        "ca_rmsd": 7.163999080657959
    },
    "core": {
        "mean_mae": [
            66.70428466796875,
            28.61649513244629,
            0.0,
            0.0
        ],
        "mae_sr": 0.5,
        "rmsd": 2.0684258937835693,
        "dihedral_counts": [
            4,
            3,
            0,
            0
        ],
        "seq_len": 4,
        "num_sc": 4
    },
    "surface": {
        "mean_mae": [
            57.99151611328125,
            39.90117645263672,
            67.05338287353516,
            69.31554412841797
        ],
        "mae_sr": 0.25974026322364807,
        "rmsd": 1.6413507461547852,
        "dihedral_counts": [
            77,
            62,
            25,
            10
        ],
        "seq_len": 89,
        "num_sc": 77
    }
}