{
    "all": {
        "mean_mae": [
            21.309192657470703,
            19.923490524291992,
            40.340370178222656,
            45.208797454833984
        ],
        "mae_sr": 0.6126126050949097,
        "rmsd": 0.8429512977600098,
        "dihedral_counts": [
            111,
            79,
            33,
            18
        ],
        "seq_len": 202,
        "num_sc": 111,
        "clash_info": {
            "100": {
                "num_clashes": 35,
                "num_atom_pairs": 379543,
                "energy": 6.100330829620361
            },
            "90": {
                "num_clashes": 5,
                "num_atom_pairs": 379543,
                "energy": 0.5929152965545654
            },
            "80": {
                "num_clashes": 1,
                "num_atom_pairs": 379543,
                "energy": 0.04398322105407715
            }
        },
        "ca_rmsd": 21.903318405151367
    },
    "core": {
        "mean_mae": [
            5.460179805755615,
            11.676304817199707,
            26.117401123046875,
            4.043089389801025
        ],
        "mae_sr": 0.9166666865348816,
        "rmsd": 0.32438144087791443,
        "dihedral_counts": [
            24,
            13,
            3,
            1
        ],
        "seq_len": 101,
        "num_sc": 24
    },
    "surface": {
        "mean_mae": [
            36.17351531982422,
            27.604137420654297,
            43.757022857666016,
            47.79732131958008
        ],
        "mae_sr": 0.3928571343421936,
        "rmsd": 1.2993813753128052,
        "dihedral_counts": [
            56,
            45,
            23,
            13
        ],
        "seq_len": 67,
        "num_sc": 56
    }
}