{
    "all": {
        "mean_mae": [
            23.57647705078125,
            29.941801071166992,
            56.46287155151367,
            58.89079666137695
        ],
        "mae_sr": 0.5373134613037109,
        "rmsd": 0.9901975989341736,
        "dihedral_counts": [
            67,
            52,
            24,
            8
        ],
        "seq_len": 74,
        "num_sc": 67,
        "clash_info": {
            "100": {
                "num_clashes": 31,
                "num_atom_pairs": 135982,
                "energy": 6.110795974731445
            },
            "90": {
                "num_clashes": 5,
                "num_atom_pairs": 135982,
                "energy": 1.1172151565551758
            },
            "80": {
                "num_clashes": 2,
                "num_atom_pairs": 135982,
                "energy": 0.13827991485595703
            }
        },
        "ca_rmsd": 7.675440788269043
    },
    "core": {
        "mean_mae": [
            3.5687084197998047,
            29.88713264465332,
            80.42105865478516,
            114.03857421875
        ],
        "mae_sr": 0.6666666865348816,
        "rmsd": 0.8088735938072205,
        "dihedral_counts": [
            12,
            9,
            5,
            2
        ],
        "seq_len": 15,
        "num_sc": 12
    },
    "surface": {
        "mean_mae": [
            34.47776794433594,
            33.34660720825195,
            48.93757629394531,
            40.508209228515625
        ],
        "mae_sr": 0.4651162922382355,
        "rmsd": 1.200657606124878,
        "dihedral_counts": [
            43,
            33,
            18,
            6
        ],
        "seq_len": 45,
        "num_sc": 43
    }
}