{
    "all": {
        "mean_mae": [
            24.72798728942871,
            29.54313850402832,
            46.644081115722656,
            64.21048736572266
        ],
        "mae_sr": 0.5634146332740784,
        "rmsd": 0.9059035778045654,
        "dihedral_counts": [
            410,
            323,
            123,
            53
        ],
        "seq_len": 552,
        "num_sc": 410,
        "clash_info": {
            "100": {
                "num_clashes": 250,
                "num_atom_pairs": 5865615,
                "energy": 52.807411193847656
            },
            "90": {
                "num_clashes": 59,
                "num_atom_pairs": 5865615,
                "energy": 12.069168090820312
            },
            "80": {
                "num_clashes": 12,
                "num_atom_pairs": 5865615,
                "energy": 2.709197998046875
            }
        },
        "ca_rmsd": 4.3804168701171875
    },
    "core": {
        "mean_mae": [
            17.83966064453125,
            23.978750228881836,
            44.29538345336914,
            78.2270736694336
        ],
        "mae_sr": 0.6666666865348816,
        "rmsd": 0.6268757581710815,
        "dihedral_counts": [
            201,
            146,
            39,
            12
        ],
        "seq_len": 284,
        "num_sc": 201
    },
    "surface": {
        "mean_mae": [
            31.30323600769043,
            35.83438491821289,
            41.245201110839844,
            59.45862579345703
        ],
        "mae_sr": 0.4444444477558136,
        "rmsd": 1.2285083532333374,
        "dihedral_counts": [
            117,
            104,
            50,
            26
        ],
        "seq_len": 151,
        "num_sc": 117
    }
}