{
    "all": {
        "mean_mae": [
            26.388904571533203,
            30.164447784423828,
            55.31595230102539,
            71.65985870361328
        ],
        "mae_sr": 0.5363984704017639,
        "rmsd": 0.895881712436676,
        "dihedral_counts": [
            261,
            214,
            84,
            33
        ],
        "seq_len": 318,
        "num_sc": 261,
        "clash_info": {
            "100": {
                "num_clashes": 54,
                "num_atom_pairs": 2234157,
                "energy": 6.405238151550293
            },
            "90": {
                "num_clashes": 6,
                "num_atom_pairs": 2234157,
                "energy": 0.5481557846069336
            },
            "80": {
                "num_clashes": 0,
                "num_atom_pairs": 2234157,
                "energy": 0.0
            }
        },
        "ca_rmsd": 47.93380355834961
    },
    "core": {
        "mean_mae": [
            19.360280990600586,
            16.905696868896484,
            47.622650146484375,
            51.574554443359375
        ],
        "mae_sr": 0.7843137383460999,
        "rmsd": 0.48426470160484314,
        "dihedral_counts": [
            51,
            40,
            6,
            2
        ],
        "seq_len": 67,
        "num_sc": 51
    },
    "surface": {
        "mean_mae": [
            35.35493850708008,
            37.96723175048828,
            58.90932846069336,
            74.42768859863281
        ],
        "mae_sr": 0.3958333432674408,
        "rmsd": 1.1947624683380127,
        "dihedral_counts": [
            144,
            121,
            60,
            25
        ],
        "seq_len": 175,
        "num_sc": 144
    }
}