{
    "all": {
        "mean_mae": [
            31.242843627929688,
            35.96674346923828,
            51.12339782714844,
            93.7994155883789
        ],
        "mae_sr": 0.4736842215061188,
        "rmsd": 1.0224246978759766,
        "dihedral_counts": [
            95,
            71,
            32,
            12
        ],
        "seq_len": 117,
        "num_sc": 95,
        "clash_info": {
            "100": {
                "num_clashes": 28,
                "num_atom_pairs": 294373,
                "energy": 4.3442583084106445
            },
            "90": {
                "num_clashes": 4,
                "num_atom_pairs": 294373,
                "energy": 0.9440279006958008
            },
            "80": {
                "num_clashes": 1,
                "num_atom_pairs": 294373,
                "energy": 0.09657120704650879
            }
        },
        "ca_rmsd": 1.6312505006790161
    },
    "core": {
        "mean_mae": [
            16.153295516967773,
            19.662452697753906,
            36.89433288574219,
            124.44203186035156
        ],
        "mae_sr": 0.6399999856948853,
        "rmsd": 0.5770001411437988,
        "dihedral_counts": [
            25,
            18,
            3,
            1
        ],
        "seq_len": 35,
        "num_sc": 25
    },
    "surface": {
        "mean_mae": [
            40.29311752319336,
            46.5487174987793,
            56.62428283691406,
            92.81867218017578
        ],
        "mae_sr": 0.27659574151039124,
        "rmsd": 1.3557415008544922,
        "dihedral_counts": [
            47,
            37,
            24,
            9
        ],
        "seq_len": 58,
        "num_sc": 47
    }
}