{
    "all": {
        "mean_mae": [
            40.82462692260742,
            40.05592346191406,
            62.0622444152832,
            80.64338684082031
        ],
        "mae_sr": 0.4177215099334717,
        "rmsd": 1.1085656881332397,
        "dihedral_counts": [
            316,
            238,
            71,
            31
        ],
        "seq_len": 518,
        "num_sc": 316,
        "clash_info": {
            "100": {
                "num_clashes": 68,
                "num_atom_pairs": 3186781,
                "energy": 10.642606735229492
            },
            "90": {
                "num_clashes": 8,
                "num_atom_pairs": 3186781,
                "energy": 2.01347279548645
            },
            "80": {
                "num_clashes": 2,
                "num_atom_pairs": 3186781,
                "energy": 0.6085233688354492
            }
        },
        "ca_rmsd": 190.44386291503906
    },
    "core": {
        "mean_mae": [
            33.84105682373047,
            38.004913330078125,
            40.759464263916016,
            75.41792297363281
        ],
        "mae_sr": 0.47999998927116394,
        "rmsd": 0.7889753580093384,
        "dihedral_counts": [
            25,
            17,
            4,
            2
        ],
        "seq_len": 151,
        "num_sc": 25
    },
    "surface": {
        "mean_mae": [
            43.20378875732422,
            41.835906982421875,
            67.98855590820312,
            76.3259048461914
        ],
        "mae_sr": 0.400778204202652,
        "rmsd": 1.1834620237350464,
        "dihedral_counts": [
            257,
            197,
            61,
            26
        ],
        "seq_len": 326,
        "num_sc": 257
    }
}