{
    "all": {
        "mean_mae": [
            41.01008605957031,
            36.38286590576172,
            55.68951416015625,
            77.0689697265625
        ],
        "mae_sr": 0.3453815281391144,
        "rmsd": 1.2607223987579346,
        "dihedral_counts": [
            249,
            188,
            59,
            28
        ],
        "seq_len": 317,
        "num_sc": 249,
        "clash_info": {
            "100": {
                "num_clashes": 115,
                "num_atom_pairs": 1879705,
                "energy": 25.075849533081055
            },
            "90": {
                "num_clashes": 27,
                "num_atom_pairs": 1879705,
                "energy": 6.848021984100342
            },
            "80": {
                "num_clashes": 10,
                "num_atom_pairs": 1879705,
                "energy": 2.12065052986145
            }
        },
        "ca_rmsd": 21.983943939208984
    },
    "core": {
        "mean_mae": [
            31.545440673828125,
            28.74301528930664,
            38.78303527832031,
            52.348876953125
        ],
        "mae_sr": 0.5061728358268738,
        "rmsd": 1.0252758264541626,
        "dihedral_counts": [
            81,
            58,
            10,
            4
        ],
        "seq_len": 123,
        "num_sc": 81
    },
    "surface": {
        "mean_mae": [
            47.787803649902344,
            41.11101531982422,
            54.90331268310547,
            83.35259246826172
        ],
        "mae_sr": 0.22413793206214905,
        "rmsd": 1.3913862705230713,
        "dihedral_counts": [
            116,
            89,
            39,
            19
        ],
        "seq_len": 131,
        "num_sc": 116
    }
}