{
    "all": {
        "mean_mae": [
            20.417654037475586,
            22.55359649658203,
            53.453495025634766,
            64.21647644042969
        ],
        "mae_sr": 0.6219512224197388,
        "rmsd": 0.7621626257896423,
        "dihedral_counts": [
            82,
            69,
            23,
            10
        ],
        "seq_len": 102,
        "num_sc": 82,
        "clash_info": {
            "100": {
                "num_clashes": 26,
                "num_atom_pairs": 247779,
                "energy": 4.081348419189453
            },
            "90": {
                "num_clashes": 4,
                "num_atom_pairs": 247779,
                "energy": 0.616381049156189
            },
            "80": {
                "num_clashes": 1,
                "num_atom_pairs": 247779,
                "energy": 0.034616947174072266
            }
        },
        "ca_rmsd": 14.84046745300293
    },
    "core": {
        "mean_mae": [
            13.631253242492676,
            8.54226303100586,
            4.857931137084961,
            0.0
        ],
        "mae_sr": 0.800000011920929,
        "rmsd": 0.3991939425468445,
        "dihedral_counts": [
            15,
            11,
            1,
            0
        ],
        "seq_len": 19,
        "num_sc": 15
    },
    "surface": {
        "mean_mae": [
            26.334745407104492,
            26.539154052734375,
            57.01346969604492,
            74.45616912841797
        ],
        "mae_sr": 0.54347825050354,
        "rmsd": 0.9799202084541321,
        "dihedral_counts": [
            46,
            41,
            16,
            8
        ],
        "seq_len": 58,
        "num_sc": 46
    }
}