{
    "all": {
        "mean_mae": [
            25.97728157043457,
            29.30533790588379,
            58.5196647644043,
            76.50153350830078
        ],
        "mae_sr": 0.542553186416626,
        "rmsd": 0.9745119214057922,
        "dihedral_counts": [
            94,
            84,
            30,
            12
        ],
        "seq_len": 114,
        "num_sc": 94,
        "clash_info": {
            "100": {
                "num_clashes": 22,
                "num_atom_pairs": 306204,
                "energy": 2.9157142639160156
            },
            "90": {
                "num_clashes": 1,
                "num_atom_pairs": 306204,
                "energy": 0.028667449951171875
            },
            "80": {
                "num_clashes": 0,
                "num_atom_pairs": 306204,
                "energy": 0.0
            }
        },
        "ca_rmsd": 9.44445514678955
    },
    "core": {
        "mean_mae": [
            13.673944473266602,
            29.343631744384766,
            78.13616180419922,
            85.801025390625
        ],
        "mae_sr": 0.6800000071525574,
        "rmsd": 0.736738383769989,
        "dihedral_counts": [
            25,
            21,
            7,
            4
        ],
        "seq_len": 34,
        "num_sc": 25
    },
    "surface": {
        "mean_mae": [
            33.7342643737793,
            29.104307174682617,
            44.67872619628906,
            88.66828918457031
        ],
        "mae_sr": 0.47999998927116394,
        "rmsd": 1.0465867519378662,
        "dihedral_counts": [
            50,
            45,
            15,
            5
        ],
        "seq_len": 57,
        "num_sc": 50
    }
}