{
    "all": {
        "mean_mae": [
            24.81365966796875,
            26.134889602661133,
            59.27338409423828,
            69.80980682373047
        ],
        "mae_sr": 0.5924657583236694,
        "rmsd": 0.861147940158844,
        "dihedral_counts": [
            292,
            222,
            75,
            33
        ],
        "seq_len": 384,
        "num_sc": 292,
        "clash_info": {
            "100": {
                "num_clashes": 89,
                "num_atom_pairs": 3090279,
                "energy": 15.679474830627441
            },
            "90": {
                "num_clashes": 14,
                "num_atom_pairs": 3090279,
                "energy": 3.2251036167144775
            },
            "80": {
                "num_clashes": 5,
                "num_atom_pairs": 3090279,
                "energy": 0.8072977066040039
            }
        },
        "ca_rmsd": 8.908787727355957
    },
    "core": {
        "mean_mae": [
            17.189348220825195,
            20.791561126708984,
            35.23628234863281,
            93.32071685791016
        ],
        "mae_sr": 0.7525773048400879,
        "rmsd": 0.5204835534095764,
        "dihedral_counts": [
            97,
            75,
            11,
            3
        ],
        "seq_len": 124,
        "num_sc": 97
    },
    "surface": {
        "mean_mae": [
            34.914939880371094,
            27.625110626220703,
            65.27955627441406,
            69.5839614868164
        ],
        "mae_sr": 0.5040000081062317,
        "rmsd": 1.1435978412628174,
        "dihedral_counts": [
            125,
            97,
            39,
            19
        ],
        "seq_len": 172,
        "num_sc": 125
    }
}