{
    "all": {
        "mean_mae": [
            16.898452758789062,
            22.086441040039062,
            42.64132308959961,
            69.82414245605469
        ],
        "mae_sr": 0.6298245787620544,
        "rmsd": 0.5623593330383301,
        "dihedral_counts": [
            570,
            392,
            109,
            47
        ],
        "seq_len": 688,
        "num_sc": 570,
        "clash_info": {
            "100": {
                "num_clashes": 173,
                "num_atom_pairs": 9972259,
                "energy": 42.176971435546875
            },
            "90": {
                "num_clashes": 44,
                "num_atom_pairs": 9972259,
                "energy": 13.264715194702148
            },
            "80": {
                "num_clashes": 16,
                "num_atom_pairs": 9972259,
                "energy": 3.6736350059509277
            }
        },
        "ca_rmsd": 1.3997570931678638e-05
    },
    "core": {
        "mean_mae": [
            10.952481269836426,
            14.309106826782227,
            52.95918273925781,
            70.44287109375
        ],
        "mae_sr": 0.7405857443809509,
        "rmsd": 0.3879917562007904,
        "dihedral_counts": [
            239,
            166,
            33,
            11
        ],
        "seq_len": 288,
        "num_sc": 239
    },
    "surface": {
        "mean_mae": [
            24.228069305419922,
            31.31881332397461,
            42.20500183105469,
            66.93775939941406
        ],
        "mae_sr": 0.5185185074806213,
        "rmsd": 0.6987671852111816,
        "dihedral_counts": [
            189,
            123,
            36,
            14
        ],
        "seq_len": 229,
        "num_sc": 189
    }
}