{
    "all": {
        "mean_mae": [
            13.931875228881836,
            20.55580711364746,
            43.951900482177734,
            54.87554168701172
        ],
        "mae_sr": 0.6704980731010437,
        "rmsd": 0.5381909608840942,
        "dihedral_counts": [
            261,
            194,
            65,
            26
        ],
        "seq_len": 322,
        "num_sc": 261,
        "clash_info": {
            "100": {
                "num_clashes": 175,
                "num_atom_pairs": 2193283,
                "energy": 38.070396423339844
            },
            "90": {
                "num_clashes": 40,
                "num_atom_pairs": 2193283,
                "energy": 9.160920143127441
            },
            "80": {
                "num_clashes": 10,
                "num_atom_pairs": 2193283,
                "energy": 2.4770123958587646
            }
        },
        "ca_rmsd": 1.2755085663229693e-06
    },
    "core": {
        "mean_mae": [
            8.250640869140625,
            13.275080680847168,
            37.00074768066406,
            41.168357849121094
        ],
        "mae_sr": 0.7768595218658447,
        "rmsd": 0.36004260182380676,
        "dihedral_counts": [
            121,
            83,
            18,
            7
        ],
        "seq_len": 150,
        "num_sc": 121
    },
    "surface": {
        "mean_mae": [
            18.956005096435547,
            32.05474090576172,
            53.3494758605957,
            64.89716339111328
        ],
        "mae_sr": 0.5333333611488342,
        "rmsd": 0.8043747544288635,
        "dihedral_counts": [
            90,
            74,
            33,
            15
        ],
        "seq_len": 112,
        "num_sc": 90
    }
}