{
    "all": {
        "mean_mae": [
            18.855375289916992,
            23.71848487854004,
            37.15351104736328,
            53.94390106201172
        ],
        "mae_sr": 0.699999988079071,
        "rmsd": 0.5876586437225342,
        "dihedral_counts": [
            260,
            169,
            45,
            18
        ],
        "seq_len": 338,
        "num_sc": 260,
        "clash_info": {
            "100": {
                "num_clashes": 73,
                "num_atom_pairs": 2140880,
                "energy": 12.526710510253906
            },
            "90": {
                "num_clashes": 11,
                "num_atom_pairs": 2140880,
                "energy": 2.1611502170562744
            },
            "80": {
                "num_clashes": 2,
                "num_atom_pairs": 2140880,
                "energy": 0.21176767349243164
            }
        },
        "ca_rmsd": 4.11333439842565e-06
    },
    "core": {
        "mean_mae": [
            13.306283950805664,
            17.00600814819336,
            48.66239929199219,
            18.842504501342773
        ],
        "mae_sr": 0.7894737124443054,
        "rmsd": 0.4210287630558014,
        "dihedral_counts": [
            38,
            28,
            5,
            2
        ],
        "seq_len": 47,
        "num_sc": 38
    },
    "surface": {
        "mean_mae": [
            23.33490562438965,
            31.13023567199707,
            40.574405670166016,
            65.75169372558594
        ],
        "mae_sr": 0.6666666865348816,
        "rmsd": 0.6617881059646606,
        "dihedral_counts": [
            165,
            95,
            29,
            11
        ],
        "seq_len": 222,
        "num_sc": 165
    }
}