{
    "all": {
        "mean_mae": [
            28.912349700927734,
            27.812335968017578,
            62.58890914916992,
            63.08304977416992
        ],
        "mae_sr": 0.523809552192688,
        "rmsd": 1.244949221611023,
        "dihedral_counts": [
            21,
            14,
            12,
            9
        ],
        "seq_len": 29,
        "num_sc": 21,
        "clash_info": {
            "100": {
                "num_clashes": 1,
                "num_atom_pairs": 17640,
                "energy": 0.017657041549682617
            },
            "90": {
                "num_clashes": 0,
                "num_atom_pairs": 17640,
                "energy": 0.0
            },
            "80": {
                "num_clashes": 0,
                "num_atom_pairs": 17640,
                "energy": 0.0
            }
        },
        "ca_rmsd": 1.7363771576128784e-06
    },
    "core": {
        "mean_mae": [
            0.0,
            0.0,
            0.0,
            0.0
        ],
        "mae_sr": 1.0,
        "rmsd": 0.0,
        "dihedral_counts": [
            0,
            0,
            0,
            0
        ],
        "seq_len": 0,
        "num_sc": 0
    },
    "surface": {
        "mean_mae": [
            28.912349700927734,
            27.812335968017578,
            62.58890914916992,
            63.08304977416992
        ],
        "mae_sr": 0.523809552192688,
        "rmsd": 1.244949221611023,
        "dihedral_counts": [
            21,
            14,
            12,
            9
        ],
        "seq_len": 29,
        "num_sc": 21
    }
}