{
    "all": {
        "mean_mae": [
            18.130035400390625,
            25.852306365966797,
            44.50807189941406,
            60.451904296875
        ],
        "mae_sr": 0.5945945978164673,
        "rmsd": 0.8297526240348816,
        "dihedral_counts": [
            37,
            26,
            17,
            12
        ],
        "seq_len": 48,
        "num_sc": 37,
        "clash_info": {
            "100": {
                "num_clashes": 8,
                "num_atom_pairs": 45925,
                "energy": 0.6648075580596924
            },
            "90": {
                "num_clashes": 0,
                "num_atom_pairs": 45925,
                "energy": 0.0
            },
            "80": {
                "num_clashes": 0,
                "num_atom_pairs": 45925,
                "energy": 0.0
            }
        },
        "ca_rmsd": 1.7455313354730606e-06
    },
    "core": {
        "mean_mae": [
            0.0,
            0.0,
            0.0,
            0.0
        ],
        "mae_sr": 1.0,
        "rmsd": 0.0,
        "dihedral_counts": [
            0,
            0,
            0,
            0
        ],
        "seq_len": 0,
        "num_sc": 0
    },
    "surface": {
        "mean_mae": [
            18.130035400390625,
            25.852306365966797,
            44.50807189941406,
            60.451904296875
        ],
        "mae_sr": 0.5945945978164673,
        "rmsd": 0.8297526240348816,
        "dihedral_counts": [
            37,
            26,
            17,
            12
        ],
        "seq_len": 48,
        "num_sc": 37
    }
}