{
    "all": {
        "mean_mae": [
            12.155174255371094,
            22.54287338256836,
            39.01823806762695,
            48.12760543823242
        ],
        "mae_sr": 0.6800000071525574,
        "rmsd": 0.5286415815353394,
        "dihedral_counts": [
            175,
            135,
            46,
            23
        ],
        "seq_len": 195,
        "num_sc": 175,
        "clash_info": {
            "100": {
                "num_clashes": 48,
                "num_atom_pairs": 946761,
                "energy": 10.736892700195312
            },
            "90": {
                "num_clashes": 7,
                "num_atom_pairs": 946761,
                "energy": 3.281122922897339
            },
            "80": {
                "num_clashes": 4,
                "num_atom_pairs": 946761,
                "energy": 1.5715278387069702
            }
        },
        "ca_rmsd": 2.0892136944894446e-06
    },
    "core": {
        "mean_mae": [
            8.377102851867676,
            13.049918174743652,
            38.139244079589844,
            61.20304489135742
        ],
        "mae_sr": 0.8360655903816223,
        "rmsd": 0.35085368156433105,
        "dihedral_counts": [
            61,
            44,
            3,
            2
        ],
        "seq_len": 73,
        "num_sc": 61
    },
    "surface": {
        "mean_mae": [
            15.50751781463623,
            25.782663345336914,
            39.14809036254883,
            49.15336608886719
        ],
        "mae_sr": 0.5769230723381042,
        "rmsd": 0.681652843952179,
        "dihedral_counts": [
            78,
            64,
            35,
            17
        ],
        "seq_len": 83,
        "num_sc": 78
    }
}