{
    "all": {
        "mean_mae": [
            7.479525566101074,
            14.030721664428711,
            35.72650146484375,
            46.19544982910156
        ],
        "mae_sr": 0.6910994648933411,
        "rmsd": 0.4004453122615814,
        "dihedral_counts": [
            191,
            160,
            52,
            24
        ],
        "seq_len": 229,
        "num_sc": 191,
        "clash_info": {
            "100": {
                "num_clashes": 33,
                "num_atom_pairs": 1146495,
                "energy": 8.346427917480469
            },
            "90": {
                "num_clashes": 9,
                "num_atom_pairs": 1146495,
                "energy": 3.104384660720825
            },
            "80": {
                "num_clashes": 4,
                "num_atom_pairs": 1146495,
                "energy": 1.5074671506881714
            }
        },
        "ca_rmsd": 5.333737590262899e-06
    },
    "core": {
        "mean_mae": [
            3.924412250518799,
            7.388993263244629,
            30.89204978942871,
            48.33427429199219
        ],
        "mae_sr": 0.8611111044883728,
        "rmsd": 0.19558501243591309,
        "dihedral_counts": [
            72,
            56,
            9,
            2
        ],
        "seq_len": 87,
        "num_sc": 72
    },
    "surface": {
        "mean_mae": [
            12.092297554016113,
            20.596797943115234,
            38.18620681762695,
            55.3637809753418
        ],
        "mae_sr": 0.5600000023841858,
        "rmsd": 0.5953606963157654,
        "dihedral_counts": [
            75,
            65,
            28,
            14
        ],
        "seq_len": 89,
        "num_sc": 75
    }
}