{
    "all": {
        "mean_mae": [
            15.800920486450195,
            19.805280685424805,
            38.08061218261719,
            56.24849319458008
        ],
        "mae_sr": 0.6471734642982483,
        "rmsd": 0.5072759985923767,
        "dihedral_counts": [
            513,
            365,
            109,
            47
        ],
        "seq_len": 628,
        "num_sc": 513,
        "clash_info": {
            "100": {
                "num_clashes": 220,
                "num_atom_pairs": 8358985,
                "energy": 39.46889114379883
            },
            "90": {
                "num_clashes": 34,
                "num_atom_pairs": 8358985,
                "energy": 7.595603942871094
            },
            "80": {
                "num_clashes": 8,
                "num_atom_pairs": 8358985,
                "energy": 1.5039021968841553
            }
        },
        "ca_rmsd": 4.785889814229449e-06
    },
    "core": {
        "mean_mae": [
            9.31779670715332,
            14.809288024902344,
            40.993194580078125,
            39.901817321777344
        ],
        "mae_sr": 0.7488788962364197,
        "rmsd": 0.3882638216018677,
        "dihedral_counts": [
            223,
            172,
            38,
            13
        ],
        "seq_len": 278,
        "num_sc": 223
    },
    "surface": {
        "mean_mae": [
            26.239870071411133,
            30.24736213684082,
            38.1928596496582,
            74.13603210449219
        ],
        "mae_sr": 0.47457626461982727,
        "rmsd": 0.7125838398933411,
        "dihedral_counts": [
            177,
            114,
            48,
            19
        ],
        "seq_len": 215,
        "num_sc": 177
    }
}