{
    "all": {
        "rmsd": 0.6408281922340393,
        "mae_sr": 0.6176470518112183,
        "mean_mae": [
            17.981037139892578,
            24.105680465698242,
            48.008949279785156,
            55.75482177734375
        ],
        "dihedral_counts": [
            17962,
            13381,
            4406,
            2035
        ],
        "num_sc": 17962,
        "mean_seq_len": 303.83099365234375,
        "ca_rmsd": 3.2386490147473523e-06,
        "clash_info": {
            "100": {
                "energy": 11.860854148864746,
                "num_atom_pairs": 1392006.0,
                "num_clashes": 58.0
            },
            "90": {
                "energy": 2.769937038421631,
                "num_atom_pairs": 1392006.0,
                "num_clashes": 12.0
            },
            "80": {
                "energy": 0.5041747093200684,
                "num_atom_pairs": 1392006.0,
                "num_clashes": 2.0
            }
        }
    },
    "core": {
        "rmsd": 0.36004260182380676,
        "mae_sr": 0.782608687877655,
        "mean_mae": [
            8.72149658203125,
            14.722991943359375,
            32.82370376586914,
            44.142215728759766
        ],
        "dihedral_counts": [
            5775,
            4143,
            811,
            339
        ],
        "num_sc": 5775,
        "mean_seq_len": 99.53520965576172
    },
    "surface": {
        "rmsd": 0.8666337728500366,
        "mae_sr": 0.5154638886451721,
        "mean_mae": [
            24.77518081665039,
            32.15778350830078,
            50.28207778930664,
            55.538421630859375
        ],
        "dihedral_counts": [
            8432,
            6368,
            2669,
            1234
        ],
        "num_sc": 8432,
        "mean_seq_len": 142.7042236328125
    }
}