{
    "all": {
        "mean_mae": [
            34.051265716552734,
            38.14634323120117,
            55.10456848144531,
            67.82676696777344
        ],
        "mae_sr": 0.42222222685813904,
        "rmsd": 1.0512373447418213,
        "dihedral_counts": [
            270,
            205,
            78,
            33
        ],
        "seq_len": 312,
        "num_sc": 270,
        "clash_info": {
            "100": {
                "num_clashes": 78,
                "num_atom_pairs": 2236612,
                "energy": 13.141290664672852
            },
            "90": {
                "num_clashes": 13,
                "num_atom_pairs": 2236612,
                "energy": 2.250007152557373
            },
            "80": {
                "num_clashes": 1,
                "num_atom_pairs": 2236612,
                "energy": 0.6958236694335938
            }
        },
        "ca_rmsd": 7.1104554990597535e-06
    },
    "core": {
        "mean_mae": [
            14.518198013305664,
            19.819778442382812,
            32.01621627807617,
            44.142215728759766
        ],
        "mae_sr": 0.6567164063453674,
        "rmsd": 0.4541613757610321,
        "dihedral_counts": [
            67,
            45,
            9,
            3
        ],
        "seq_len": 80,
        "num_sc": 67
    },
    "surface": {
        "mean_mae": [
            50.513389587402344,
            47.74951934814453,
            58.9840202331543,
            72.06240844726562
        ],
        "mae_sr": 0.28378379344940186,
        "rmsd": 1.477817416191101,
        "dihedral_counts": [
            148,
            115,
            57,
            24
        ],
        "seq_len": 166,
        "num_sc": 148
    }
}