{
    "all": {
        "mean_mae": [
            11.471258163452148,
            14.37291145324707,
            39.17150115966797,
            69.26338195800781
        ],
        "mae_sr": 0.75,
        "rmsd": 0.4221651554107666,
        "dihedral_counts": [
            336,
            239,
            55,
            28
        ],
        "seq_len": 409,
        "num_sc": 336,
        "clash_info": {
            "100": {
                "num_clashes": 134,
                "num_atom_pairs": 3631698,
                "energy": 22.454761505126953
            },
            "90": {
                "num_clashes": 22,
                "num_atom_pairs": 3631698,
                "energy": 4.212903022766113
            },
            "80": {
                "num_clashes": 4,
                "num_atom_pairs": 3631698,
                "energy": 0.70487380027771
            }
        },
        "ca_rmsd": 3.327685362819466e-06
    },
    "core": {
        "mean_mae": [
            7.442117214202881,
            10.528054237365723,
            27.923233032226562,
            76.46725463867188
        ],
        "mae_sr": 0.837837815284729,
        "rmsd": 0.3123282492160797,
        "dihedral_counts": [
            148,
            106,
            18,
            8
        ],
        "seq_len": 174,
        "num_sc": 148
    },
    "surface": {
        "mean_mae": [
            17.054229736328125,
            18.315744400024414,
            49.83560562133789,
            58.99805450439453
        ],
        "mae_sr": 0.6396396160125732,
        "rmsd": 0.5562225580215454,
        "dihedral_counts": [
            111,
            79,
            21,
            14
        ],
        "seq_len": 144,
        "num_sc": 111
    }
}