{
    "all": {
        "mean_mae": [
            14.085349082946777,
            25.514970779418945,
            53.09107971191406,
            64.36992645263672
        ],
        "mae_sr": 0.7153284549713135,
        "rmsd": 0.6011510491371155,
        "dihedral_counts": [
            137,
            93,
            33,
            13
        ],
        "seq_len": 168,
        "num_sc": 137,
        "clash_info": {
            "100": {
                "num_clashes": 49,
                "num_atom_pairs": 563940,
                "energy": 12.983213424682617
            },
            "90": {
                "num_clashes": 13,
                "num_atom_pairs": 563940,
                "energy": 3.7340035438537598
            },
            "80": {
                "num_clashes": 3,
                "num_atom_pairs": 563940,
                "energy": 0.9608688354492188
            }
        },
        "ca_rmsd": 2.760507641141885e-06
    },
    "core": {
        "mean_mae": [
            11.632330894470215,
            11.93930435180664,
            46.889835357666016,
            86.2812271118164
        ],
        "mae_sr": 0.8301886916160583,
        "rmsd": 0.4505234360694885,
        "dihedral_counts": [
            53,
            38,
            7,
            3
        ],
        "seq_len": 70,
        "num_sc": 53
    },
    "surface": {
        "mean_mae": [
            18.683650970458984,
            41.612159729003906,
            54.9831657409668,
            46.5788688659668
        ],
        "mae_sr": 0.5967742204666138,
        "rmsd": 0.7706206440925598,
        "dihedral_counts": [
            62,
            40,
            23,
            7
        ],
        "seq_len": 71,
        "num_sc": 62
    }
}