{
    "all": {
        "mean_mae": [
            21.083322525024414,
            24.1146297454834,
            58.534095764160156,
            64.88611602783203
        ],
        "mae_sr": 0.5675057172775269,
        "rmsd": 0.7195665240287781,
        "dihedral_counts": [
            437,
            344,
            121,
            67
        ],
        "seq_len": 524,
        "num_sc": 437,
        "clash_info": {
            "100": {
                "num_clashes": 252,
                "num_atom_pairs": 6459320,
                "energy": 43.254188537597656
            },
            "90": {
                "num_clashes": 37,
                "num_atom_pairs": 6459320,
                "energy": 7.9021315574646
            },
            "80": {
                "num_clashes": 9,
                "num_atom_pairs": 6459320,
                "energy": 1.5086407661437988
            }
        },
        "ca_rmsd": 5.579746357398108e-06
    },
    "core": {
        "mean_mae": [
            13.67023754119873,
            17.495040893554688,
            50.075599670410156,
            56.334415435791016
        ],
        "mae_sr": 0.7591623067855835,
        "rmsd": 0.48448729515075684,
        "dihedral_counts": [
            191,
            149,
            31,
            16
        ],
        "seq_len": 230,
        "num_sc": 191
    },
    "surface": {
        "mean_mae": [
            30.62957763671875,
            32.06386184692383,
            59.9788703918457,
            63.191097259521484
        ],
        "mae_sr": 0.3458646535873413,
        "rmsd": 1.0493639707565308,
        "dihedral_counts": [
            133,
            104,
            60,
            34
        ],
        "seq_len": 168,
        "num_sc": 133
    }
}