{
    "all": {
        "mean_mae": [
            16.034120559692383,
            20.48184585571289,
            31.5126895904541,
            67.32806396484375
        ],
        "mae_sr": 0.6616161465644836,
        "rmsd": 0.6261603236198425,
        "dihedral_counts": [
            198,
            160,
            62,
            34
        ],
        "seq_len": 223,
        "num_sc": 198,
        "clash_info": {
            "100": {
                "num_clashes": 70,
                "num_atom_pairs": 1212729,
                "energy": 11.021836280822754
            },
            "90": {
                "num_clashes": 7,
                "num_atom_pairs": 1212729,
                "energy": 1.7912545204162598
            },
            "80": {
                "num_clashes": 3,
                "num_atom_pairs": 1212729,
                "energy": 0.28681159019470215
            }
        },
        "ca_rmsd": 5.532858722290257e-06
    },
    "core": {
        "mean_mae": [
            8.453360557556152,
            19.669912338256836,
            12.956077575683594,
            43.84354782104492
        ],
        "mae_sr": 0.8550724387168884,
        "rmsd": 0.34699100255966187,
        "dihedral_counts": [
            69,
            50,
            12,
            5
        ],
        "seq_len": 80,
        "num_sc": 69
    },
    "surface": {
        "mean_mae": [
            23.167020797729492,
            25.571752548217773,
            35.63526153564453,
            77.27731323242188
        ],
        "mae_sr": 0.5157894492149353,
        "rmsd": 0.8921763896942139,
        "dihedral_counts": [
            95,
            79,
            40,
            24
        ],
        "seq_len": 105,
        "num_sc": 95
    }
}