{
    "all": {
        "mean_mae": [
            8.846365928649902,
            19.95769691467285,
            33.92783737182617,
            34.5868034362793
        ],
        "mae_sr": 0.7342657446861267,
        "rmsd": 0.4880342185497284,
        "dihedral_counts": [
            143,
            121,
            36,
            16
        ],
        "seq_len": 161,
        "num_sc": 143,
        "clash_info": {
            "100": {
                "num_clashes": 49,
                "num_atom_pairs": 708935,
                "energy": 5.471859931945801
            },
            "90": {
                "num_clashes": 3,
                "num_atom_pairs": 708935,
                "energy": 0.10941791534423828
            },
            "80": {
                "num_clashes": 0,
                "num_atom_pairs": 708935,
                "energy": 0.0
            }
        },
        "ca_rmsd": 5.4271481531031895e-06
    },
    "core": {
        "mean_mae": [
            6.585752487182617,
            13.119942665100098,
            17.992176055908203,
            51.63557434082031
        ],
        "mae_sr": 0.9142857193946838,
        "rmsd": 0.27959144115448,
        "dihedral_counts": [
            35,
            29,
            4,
            2
        ],
        "seq_len": 46,
        "num_sc": 35
    },
    "surface": {
        "mean_mae": [
            10.696003913879395,
            25.771156311035156,
            40.35580825805664,
            36.379425048828125
        ],
        "mae_sr": 0.6216216087341309,
        "rmsd": 0.6642146706581116,
        "dihedral_counts": [
            74,
            64,
            26,
            10
        ],
        "seq_len": 79,
        "num_sc": 74
    }
}