{
    "all": {
        "mean_mae": [
            19.051145553588867,
            20.734859466552734,
            51.156982421875,
            78.46421813964844
        ],
        "mae_sr": 0.6470588445663452,
        "rmsd": 0.6699793338775635,
        "dihedral_counts": [
            204,
            158,
            55,
            30
        ],
        "seq_len": 277,
        "num_sc": 204,
        "clash_info": {
            "100": {
                "num_clashes": 57,
                "num_atom_pairs": 1480803,
                "energy": 10.001960754394531
            },
            "90": {
                "num_clashes": 7,
                "num_atom_pairs": 1480803,
                "energy": 1.8176181316375732
            },
            "80": {
                "num_clashes": 2,
                "num_atom_pairs": 1480803,
                "energy": 0.294666051864624
            }
        },
        "ca_rmsd": 5.172403234610101e-06
    },
    "core": {
        "mean_mae": [
            12.931965827941895,
            17.04412269592285,
            55.448360443115234,
            61.116634368896484
        ],
        "mae_sr": 0.7469879388809204,
        "rmsd": 0.48332732915878296,
        "dihedral_counts": [
            83,
            64,
            17,
            8
        ],
        "seq_len": 114,
        "num_sc": 83
    },
    "surface": {
        "mean_mae": [
            22.618749618530273,
            22.92378807067871,
            43.22353744506836,
            81.42207336425781
        ],
        "mae_sr": 0.540229856967926,
        "rmsd": 0.7962549328804016,
        "dihedral_counts": [
            87,
            67,
            31,
            16
        ],
        "seq_len": 116,
        "num_sc": 87
    }
}