{
    "all": {
        "mean_mae": [
            9.879857063293457,
            14.369656562805176,
            55.816551208496094,
            67.67166900634766
        ],
        "mae_sr": 0.7015706896781921,
        "rmsd": 0.501581072807312,
        "dihedral_counts": [
            191,
            160,
            52,
            24
        ],
        "seq_len": 229,
        "num_sc": 191,
        "clash_info": {
            "100": {
                "num_clashes": 47,
                "num_atom_pairs": 1146495,
                "energy": 8.65733814239502
            },
            "90": {
                "num_clashes": 5,
                "num_atom_pairs": 1146495,
                "energy": 3.0950634479522705
            },
            "80": {
                "num_clashes": 4,
                "num_atom_pairs": 1146495,
                "energy": 1.6491369009017944
            }
        },
        "ca_rmsd": 5.338389655662468e-06
    },
    "core": {
        "mean_mae": [
            5.166786193847656,
            7.283259868621826,
            27.544849395751953,
            4.619229316711426
        ],
        "mae_sr": 0.8888888955116272,
        "rmsd": 0.2042524516582489,
        "dihedral_counts": [
            72,
            56,
            9,
            2
        ],
        "seq_len": 87,
        "num_sc": 72
    },
    "surface": {
        "mean_mae": [
            15.423720359802246,
            22.626684188842773,
            65.45325469970703,
            89.90177154541016
        ],
        "mae_sr": 0.5199999809265137,
        "rmsd": 0.7930908203125,
        "dihedral_counts": [
            75,
            65,
            28,
            14
        ],
        "seq_len": 89,
        "num_sc": 75
    }
}