{
    "all": {
        "mean_mae": [
            25.62044906616211,
            32.17667770385742,
            60.72219467163086,
            75.20240020751953
        ],
        "mae_sr": 0.5490196347236633,
        "rmsd": 0.7699890732765198,
        "dihedral_counts": [
            204,
            136,
            39,
            12
        ],
        "seq_len": 265,
        "num_sc": 204,
        "clash_info": {
            "100": {
                "num_clashes": 64,
                "num_atom_pairs": 1392006,
                "energy": 12.72846794128418
            },
            "90": {
                "num_clashes": 13,
                "num_atom_pairs": 1392006,
                "energy": 3.0101895332336426
            },
            "80": {
                "num_clashes": 3,
                "num_atom_pairs": 1392006,
                "energy": 0.8642059564590454
            }
        },
        "ca_rmsd": 9.373399620926648e-07
    },
    "core": {
        "mean_mae": [
            22.223556518554688,
            20.578306198120117,
            48.2993278503418,
            63.5582275390625
        ],
        "mae_sr": 0.6764705777168274,
        "rmsd": 0.596232533454895,
        "dihedral_counts": [
            68,
            38,
            10,
            2
        ],
        "seq_len": 100,
        "num_sc": 68
    },
    "surface": {
        "mean_mae": [
            30.933218002319336,
            35.748226165771484,
            66.74237823486328,
            74.5904541015625
        ],
        "mae_sr": 0.4523809552192688,
        "rmsd": 0.9105079174041748,
        "dihedral_counts": [
            84,
            62,
            18,
            7
        ],
        "seq_len": 106,
        "num_sc": 84
    }
}