{
    "all": {
        "mean_mae": [
            28.287784576416016,
            30.2634334564209,
            47.2918701171875,
            46.43157196044922
        ],
        "mae_sr": 0.5824176073074341,
        "rmsd": 0.9406823515892029,
        "dihedral_counts": [
            91,
            63,
            17,
            7
        ],
        "seq_len": 106,
        "num_sc": 91,
        "clash_info": {
            "100": {
                "num_clashes": 67,
                "num_atom_pairs": 244617,
                "energy": 16.050729751586914
            },
            "90": {
                "num_clashes": 17,
                "num_atom_pairs": 244617,
                "energy": 4.246726036071777
            },
            "80": {
                "num_clashes": 4,
                "num_atom_pairs": 244617,
                "energy": 0.4576852321624756
            }
        },
        "ca_rmsd": 25.60463523864746
    },
    "core": {
        "mean_mae": [
            7.826579570770264,
            30.616960525512695,
            145.8199005126953,
            7.1924896240234375
        ],
        "mae_sr": 0.800000011920929,
        "rmsd": 0.5067303776741028,
        "dihedral_counts": [
            15,
            11,
            1,
            1
        ],
        "seq_len": 15,
        "num_sc": 15
    },
    "surface": {
        "mean_mae": [
            40.26692581176758,
            29.991683959960938,
            25.58863067626953,
            68.6378402709961
        ],
        "mae_sr": 0.48076921701431274,
        "rmsd": 1.1369237899780273,
        "dihedral_counts": [
            52,
            39,
            12,
            3
        ],
        "seq_len": 66,
        "num_sc": 52
    }
}