{
    "all": {
        "mean_mae": [
            18.669641494750977,
            22.26644515991211,
            36.65088653564453,
            61.34254837036133
        ],
        "mae_sr": 0.6180555820465088,
        "rmsd": 0.7013120651245117,
        "dihedral_counts": [
            144,
            115,
            34,
            18
        ],
        "seq_len": 186,
        "num_sc": 144,
        "clash_info": {
            "100": {
                "num_clashes": 76,
                "num_atom_pairs": 685126,
                "energy": 17.04497718811035
            },
            "90": {
                "num_clashes": 16,
                "num_atom_pairs": 685126,
                "energy": 2.9177474975585938
            },
            "80": {
                "num_clashes": 4,
                "num_atom_pairs": 685126,
                "energy": 0.557081937789917
            }
        },
        "ca_rmsd": 14.453522682189941
    },
    "core": {
        "mean_mae": [
            13.196700096130371,
            10.033496856689453,
            46.540740966796875,
            41.697288513183594
        ],
        "mae_sr": 0.7400000095367432,
        "rmsd": 0.4580047130584717,
        "dihedral_counts": [
            50,
            36,
            8,
            3
        ],
        "seq_len": 62,
        "num_sc": 50
    },
    "surface": {
        "mean_mae": [
            28.292465209960938,
            34.585304260253906,
            32.16865539550781,
            67.10379791259766
        ],
        "mae_sr": 0.4464285671710968,
        "rmsd": 1.0555317401885986,
        "dihedral_counts": [
            56,
            47,
            18,
            12
        ],
        "seq_len": 65,
        "num_sc": 56
    }
}