{
    "all": {
        "mean_mae": [
            43.8328857421875,
            38.05232238769531,
            42.19941711425781,
            57.36360168457031
        ],
        "mae_sr": 0.3052631616592407,
        "rmsd": 1.2382910251617432,
        "dihedral_counts": [
            95,
            75,
            24,
            11
        ],
        "seq_len": 102,
        "num_sc": 95,
        "clash_info": {
            "100": {
                "num_clashes": 36,
                "num_atom_pairs": 256048,
                "energy": 6.1584062576293945
            },
            "90": {
                "num_clashes": 6,
                "num_atom_pairs": 256048,
                "energy": 0.649090051651001
            },
            "80": {
                "num_clashes": 0,
                "num_atom_pairs": 256048,
                "energy": 0.0
            }
        },
        "ca_rmsd": 3.4377448558807373
    },
    "core": {
        "mean_mae": [
            27.372533798217773,
            40.71814727783203,
            137.01210021972656,
            103.48419952392578
        ],
        "mae_sr": 0.3333333432674408,
        "rmsd": 1.062588095664978,
        "dihedral_counts": [
            12,
            11,
            2,
            1
        ],
        "seq_len": 12,
        "num_sc": 12
    },
    "surface": {
        "mean_mae": [
            48.09307861328125,
            42.035240173339844,
            38.27113342285156,
            44.680782318115234
        ],
        "mae_sr": 0.2950819730758667,
        "rmsd": 1.350705623626709,
        "dihedral_counts": [
            61,
            47,
            16,
            6
        ],
        "seq_len": 65,
        "num_sc": 61
    }
}