{
    "all": {
        "mean_mae": [
            34.34731674194336,
            36.89392852783203,
            51.010231018066406,
            60.037208557128906
        ],
        "mae_sr": 0.42560553550720215,
        "rmsd": 1.2148926258087158,
        "dihedral_counts": [
            289,
            237,
            68,
            32
        ],
        "seq_len": 382,
        "num_sc": 289,
        "clash_info": {
            "100": {
                "num_clashes": 139,
                "num_atom_pairs": 3170435,
                "energy": 28.3836612701416
            },
            "90": {
                "num_clashes": 32,
                "num_atom_pairs": 3170435,
                "energy": 5.817631721496582
            },
            "80": {
                "num_clashes": 5,
                "num_atom_pairs": 3170435,
                "energy": 1.0850857496261597
            }
        },
        "ca_rmsd": 19.83690643310547
    },
    "core": {
        "mean_mae": [
            22.32198715209961,
            25.831777572631836,
            29.44164276123047,
            54.27843475341797
        ],
        "mae_sr": 0.5476190447807312,
        "rmsd": 0.8791323900222778,
        "dihedral_counts": [
            84,
            64,
            12,
            5
        ],
        "seq_len": 107,
        "num_sc": 84
    },
    "surface": {
        "mean_mae": [
            45.348602294921875,
            47.80613327026367,
            58.951812744140625,
            74.511962890625
        ],
        "mae_sr": 0.27966102957725525,
        "rmsd": 1.6386303901672363,
        "dihedral_counts": [
            118,
            102,
            38,
            21
        ],
        "seq_len": 144,
        "num_sc": 118
    }
}