{
    "all": {
        "mean_mae": [
            30.39388084411621,
            29.74896240234375,
            53.47200012207031,
            49.73759841918945
        ],
        "mae_sr": 0.5185185074806213,
        "rmsd": 0.9792265892028809,
        "dihedral_counts": [
            216,
            186,
            67,
            34
        ],
        "seq_len": 287,
        "num_sc": 216,
        "clash_info": {
            "100": {
                "num_clashes": 150,
                "num_atom_pairs": 1606354,
                "energy": 36.26762771606445
            },
            "90": {
                "num_clashes": 38,
                "num_atom_pairs": 1606354,
                "energy": 10.22347354888916
            },
            "80": {
                "num_clashes": 10,
                "num_atom_pairs": 1606354,
                "energy": 3.5406270027160645
            }
        },
        "ca_rmsd": 17.837106704711914
    },
    "core": {
        "mean_mae": [
            14.456894874572754,
            16.69200897216797,
            35.76747131347656,
            28.2781925201416
        ],
        "mae_sr": 0.75,
        "rmsd": 0.5590643882751465,
        "dihedral_counts": [
            68,
            57,
            11,
            7
        ],
        "seq_len": 117,
        "num_sc": 68
    },
    "surface": {
        "mean_mae": [
            43.358219146728516,
            38.103675842285156,
            55.836360931396484,
            50.304283142089844
        ],
        "mae_sr": 0.38297873735427856,
        "rmsd": 1.3012959957122803,
        "dihedral_counts": [
            94,
            82,
            41,
            19
        ],
        "seq_len": 108,
        "num_sc": 94
    }
}