{
    "all": {
        "mean_mae": [
            48.13363265991211,
            39.0216064453125,
            53.37913131713867,
            67.1893310546875
        ],
        "mae_sr": 0.31794872879981995,
        "rmsd": 1.415118932723999,
        "dihedral_counts": [
            390,
            340,
            91,
            47
        ],
        "seq_len": 426,
        "num_sc": 390,
        "clash_info": {
            "100": {
                "num_clashes": 194,
                "num_atom_pairs": 4626885,
                "energy": 42.38349914550781
            },
            "90": {
                "num_clashes": 46,
                "num_atom_pairs": 4626885,
                "energy": 8.835954666137695
            },
            "80": {
                "num_clashes": 9,
                "num_atom_pairs": 4626885,
                "energy": 0.8206617832183838
            }
        },
        "ca_rmsd": 2.4090800285339355
    },
    "core": {
        "mean_mae": [
            23.54579734802246,
            29.48379135131836,
            53.81584548950195,
            23.521989822387695
        ],
        "mae_sr": 0.6000000238418579,
        "rmsd": 0.8238568902015686,
        "dihedral_counts": [
            35,
            32,
            4,
            1
        ],
        "seq_len": 39,
        "num_sc": 35
    },
    "surface": {
        "mean_mae": [
            55.34296798706055,
            39.926544189453125,
            55.32658386230469,
            67.27179718017578
        ],
        "mae_sr": 0.26937270164489746,
        "rmsd": 1.5951493978500366,
        "dihedral_counts": [
            271,
            238,
            78,
            42
        ],
        "seq_len": 293,
        "num_sc": 271
    }
}