{
    "all": {
        "mean_mae": [
            46.506736755371094,
            43.51275634765625,
            67.39987182617188,
            60.097625732421875
        ],
        "mae_sr": 0.27710843086242676,
        "rmsd": 1.3741925954818726,
        "dihedral_counts": [
            166,
            138,
            44,
            21
        ],
        "seq_len": 262,
        "num_sc": 166,
        "clash_info": {
            "100": {
                "num_clashes": 98,
                "num_atom_pairs": 919649,
                "energy": 28.5049991607666
            },
            "90": {
                "num_clashes": 31,
                "num_atom_pairs": 919649,
                "energy": 9.187531471252441
            },
            "80": {
                "num_clashes": 14,
                "num_atom_pairs": 919649,
                "energy": 2.826547622680664
            }
        },
        "ca_rmsd": 183.6842498779297
    },
    "core": {
        "mean_mae": [
            29.618379592895508,
            27.26450538635254,
            3.318789005279541,
            28.461973190307617
        ],
        "mae_sr": 0.40909090638160706,
        "rmsd": 0.9673486351966858,
        "dihedral_counts": [
            22,
            18,
            2,
            1
        ],
        "seq_len": 103,
        "num_sc": 22
    },
    "surface": {
        "mean_mae": [
            50.44269561767578,
            42.62781524658203,
            66.2322998046875,
            55.894927978515625
        ],
        "mae_sr": 0.23529411852359772,
        "rmsd": 1.4400923252105713,
        "dihedral_counts": [
            102,
            85,
            32,
            12
        ],
        "seq_len": 113,
        "num_sc": 102
    }
}