{
    "all": {
        "mean_mae": [
            41.0299072265625,
            42.08557891845703,
            48.07762908935547,
            90.21685028076172
        ],
        "mae_sr": 0.3037974536418915,
        "rmsd": 1.5626709461212158,
        "dihedral_counts": [
            79,
            68,
            34,
            15
        ],
        "seq_len": 98,
        "num_sc": 79,
        "clash_info": {
            "100": {
                "num_clashes": 36,
                "num_atom_pairs": 224702,
                "energy": 8.241743087768555
            },
            "90": {
                "num_clashes": 11,
                "num_atom_pairs": 224702,
                "energy": 1.8759090900421143
            },
            "80": {
                "num_clashes": 1,
                "num_atom_pairs": 224702,
                "energy": 0.15803027153015137
            }
        },
        "ca_rmsd": 8.186397552490234
    },
    "core": {
        "mean_mae": [
            33.54164505004883,
            40.60286331176758,
            1.7076724767684937,
            0.0
        ],
        "mae_sr": 0.4166666567325592,
        "rmsd": 1.2286871671676636,
        "dihedral_counts": [
            12,
            9,
            1,
            0
        ],
        "seq_len": 13,
        "num_sc": 12
    },
    "surface": {
        "mean_mae": [
            49.829105377197266,
            48.18272399902344,
            53.322505950927734,
            83.9425277709961
        ],
        "mae_sr": 0.2549019753932953,
        "rmsd": 1.7827845811843872,
        "dihedral_counts": [
            51,
            44,
            26,
            12
        ],
        "seq_len": 61,
        "num_sc": 51
    }
}