{
    "all": {
        "mean_mae": [
            19.55091667175293,
            15.76705551147461,
            46.22970199584961,
            39.26529312133789
        ],
        "mae_sr": 0.75,
        "rmsd": 0.5237506628036499,
        "dihedral_counts": [
            104,
            60,
            15,
            7
        ],
        "seq_len": 138,
        "num_sc": 104,
        "clash_info": {
            "100": {
                "num_clashes": 52,
                "num_atom_pairs": 318855,
                "energy": 14.544642448425293
            },
            "90": {
                "num_clashes": 16,
                "num_atom_pairs": 318855,
                "energy": 4.331791877746582
            },
            "80": {
                "num_clashes": 6,
                "num_atom_pairs": 318855,
                "energy": 0.8669722080230713
            }
        },
        "ca_rmsd": 24.86914825439453
    },
    "core": {
        "mean_mae": [
            5.583110809326172,
            12.922127723693848,
            0.9522376656532288,
            8.364331245422363
        ],
        "mae_sr": 0.9259259104728699,
        "rmsd": 0.3018048107624054,
        "dihedral_counts": [
            27,
            15,
            1,
            1
        ],
        "seq_len": 30,
        "num_sc": 27
    },
    "surface": {
        "mean_mae": [
            29.92262840270996,
            22.164714813232422,
            52.68620300292969,
            63.25463104248047
        ],
        "mae_sr": 0.6346153616905212,
        "rmsd": 0.7133467793464661,
        "dihedral_counts": [
            52,
            32,
            9,
            4
        ],
        "seq_len": 76,
        "num_sc": 52
    }
}