{
    "all": {
        "mean_mae": [
            23.046199798583984,
            26.14227867126465,
            66.01492309570312,
            47.01066970825195
        ],
        "mae_sr": 0.5481927990913391,
        "rmsd": 0.9875738024711609,
        "dihedral_counts": [
            166,
            130,
            58,
            29
        ],
        "seq_len": 211,
        "num_sc": 166,
        "clash_info": {
            "100": {
                "num_clashes": 75,
                "num_atom_pairs": 863786,
                "energy": 16.960535049438477
            },
            "90": {
                "num_clashes": 22,
                "num_atom_pairs": 863786,
                "energy": 3.294740915298462
            },
            "80": {
                "num_clashes": 3,
                "num_atom_pairs": 863786,
                "energy": 0.38747119903564453
            }
        },
        "ca_rmsd": 17.00388526916504
    },
    "core": {
        "mean_mae": [
            10.2796049118042,
            15.749152183532715,
            60.64569091796875,
            70.81307983398438
        ],
        "mae_sr": 0.7659574747085571,
        "rmsd": 0.45179644227027893,
        "dihedral_counts": [
            47,
            31,
            7,
            3
        ],
        "seq_len": 82,
        "num_sc": 47
    },
    "surface": {
        "mean_mae": [
            31.915136337280273,
            34.224822998046875,
            73.58878326416016,
            52.8780403137207
        ],
        "mae_sr": 0.4137931168079376,
        "rmsd": 1.3903268575668335,
        "dihedral_counts": [
            87,
            71,
            39,
            20
        ],
        "seq_len": 95,
        "num_sc": 87
    }
}