{
    "all": {
        "mean_mae": [
            25.25018310546875,
            21.963998794555664,
            41.09658432006836,
            42.77255630493164
        ],
        "mae_sr": 0.5909090638160706,
        "rmsd": 0.7819649577140808,
        "dihedral_counts": [
            308,
            224,
            77,
            39
        ],
        "seq_len": 404,
        "num_sc": 308,
        "clash_info": {
            "100": {
                "num_clashes": 256,
                "num_atom_pairs": 3073073,
                "energy": 47.90598678588867
            },
            "90": {
                "num_clashes": 50,
                "num_atom_pairs": 3073073,
                "energy": 7.47913932800293
            },
            "80": {
                "num_clashes": 7,
                "num_atom_pairs": 3073073,
                "energy": 0.8700792789459229
            }
        },
        "ca_rmsd": 13.802140235900879
    },
    "core": {
        "mean_mae": [
            21.31953239440918,
            15.68017578125,
            40.17604446411133,
            44.36204147338867
        ],
        "mae_sr": 0.6824324131011963,
        "rmsd": 0.6813366413116455,
        "dihedral_counts": [
            148,
            107,
            33,
            15
        ],
        "seq_len": 213,
        "num_sc": 148
    },
    "surface": {
        "mean_mae": [
            28.570819854736328,
            27.811513900756836,
            35.640892028808594,
            35.48748016357422
        ],
        "mae_sr": 0.5148515105247498,
        "rmsd": 0.8453660607337952,
        "dihedral_counts": [
            101,
            74,
            27,
            14
        ],
        "seq_len": 118,
        "num_sc": 101
    }
}