{
    "all": {
        "mean_mae": [
            28.386653900146484,
            24.453388214111328,
            28.621036529541016,
            31.47676658630371
        ],
        "mae_sr": 0.6000000238418579,
        "rmsd": 0.8316733837127686,
        "dihedral_counts": [
            150,
            114,
            31,
            12
        ],
        "seq_len": 193,
        "num_sc": 150,
        "clash_info": {
            "100": {
                "num_clashes": 73,
                "num_atom_pairs": 678375,
                "energy": 13.213560104370117
            },
            "90": {
                "num_clashes": 12,
                "num_atom_pairs": 678375,
                "energy": 3.479090452194214
            },
            "80": {
                "num_clashes": 4,
                "num_atom_pairs": 678375,
                "energy": 0.5871257781982422
            }
        },
        "ca_rmsd": 17.85369873046875
    },
    "core": {
        "mean_mae": [
            13.234452247619629,
            14.319445610046387,
            9.536810874938965,
            0.0
        ],
        "mae_sr": 0.8636363744735718,
        "rmsd": 0.39549770951271057,
        "dihedral_counts": [
            22,
            19,
            2,
            0
        ],
        "seq_len": 52,
        "num_sc": 22
    },
    "surface": {
        "mean_mae": [
            32.41971206665039,
            25.542747497558594,
            24.423274993896484,
            31.47676658630371
        ],
        "mae_sr": 0.5051546096801758,
        "rmsd": 0.9826753735542297,
        "dihedral_counts": [
            97,
            72,
            27,
            12
        ],
        "seq_len": 108,
        "num_sc": 97
    }
}