{
    "all": {
        "mean_mae": [
            15.660144805908203,
            23.689542770385742,
            46.78784942626953,
            50.95450210571289
        ],
        "mae_sr": 0.6387434601783752,
        "rmsd": 0.6619369983673096,
        "dihedral_counts": [
            191,
            160,
            52,
            24
        ],
        "seq_len": 230,
        "num_sc": 191,
        "clash_info": {
            "100": {
                "num_clashes": 80,
                "num_atom_pairs": 1146495,
                "energy": 19.421220779418945
            },
            "90": {
                "num_clashes": 21,
                "num_atom_pairs": 1146495,
                "energy": 5.55092716217041
            },
            "80": {
                "num_clashes": 8,
                "num_atom_pairs": 1146495,
                "energy": 0.9874627590179443
            }
        },
        "ca_rmsd": 5.726197719573975
    },
    "core": {
        "mean_mae": [
            11.563089370727539,
            18.938081741333008,
            33.86655044555664,
            85.66764831542969
        ],
        "mae_sr": 0.8333333134651184,
        "rmsd": 0.5233847498893738,
        "dihedral_counts": [
            72,
            56,
            9,
            2
        ],
        "seq_len": 87,
        "num_sc": 72
    },
    "surface": {
        "mean_mae": [
            19.678531646728516,
            26.75705909729004,
            48.949405670166016,
            58.70227813720703
        ],
        "mae_sr": 0.5066666603088379,
        "rmsd": 0.8125479817390442,
        "dihedral_counts": [
            75,
            65,
            28,
            14
        ],
        "seq_len": 90,
        "num_sc": 75
    }
}