{
    "all": {
        "mean_mae": [
            31.753698348999023,
            22.694124221801758,
            60.12883377075195,
            61.92917251586914
        ],
        "mae_sr": 0.4970414340496063,
        "rmsd": 1.0757601261138916,
        "dihedral_counts": [
            169,
            127,
            61,
            28
        ],
        "seq_len": 235,
        "num_sc": 169,
        "clash_info": {
            "100": {
                "num_clashes": 44,
                "num_atom_pairs": 1080169,
                "energy": 3.406794309616089
            },
            "90": {
                "num_clashes": 1,
                "num_atom_pairs": 1080169,
                "energy": 0.026465654373168945
            },
            "80": {
                "num_clashes": 0,
                "num_atom_pairs": 1080169,
                "energy": 0.0
            }
        },
        "ca_rmsd": 16.272666931152344
    },
    "core": {
        "mean_mae": [
            19.95398712158203,
            9.810714721679688,
            11.888650894165039,
            6.221837997436523
        ],
        "mae_sr": 0.8148148059844971,
        "rmsd": 0.40568968653678894,
        "dihedral_counts": [
            27,
            19,
            2,
            2
        ],
        "seq_len": 38,
        "num_sc": 27
    },
    "surface": {
        "mean_mae": [
            40.93132781982422,
            26.223955154418945,
            64.19354248046875,
            60.620182037353516
        ],
        "mae_sr": 0.3921568691730499,
        "rmsd": 1.3373923301696777,
        "dihedral_counts": [
            102,
            77,
            48,
            21
        ],
        "seq_len": 149,
        "num_sc": 102
    }
}