{
    "all": {
        "mean_mae": [
            38.87958526611328,
            35.86527633666992,
            54.46498489379883,
            54.72639846801758
        ],
        "mae_sr": 0.5153846144676208,
        "rmsd": 1.0908948183059692,
        "dihedral_counts": [
            260,
            169,
            45,
            18
        ],
        "seq_len": 338,
        "num_sc": 260,
        "clash_info": {
            "100": {
                "num_clashes": 58,
                "num_atom_pairs": 2140880,
                "energy": 8.45146369934082
            },
            "90": {
                "num_clashes": 4,
                "num_atom_pairs": 2140880,
                "energy": 0.9411184787750244
            },
            "80": {
                "num_clashes": 1,
                "num_atom_pairs": 2140880,
                "energy": 0.03583168983459473
            }
        },
        "ca_rmsd": 6.715993881225586
    },
    "core": {
        "mean_mae": [
            35.86167526245117,
            38.36684799194336,
            108.85942077636719,
            22.745006561279297
        ],
        "mae_sr": 0.5263158082962036,
        "rmsd": 0.9556534290313721,
        "dihedral_counts": [
            38,
            28,
            5,
            2
        ],
        "seq_len": 47,
        "num_sc": 38
    },
    "surface": {
        "mean_mae": [
            42.390655517578125,
            38.32734298706055,
            44.55685043334961,
            70.14012145996094
        ],
        "mae_sr": 0.5151515007019043,
        "rmsd": 1.1370017528533936,
        "dihedral_counts": [
            165,
            95,
            29,
            11
        ],
        "seq_len": 222,
        "num_sc": 165
    }
}