{
    "all": {
        "mean_mae": [
            31.451431274414062,
            38.2126579284668,
            47.84993362426758,
            63.63298416137695
        ],
        "mae_sr": 0.5052631497383118,
        "rmsd": 1.0221781730651855,
        "dihedral_counts": [
            95,
            71,
            32,
            12
        ],
        "seq_len": 117,
        "num_sc": 95,
        "clash_info": {
            "100": {
                "num_clashes": 38,
                "num_atom_pairs": 294373,
                "energy": 4.676791191101074
            },
            "90": {
                "num_clashes": 3,
                "num_atom_pairs": 294373,
                "energy": 0.3533470630645752
            },
            "80": {
                "num_clashes": 0,
                "num_atom_pairs": 294373,
                "energy": 0.0
            }
        },
        "ca_rmsd": 1.631250262260437
    },
    "core": {
        "mean_mae": [
            16.659757614135742,
            32.759613037109375,
            33.336517333984375,
            108.5834732055664
        ],
        "mae_sr": 0.6800000071525574,
        "rmsd": 0.5950002074241638,
        "dihedral_counts": [
            25,
            18,
            3,
            1
        ],
        "seq_len": 35,
        "num_sc": 25
    },
    "surface": {
        "mean_mae": [
            37.67393493652344,
            46.39089584350586,
            53.52406311035156,
            57.90413284301758
        ],
        "mae_sr": 0.3191489279270172,
        "rmsd": 1.3127050399780273,
        "dihedral_counts": [
            47,
            37,
            24,
            9
        ],
        "seq_len": 58,
        "num_sc": 47
    }
}