{
    "all": {
        "mean_mae": [
            21.32322120666504,
            20.03331184387207,
            39.674415588378906,
            57.84572219848633
        ],
        "mae_sr": 0.6845238208770752,
        "rmsd": 0.6256200075149536,
        "dihedral_counts": [
            336,
            239,
            55,
            28
        ],
        "seq_len": 585,
        "num_sc": 336,
        "clash_info": {
            "100": {
                "num_clashes": 109,
                "num_atom_pairs": 3631698,
                "energy": 12.696968078613281
            },
            "90": {
                "num_clashes": 4,
                "num_atom_pairs": 3631698,
                "energy": 0.5554959774017334
            },
            "80": {
                "num_clashes": 1,
                "num_atom_pairs": 3631698,
                "energy": 0.07766962051391602
            }
        },
        "ca_rmsd": 24.506959915161133
    },
    "core": {
        "mean_mae": [
            15.318699836730957,
            17.097192764282227,
            43.46652603149414,
            60.97030258178711
        ],
        "mae_sr": 0.7898089289665222,
        "rmsd": 0.4938853085041046,
        "dihedral_counts": [
            157,
            114,
            19,
            9
        ],
        "seq_len": 359,
        "num_sc": 157
    },
    "surface": {
        "mean_mae": [
            28.746625900268555,
            27.291189193725586,
            44.6849479675293,
            58.984458923339844
        ],
        "mae_sr": 0.5327102541923523,
        "rmsd": 0.8376570343971252,
        "dihedral_counts": [
            107,
            76,
            20,
            13
        ],
        "seq_len": 140,
        "num_sc": 107
    }
}