{
    "all": {
        "mean_mae": [
            26.113510131835938,
            26.149309158325195,
            44.39955139160156,
            68.4451675415039
        ],
        "mae_sr": 0.5633528232574463,
        "rmsd": 0.761060893535614,
        "dihedral_counts": [
            513,
            365,
            109,
            47
        ],
        "seq_len": 635,
        "num_sc": 513,
        "clash_info": {
            "100": {
                "num_clashes": 232,
                "num_atom_pairs": 8358985,
                "energy": 31.363126754760742
            },
            "90": {
                "num_clashes": 19,
                "num_atom_pairs": 8358985,
                "energy": 2.1241447925567627
            },
            "80": {
                "num_clashes": 1,
                "num_atom_pairs": 8358985,
                "energy": 0.278733491897583
            }
        },
        "ca_rmsd": 6.793042182922363
    },
    "core": {
        "mean_mae": [
            17.98743438720703,
            19.992677688598633,
            43.6813850402832,
            46.53901672363281
        ],
        "mae_sr": 0.6995515823364258,
        "rmsd": 0.556625485420227,
        "dihedral_counts": [
            223,
            172,
            38,
            13
        ],
        "seq_len": 278,
        "num_sc": 223
    },
    "surface": {
        "mean_mae": [
            37.58325958251953,
            31.634105682373047,
            40.16935348510742,
            91.09951782226562
        ],
        "mae_sr": 0.4067796468734741,
        "rmsd": 0.996333658695221,
        "dihedral_counts": [
            177,
            114,
            48,
            19
        ],
        "seq_len": 222,
        "num_sc": 177
    }
}