{
    "all": {
        "mean_mae": [
            45.926937103271484,
            38.983245849609375,
            67.29190063476562,
            69.02454376220703
        ],
        "mae_sr": 0.4039735198020935,
        "rmsd": 1.2590018510818481,
        "dihedral_counts": [
            453,
            323,
            82,
            38
        ],
        "seq_len": 640,
        "num_sc": 453,
        "clash_info": {
            "100": {
                "num_clashes": 265,
                "num_atom_pairs": 6430869,
                "energy": 43.67512893676758
            },
            "90": {
                "num_clashes": 37,
                "num_atom_pairs": 6430869,
                "energy": 7.1038713455200195
            },
            "80": {
                "num_clashes": 8,
                "num_atom_pairs": 6430869,
                "energy": 0.9285869598388672
            }
        },
        "ca_rmsd": 123.59960174560547
    },
    "core": {
        "mean_mae": [
            43.0217170715332,
            34.41582107543945,
            66.71578216552734,
            64.1717529296875
        ],
        "mae_sr": 0.43939393758773804,
        "rmsd": 1.186776876449585,
        "dihedral_counts": [
            264,
            187,
            51,
            24
        ],
        "seq_len": 396,
        "num_sc": 264
    },
    "surface": {
        "mean_mae": [
            52.35524368286133,
            46.30909729003906,
            45.81177520751953,
            88.13819122314453
        ],
        "mae_sr": 0.3333333432674408,
        "rmsd": 1.3062654733657837,
        "dihedral_counts": [
            102,
            73,
            16,
            3
        ],
        "seq_len": 141,
        "num_sc": 102
    }
}