{
    "all": {
        "mean_mae": [
            61.8476676940918,
            49.49017333984375,
            64.95970916748047,
            68.3728256225586
        ],
        "mae_sr": 0.1910112351179123,
        "rmsd": 1.8182722330093384,
        "dihedral_counts": [
            89,
            74,
            28,
            14
        ],
        "seq_len": 116,
        "num_sc": 89,
        "clash_info": {
            "100": {
                "num_clashes": 23,
                "num_atom_pairs": 247833,
                "energy": 2.6908586025238037
            },
            "90": {
                "num_clashes": 0,
                "num_atom_pairs": 247833,
                "energy": 0.0
            },
            "80": {
                "num_clashes": 0,
                "num_atom_pairs": 247833,
                "energy": 0.0
            }
        },
        "ca_rmsd": 8.874334335327148
    },
    "core": {
        "mean_mae": [
            55.95429229736328,
            38.788936614990234,
            79.01697540283203,
            61.11540603637695
        ],
        "mae_sr": 0.2800000011920929,
        "rmsd": 1.8044683933258057,
        "dihedral_counts": [
            25,
            23,
            6,
            6
        ],
        "seq_len": 41,
        "num_sc": 25
    },
    "surface": {
        "mean_mae": [
            68.68987274169922,
            54.05704116821289,
            63.63764190673828,
            82.44953155517578
        ],
        "mae_sr": 0.11363636702299118,
        "rmsd": 1.9365347623825073,
        "dihedral_counts": [
            44,
            37,
            20,
            7
        ],
        "seq_len": 50,
        "num_sc": 44
    }
}