{
    "all": {
        "mean_mae": [
            39.03059387207031,
            38.69120407104492,
            58.53941345214844,
            69.46671295166016
        ],
        "mae_sr": 0.39666667580604553,
        "rmsd": 1.2402111291885376,
        "dihedral_counts": [
            300,
            236,
            90,
            35
        ],
        "seq_len": 381,
        "num_sc": 300,
        "clash_info": {
            "100": {
                "num_clashes": 68,
                "num_atom_pairs": 3069180,
                "energy": 10.772937774658203
            },
            "90": {
                "num_clashes": 8,
                "num_atom_pairs": 3069180,
                "energy": 1.448369026184082
            },
            "80": {
                "num_clashes": 1,
                "num_atom_pairs": 3069180,
                "energy": 0.27084922790527344
            }
        },
        "ca_rmsd": 49.13887023925781
    },
    "core": {
        "mean_mae": [
            18.633968353271484,
            25.772937774658203,
            94.9939956665039,
            82.55823516845703
        ],
        "mae_sr": 0.5283018946647644,
        "rmsd": 0.7366042137145996,
        "dihedral_counts": [
            53,
            41,
            6,
            2
        ],
        "seq_len": 69,
        "num_sc": 53
    },
    "surface": {
        "mean_mae": [
            51.20100402832031,
            43.29600524902344,
            57.22594451904297,
            71.18082427978516
        ],
        "mae_sr": 0.31410256028175354,
        "rmsd": 1.5500714778900146,
        "dihedral_counts": [
            156,
            119,
            64,
            25
        ],
        "seq_len": 212,
        "num_sc": 156
    }
}