{
    "all": {
        "mean_mae": [
            24.23504638671875,
            34.196258544921875,
            53.7376594543457,
            43.40392303466797
        ],
        "mae_sr": 0.6374269127845764,
        "rmsd": 0.8774468302726746,
        "dihedral_counts": [
            171,
            134,
            37,
            16
        ],
        "seq_len": 227,
        "num_sc": 171,
        "clash_info": {
            "100": {
                "num_clashes": 55,
                "num_atom_pairs": 1015040,
                "energy": 7.69179105758667
            },
            "90": {
                "num_clashes": 6,
                "num_atom_pairs": 1015040,
                "energy": 0.6954476833343506
            },
            "80": {
                "num_clashes": 0,
                "num_atom_pairs": 1015040,
                "energy": 0.0
            }
        },
        "ca_rmsd": 11.494638442993164
    },
    "core": {
        "mean_mae": [
            13.434228897094727,
            14.663203239440918,
            37.56826400756836,
            10.305337905883789
        ],
        "mae_sr": 0.8533333539962769,
        "rmsd": 0.42269963026046753,
        "dihedral_counts": [
            75,
            53,
            8,
            2
        ],
        "seq_len": 101,
        "num_sc": 75
    },
    "surface": {
        "mean_mae": [
            30.48585319519043,
            53.12630844116211,
            56.38313293457031,
            39.01887512207031
        ],
        "mae_sr": 0.4571428596973419,
        "rmsd": 1.3084386587142944,
        "dihedral_counts": [
            70,
            59,
            22,
            11
        ],
        "seq_len": 91,
        "num_sc": 70
    }
}