{
    "all": {
        "mean_mae": [
            39.73197555541992,
            41.82191467285156,
            56.24626922607422,
            57.58961868286133
        ],
        "mae_sr": 0.4275861978530884,
        "rmsd": 1.198602557182312,
        "dihedral_counts": [
            290,
            217,
            73,
            35
        ],
        "seq_len": 343,
        "num_sc": 290,
        "clash_info": {
            "100": {
                "num_clashes": 64,
                "num_atom_pairs": 2537697,
                "energy": 5.069683074951172
            },
            "90": {
                "num_clashes": 2,
                "num_atom_pairs": 2537697,
                "energy": 0.13443589210510254
            },
            "80": {
                "num_clashes": 0,
                "num_atom_pairs": 2537697,
                "energy": 0.0
            }
        },
        "ca_rmsd": 28.30461883544922
    },
    "core": {
        "mean_mae": [
            6.036787986755371,
            12.414653778076172,
            0.0,
            0.0
        ],
        "mae_sr": 0.8947368264198303,
        "rmsd": 0.24255883693695068,
        "dihedral_counts": [
            19,
            11,
            0,
            0
        ],
        "seq_len": 23,
        "num_sc": 19
    },
    "surface": {
        "mean_mae": [
            41.4794921875,
            43.313323974609375,
            56.86355209350586,
            55.019657135009766
        ],
        "mae_sr": 0.3935742974281311,
        "rmsd": 1.2639316320419312,
        "dihedral_counts": [
            249,
            192,
            63,
            29
        ],
        "seq_len": 295,
        "num_sc": 249
    }
}