{
    "all": {
        "mean_mae": [
            32.71842956542969,
            42.220584869384766,
            49.12907028198242,
            53.541351318359375
        ],
        "mae_sr": 0.4864864945411682,
        "rmsd": 1.3524271249771118,
        "dihedral_counts": [
            37,
            26,
            17,
            12
        ],
        "seq_len": 48,
        "num_sc": 37,
        "clash_info": {
            "100": {
                "num_clashes": 2,
                "num_atom_pairs": 45925,
                "energy": 0.3164045810699463
            },
            "90": {
                "num_clashes": 0,
                "num_atom_pairs": 45925,
                "energy": 0.0
            },
            "80": {
                "num_clashes": 0,
                "num_atom_pairs": 45925,
                "energy": 0.0
            }
        },
        "ca_rmsd": 8.978750228881836
    },
    "core": {
        "mean_mae": [
            0.0,
            0.0,
            0.0,
            0.0
        ],
        "mae_sr": 1.0,
        "rmsd": 0.0,
        "dihedral_counts": [
            0,
            0,
            0,
            0
        ],
        "seq_len": 0,
        "num_sc": 0
    },
    "surface": {
        "mean_mae": [
            32.71842956542969,
            42.220584869384766,
            49.12907028198242,
            53.541351318359375
        ],
        "mae_sr": 0.4864864945411682,
        "rmsd": 1.3524271249771118,
        "dihedral_counts": [
            37,
            26,
            17,
            12
        ],
        "seq_len": 48,
        "num_sc": 37
    }
}