{
    "all": {
        "mean_mae": [
            38.49819564819336,
            31.638702392578125,
            62.735260009765625,
            46.92686462402344
        ],
        "mae_sr": 0.43939393758773804,
        "rmsd": 1.0625485181808472,
        "dihedral_counts": [
            66,
            47,
            20,
            12
        ],
        "seq_len": 116,
        "num_sc": 66,
        "clash_info": {
            "100": {
                "num_clashes": 27,
                "num_atom_pairs": 153348,
                "energy": 5.092482566833496
            },
            "90": {
                "num_clashes": 7,
                "num_atom_pairs": 153348,
                "energy": 0.6848156452178955
            },
            "80": {
                "num_clashes": 0,
                "num_atom_pairs": 153348,
                "energy": 0.0
            }
        },
        "ca_rmsd": 18.70526695251465
    },
    "core": {
        "mean_mae": [
            11.5030517578125,
            7.981632232666016,
            35.439666748046875,
            43.141597747802734
        ],
        "mae_sr": 0.7333333492279053,
        "rmsd": 0.5392029881477356,
        "dihedral_counts": [
            15,
            10,
            3,
            3
        ],
        "seq_len": 55,
        "num_sc": 15
    },
    "surface": {
        "mean_mae": [
            46.56513977050781,
            34.411651611328125,
            56.43484878540039,
            37.42546463012695
        ],
        "mae_sr": 0.3499999940395355,
        "rmsd": 1.1681952476501465,
        "dihedral_counts": [
            40,
            28,
            14,
            6
        ],
        "seq_len": 47,
        "num_sc": 40
    }
}