{
    "all": {
        "mean_mae": [
            24.987903594970703,
            28.18537712097168,
            52.45014953613281,
            67.36866760253906
        ],
        "mae_sr": 0.5449010729789734,
        "rmsd": 0.7934722900390625,
        "dihedral_counts": [
            657,
            494,
            154,
            76
        ],
        "seq_len": 765,
        "num_sc": 657,
        "clash_info": {
            "100": {
                "num_clashes": 231,
                "num_atom_pairs": 13885146,
                "energy": 39.412567138671875
            },
            "90": {
                "num_clashes": 38,
                "num_atom_pairs": 13885146,
                "energy": 7.521805763244629
            },
            "80": {
                "num_clashes": 7,
                "num_atom_pairs": 13885146,
                "energy": 0.7436032295227051
            }
        },
        "ca_rmsd": 9.057027455128264e-06
    },
    "core": {
        "mean_mae": [
            15.362614631652832,
            16.57461929321289,
            42.94849395751953,
            65.19222259521484
        ],
        "mae_sr": 0.7084870934486389,
        "rmsd": 0.4644714593887329,
        "dihedral_counts": [
            271,
            196,
            31,
            11
        ],
        "seq_len": 313,
        "num_sc": 271
    },
    "surface": {
        "mean_mae": [
            37.517784118652344,
            40.185768127441406,
            59.12010955810547,
            75.25227355957031
        ],
        "mae_sr": 0.375545859336853,
        "rmsd": 1.237035870552063,
        "dihedral_counts": [
            229,
            175,
            83,
            43
        ],
        "seq_len": 278,
        "num_sc": 229
    }
}