{
    "all": {
        "mean_mae": [
            15.222041130065918,
            19.729310989379883,
            43.23911666870117,
            79.72821044921875
        ],
        "mae_sr": 0.6238532066345215,
        "rmsd": 0.602674126625061,
        "dihedral_counts": [
            436,
            341,
            124,
            64
        ],
        "seq_len": 482,
        "num_sc": 436,
        "clash_info": {
            "100": {
                "num_clashes": 171,
                "num_atom_pairs": 5878583,
                "energy": 32.70425796508789
            },
            "90": {
                "num_clashes": 29,
                "num_atom_pairs": 5878583,
                "energy": 8.119730949401855
            },
            "80": {
                "num_clashes": 10,
                "num_atom_pairs": 5878583,
                "energy": 2.436192035675049
            }
        },
        "ca_rmsd": 4.363927018857794e-06
    },
    "core": {
        "mean_mae": [
            7.6348161697387695,
            11.791805267333984,
            27.743642807006836,
            76.13268280029297
        ],
        "mae_sr": 0.7793103456497192,
        "rmsd": 0.354076623916626,
        "dihedral_counts": [
            145,
            114,
            30,
            11
        ],
        "seq_len": 157,
        "num_sc": 145
    },
    "surface": {
        "mean_mae": [
            20.73699378967285,
            26.066389083862305,
            46.73322677612305,
            87.0729751586914
        ],
        "mae_sr": 0.5106382966041565,
        "rmsd": 0.7799673676490784,
        "dihedral_counts": [
            188,
            146,
            62,
            33
        ],
        "seq_len": 211,
        "num_sc": 188
    }
}