{
    "all": {
        "mean_mae": [
            27.032567977905273,
            33.04084396362305,
            56.89790725708008,
            81.81644439697266
        ],
        "mae_sr": 0.4528301954269409,
        "rmsd": 0.912693977355957,
        "dihedral_counts": [
            212,
            166,
            59,
            28
        ],
        "seq_len": 242,
        "num_sc": 212,
        "clash_info": {
            "100": {
                "num_clashes": 91,
                "num_atom_pairs": 1402150,
                "energy": 14.741846084594727
            },
            "90": {
                "num_clashes": 11,
                "num_atom_pairs": 1402150,
                "energy": 1.9234262704849243
            },
            "80": {
                "num_clashes": 2,
                "num_atom_pairs": 1402150,
                "energy": 0.18045711517333984
            }
        },
        "ca_rmsd": 8.494601502206933e-07
    },
    "core": {
        "mean_mae": [
            20.161941528320312,
            15.58469295501709,
            82.97650146484375,
            40.66047286987305
        ],
        "mae_sr": 0.625,
        "rmsd": 0.5325924754142761,
        "dihedral_counts": [
            64,
            47,
            5,
            1
        ],
        "seq_len": 77,
        "num_sc": 64
    },
    "surface": {
        "mean_mae": [
            29.125091552734375,
            40.447410583496094,
            54.578636169433594,
            91.58102416992188
        ],
        "mae_sr": 0.3541666567325592,
        "rmsd": 1.1175050735473633,
        "dihedral_counts": [
            96,
            80,
            40,
            20
        ],
        "seq_len": 109,
        "num_sc": 96
    }
}