{
    "all": {
        "mean_mae": [
            38.04462814331055,
            32.6414680480957,
            64.43602752685547,
            80.47488403320312
        ],
        "mae_sr": 0.4375,
        "rmsd": 1.0528994798660278,
        "dihedral_counts": [
            272,
            205,
            57,
            27
        ],
        "seq_len": 297,
        "num_sc": 272,
        "clash_info": {
            "100": {
                "num_clashes": 115,
                "num_atom_pairs": 2207413,
                "energy": 21.385330200195312
            },
            "90": {
                "num_clashes": 19,
                "num_atom_pairs": 2207413,
                "energy": 4.037320137023926
            },
            "80": {
                "num_clashes": 5,
                "num_atom_pairs": 2207413,
                "energy": 0.7889041900634766
            }
        },
        "ca_rmsd": 0.0
    },
    "core": {
        "mean_mae": [
            22.015687942504883,
            26.976112365722656,
            62.13412094116211,
            14.943702697753906
        ],
        "mae_sr": 0.6181818246841431,
        "rmsd": 0.7008886933326721,
        "dihedral_counts": [
            55,
            42,
            7,
            1
        ],
        "seq_len": 64,
        "num_sc": 55
    },
    "surface": {
        "mean_mae": [
            48.10091018676758,
            37.72396469116211,
            73.43136596679688,
            81.55866241455078
        ],
        "mae_sr": 0.3239436745643616,
        "rmsd": 1.3017892837524414,
        "dihedral_counts": [
            142,
            108,
            34,
            20
        ],
        "seq_len": 152,
        "num_sc": 142
    }
}