{
    "all": {
        "mean_mae": [
            19.17464828491211,
            22.97949981689453,
            59.28354263305664,
            80.56194305419922
        ],
        "mae_sr": 0.6385542154312134,
        "rmsd": 0.7460689544677734,
        "dihedral_counts": [
            166,
            130,
            58,
            29
        ],
        "seq_len": 179,
        "num_sc": 166,
        "clash_info": {
            "100": {
                "num_clashes": 41,
                "num_atom_pairs": 863786,
                "energy": 7.608447074890137
            },
            "90": {
                "num_clashes": 5,
                "num_atom_pairs": 863786,
                "energy": 0.9720199108123779
            },
            "80": {
                "num_clashes": 0,
                "num_atom_pairs": 863786,
                "energy": 0.0
            }
        },
        "ca_rmsd": 2.391864200035343e-06
    },
    "core": {
        "mean_mae": [
            13.45831298828125,
            16.526369094848633,
            38.6423225402832,
            11.798346519470215
        ],
        "mae_sr": 0.8297872543334961,
        "rmsd": 0.3683592677116394,
        "dihedral_counts": [
            47,
            31,
            7,
            3
        ],
        "seq_len": 50,
        "num_sc": 47
    },
    "surface": {
        "mean_mae": [
            23.969995498657227,
            28.22256851196289,
            65.12458038330078,
            100.32289123535156
        ],
        "mae_sr": 0.5057471394538879,
        "rmsd": 1.0448076725006104,
        "dihedral_counts": [
            87,
            71,
            39,
            20
        ],
        "seq_len": 95,
        "num_sc": 87
    }
}