{
    "all": {
        "mean_mae": [
            35.23991394042969,
            41.65387725830078,
            43.595245361328125,
            81.59427642822266
        ],
        "mae_sr": 0.28735631704330444,
        "rmsd": 1.1696221828460693,
        "dihedral_counts": [
            87,
            75,
            29,
            15
        ],
        "seq_len": 95,
        "num_sc": 87,
        "clash_info": {
            "100": {
                "num_clashes": 29,
                "num_atom_pairs": 237281,
                "energy": 5.366742134094238
            },
            "90": {
                "num_clashes": 5,
                "num_atom_pairs": 237281,
                "energy": 0.49643707275390625
            },
            "80": {
                "num_clashes": 0,
                "num_atom_pairs": 237281,
                "energy": 0.0
            }
        },
        "ca_rmsd": 1.64891184795124e-06
    },
    "core": {
        "mean_mae": [
            16.331153869628906,
            39.84733581542969,
            49.59779357910156,
            0.0
        ],
        "mae_sr": 0.3636363744735718,
        "rmsd": 0.6921723484992981,
        "dihedral_counts": [
            11,
            10,
            1,
            0
        ],
        "seq_len": 13,
        "num_sc": 11
    },
    "surface": {
        "mean_mae": [
            38.42088317871094,
            41.16838455200195,
            44.62716293334961,
            80.60693359375
        ],
        "mae_sr": 0.25925925374031067,
        "rmsd": 1.2884581089019775,
        "dihedral_counts": [
            54,
            45,
            24,
            13
        ],
        "seq_len": 58,
        "num_sc": 54
    }
}