{
    "all": {
        "mean_mae": [
            29.075807571411133,
            33.279056549072266,
            56.76305389404297,
            59.28853225708008
        ],
        "mae_sr": 0.47058823704719543,
        "rmsd": 1.1019142866134644,
        "dihedral_counts": [
            289,
            237,
            68,
            32
        ],
        "seq_len": 365,
        "num_sc": 289,
        "clash_info": {
            "100": {
                "num_clashes": 127,
                "num_atom_pairs": 3170435,
                "energy": 22.204208374023438
            },
            "90": {
                "num_clashes": 23,
                "num_atom_pairs": 3170435,
                "energy": 3.1198489665985107
            },
            "80": {
                "num_clashes": 2,
                "num_atom_pairs": 3170435,
                "energy": 0.23541665077209473
            }
        },
        "ca_rmsd": 6.2057702052698005e-06
    },
    "core": {
        "mean_mae": [
            19.788339614868164,
            22.219951629638672,
            49.79325485229492,
            38.566837310791016
        ],
        "mae_sr": 0.6071428656578064,
        "rmsd": 0.6748058795928955,
        "dihedral_counts": [
            84,
            64,
            12,
            5
        ],
        "seq_len": 107,
        "num_sc": 84
    },
    "surface": {
        "mean_mae": [
            41.63569641113281,
            49.33985900878906,
            62.573307037353516,
            65.35665130615234
        ],
        "mae_sr": 0.3305084705352783,
        "rmsd": 1.6718248128890991,
        "dihedral_counts": [
            118,
            102,
            38,
            21
        ],
        "seq_len": 144,
        "num_sc": 118
    }
}