{
    "all": {
        "mean_mae": [
            13.48731517791748,
            21.860279083251953,
            38.987022399902344,
            76.89022064208984
        ],
        "mae_sr": 0.6527777910232544,
        "rmsd": 0.5560948252677917,
        "dihedral_counts": [
            144,
            115,
            34,
            18
        ],
        "seq_len": 169,
        "num_sc": 144,
        "clash_info": {
            "100": {
                "num_clashes": 45,
                "num_atom_pairs": 685126,
                "energy": 7.30565071105957
            },
            "90": {
                "num_clashes": 8,
                "num_atom_pairs": 685126,
                "energy": 1.3191611766815186
            },
            "80": {
                "num_clashes": 1,
                "num_atom_pairs": 685126,
                "energy": 0.0004658699035644531
            }
        },
        "ca_rmsd": 4.817175522475736e-06
    },
    "core": {
        "mean_mae": [
            6.940804481506348,
            15.636463165283203,
            37.171600341796875,
            17.5302791595459
        ],
        "mae_sr": 0.8199999928474426,
        "rmsd": 0.36006051301956177,
        "dihedral_counts": [
            50,
            36,
            8,
            3
        ],
        "seq_len": 62,
        "num_sc": 50
    },
    "surface": {
        "mean_mae": [
            18.79762840270996,
            28.712900161743164,
            43.185279846191406,
            83.9762191772461
        ],
        "mae_sr": 0.4642857015132904,
        "rmsd": 0.7696173787117004,
        "dihedral_counts": [
            56,
            47,
            18,
            12
        ],
        "seq_len": 65,
        "num_sc": 56
    }
}