{
    "all": {
        "mean_mae": [
            20.15444564819336,
            19.67580795288086,
            25.642257690429688,
            38.163291931152344
        ],
        "mae_sr": 0.6559139490127563,
        "rmsd": 0.5803616642951965,
        "dihedral_counts": [
            93,
            68,
            29,
            14
        ],
        "seq_len": 119,
        "num_sc": 93,
        "clash_info": {
            "100": {
                "num_clashes": 15,
                "num_atom_pairs": 279891,
                "energy": 1.4674036502838135
            },
            "90": {
                "num_clashes": 0,
                "num_atom_pairs": 279891,
                "energy": 0.0
            },
            "80": {
                "num_clashes": 0,
                "num_atom_pairs": 279891,
                "energy": 0.0
            }
        },
        "ca_rmsd": 2.089487225021003e-06
    },
    "core": {
        "mean_mae": [
            4.234821319580078,
            8.271327018737793,
            32.85410690307617,
            0.0
        ],
        "mae_sr": 0.95652174949646,
        "rmsd": 0.19039340317249298,
        "dihedral_counts": [
            23,
            15,
            3,
            0
        ],
        "seq_len": 29,
        "num_sc": 23
    },
    "surface": {
        "mean_mae": [
            35.599666595458984,
            28.392141342163086,
            26.312114715576172,
            40.98261642456055
        ],
        "mae_sr": 0.41304346919059753,
        "rmsd": 0.9565876126289368,
        "dihedral_counts": [
            46,
            36,
            22,
            12
        ],
        "seq_len": 59,
        "num_sc": 46
    }
}