{
    "all": {
        "mean_mae": [
            34.23577117919922,
            38.68974685668945,
            41.63184356689453,
            68.55738830566406
        ],
        "mae_sr": 0.38297873735427856,
        "rmsd": 1.0648784637451172,
        "dihedral_counts": [
            94,
            78,
            29,
            11
        ],
        "seq_len": 100,
        "num_sc": 94,
        "clash_info": {
            "100": {
                "num_clashes": 28,
                "num_atom_pairs": 266728,
                "energy": 3.971365213394165
            },
            "90": {
                "num_clashes": 2,
                "num_atom_pairs": 266728,
                "energy": 0.41312217712402344
            },
            "80": {
                "num_clashes": 1,
                "num_atom_pairs": 266728,
                "energy": 0.028331279754638672
            }
        },
        "ca_rmsd": 2.28881845032447e-06
    },
    "core": {
        "mean_mae": [
            15.0646333694458,
            52.36817169189453,
            68.79963684082031,
            0.0
        ],
        "mae_sr": 0.4000000059604645,
        "rmsd": 0.6734774708747864,
        "dihedral_counts": [
            10,
            10,
            1,
            0
        ],
        "seq_len": 10,
        "num_sc": 10
    },
    "surface": {
        "mean_mae": [
            44.22974395751953,
            45.04254150390625,
            42.490631103515625,
            70.89270782470703
        ],
        "mae_sr": 0.3103448152542114,
        "rmsd": 1.3442128896713257,
        "dihedral_counts": [
            58,
            47,
            22,
            9
        ],
        "seq_len": 63,
        "num_sc": 58
    }
}