{
    "all": {
        "mean_mae": [
            10.204626083374023,
            15.790604591369629,
            38.8397216796875,
            53.88296127319336
        ],
        "mae_sr": 0.7844575047492981,
        "rmsd": 0.41560807824134827,
        "dihedral_counts": [
            682,
            480,
            123,
            57
        ],
        "seq_len": 832,
        "num_sc": 682,
        "clash_info": {
            "100": {
                "num_clashes": 208,
                "num_atom_pairs": 14330928,
                "energy": 31.95616912841797
            },
            "90": {
                "num_clashes": 25,
                "num_atom_pairs": 14330928,
                "energy": 4.96835994720459
            },
            "80": {
                "num_clashes": 6,
                "num_atom_pairs": 14330928,
                "energy": 0.7792189121246338
            }
        },
        "ca_rmsd": 1.0626020412018988e-05
    },
    "core": {
        "mean_mae": [
            4.901749134063721,
            11.306434631347656,
            29.992225646972656,
            48.528892517089844
        ],
        "mae_sr": 0.8885350227355957,
        "rmsd": 0.29340341687202454,
        "dihedral_counts": [
            314,
            234,
            41,
            23
        ],
        "seq_len": 391,
        "num_sc": 314
    },
    "surface": {
        "mean_mae": [
            15.310674667358398,
            20.89027976989746,
            48.03278732299805,
            67.3564682006836
        ],
        "mae_sr": 0.7213930487632751,
        "rmsd": 0.5028280019760132,
        "dihedral_counts": [
            201,
            126,
            40,
            13
        ],
        "seq_len": 242,
        "num_sc": 201
    }
}