{
    "all": {
        "mean_mae": [
            35.04168701171875,
            36.427947998046875,
            57.927284240722656,
            58.016151428222656
        ],
        "mae_sr": 0.3112582862377167,
        "rmsd": 1.043747901916504,
        "dihedral_counts": [
            151,
            128,
            44,
            20
        ],
        "seq_len": 161,
        "num_sc": 151,
        "clash_info": {
            "100": {
                "num_clashes": 48,
                "num_atom_pairs": 683399,
                "energy": 7.497963905334473
            },
            "90": {
                "num_clashes": 8,
                "num_atom_pairs": 683399,
                "energy": 1.2875843048095703
            },
            "80": {
                "num_clashes": 1,
                "num_atom_pairs": 683399,
                "energy": 0.12727808952331543
            }
        },
        "ca_rmsd": 3.506037728584488e-06
    },
    "core": {
        "mean_mae": [
            23.56577491760254,
            28.221723556518555,
            84.149658203125,
            47.77774429321289
        ],
        "mae_sr": 0.48571428656578064,
        "rmsd": 0.624573826789856,
        "dihedral_counts": [
            35,
            32,
            5,
            2
        ],
        "seq_len": 40,
        "num_sc": 35
    },
    "surface": {
        "mean_mae": [
            43.99025344848633,
            37.924774169921875,
            59.20944595336914,
            55.93344497680664
        ],
        "mae_sr": 0.2702702581882477,
        "rmsd": 1.3069080114364624,
        "dihedral_counts": [
            74,
            62,
            26,
            14
        ],
        "seq_len": 77,
        "num_sc": 74
    }
}