{
    "all": {
        "mean_mae": [
            33.29772186279297,
            30.590906143188477,
            50.056129455566406,
            58.23285675048828
        ],
        "mae_sr": 0.4554140269756317,
        "rmsd": 1.0298118591308594,
        "dihedral_counts": [
            314,
            240,
            66,
            30
        ],
        "seq_len": 390,
        "num_sc": 314,
        "clash_info": {
            "100": {
                "num_clashes": 81,
                "num_atom_pairs": 3145561,
                "energy": 7.862541198730469
            },
            "90": {
                "num_clashes": 1,
                "num_atom_pairs": 3145561,
                "energy": 0.03973245620727539
            },
            "80": {
                "num_clashes": 0,
                "num_atom_pairs": 3145561,
                "energy": 0.0
            }
        },
        "ca_rmsd": 8.464053280476946e-06
    },
    "core": {
        "mean_mae": [
            11.541009902954102,
            23.323421478271484,
            82.84420013427734,
            140.65496826171875
        ],
        "mae_sr": 0.800000011920929,
        "rmsd": 0.43590712547302246,
        "dihedral_counts": [
            20,
            13,
            2,
            1
        ],
        "seq_len": 24,
        "num_sc": 20
    },
    "surface": {
        "mean_mae": [
            35.92095184326172,
            31.678794860839844,
            51.26225280761719,
            55.20179748535156
        ],
        "mae_sr": 0.42181816697120667,
        "rmsd": 1.0913161039352417,
        "dihedral_counts": [
            275,
            211,
            58,
            26
        ],
        "seq_len": 340,
        "num_sc": 275
    }
}