{
    "all": {
        "mean_mae": [
            24.151697158813477,
            25.751209259033203,
            55.396610260009766,
            62.30356979370117
        ],
        "mae_sr": 0.5364238619804382,
        "rmsd": 0.727897584438324,
        "dihedral_counts": [
            453,
            323,
            82,
            38
        ],
        "seq_len": 563,
        "num_sc": 453,
        "clash_info": {
            "100": {
                "num_clashes": 327,
                "num_atom_pairs": 6430869,
                "energy": 41.51214599609375
            },
            "90": {
                "num_clashes": 19,
                "num_atom_pairs": 6430869,
                "energy": 4.513697624206543
            },
            "80": {
                "num_clashes": 6,
                "num_atom_pairs": 6430869,
                "energy": 1.4334050416946411
            }
        },
        "ca_rmsd": 0.0
    },
    "core": {
        "mean_mae": [
            16.436511993408203,
            22.382694244384766,
            52.18545913696289,
            60.0622444152832
        ],
        "mae_sr": 0.6212121248245239,
        "rmsd": 0.5763484835624695,
        "dihedral_counts": [
            264,
            187,
            51,
            24
        ],
        "seq_len": 319,
        "num_sc": 264
    },
    "surface": {
        "mean_mae": [
            47.057342529296875,
            35.4468994140625,
            57.1245231628418,
            69.137451171875
        ],
        "mae_sr": 0.3921568691730499,
        "rmsd": 1.1322484016418457,
        "dihedral_counts": [
            102,
            73,
            16,
            3
        ],
        "seq_len": 141,
        "num_sc": 102
    }
}