{
    "all": {
        "mean_mae": [
            14.57310676574707,
            19.779827117919922,
            28.510095596313477,
            75.34501647949219
        ],
        "mae_sr": 0.7314814925193787,
        "rmsd": 0.5609211921691895,
        "dihedral_counts": [
            108,
            70,
            25,
            10
        ],
        "seq_len": 125,
        "num_sc": 108,
        "clash_info": {
            "100": {
                "num_clashes": 36,
                "num_atom_pairs": 330785,
                "energy": 4.926562309265137
            },
            "90": {
                "num_clashes": 2,
                "num_atom_pairs": 330785,
                "energy": 0.7432775497436523
            },
            "80": {
                "num_clashes": 1,
                "num_atom_pairs": 330785,
                "energy": 0.2101428508758545
            }
        },
        "ca_rmsd": 2.725865897446056e-06
    },
    "core": {
        "mean_mae": [
            4.586299419403076,
            10.209653854370117,
            28.257389068603516,
            31.021299362182617
        ],
        "mae_sr": 0.8571428656578064,
        "rmsd": 0.23720470070838928,
        "dihedral_counts": [
            28,
            17,
            2,
            1
        ],
        "seq_len": 30,
        "num_sc": 28
    },
    "surface": {
        "mean_mae": [
            21.116893768310547,
            26.1383113861084,
            31.33424186706543,
            83.5341796875
        ],
        "mae_sr": 0.682539701461792,
        "rmsd": 0.7588545680046082,
        "dihedral_counts": [
            63,
            38,
            18,
            8
        ],
        "seq_len": 76,
        "num_sc": 63
    }
}