{
    "all": {
        "mean_mae": [
            12.670458793640137,
            23.59929656982422,
            40.07114028930664,
            48.024070739746094
        ],
        "mae_sr": 0.6514285802841187,
        "rmsd": 0.5552498698234558,
        "dihedral_counts": [
            175,
            135,
            46,
            23
        ],
        "seq_len": 195,
        "num_sc": 175,
        "clash_info": {
            "100": {
                "num_clashes": 81,
                "num_atom_pairs": 946761,
                "energy": 9.093620300292969
            },
            "90": {
                "num_clashes": 2,
                "num_atom_pairs": 946761,
                "energy": 0.23269915580749512
            },
            "80": {
                "num_clashes": 0,
                "num_atom_pairs": 946761,
                "energy": 0.0
            }
        },
        "ca_rmsd": 2.0853030946454965e-06
    },
    "core": {
        "mean_mae": [
            8.095759391784668,
            14.021862030029297,
            41.39340591430664,
            60.125701904296875
        ],
        "mae_sr": 0.8360655903816223,
        "rmsd": 0.3565666377544403,
        "dihedral_counts": [
            61,
            44,
            3,
            2
        ],
        "seq_len": 73,
        "num_sc": 61
    },
    "surface": {
        "mean_mae": [
            15.423466682434082,
            26.375532150268555,
            38.2762451171875,
            48.95174789428711
        ],
        "mae_sr": 0.5512820482254028,
        "rmsd": 0.7272140979766846,
        "dihedral_counts": [
            78,
            64,
            35,
            17
        ],
        "seq_len": 83,
        "num_sc": 78
    }
}