{
    "all": {
        "mean_mae": [
            31.25697898864746,
            34.81793975830078,
            51.724815368652344,
            61.449066162109375
        ],
        "mae_sr": 0.4633333384990692,
        "rmsd": 1.0233848094940186,
        "dihedral_counts": [
            300,
            236,
            90,
            35
        ],
        "seq_len": 365,
        "num_sc": 300,
        "clash_info": {
            "100": {
                "num_clashes": 85,
                "num_atom_pairs": 3069180,
                "energy": 8.787480354309082
            },
            "90": {
                "num_clashes": 3,
                "num_atom_pairs": 3069180,
                "energy": 0.7186493873596191
            },
            "80": {
                "num_clashes": 1,
                "num_atom_pairs": 3069180,
                "energy": 0.04612588882446289
            }
        },
        "ca_rmsd": 1.8730742112893495e-06
    },
    "core": {
        "mean_mae": [
            14.131701469421387,
            19.711565017700195,
            52.2161865234375,
            59.23768997192383
        ],
        "mae_sr": 0.6603773832321167,
        "rmsd": 0.5951074957847595,
        "dihedral_counts": [
            53,
            41,
            6,
            2
        ],
        "seq_len": 69,
        "num_sc": 53
    },
    "surface": {
        "mean_mae": [
            44.72298049926758,
            43.98270034790039,
            55.555301666259766,
            59.5066032409668
        ],
        "mae_sr": 0.3461538553237915,
        "rmsd": 1.348830223083496,
        "dihedral_counts": [
            156,
            119,
            64,
            25
        ],
        "seq_len": 196,
        "num_sc": 156
    }
}