{
    "all": {
        "mean_mae": [
            13.267108917236328,
            21.250272750854492,
            44.90461349487305,
            59.32756423950195
        ],
        "mae_sr": 0.6382978558540344,
        "rmsd": 0.6461583375930786,
        "dihedral_counts": [
            282,
            231,
            85,
            41
        ],
        "seq_len": 349,
        "num_sc": 282,
        "clash_info": {
            "100": {
                "num_clashes": 156,
                "num_atom_pairs": 2864125,
                "energy": 16.213491439819336
            },
            "90": {
                "num_clashes": 3,
                "num_atom_pairs": 2864125,
                "energy": 0.32143568992614746
            },
            "80": {
                "num_clashes": 0,
                "num_atom_pairs": 2864125,
                "energy": 0.0
            }
        },
        "ca_rmsd": 2.348987436562311e-06
    },
    "core": {
        "mean_mae": [
            6.70213508605957,
            14.473067283630371,
            28.2354679107666,
            38.84869384765625
        ],
        "mae_sr": 0.767241358757019,
        "rmsd": 0.4092874825000763,
        "dihedral_counts": [
            116,
            87,
            22,
            12
        ],
        "seq_len": 149,
        "num_sc": 116
    },
    "surface": {
        "mean_mae": [
            23.609827041625977,
            31.224166870117188,
            51.89784622192383,
            67.0876235961914
        ],
        "mae_sr": 0.5,
        "rmsd": 0.9511875510215759,
        "dihedral_counts": [
            96,
            85,
            43,
            19
        ],
        "seq_len": 118,
        "num_sc": 96
    }
}