{
    "all": {
        "mean_mae": [
            13.19084644317627,
            19.65926742553711,
            47.81715393066406,
            39.94049072265625
        ],
        "mae_sr": 0.6214285492897034,
        "rmsd": 0.5641353726387024,
        "dihedral_counts": [
            140,
            113,
            41,
            22
        ],
        "seq_len": 164,
        "num_sc": 140,
        "clash_info": {
            "100": {
                "num_clashes": 58,
                "num_atom_pairs": 664961,
                "energy": 6.80156946182251
            },
            "90": {
                "num_clashes": 0,
                "num_atom_pairs": 664961,
                "energy": 0.0
            },
            "80": {
                "num_clashes": 0,
                "num_atom_pairs": 664961,
                "energy": 0.0
            }
        },
        "ca_rmsd": 1.5694092780904612e-06
    },
    "core": {
        "mean_mae": [
            6.475039482116699,
            16.83792495727539,
            63.88585662841797,
            13.118353843688965
        ],
        "mae_sr": 0.761904776096344,
        "rmsd": 0.3369775414466858,
        "dihedral_counts": [
            42,
            31,
            7,
            3
        ],
        "seq_len": 50,
        "num_sc": 42
    },
    "surface": {
        "mean_mae": [
            16.996591567993164,
            23.56940460205078,
            44.29969024658203,
            51.801082611083984
        ],
        "mae_sr": 0.5405405163764954,
        "rmsd": 0.7350470423698425,
        "dihedral_counts": [
            74,
            62,
            27,
            15
        ],
        "seq_len": 89,
        "num_sc": 74
    }
}