{
    "all": {
        "mean_mae": [
            15.235655784606934,
            22.9209041595459,
            38.30274200439453,
            50.516483306884766
        ],
        "mae_sr": 0.7062937021255493,
        "rmsd": 0.5817880630493164,
        "dihedral_counts": [
            143,
            97,
            36,
            16
        ],
        "seq_len": 184,
        "num_sc": 143,
        "clash_info": {
            "100": {
                "num_clashes": 59,
                "num_atom_pairs": 636051,
                "energy": 6.2030487060546875
            },
            "90": {
                "num_clashes": 1,
                "num_atom_pairs": 636051,
                "energy": 0.03959393501281738
            },
            "80": {
                "num_clashes": 0,
                "num_atom_pairs": 636051,
                "energy": 0.0
            }
        },
        "ca_rmsd": 2.413946504020714e-06
    },
    "core": {
        "mean_mae": [
            9.971968650817871,
            14.24614429473877,
            28.74427032470703,
            29.59353256225586
        ],
        "mae_sr": 0.8199999928474426,
        "rmsd": 0.3561731278896332,
        "dihedral_counts": [
            50,
            30,
            6,
            4
        ],
        "seq_len": 64,
        "num_sc": 50
    },
    "surface": {
        "mean_mae": [
            22.7695369720459,
            40.71112823486328,
            40.70972442626953,
            45.90642166137695
        ],
        "mae_sr": 0.5438596606254578,
        "rmsd": 0.8992184400558472,
        "dihedral_counts": [
            57,
            38,
            22,
            8
        ],
        "seq_len": 81,
        "num_sc": 57
    }
}