{
    "all": {
        "mean_mae": [
            46.882808685302734,
            40.07453536987305,
            51.442222595214844,
            51.01866912841797
        ],
        "mae_sr": 0.31972789764404297,
        "rmsd": 1.3467124700546265,
        "dihedral_counts": [
            588,
            477,
            154,
            78
        ],
        "seq_len": 631,
        "num_sc": 588,
        "clash_info": {
            "100": {
                "num_clashes": 302,
                "num_atom_pairs": 9951011,
                "energy": 58.474002838134766
            },
            "90": {
                "num_clashes": 58,
                "num_atom_pairs": 9951011,
                "energy": 10.56259536743164
            },
            "80": {
                "num_clashes": 9,
                "num_atom_pairs": 9951011,
                "energy": 1.955120325088501
            }
        },
        "ca_rmsd": 10.802754402160645
    },
    "core": {
        "mean_mae": [
            38.834720611572266,
            34.772823333740234,
            44.76173782348633,
            70.94064331054688
        ],
        "mae_sr": 0.5063291192054749,
        "rmsd": 0.912142813205719,
        "dihedral_counts": [
            79,
            55,
            7,
            4
        ],
        "seq_len": 84,
        "num_sc": 79
    },
    "surface": {
        "mean_mae": [
            53.006370544433594,
            41.28061294555664,
            48.23886489868164,
            48.90193557739258
        ],
        "mae_sr": 0.269565224647522,
        "rmsd": 1.5403889417648315,
        "dihedral_counts": [
            345,
            286,
            111,
            56
        ],
        "seq_len": 372,
        "num_sc": 345
    }
}