{
    "all": {
        "mean_mae": [
            48.91324996948242,
            41.2144889831543,
            39.38190841674805,
            67.46469116210938
        ],
        "mae_sr": 0.2884615361690521,
        "rmsd": 1.4714707136154175,
        "dihedral_counts": [
            52,
            47,
            19,
            7
        ],
        "seq_len": 255,
        "num_sc": 52,
        "clash_info": {
            "100": {
                "num_clashes": 12,
                "num_atom_pairs": 89640,
                "energy": 2.0262608528137207
            },
            "90": {
                "num_clashes": 2,
                "num_atom_pairs": 89640,
                "energy": 0.23199248313903809
            },
            "80": {
                "num_clashes": 0,
                "num_atom_pairs": 89640,
                "energy": 0.0
            }
        },
        "ca_rmsd": 43.25819396972656
    },
    "core": {
        "mean_mae": [
            26.08517837524414,
            6.343429088592529,
            0.0,
            0.0
        ],
        "mae_sr": 0.800000011920929,
        "rmsd": 0.44563713669776917,
        "dihedral_counts": [
            5,
            3,
            0,
            0
        ],
        "seq_len": 201,
        "num_sc": 5
    },
    "surface": {
        "mean_mae": [
            54.71635437011719,
            45.86491394042969,
            36.5997200012207,
            70.6327896118164
        ],
        "mae_sr": 0.18421052396297455,
        "rmsd": 1.7355746030807495,
        "dihedral_counts": [
            38,
            35,
            16,
            6
        ],
        "seq_len": 43,
        "num_sc": 38
    }
}