{
    "all": {
        "mean_mae": [
            33.96580123901367,
            35.15241622924805,
            51.56623077392578,
            42.22840118408203
        ],
        "mae_sr": 0.3661971688270569,
        "rmsd": 1.0974873304367065,
        "dihedral_counts": [
            212,
            167,
            59,
            28
        ],
        "seq_len": 242,
        "num_sc": 213,
        "clash_info": {
            "100": {
                "num_clashes": 101,
                "num_atom_pairs": 1409892,
                "energy": 22.053102493286133
            },
            "90": {
                "num_clashes": 24,
                "num_atom_pairs": 1409892,
                "energy": 4.6975555419921875
            },
            "80": {
                "num_clashes": 5,
                "num_atom_pairs": 1409892,
                "energy": 0.673396110534668
            }
        },
        "ca_rmsd": 1.6953362226486206
    },
    "core": {
        "mean_mae": [
            28.383913040161133,
            20.27377700805664,
            52.67792510986328,
            108.98137664794922
        ],
        "mae_sr": 0.53125,
        "rmsd": 0.7962360382080078,
        "dihedral_counts": [
            64,
            47,
            5,
            1
        ],
        "seq_len": 77,
        "num_sc": 64
    },
    "surface": {
        "mean_mae": [
            36.50695037841797,
            42.73480987548828,
            47.40806198120117,
            48.24211502075195
        ],
        "mae_sr": 0.24742268025875092,
        "rmsd": 1.2399156093597412,
        "dihedral_counts": [
            96,
            81,
            40,
            20
        ],
        "seq_len": 109,
        "num_sc": 97
    }
}