{
    "all": {
        "mean_mae": [
            36.97355651855469,
            33.42661666870117,
            52.794307708740234,
            45.16505432128906
        ],
        "mae_sr": 0.5,
        "rmsd": 1.2829855680465698,
        "dihedral_counts": [
            144,
            103,
            22,
            12
        ],
        "seq_len": 226,
        "num_sc": 144,
        "clash_info": {
            "100": {
                "num_clashes": 80,
                "num_atom_pairs": 673000,
                "energy": 22.305423736572266
            },
            "90": {
                "num_clashes": 28,
                "num_atom_pairs": 673000,
                "energy": 6.537400245666504
            },
            "80": {
                "num_clashes": 9,
                "num_atom_pairs": 673000,
                "energy": 1.2609970569610596
            }
        },
        "ca_rmsd": 10.064151763916016
    },
    "core": {
        "mean_mae": [
            23.36427116394043,
            18.82651710510254,
            67.84564971923828,
            92.8479232788086
        ],
        "mae_sr": 0.5652173757553101,
        "rmsd": 0.7751534581184387,
        "dihedral_counts": [
            23,
            14,
            5,
            1
        ],
        "seq_len": 87,
        "num_sc": 23
    },
    "surface": {
        "mean_mae": [
            41.95286560058594,
            33.336341857910156,
            61.029598236083984,
            38.67900848388672
        ],
        "mae_sr": 0.4651162922382355,
        "rmsd": 1.4360963106155396,
        "dihedral_counts": [
            86,
            67,
            13,
            9
        ],
        "seq_len": 94,
        "num_sc": 86
    }
}