{
    "all": {
        "mean_mae": [
            36.35607147216797,
            27.641902923583984,
            70.85599517822266,
            52.94785690307617
        ],
        "mae_sr": 0.4897959232330322,
        "rmsd": 0.9678248763084412,
        "dihedral_counts": [
            98,
            57,
            12,
            7
        ],
        "seq_len": 922,
        "num_sc": 98,
        "clash_info": {
            "100": {
                "num_clashes": 52,
                "num_atom_pairs": 308580,
                "energy": 8.173763275146484
            },
            "90": {
                "num_clashes": 5,
                "num_atom_pairs": 308580,
                "energy": 0.5342051982879639
            },
            "80": {
                "num_clashes": 0,
                "num_atom_pairs": 308580,
                "energy": 0.0
            }
        },
        "ca_rmsd": 86.69133758544922
    },
    "core": {
        "mean_mae": [
            31.9273738861084,
            49.65471649169922,
            0.0,
            0.0
        ],
        "mae_sr": 0.375,
        "rmsd": 0.7524545788764954,
        "dihedral_counts": [
            8,
            5,
            0,
            0
        ],
        "seq_len": 800,
        "num_sc": 8
    },
    "surface": {
        "mean_mae": [
            39.111446380615234,
            24.336898803710938,
            70.37744140625,
            59.9697265625
        ],
        "mae_sr": 0.49295774102211,
        "rmsd": 0.9926161170005798,
        "dihedral_counts": [
            71,
            38,
            8,
            4
        ],
        "seq_len": 99,
        "num_sc": 71
    }
}