{
    "all": {
        "mean_mae": [
            48.03742980957031,
            37.45134353637695,
            48.040283203125,
            51.777015686035156
        ],
        "mae_sr": 0.26595744490623474,
        "rmsd": 1.3835753202438354,
        "dihedral_counts": [
            94,
            78,
            29,
            11
        ],
        "seq_len": 100,
        "num_sc": 94,
        "clash_info": {
            "100": {
                "num_clashes": 55,
                "num_atom_pairs": 266728,
                "energy": 10.65621280670166
            },
            "90": {
                "num_clashes": 7,
                "num_atom_pairs": 266728,
                "energy": 2.6597847938537598
            },
            "80": {
                "num_clashes": 4,
                "num_atom_pairs": 266728,
                "energy": 0.9920767545700073
            }
        },
        "ca_rmsd": 1.582727313041687
    },
    "core": {
        "mean_mae": [
            33.6097412109375,
            48.97258377075195,
            81.17131042480469,
            0.0
        ],
        "mae_sr": 0.30000001192092896,
        "rmsd": 0.8523287773132324,
        "dihedral_counts": [
            10,
            10,
            1,
            0
        ],
        "seq_len": 10,
        "num_sc": 10
    },
    "surface": {
        "mean_mae": [
            58.60690689086914,
            39.16522216796875,
            49.95102310180664,
            40.43056106567383
        ],
        "mae_sr": 0.2931034564971924,
        "rmsd": 1.649978518486023,
        "dihedral_counts": [
            58,
            47,
            22,
            9
        ],
        "seq_len": 63,
        "num_sc": 58
    }
}