{
    "all": {
        "mean_mae": [
            54.73103713989258,
            42.22489929199219,
            54.4962158203125,
            31.569971084594727
        ],
        "mae_sr": 0.21192052960395813,
        "rmsd": 1.508968472480774,
        "dihedral_counts": [
            151,
            128,
            44,
            20
        ],
        "seq_len": 161,
        "num_sc": 151,
        "clash_info": {
            "100": {
                "num_clashes": 104,
                "num_atom_pairs": 683399,
                "energy": 23.89919090270996
            },
            "90": {
                "num_clashes": 25,
                "num_atom_pairs": 683399,
                "energy": 6.4575114250183105
            },
            "80": {
                "num_clashes": 8,
                "num_atom_pairs": 683399,
                "energy": 2.0291569232940674
            }
        },
        "ca_rmsd": 2.499689817428589
    },
    "core": {
        "mean_mae": [
            37.5814323425293,
            41.5616340637207,
            67.54808044433594,
            101.61062622070312
        ],
        "mae_sr": 0.22857142984867096,
        "rmsd": 1.2916969060897827,
        "dihedral_counts": [
            35,
            32,
            5,
            2
        ],
        "seq_len": 40,
        "num_sc": 35
    },
    "surface": {
        "mean_mae": [
            65.10987091064453,
            35.28121566772461,
            41.92097854614258,
            19.624406814575195
        ],
        "mae_sr": 0.2432432472705841,
        "rmsd": 1.7287145853042603,
        "dihedral_counts": [
            74,
            62,
            26,
            14
        ],
        "seq_len": 77,
        "num_sc": 74
    }
}