{
    "all": {
        "mean_mae": [
            39.80373001098633,
            40.41043472290039,
            47.64462661743164,
            38.10140609741211
        ],
        "mae_sr": 0.32421875,
        "rmsd": 1.1916086673736572,
        "dihedral_counts": [
            256,
            208,
            66,
            32
        ],
        "seq_len": 289,
        "num_sc": 256,
        "clash_info": {
            "100": {
                "num_clashes": 135,
                "num_atom_pairs": 1903305,
                "energy": 31.888559341430664
            },
            "90": {
                "num_clashes": 36,
                "num_atom_pairs": 1903305,
                "energy": 9.776861190795898
            },
            "80": {
                "num_clashes": 10,
                "num_atom_pairs": 1903305,
                "energy": 3.661611795425415
            }
        },
        "ca_rmsd": 45.276058197021484
    },
    "core": {
        "mean_mae": [
            23.346595764160156,
            35.01890182495117,
            7.289916038513184,
            3.4315598011016846
        ],
        "mae_sr": 0.47727271914482117,
        "rmsd": 0.8005943894386292,
        "dihedral_counts": [
            44,
            35,
            7,
            3
        ],
        "seq_len": 51,
        "num_sc": 44
    },
    "surface": {
        "mean_mae": [
            47.761566162109375,
            43.526432037353516,
            49.4435920715332,
            37.90751647949219
        ],
        "mae_sr": 0.23076923191547394,
        "rmsd": 1.4159071445465088,
        "dihedral_counts": [
            143,
            116,
            49,
            24
        ],
        "seq_len": 165,
        "num_sc": 143
    }
}