{
    "all": {
        "mean_mae": [
            29.776458740234375,
            26.214099884033203,
            58.78498840332031,
            77.9052734375
        ],
        "mae_sr": 0.5483871102333069,
        "rmsd": 1.0632693767547607,
        "dihedral_counts": [
            186,
            136,
            63,
            32
        ],
        "seq_len": 264,
        "num_sc": 186,
        "clash_info": {
            "100": {
                "num_clashes": 76,
                "num_atom_pairs": 1171742,
                "energy": 13.992088317871094
            },
            "90": {
                "num_clashes": 15,
                "num_atom_pairs": 1171742,
                "energy": 2.2765955924987793
            },
            "80": {
                "num_clashes": 2,
                "num_atom_pairs": 1171742,
                "energy": 0.7191956043243408
            }
        },
        "ca_rmsd": 24.63385772705078
    },
    "core": {
        "mean_mae": [
            12.268634796142578,
            12.14074993133545,
            43.5738410949707,
            47.929847717285156
        ],
        "mae_sr": 0.8125,
        "rmsd": 0.45531490445137024,
        "dihedral_counts": [
            64,
            43,
            10,
            4
        ],
        "seq_len": 116,
        "num_sc": 64
    },
    "surface": {
        "mean_mae": [
            43.886268615722656,
            33.74556350708008,
            57.230613708496094,
            77.92606353759766
        ],
        "mae_sr": 0.4000000059604645,
        "rmsd": 1.5026788711547852,
        "dihedral_counts": [
            85,
            67,
            39,
            21
        ],
        "seq_len": 104,
        "num_sc": 85
    }
}