{
    "all": {
        "mean_mae": [
            38.199317932128906,
            39.04853057861328,
            53.990013122558594,
            78.95769500732422
        ],
        "mae_sr": 0.34939759969711304,
        "rmsd": 1.1697471141815186,
        "dihedral_counts": [
            166,
            138,
            44,
            21
        ],
        "seq_len": 188,
        "num_sc": 166,
        "clash_info": {
            "100": {
                "num_clashes": 59,
                "num_atom_pairs": 919649,
                "energy": 10.699760437011719
            },
            "90": {
                "num_clashes": 9,
                "num_atom_pairs": 919649,
                "energy": 1.5809884071350098
            },
            "80": {
                "num_clashes": 1,
                "num_atom_pairs": 919649,
                "energy": 0.17862200736999512
            }
        },
        "ca_rmsd": 0.0
    },
    "core": {
        "mean_mae": [
            14.617993354797363,
            38.440731048583984,
            79.21070861816406,
            90.80731201171875
        ],
        "mae_sr": 0.40909090638160706,
        "rmsd": 0.6936482191085815,
        "dihedral_counts": [
            22,
            18,
            2,
            1
        ],
        "seq_len": 29,
        "num_sc": 22
    },
    "surface": {
        "mean_mae": [
            45.77418899536133,
            41.56989669799805,
            55.94321060180664,
            67.84258270263672
        ],
        "mae_sr": 0.30392158031463623,
        "rmsd": 1.3709721565246582,
        "dihedral_counts": [
            102,
            85,
            32,
            12
        ],
        "seq_len": 113,
        "num_sc": 102
    }
}