{
    "all": {
        "mean_mae": [
            19.191247940063477,
            38.060264587402344,
            48.062828063964844,
            84.61353302001953
        ],
        "mae_sr": 0.5189873576164246,
        "rmsd": 1.0467373132705688,
        "dihedral_counts": [
            79,
            68,
            34,
            15
        ],
        "seq_len": 92,
        "num_sc": 79,
        "clash_info": {
            "100": {
                "num_clashes": 13,
                "num_atom_pairs": 224702,
                "energy": 0.9101080894470215
            },
            "90": {
                "num_clashes": 0,
                "num_atom_pairs": 224702,
                "energy": 0.0
            },
            "80": {
                "num_clashes": 0,
                "num_atom_pairs": 224702,
                "energy": 0.0
            }
        },
        "ca_rmsd": 2.8640497475862503e-06
    },
    "core": {
        "mean_mae": [
            6.842687129974365,
            20.581796646118164,
            45.8753776550293,
            0.0
        ],
        "mae_sr": 0.9166666865348816,
        "rmsd": 0.4215099811553955,
        "dihedral_counts": [
            12,
            9,
            1,
            0
        ],
        "seq_len": 13,
        "num_sc": 12
    },
    "surface": {
        "mean_mae": [
            26.422325134277344,
            49.839599609375,
            54.903011322021484,
            81.3206558227539
        ],
        "mae_sr": 0.3921568691730499,
        "rmsd": 1.3700424432754517,
        "dihedral_counts": [
            51,
            44,
            26,
            12
        ],
        "seq_len": 55,
        "num_sc": 51
    }
}