{
    "all": {
        "mean_mae": [
            10.618292808532715,
            16.405200958251953,
            39.276065826416016,
            50.20939636230469
        ],
        "mae_sr": 0.7712609767913818,
        "rmsd": 0.4513348340988159,
        "dihedral_counts": [
            682,
            480,
            123,
            57
        ],
        "seq_len": 832,
        "num_sc": 682,
        "clash_info": {
            "100": {
                "num_clashes": 246,
                "num_atom_pairs": 14330928,
                "energy": 62.25444412231445
            },
            "90": {
                "num_clashes": 54,
                "num_atom_pairs": 14330928,
                "energy": 24.400165557861328
            },
            "80": {
                "num_clashes": 21,
                "num_atom_pairs": 14330928,
                "energy": 12.341344833374023
            }
        },
        "ca_rmsd": 1.062670344254002e-05
    },
    "core": {
        "mean_mae": [
            5.844505786895752,
            12.117441177368164,
            32.97604751586914,
            37.979942321777344
        ],
        "mae_sr": 0.8757961988449097,
        "rmsd": 0.337776780128479,
        "dihedral_counts": [
            314,
            234,
            41,
            23
        ],
        "seq_len": 391,
        "num_sc": 314
    },
    "surface": {
        "mean_mae": [
            17.569107055664062,
            21.181568145751953,
            41.0683479309082,
            74.39542388916016
        ],
        "mae_sr": 0.6865671873092651,
        "rmsd": 0.5548412799835205,
        "dihedral_counts": [
            201,
            126,
            40,
            13
        ],
        "seq_len": 242,
        "num_sc": 201
    }
}