{
    "all": {
        "mean_mae": [
            54.58349609375,
            34.19831466674805,
            56.135284423828125,
            93.1153793334961
        ],
        "mae_sr": 0.2857142984867096,
        "rmsd": 1.287693977355957,
        "dihedral_counts": [
            28,
            19,
            5,
            3
        ],
        "seq_len": 35,
        "num_sc": 28,
        "clash_info": {
            "100": {
                "num_clashes": 7,
                "num_atom_pairs": 24200,
                "energy": 0.6872820854187012
            },
            "90": {
                "num_clashes": 0,
                "num_atom_pairs": 24200,
                "energy": 0.0
            },
            "80": {
                "num_clashes": 0,
                "num_atom_pairs": 24200,
                "energy": 0.0
            }
        },
        "ca_rmsd": 0.0
    },
    "core": {
        "mean_mae": [
            0.0,
            0.0,
            0.0,
            0.0
        ],
        "mae_sr": 1.0,
        "rmsd": 0.0,
        "dihedral_counts": [
            0,
            0,
            0,
            0
        ],
        "seq_len": 0,
        "num_sc": 0
    },
    "surface": {
        "mean_mae": [
            54.58349609375,
            34.19831466674805,
            56.135284423828125,
            93.1153793334961
        ],
        "mae_sr": 0.2857142984867096,
        "rmsd": 1.287693977355957,
        "dihedral_counts": [
            28,
            19,
            5,
            3
        ],
        "seq_len": 35,
        "num_sc": 28
    }
}