{
    "all": {
        "mean_mae": [
            32.954620361328125,
            30.154661178588867,
            47.76620101928711,
            52.63208770751953
        ],
        "mae_sr": 0.5227272510528564,
        "rmsd": 0.8598846793174744,
        "dihedral_counts": [
            264,
            173,
            44,
            14
        ],
        "seq_len": 324,
        "num_sc": 264,
        "clash_info": {
            "100": {
                "num_clashes": 100,
                "num_atom_pairs": 2044441,
                "energy": 16.780160903930664
            },
            "90": {
                "num_clashes": 12,
                "num_atom_pairs": 2044441,
                "energy": 2.003915786743164
            },
            "80": {
                "num_clashes": 2,
                "num_atom_pairs": 2044441,
                "energy": 0.1304483413696289
            }
        },
        "ca_rmsd": 6.704659426759463e-06
    },
    "core": {
        "mean_mae": [
            8.093443870544434,
            18.673229217529297,
            29.899372100830078,
            47.76034927368164
        ],
        "mae_sr": 0.8301886916160583,
        "rmsd": 0.3715750575065613,
        "dihedral_counts": [
            53,
            37,
            4,
            3
        ],
        "seq_len": 62,
        "num_sc": 53
    },
    "surface": {
        "mean_mae": [
            46.82437515258789,
            34.958534240722656,
            49.73318099975586,
            57.23004913330078
        ],
        "mae_sr": 0.4000000059604645,
        "rmsd": 1.0746692419052124,
        "dihedral_counts": [
            150,
            92,
            30,
            9
        ],
        "seq_len": 190,
        "num_sc": 150
    }
}