{
    "all": {
        "mean_mae": [
            35.938270568847656,
            38.970760345458984,
            68.73619842529297,
            70.61719512939453
        ],
        "mae_sr": 0.41434264183044434,
        "rmsd": 1.0961244106292725,
        "dihedral_counts": [
            251,
            165,
            65,
            22
        ],
        "seq_len": 304,
        "num_sc": 251,
        "clash_info": {
            "100": {
                "num_clashes": 102,
                "num_atom_pairs": 1755541,
                "energy": 20.965633392333984
            },
            "90": {
                "num_clashes": 19,
                "num_atom_pairs": 1755541,
                "energy": 5.417253494262695
            },
            "80": {
                "num_clashes": 7,
                "num_atom_pairs": 1755541,
                "energy": 1.595383644104004
            }
        },
        "ca_rmsd": 3.063030362682184e-06
    },
    "core": {
        "mean_mae": [
            24.404499053955078,
            22.077714920043945,
            61.12187576293945,
            0.0
        ],
        "mae_sr": 0.5714285969734192,
        "rmsd": 0.6593613624572754,
        "dihedral_counts": [
            49,
            32,
            5,
            0
        ],
        "seq_len": 67,
        "num_sc": 49
    },
    "surface": {
        "mean_mae": [
            39.567874908447266,
            41.07767105102539,
            68.70891571044922,
            75.51094055175781
        ],
        "mae_sr": 0.3624161183834076,
        "rmsd": 1.2372643947601318,
        "dihedral_counts": [
            149,
            97,
            43,
            16
        ],
        "seq_len": 174,
        "num_sc": 149
    }
}