{
    "all": {
        "mean_mae": [
            7.726442813873291,
            9.993149757385254,
            38.785709381103516,
            34.01008605957031
        ],
        "mae_sr": 0.817307710647583,
        "rmsd": 0.33361706137657166,
        "dihedral_counts": [
            104,
            60,
            15,
            7
        ],
        "seq_len": 129,
        "num_sc": 104,
        "clash_info": {
            "100": {
                "num_clashes": 38,
                "num_atom_pairs": 318855,
                "energy": 7.00936222076416
            },
            "90": {
                "num_clashes": 8,
                "num_atom_pairs": 318855,
                "energy": 0.9693987369537354
            },
            "80": {
                "num_clashes": 1,
                "num_atom_pairs": 318855,
                "energy": 0.03750109672546387
            }
        },
        "ca_rmsd": 3.1402187232743017e-06
    },
    "core": {
        "mean_mae": [
            4.662298202514648,
            16.348247528076172,
            21.5941219329834,
            25.82293701171875
        ],
        "mae_sr": 0.8518518805503845,
        "rmsd": 0.2736366391181946,
        "dihedral_counts": [
            27,
            15,
            1,
            1
        ],
        "seq_len": 30,
        "num_sc": 27
    },
    "surface": {
        "mean_mae": [
            8.530198097229004,
            8.899436950683594,
            48.43080139160156,
            51.857662200927734
        ],
        "mae_sr": 0.7884615659713745,
        "rmsd": 0.3870445787906647,
        "dihedral_counts": [
            52,
            32,
            9,
            4
        ],
        "seq_len": 67,
        "num_sc": 52
    }
}