{
    "all": {
        "mean_mae": [
            45.50879669189453,
            49.542911529541016,
            61.879276275634766,
            76.13092041015625
        ],
        "mae_sr": 0.30454546213150024,
        "rmsd": 1.4230871200561523,
        "dihedral_counts": [
            440,
            364,
            121,
            66
        ],
        "seq_len": 459,
        "num_sc": 440,
        "clash_info": {
            "100": {
                "num_clashes": 148,
                "num_atom_pairs": 5583048,
                "energy": 25.88628387451172
            },
            "90": {
                "num_clashes": 22,
                "num_atom_pairs": 5583048,
                "energy": 4.317471504211426
            },
            "80": {
                "num_clashes": 7,
                "num_atom_pairs": 5583048,
                "energy": 0.7167181968688965
            }
        },
        "ca_rmsd": 1.2123427950427867e-05
    },
    "core": {
        "mean_mae": [
            17.590845108032227,
            34.76567840576172,
            54.97298049926758,
            84.4454116821289
        ],
        "mae_sr": 0.5111111402511597,
        "rmsd": 0.6937060356140137,
        "dihedral_counts": [
            45,
            40,
            5,
            2
        ],
        "seq_len": 48,
        "num_sc": 45
    },
    "surface": {
        "mean_mae": [
            52.847843170166016,
            51.386619567871094,
            60.33412551879883,
            81.18624114990234
        ],
        "mae_sr": 0.23508772253990173,
        "rmsd": 1.6414687633514404,
        "dihedral_counts": [
            285,
            234,
            98,
            55
        ],
        "seq_len": 298,
        "num_sc": 285
    }
}