{
    "all": {
        "mean_mae": [
            14.321455001831055,
            20.363243103027344,
            41.504756927490234,
            76.9742431640625
        ],
        "mae_sr": 0.6192660331726074,
        "rmsd": 0.6039391160011292,
        "dihedral_counts": [
            436,
            341,
            124,
            64
        ],
        "seq_len": 482,
        "num_sc": 436,
        "clash_info": {
            "100": {
                "num_clashes": 173,
                "num_atom_pairs": 5878583,
                "energy": 34.1392822265625
            },
            "90": {
                "num_clashes": 33,
                "num_atom_pairs": 5878583,
                "energy": 7.661355495452881
            },
            "80": {
                "num_clashes": 6,
                "num_atom_pairs": 5878583,
                "energy": 2.0197083950042725
            }
        },
        "ca_rmsd": 4.367168457974913e-06
    },
    "core": {
        "mean_mae": [
            6.882164478302002,
            12.399221420288086,
            23.915035247802734,
            63.9196891784668
        ],
        "mae_sr": 0.7793103456497192,
        "rmsd": 0.3323533535003662,
        "dihedral_counts": [
            145,
            114,
            30,
            11
        ],
        "seq_len": 157,
        "num_sc": 145
    },
    "surface": {
        "mean_mae": [
            20.200260162353516,
            25.291196823120117,
            45.05826187133789,
            90.64837646484375
        ],
        "mae_sr": 0.521276593208313,
        "rmsd": 0.7737277150154114,
        "dihedral_counts": [
            188,
            146,
            62,
            33
        ],
        "seq_len": 211,
        "num_sc": 188
    }
}