{
    "all": {
        "mean_mae": [
            20.541555404663086,
            24.635772705078125,
            47.14621353149414,
            85.14989471435547
        ],
        "mae_sr": 0.5598705410957336,
        "rmsd": 0.6857308745384216,
        "dihedral_counts": [
            309,
            229,
            52,
            20
        ],
        "seq_len": 391,
        "num_sc": 309,
        "clash_info": {
            "100": {
                "num_clashes": 115,
                "num_atom_pairs": 3183730,
                "energy": 17.027952194213867
            },
            "90": {
                "num_clashes": 13,
                "num_atom_pairs": 3183730,
                "energy": 1.5539300441741943
            },
            "80": {
                "num_clashes": 0,
                "num_atom_pairs": 3183730,
                "energy": 0.0
            }
        },
        "ca_rmsd": 3.1510348890151363e-06
    },
    "core": {
        "mean_mae": [
            12.36385726928711,
            19.785852432250977,
            33.973602294921875,
            57.73430633544922
        ],
        "mae_sr": 0.6470588445663452,
        "rmsd": 0.5288388729095459,
        "dihedral_counts": [
            136,
            98,
            21,
            7
        ],
        "seq_len": 182,
        "num_sc": 136
    },
    "surface": {
        "mean_mae": [
            32.06222152709961,
            33.93426513671875,
            55.7580680847168,
            99.91212463378906
        ],
        "mae_sr": 0.4285714328289032,
        "rmsd": 0.9801296591758728,
        "dihedral_counts": [
            105,
            82,
            23,
            13
        ],
        "seq_len": 131,
        "num_sc": 105
    }
}