{
    "all": {
        "mean_mae": [
            31.105134963989258,
            30.00319480895996,
            56.95481491088867,
            64.78025817871094
        ],
        "mae_sr": 0.40466102957725525,
        "rmsd": 0.9999176263809204,
        "dihedral_counts": [
            472,
            372,
            136,
            61
        ],
        "seq_len": 520,
        "num_sc": 472,
        "clash_info": {
            "100": {
                "num_clashes": 250,
                "num_atom_pairs": 6977790,
                "energy": 69.34053039550781
            },
            "90": {
                "num_clashes": 80,
                "num_atom_pairs": 6977790,
                "energy": 24.427797317504883
            },
            "80": {
                "num_clashes": 36,
                "num_atom_pairs": 6977790,
                "energy": 7.101456642150879
            }
        },
        "ca_rmsd": 1.0904273949563503e-05
    },
    "core": {
        "mean_mae": [
            17.466793060302734,
            22.603517532348633,
            50.66642379760742,
            63.634979248046875
        ],
        "mae_sr": 0.5616438388824463,
        "rmsd": 0.6811376214027405,
        "dihedral_counts": [
            146,
            120,
            29,
            14
        ],
        "seq_len": 169,
        "num_sc": 146
    },
    "surface": {
        "mean_mae": [
            44.416603088378906,
            40.50258255004883,
            57.87035369873047,
            68.744873046875
        ],
        "mae_sr": 0.2410256415605545,
        "rmsd": 1.3032389879226685,
        "dihedral_counts": [
            195,
            147,
            77,
            33
        ],
        "seq_len": 209,
        "num_sc": 195
    }
}