{
    "all": {
        "mean_mae": [
            30.446603775024414,
            35.338409423828125,
            58.693504333496094,
            62.73535919189453
        ],
        "mae_sr": 0.4463667869567871,
        "rmsd": 1.1215574741363525,
        "dihedral_counts": [
            289,
            237,
            68,
            32
        ],
        "seq_len": 365,
        "num_sc": 289,
        "clash_info": {
            "100": {
                "num_clashes": 129,
                "num_atom_pairs": 3170435,
                "energy": 18.825212478637695
            },
            "90": {
                "num_clashes": 12,
                "num_atom_pairs": 3170435,
                "energy": 1.84471595287323
            },
            "80": {
                "num_clashes": 2,
                "num_atom_pairs": 3170435,
                "energy": 0.08234739303588867
            }
        },
        "ca_rmsd": 6.2078411247057375e-06
    },
    "core": {
        "mean_mae": [
            19.251943588256836,
            21.52515983581543,
            52.904510498046875,
            40.537986755371094
        ],
        "mae_sr": 0.6071428656578064,
        "rmsd": 0.6752858757972717,
        "dihedral_counts": [
            84,
            64,
            12,
            5
        ],
        "seq_len": 107,
        "num_sc": 84
    },
    "surface": {
        "mean_mae": [
            41.222564697265625,
            48.3338508605957,
            62.293888092041016,
            72.41316986083984
        ],
        "mae_sr": 0.3305084705352783,
        "rmsd": 1.6714723110198975,
        "dihedral_counts": [
            118,
            102,
            38,
            21
        ],
        "seq_len": 144,
        "num_sc": 118
    }
}