{
    "all": {
        "mean_mae": [
            45.15889358520508,
            39.94385528564453,
            53.42749786376953,
            98.97190856933594
        ],
        "mae_sr": 0.31282052397727966,
        "rmsd": 1.3005461692810059,
        "dihedral_counts": [
            390,
            340,
            91,
            47
        ],
        "seq_len": 426,
        "num_sc": 390,
        "clash_info": {
            "100": {
                "num_clashes": 140,
                "num_atom_pairs": 4626885,
                "energy": 30.78909683227539
            },
            "90": {
                "num_clashes": 33,
                "num_atom_pairs": 4626885,
                "energy": 10.978092193603516
            },
            "80": {
                "num_clashes": 16,
                "num_atom_pairs": 4626885,
                "energy": 3.933516025543213
            }
        },
        "ca_rmsd": 1.4585777535103261e-05
    },
    "core": {
        "mean_mae": [
            22.792184829711914,
            38.39667892456055,
            51.58550262451172,
            34.12776565551758
        ],
        "mae_sr": 0.48571428656578064,
        "rmsd": 0.7399278879165649,
        "dihedral_counts": [
            35,
            32,
            4,
            1
        ],
        "seq_len": 39,
        "num_sc": 35
    },
    "surface": {
        "mean_mae": [
            52.48807144165039,
            39.876991271972656,
            53.78572082519531,
            101.50018310546875
        ],
        "mae_sr": 0.2804428040981293,
        "rmsd": 1.4804250001907349,
        "dihedral_counts": [
            271,
            238,
            78,
            42
        ],
        "seq_len": 293,
        "num_sc": 271
    }
}