{
    "all": {
        "mean_mae": [
            21.07126235961914,
            17.168161392211914,
            46.337738037109375,
            33.377052307128906
        ],
        "mae_sr": 0.6707317233085632,
        "rmsd": 0.7767421007156372,
        "dihedral_counts": [
            82,
            69,
            23,
            10
        ],
        "seq_len": 102,
        "num_sc": 82,
        "clash_info": {
            "100": {
                "num_clashes": 56,
                "num_atom_pairs": 247779,
                "energy": 13.342123031616211
            },
            "90": {
                "num_clashes": 15,
                "num_atom_pairs": 247779,
                "energy": 2.9438867568969727
            },
            "80": {
                "num_clashes": 4,
                "num_atom_pairs": 247779,
                "energy": 0.2582859992980957
            }
        },
        "ca_rmsd": 14.540249824523926
    },
    "core": {
        "mean_mae": [
            15.907773971557617,
            10.731399536132812,
            23.927196502685547,
            0.0
        ],
        "mae_sr": 0.7333333492279053,
        "rmsd": 0.4522656798362732,
        "dihedral_counts": [
            15,
            11,
            1,
            0
        ],
        "seq_len": 19,
        "num_sc": 15
    },
    "surface": {
        "mean_mae": [
            24.715700149536133,
            19.421768188476562,
            57.84823226928711,
            40.29573440551758
        ],
        "mae_sr": 0.6086956262588501,
        "rmsd": 0.9647969007492065,
        "dihedral_counts": [
            46,
            41,
            16,
            8
        ],
        "seq_len": 58,
        "num_sc": 46
    }
}