{
    "all": {
        "mean_mae": [
            35.93617630004883,
            23.901090621948242,
            56.95247268676758,
            70.509033203125
        ],
        "mae_sr": 0.5657894611358643,
        "rmsd": 0.970299243927002,
        "dihedral_counts": [
            76,
            48,
            13,
            6
        ],
        "seq_len": 103,
        "num_sc": 76,
        "clash_info": {
            "100": {
                "num_clashes": 61,
                "num_atom_pairs": 168800,
                "energy": 16.09385108947754
            },
            "90": {
                "num_clashes": 18,
                "num_atom_pairs": 168800,
                "energy": 4.399311065673828
            },
            "80": {
                "num_clashes": 4,
                "num_atom_pairs": 168800,
                "energy": 0.5196061134338379
            }
        },
        "ca_rmsd": 24.67805290222168
    },
    "core": {
        "mean_mae": [
            36.5543327331543,
            21.499094009399414,
            63.94434356689453,
            75.15074920654297
        ],
        "mae_sr": 0.529411792755127,
        "rmsd": 0.860666036605835,
        "dihedral_counts": [
            17,
            12,
            2,
            1
        ],
        "seq_len": 26,
        "num_sc": 17
    },
    "surface": {
        "mean_mae": [
            27.1947021484375,
            20.113101959228516,
            27.15056610107422,
            41.97513198852539
        ],
        "mae_sr": 0.6153846383094788,
        "rmsd": 0.7941378951072693,
        "dihedral_counts": [
            39,
            23,
            6,
            3
        ],
        "seq_len": 56,
        "num_sc": 39
    }
}