{
    "all": {
        "mean_mae": [
            30.605894088745117,
            30.487346649169922,
            49.731868743896484,
            86.10294342041016
        ],
        "mae_sr": 0.5648148059844971,
        "rmsd": 0.8766873478889465,
        "dihedral_counts": [
            108,
            70,
            25,
            10
        ],
        "seq_len": 171,
        "num_sc": 108,
        "clash_info": {
            "100": {
                "num_clashes": 39,
                "num_atom_pairs": 330785,
                "energy": 7.921783924102783
            },
            "90": {
                "num_clashes": 10,
                "num_atom_pairs": 330785,
                "energy": 1.427431344985962
            },
            "80": {
                "num_clashes": 2,
                "num_atom_pairs": 330785,
                "energy": 0.14173221588134766
            }
        },
        "ca_rmsd": 20.952106475830078
    },
    "core": {
        "mean_mae": [
            11.754071235656738,
            20.464290618896484,
            58.62435531616211,
            41.661338806152344
        ],
        "mae_sr": 0.75,
        "rmsd": 0.4257877767086029,
        "dihedral_counts": [
            28,
            17,
            2,
            1
        ],
        "seq_len": 76,
        "num_sc": 28
    },
    "surface": {
        "mean_mae": [
            42.46493148803711,
            40.35132598876953,
            52.42606735229492,
            89.24919891357422
        ],
        "mae_sr": 0.4761904776096344,
        "rmsd": 1.133730173110962,
        "dihedral_counts": [
            63,
            38,
            18,
            8
        ],
        "seq_len": 76,
        "num_sc": 63
    }
}