{
    "all": {
        "mean_mae": [
            31.094837188720703,
            28.703636169433594,
            44.3017578125,
            57.02016830444336
        ],
        "mae_sr": 0.5854922533035278,
        "rmsd": 0.8626407980918884,
        "dihedral_counts": [
            193,
            120,
            32,
            15
        ],
        "seq_len": 266,
        "num_sc": 193,
        "clash_info": {
            "100": {
                "num_clashes": 71,
                "num_atom_pairs": 1177355,
                "energy": 10.673693656921387
            },
            "90": {
                "num_clashes": 7,
                "num_atom_pairs": 1177355,
                "energy": 1.8644466400146484
            },
            "80": {
                "num_clashes": 3,
                "num_atom_pairs": 1177355,
                "energy": 0.2856101989746094
            }
        },
        "ca_rmsd": 112.43011474609375
    },
    "core": {
        "mean_mae": [
            25.64867401123047,
            23.039541244506836,
            25.753190994262695,
            57.59965896606445
        ],
        "mae_sr": 0.6666666865348816,
        "rmsd": 0.61680006980896,
        "dihedral_counts": [
            72,
            37,
            6,
            3
        ],
        "seq_len": 97,
        "num_sc": 72
    },
    "surface": {
        "mean_mae": [
            45.16222381591797,
            35.801414489746094,
            45.388526916503906,
            61.72853088378906
        ],
        "mae_sr": 0.4545454680919647,
        "rmsd": 1.2084132432937622,
        "dihedral_counts": [
            77,
            51,
            17,
            11
        ],
        "seq_len": 112,
        "num_sc": 77
    }
}