{
    "all": {
        "mean_mae": [
            41.221126556396484,
            37.89179992675781,
            55.458194732666016,
            53.901248931884766
        ],
        "mae_sr": 0.38148146867752075,
        "rmsd": 1.2584869861602783,
        "dihedral_counts": [
            270,
            205,
            78,
            33
        ],
        "seq_len": 376,
        "num_sc": 270,
        "clash_info": {
            "100": {
                "num_clashes": 125,
                "num_atom_pairs": 2236612,
                "energy": 23.43490219116211
            },
            "90": {
                "num_clashes": 24,
                "num_atom_pairs": 2236612,
                "energy": 5.114601135253906
            },
            "80": {
                "num_clashes": 7,
                "num_atom_pairs": 2236612,
                "energy": 1.156541347503662
            }
        },
        "ca_rmsd": 89.39163970947266
    },
    "core": {
        "mean_mae": [
            22.302961349487305,
            22.762481689453125,
            45.10431671142578,
            30.468414306640625
        ],
        "mae_sr": 0.6567164063453674,
        "rmsd": 0.637799084186554,
        "dihedral_counts": [
            67,
            45,
            9,
            3
        ],
        "seq_len": 144,
        "num_sc": 67
    },
    "surface": {
        "mean_mae": [
            55.485511779785156,
            47.85512924194336,
            58.3603401184082,
            67.0004653930664
        ],
        "mae_sr": 0.2432432472705841,
        "rmsd": 1.652635097503662,
        "dihedral_counts": [
            148,
            115,
            57,
            24
        ],
        "seq_len": 166,
        "num_sc": 148
    }
}