{
    "all": {
        "mean_mae": [
            29.948314666748047,
            28.132509231567383,
            50.288082122802734,
            50.60368728637695
        ],
        "mae_sr": 0.5245097875595093,
        "rmsd": 0.9494637846946716,
        "dihedral_counts": [
            204,
            158,
            55,
            30
        ],
        "seq_len": 313,
        "num_sc": 204,
        "clash_info": {
            "100": {
                "num_clashes": 132,
                "num_atom_pairs": 1480803,
                "energy": 33.15003204345703
            },
            "90": {
                "num_clashes": 31,
                "num_atom_pairs": 1480803,
                "energy": 9.470315933227539
            },
            "80": {
                "num_clashes": 11,
                "num_atom_pairs": 1480803,
                "energy": 3.1000466346740723
            }
        },
        "ca_rmsd": 28.663963317871094
    },
    "core": {
        "mean_mae": [
            16.751258850097656,
            21.680377960205078,
            49.94761657714844,
            50.247615814208984
        ],
        "mae_sr": 0.6626505851745605,
        "rmsd": 0.6755550503730774,
        "dihedral_counts": [
            83,
            64,
            17,
            8
        ],
        "seq_len": 150,
        "num_sc": 83
    },
    "surface": {
        "mean_mae": [
            38.99933624267578,
            36.679222106933594,
            45.413414001464844,
            46.07669448852539
        ],
        "mae_sr": 0.37931033968925476,
        "rmsd": 1.1818166971206665,
        "dihedral_counts": [
            87,
            67,
            31,
            16
        ],
        "seq_len": 116,
        "num_sc": 87
    }
}