{
    "all": {
        "mean_mae": [
            34.25679397583008,
            25.40643882751465,
            60.87449264526367,
            76.55567932128906
        ],
        "mae_sr": 0.48520711064338684,
        "rmsd": 1.1796178817749023,
        "dihedral_counts": [
            169,
            127,
            61,
            28
        ],
        "seq_len": 235,
        "num_sc": 169,
        "clash_info": {
            "100": {
                "num_clashes": 70,
                "num_atom_pairs": 1080169,
                "energy": 12.426870346069336
            },
            "90": {
                "num_clashes": 13,
                "num_atom_pairs": 1080169,
                "energy": 1.9667136669158936
            },
            "80": {
                "num_clashes": 1,
                "num_atom_pairs": 1080169,
                "energy": 0.09278321266174316
            }
        },
        "ca_rmsd": 15.881302833557129
    },
    "core": {
        "mean_mae": [
            12.138490676879883,
            7.738035678863525,
            60.56875991821289,
            56.685150146484375
        ],
        "mae_sr": 0.8148148059844971,
        "rmsd": 0.4479639232158661,
        "dihedral_counts": [
            27,
            19,
            2,
            2
        ],
        "seq_len": 38,
        "num_sc": 27
    },
    "surface": {
        "mean_mae": [
            45.21139144897461,
            31.220577239990234,
            62.126705169677734,
            74.70044708251953
        ],
        "mae_sr": 0.343137264251709,
        "rmsd": 1.4588987827301025,
        "dihedral_counts": [
            102,
            77,
            48,
            21
        ],
        "seq_len": 149,
        "num_sc": 102
    }
}