{
    "all": {
        "mean_mae": [
            39.46498107910156,
            38.039798736572266,
            61.8205451965332,
            69.05426788330078
        ],
        "mae_sr": 0.4266666769981384,
        "rmsd": 1.2452095746994019,
        "dihedral_counts": [
            300,
            236,
            90,
            35
        ],
        "seq_len": 381,
        "num_sc": 300,
        "clash_info": {
            "100": {
                "num_clashes": 157,
                "num_atom_pairs": 3069180,
                "energy": 28.45296859741211
            },
            "90": {
                "num_clashes": 28,
                "num_atom_pairs": 3069180,
                "energy": 3.933962821960449
            },
            "80": {
                "num_clashes": 3,
                "num_atom_pairs": 3069180,
                "energy": 0.7119832038879395
            }
        },
        "ca_rmsd": 50.46417999267578
    },
    "core": {
        "mean_mae": [
            22.212413787841797,
            23.087270736694336,
            79.01824951171875,
            5.271027565002441
        ],
        "mae_sr": 0.6037735939025879,
        "rmsd": 0.7907967567443848,
        "dihedral_counts": [
            53,
            41,
            6,
            2
        ],
        "seq_len": 69,
        "num_sc": 53
    },
    "surface": {
        "mean_mae": [
            50.54491424560547,
            45.242828369140625,
            64.40228271484375,
            78.26807403564453
        ],
        "mae_sr": 0.32692307233810425,
        "rmsd": 1.546122670173645,
        "dihedral_counts": [
            156,
            119,
            64,
            25
        ],
        "seq_len": 212,
        "num_sc": 156
    }
}