{
    "all": {
        "mean_mae": [
            37.59758377075195,
            35.50398635864258,
            59.32870864868164,
            63.95220947265625
        ],
        "mae_sr": 0.40392157435417175,
        "rmsd": 1.1054209470748901,
        "dihedral_counts": [
            255,
            198,
            78,
            36
        ],
        "seq_len": 653,
        "num_sc": 255,
        "clash_info": {
            "100": {
                "num_clashes": 104,
                "num_atom_pairs": 1935960,
                "energy": 22.607990264892578
            },
            "90": {
                "num_clashes": 24,
                "num_atom_pairs": 1935960,
                "energy": 5.222346305847168
            },
            "80": {
                "num_clashes": 5,
                "num_atom_pairs": 1935960,
                "energy": 0.9705302715301514
            }
        },
        "ca_rmsd": 257.85565185546875
    },
    "core": {
        "mean_mae": [
            19.282644271850586,
            25.59503173828125,
            53.372737884521484,
            61.34242630004883
        ],
        "mae_sr": 0.6288659572601318,
        "rmsd": 0.6701921820640564,
        "dihedral_counts": [
            97,
            71,
            17,
            10
        ],
        "seq_len": 467,
        "num_sc": 97
    },
    "surface": {
        "mean_mae": [
            55.19961166381836,
            48.35746383666992,
            57.27670669555664,
            51.634674072265625
        ],
        "mae_sr": 0.1944444477558136,
        "rmsd": 1.4806127548217773,
        "dihedral_counts": [
            108,
            83,
            44,
            17
        ],
        "seq_len": 125,
        "num_sc": 108
    }
}