{
    "all": {
        "mean_mae": [
            28.721481323242188,
            30.157405853271484,
            37.29290008544922,
            65.60505676269531
        ],
        "mae_sr": 0.543367326259613,
        "rmsd": 0.9858976006507874,
        "dihedral_counts": [
            392,
            298,
            112,
            61
        ],
        "seq_len": 460,
        "num_sc": 392,
        "clash_info": {
            "100": {
                "num_clashes": 214,
                "num_atom_pairs": 4660950,
                "energy": 41.52458190917969
            },
            "90": {
                "num_clashes": 41,
                "num_atom_pairs": 4660950,
                "energy": 9.46937370300293
            },
            "80": {
                "num_clashes": 8,
                "num_atom_pairs": 4660950,
                "energy": 2.6836369037628174
            }
        },
        "ca_rmsd": 3.2455942630767822
    },
    "core": {
        "mean_mae": [
            23.424663543701172,
            24.699655532836914,
            54.412925720214844,
            64.74702453613281
        ],
        "mae_sr": 0.6707317233085632,
        "rmsd": 0.7412179112434387,
        "dihedral_counts": [
            164,
            103,
            23,
            10
        ],
        "seq_len": 203,
        "num_sc": 164
    },
    "surface": {
        "mean_mae": [
            36.84913635253906,
            35.44673156738281,
            38.208309173583984,
            63.22346115112305
        ],
        "mae_sr": 0.41428571939468384,
        "rmsd": 1.3210097551345825,
        "dihedral_counts": [
            140,
            123,
            61,
            34
        ],
        "seq_len": 152,
        "num_sc": 140
    }
}