{
    "all": {
        "mean_mae": [
            42.349525451660156,
            45.26034927368164,
            72.0556640625,
            62.614967346191406
        ],
        "mae_sr": 0.3709677457809448,
        "rmsd": 1.3297169208526611,
        "dihedral_counts": [
            62,
            45,
            22,
            11
        ],
        "seq_len": 350,
        "num_sc": 62,
        "clash_info": {
            "100": {
                "num_clashes": 17,
                "num_atom_pairs": 110271,
                "energy": 4.152133941650391
            },
            "90": {
                "num_clashes": 8,
                "num_atom_pairs": 110271,
                "energy": 0.7682986259460449
            },
            "80": {
                "num_clashes": 1,
                "num_atom_pairs": 110271,
                "energy": 0.057601213455200195
            }
        },
        "ca_rmsd": 94.49114990234375
    },
    "core": {
        "mean_mae": [
            4.046310901641846,
            9.753284454345703,
            0.0,
            0.0
        ],
        "mae_sr": 1.0,
        "rmsd": 0.5182420015335083,
        "dihedral_counts": [
            3,
            2,
            0,
            0
        ],
        "seq_len": 283,
        "num_sc": 3
    },
    "surface": {
        "mean_mae": [
            51.00715255737305,
            51.84386444091797,
            72.0556640625,
            62.614967346191406
        ],
        "mae_sr": 0.23404255509376526,
        "rmsd": 1.6131885051727295,
        "dihedral_counts": [
            47,
            36,
            22,
            11
        ],
        "seq_len": 55,
        "num_sc": 47
    }
}