{
    "all": {
        "mean_mae": [
            38.6670036315918,
            34.51990509033203,
            62.593868255615234,
            67.80762481689453
        ],
        "mae_sr": 0.44262295961380005,
        "rmsd": 1.0828384160995483,
        "dihedral_counts": [
            183,
            127,
            37,
            15
        ],
        "seq_len": 266,
        "num_sc": 183,
        "clash_info": {
            "100": {
                "num_clashes": 162,
                "num_atom_pairs": 1046100,
                "energy": 33.30080032348633
            },
            "90": {
                "num_clashes": 32,
                "num_atom_pairs": 1046100,
                "energy": 6.447235107421875
            },
            "80": {
                "num_clashes": 8,
                "num_atom_pairs": 1046100,
                "energy": 1.1465497016906738
            }
        },
        "ca_rmsd": 14.114230155944824
    },
    "core": {
        "mean_mae": [
            38.47228240966797,
            32.487510681152344,
            79.92393493652344,
            116.40351104736328
        ],
        "mae_sr": 0.4861111044883728,
        "rmsd": 1.0968214273452759,
        "dihedral_counts": [
            72,
            48,
            10,
            2
        ],
        "seq_len": 135,
        "num_sc": 72
    },
    "surface": {
        "mean_mae": [
            44.02947998046875,
            39.548797607421875,
            55.03784942626953,
            56.2606201171875
        ],
        "mae_sr": 0.4166666567325592,
        "rmsd": 1.176833987236023,
        "dihedral_counts": [
            72,
            53,
            18,
            9
        ],
        "seq_len": 87,
        "num_sc": 72
    }
}