{
    "all": {
        "mean_mae": [
            27.41681480407715,
            29.25527572631836,
            49.435462951660156,
            65.06297302246094
        ],
        "mae_sr": 0.5753424763679504,
        "rmsd": 0.9700592160224915,
        "dihedral_counts": [
            292,
            222,
            75,
            33
        ],
        "seq_len": 384,
        "num_sc": 292,
        "clash_info": {
            "100": {
                "num_clashes": 171,
                "num_atom_pairs": 3090279,
                "energy": 36.80107116699219
            },
            "90": {
                "num_clashes": 37,
                "num_atom_pairs": 3090279,
                "energy": 6.424368381500244
            },
            "80": {
                "num_clashes": 9,
                "num_atom_pairs": 3090279,
                "energy": 0.9355496168136597
            }
        },
        "ca_rmsd": 9.061741828918457
    },
    "core": {
        "mean_mae": [
            19.30531120300293,
            24.0727481842041,
            29.120159149169922,
            77.95990753173828
        ],
        "mae_sr": 0.6907216310501099,
        "rmsd": 0.655524492263794,
        "dihedral_counts": [
            97,
            75,
            11,
            3
        ],
        "seq_len": 124,
        "num_sc": 97
    },
    "surface": {
        "mean_mae": [
            37.986087799072266,
            30.84559440612793,
            51.78050994873047,
            64.37442016601562
        ],
        "mae_sr": 0.5199999809265137,
        "rmsd": 1.2417453527450562,
        "dihedral_counts": [
            125,
            97,
            39,
            19
        ],
        "seq_len": 172,
        "num_sc": 125
    }
}