{
    "all": {
        "mean_mae": [
            24.721853256225586,
            28.733850479125977,
            41.810787200927734,
            56.6539192199707
        ],
        "mae_sr": 0.6281406879425049,
        "rmsd": 0.8178908824920654,
        "dihedral_counts": [
            199,
            151,
            45,
            20
        ],
        "seq_len": 299,
        "num_sc": 199,
        "clash_info": {
            "100": {
                "num_clashes": 168,
                "num_atom_pairs": 1410345,
                "energy": 40.02226257324219
            },
            "90": {
                "num_clashes": 40,
                "num_atom_pairs": 1410345,
                "energy": 11.744501113891602
            },
            "80": {
                "num_clashes": 14,
                "num_atom_pairs": 1410345,
                "energy": 4.253308296203613
            }
        },
        "ca_rmsd": 12.626603126525879
    },
    "core": {
        "mean_mae": [
            19.46845054626465,
            22.085655212402344,
            18.41916275024414,
            77.17729949951172
        ],
        "mae_sr": 0.704081654548645,
        "rmsd": 0.6196591854095459,
        "dihedral_counts": [
            98,
            73,
            13,
            5
        ],
        "seq_len": 156,
        "num_sc": 98
    },
    "surface": {
        "mean_mae": [
            32.22679901123047,
            36.58514404296875,
            50.75837707519531,
            39.0130615234375
        ],
        "mae_sr": 0.469696968793869,
        "rmsd": 1.1157375574111938,
        "dihedral_counts": [
            66,
            55,
            25,
            12
        ],
        "seq_len": 97,
        "num_sc": 66
    }
}