{
    "all": {
        "mean_mae": [
            24.98225975036621,
            22.079872131347656,
            53.20330810546875,
            50.54912185668945
        ],
        "mae_sr": 0.6242424249649048,
        "rmsd": 0.7647058367729187,
        "dihedral_counts": [
            165,
            128,
            36,
            14
        ],
        "seq_len": 193,
        "num_sc": 165,
        "clash_info": {
            "100": {
                "num_clashes": 58,
                "num_atom_pairs": 846370,
                "energy": 17.23452377319336
            },
            "90": {
                "num_clashes": 16,
                "num_atom_pairs": 846370,
                "energy": 8.292465209960938
            },
            "80": {
                "num_clashes": 8,
                "num_atom_pairs": 846370,
                "energy": 4.264487266540527
            }
        },
        "ca_rmsd": 7.789018630981445
    },
    "core": {
        "mean_mae": [
            11.021228790283203,
            16.35552406311035,
            24.119949340820312,
            33.67108917236328
        ],
        "mae_sr": 0.8048780560493469,
        "rmsd": 0.4464449882507324,
        "dihedral_counts": [
            41,
            31,
            8,
            5
        ],
        "seq_len": 48,
        "num_sc": 41
    },
    "surface": {
        "mean_mae": [
            29.45472526550293,
            23.82405662536621,
            63.52409362792969,
            67.33161926269531
        ],
        "mae_sr": 0.54347825050354,
        "rmsd": 0.8634743094444275,
        "dihedral_counts": [
            92,
            73,
            24,
            8
        ],
        "seq_len": 109,
        "num_sc": 92
    }
}