{
    "all": {
        "mean_mae": [
            19.332551956176758,
            17.43541717529297,
            38.29764175415039,
            58.05991744995117
        ],
        "mae_sr": 0.7023809552192688,
        "rmsd": 0.7489628791809082,
        "dihedral_counts": [
            84,
            72,
            21,
            9
        ],
        "seq_len": 98,
        "num_sc": 84,
        "clash_info": {
            "100": {
                "num_clashes": 27,
                "num_atom_pairs": 231869,
                "energy": 5.498020172119141
            },
            "90": {
                "num_clashes": 6,
                "num_atom_pairs": 231869,
                "energy": 1.5404083728790283
            },
            "80": {
                "num_clashes": 2,
                "num_atom_pairs": 231869,
                "energy": 0.4920961856842041
            }
        },
        "ca_rmsd": 0.5973000526428223
    },
    "core": {
        "mean_mae": [
            3.7418339252471924,
            5.67231559753418,
            15.940165519714355,
            0.0
        ],
        "mae_sr": 1.0,
        "rmsd": 0.21907855570316315,
        "dihedral_counts": [
            9,
            8,
            1,
            0
        ],
        "seq_len": 13,
        "num_sc": 9
    },
    "surface": {
        "mean_mae": [
            28.833194732666016,
            20.128093719482422,
            38.17861557006836,
            76.43279266357422
        ],
        "mae_sr": 0.5882353186607361,
        "rmsd": 0.9749903678894043,
        "dihedral_counts": [
            51,
            41,
            14,
            6
        ],
        "seq_len": 60,
        "num_sc": 51
    }
}