{
    "all": {
        "mean_mae": [
            18.95159149169922,
            23.000818252563477,
            61.87165069580078,
            51.70481872558594
        ],
        "mae_sr": 0.6445783376693726,
        "rmsd": 0.8359273076057434,
        "dihedral_counts": [
            166,
            130,
            58,
            29
        ],
        "seq_len": 211,
        "num_sc": 166,
        "clash_info": {
            "100": {
                "num_clashes": 41,
                "num_atom_pairs": 863786,
                "energy": 8.797717094421387
            },
            "90": {
                "num_clashes": 13,
                "num_atom_pairs": 863786,
                "energy": 2.2348473072052
            },
            "80": {
                "num_clashes": 3,
                "num_atom_pairs": 863786,
                "energy": 0.2844736576080322
            }
        },
        "ca_rmsd": 16.539661407470703
    },
    "core": {
        "mean_mae": [
            8.549159049987793,
            9.902148246765137,
            44.98651885986328,
            63.06770706176758
        ],
        "mae_sr": 0.8936170339584351,
        "rmsd": 0.37666916847229004,
        "dihedral_counts": [
            47,
            31,
            7,
            3
        ],
        "seq_len": 82,
        "num_sc": 47
    },
    "surface": {
        "mean_mae": [
            27.35555648803711,
            31.569143295288086,
            67.4788589477539,
            53.548500061035156
        ],
        "mae_sr": 0.5057471394538879,
        "rmsd": 1.1734254360198975,
        "dihedral_counts": [
            87,
            71,
            39,
            20
        ],
        "seq_len": 95,
        "num_sc": 87
    }
}