{
    "all": {
        "mean_mae": [
            38.74287033081055,
            33.82185745239258,
            60.41354751586914,
            52.97830581665039
        ],
        "mae_sr": 0.43939393758773804,
        "rmsd": 0.9819674491882324,
        "dihedral_counts": [
            264,
            173,
            44,
            14
        ],
        "seq_len": 335,
        "num_sc": 264,
        "clash_info": {
            "100": {
                "num_clashes": 35,
                "num_atom_pairs": 2044441,
                "energy": 5.621460914611816
            },
            "90": {
                "num_clashes": 3,
                "num_atom_pairs": 2044441,
                "energy": 1.8805196285247803
            },
            "80": {
                "num_clashes": 2,
                "num_atom_pairs": 2044441,
                "energy": 1.0711872577667236
            }
        },
        "ca_rmsd": 23.09772491455078
    },
    "core": {
        "mean_mae": [
            19.033456802368164,
            22.13471221923828,
            83.0763931274414,
            107.4384994506836
        ],
        "mae_sr": 0.698113203048706,
        "rmsd": 0.6825686693191528,
        "dihedral_counts": [
            53,
            37,
            4,
            3
        ],
        "seq_len": 62,
        "num_sc": 53
    },
    "surface": {
        "mean_mae": [
            49.23213577270508,
            40.82312774658203,
            66.31742095947266,
            27.567087173461914
        ],
        "mae_sr": 0.3266666531562805,
        "rmsd": 1.1252286434173584,
        "dihedral_counts": [
            150,
            92,
            30,
            9
        ],
        "seq_len": 201,
        "num_sc": 150
    }
}