{
    "all": {
        "mean_mae": [
            47.976593017578125,
            40.85563278198242,
            71.5600357055664,
            81.07777404785156
        ],
        "mae_sr": 0.3539822995662689,
        "rmsd": 1.3137578964233398,
        "dihedral_counts": [
            113,
            84,
            30,
            17
        ],
        "seq_len": 148,
        "num_sc": 113,
        "clash_info": {
            "100": {
                "num_clashes": 25,
                "num_atom_pairs": 360882,
                "energy": 4.851926326751709
            },
            "90": {
                "num_clashes": 4,
                "num_atom_pairs": 360882,
                "energy": 1.2587890625
            },
            "80": {
                "num_clashes": 1,
                "num_atom_pairs": 360882,
                "energy": 0.3011120557785034
            }
        },
        "ca_rmsd": 7.821869373321533
    },
    "core": {
        "mean_mae": [
            34.499759674072266,
            37.78673553466797,
            72.9132308959961,
            96.99994659423828
        ],
        "mae_sr": 0.5,
        "rmsd": 0.9964308142662048,
        "dihedral_counts": [
            48,
            33,
            8,
            3
        ],
        "seq_len": 76,
        "num_sc": 48
    },
    "surface": {
        "mean_mae": [
            59.896949768066406,
            42.807044982910156,
            67.50409698486328,
            75.74456787109375
        ],
        "mae_sr": 0.20930232107639313,
        "rmsd": 1.566564917564392,
        "dihedral_counts": [
            43,
            36,
            13,
            7
        ],
        "seq_len": 49,
        "num_sc": 43
    }
}