{
    "all": {
        "mean_mae": [
            29.482097625732422,
            33.74799346923828,
            41.86965560913086,
            82.13594818115234
        ],
        "mae_sr": 0.4430379867553711,
        "rmsd": 1.274142861366272,
        "dihedral_counts": [
            79,
            68,
            34,
            15
        ],
        "seq_len": 98,
        "num_sc": 79,
        "clash_info": {
            "100": {
                "num_clashes": 10,
                "num_atom_pairs": 224702,
                "energy": 0.8585109710693359
            },
            "90": {
                "num_clashes": 0,
                "num_atom_pairs": 224702,
                "energy": 0.0
            },
            "80": {
                "num_clashes": 0,
                "num_atom_pairs": 224702,
                "energy": 0.0
            }
        },
        "ca_rmsd": 8.35849666595459
    },
    "core": {
        "mean_mae": [
            13.413344383239746,
            15.298577308654785,
            10.327138900756836,
            0.0
        ],
        "mae_sr": 0.75,
        "rmsd": 0.5345812439918518,
        "dihedral_counts": [
            12,
            9,
            1,
            0
        ],
        "seq_len": 13,
        "num_sc": 12
    },
    "surface": {
        "mean_mae": [
            40.2590446472168,
            44.14408493041992,
            46.633358001708984,
            75.20928192138672
        ],
        "mae_sr": 0.3333333432674408,
        "rmsd": 1.6393369436264038,
        "dihedral_counts": [
            51,
            44,
            26,
            12
        ],
        "seq_len": 61,
        "num_sc": 51
    }
}