{
    "all": {
        "mean_mae": [
            59.436344146728516,
            40.657352447509766,
            64.32234954833984,
            57.06086349487305
        ],
        "mae_sr": 0.1803278625011444,
        "rmsd": 1.5956249237060547,
        "dihedral_counts": [
            61,
            54,
            30,
            6
        ],
        "seq_len": 109,
        "num_sc": 61,
        "clash_info": {
            "100": {
                "num_clashes": 3,
                "num_atom_pairs": 121380,
                "energy": 0.2511477470397949
            },
            "90": {
                "num_clashes": 0,
                "num_atom_pairs": 121380,
                "energy": 0.0
            },
            "80": {
                "num_clashes": 0,
                "num_atom_pairs": 121380,
                "energy": 0.0
            }
        },
        "ca_rmsd": 111.30352020263672
    },
    "core": {
        "mean_mae": [
            0.0,
            0.0,
            0.0,
            0.0
        ],
        "mae_sr": 1.0,
        "rmsd": 0.0,
        "dihedral_counts": [
            0,
            0,
            0,
            0
        ],
        "seq_len": 40,
        "num_sc": 0
    },
    "surface": {
        "mean_mae": [
            59.43634796142578,
            40.6573486328125,
            64.32234954833984,
            57.060855865478516
        ],
        "mae_sr": 0.1803278625011444,
        "rmsd": 1.5956249237060547,
        "dihedral_counts": [
            61,
            54,
            30,
            6
        ],
        "seq_len": 69,
        "num_sc": 61
    }
}