{
    "all": {
        "mean_mae": [
            34.01934051513672,
            32.08159637451172,
            50.86033248901367,
            57.645896911621094
        ],
        "mae_sr": 0.40833333134651184,
        "rmsd": 1.0943129062652588,
        "dihedral_counts": [
            240,
            188,
            94,
            47
        ],
        "seq_len": 273,
        "num_sc": 240,
        "clash_info": {
            "100": {
                "num_clashes": 46,
                "num_atom_pairs": 1731717,
                "energy": 9.136703491210938
            },
            "90": {
                "num_clashes": 9,
                "num_atom_pairs": 1731717,
                "energy": 2.1317601203918457
            },
            "80": {
                "num_clashes": 3,
                "num_atom_pairs": 1731717,
                "energy": 0.30592799186706543
            }
        },
        "ca_rmsd": 4.333864212036133
    },
    "core": {
        "mean_mae": [
            17.92215919494629,
            17.895633697509766,
            72.16797637939453,
            64.40564727783203
        ],
        "mae_sr": 0.6792452931404114,
        "rmsd": 0.5763751268386841,
        "dihedral_counts": [
            53,
            41,
            6,
            3
        ],
        "seq_len": 63,
        "num_sc": 53
    },
    "surface": {
        "mean_mae": [
            46.60403060913086,
            39.49961471557617,
            50.83436584472656,
            59.99781799316406
        ],
        "mae_sr": 0.28787878155708313,
        "rmsd": 1.447641372680664,
        "dihedral_counts": [
            132,
            105,
            67,
            32
        ],
        "seq_len": 146,
        "num_sc": 132
    }
}