{
    "all": {
        "mean_mae": [
            43.64923858642578,
            34.23768997192383,
            56.07358169555664,
            45.91826248168945
        ],
        "mae_sr": 0.308270663022995,
        "rmsd": 1.2548599243164062,
        "dihedral_counts": [
            133,
            98,
            39,
            23
        ],
        "seq_len": 148,
        "num_sc": 133,
        "clash_info": {
            "100": {
                "num_clashes": 31,
                "num_atom_pairs": 531330,
                "energy": 6.451552391052246
            },
            "90": {
                "num_clashes": 9,
                "num_atom_pairs": 531330,
                "energy": 1.378035068511963
            },
            "80": {
                "num_clashes": 2,
                "num_atom_pairs": 531330,
                "energy": 0.2486865520477295
            }
        },
        "ca_rmsd": 2.4761550426483154
    },
    "core": {
        "mean_mae": [
            29.038827896118164,
            24.575063705444336,
            64.94544982910156,
            58.655460357666016
        ],
        "mae_sr": 0.5,
        "rmsd": 0.9279398918151855,
        "dihedral_counts": [
            28,
            19,
            5,
            4
        ],
        "seq_len": 32,
        "num_sc": 28
    },
    "surface": {
        "mean_mae": [
            47.75263977050781,
            37.93729782104492,
            58.72275924682617,
            46.9227409362793
        ],
        "mae_sr": 0.25,
        "rmsd": 1.3749231100082397,
        "dihedral_counts": [
            76,
            56,
            26,
            15
        ],
        "seq_len": 85,
        "num_sc": 76
    }
}