{
    "all": {
        "mean_mae": [
            48.306156158447266,
            29.928579330444336,
            89.07470703125,
            73.55367279052734
        ],
        "mae_sr": 0.3928571343421936,
        "rmsd": 1.393249273300171,
        "dihedral_counts": [
            28,
            19,
            5,
            3
        ],
        "seq_len": 35,
        "num_sc": 28,
        "clash_info": {
            "100": {
                "num_clashes": 2,
                "num_atom_pairs": 24200,
                "energy": 0.027255535125732422
            },
            "90": {
                "num_clashes": 0,
                "num_atom_pairs": 24200,
                "energy": 0.0
            },
            "80": {
                "num_clashes": 0,
                "num_atom_pairs": 24200,
                "energy": 0.0
            }
        },
        "ca_rmsd": 2.0714774131774902
    },
    "core": {
        "mean_mae": [
            0.0,
            0.0,
            0.0,
            0.0
        ],
        "mae_sr": 1.0,
        "rmsd": 0.0,
        "dihedral_counts": [
            0,
            0,
            0,
            0
        ],
        "seq_len": 0,
        "num_sc": 0
    },
    "surface": {
        "mean_mae": [
            48.306156158447266,
            29.928579330444336,
            89.07470703125,
            73.55367279052734
        ],
        "mae_sr": 0.3928571343421936,
        "rmsd": 1.393249273300171,
        "dihedral_counts": [
            28,
            19,
            5,
            3
        ],
        "seq_len": 35,
        "num_sc": 28
    }
}