{
    "all": {
        "mean_mae": [
            27.43952178955078,
            29.416915893554688,
            50.64765930175781,
            50.7791748046875
        ],
        "mae_sr": 0.53721684217453,
        "rmsd": 0.8727108836174011,
        "dihedral_counts": [
            309,
            229,
            52,
            20
        ],
        "seq_len": 391,
        "num_sc": 309,
        "clash_info": {
            "100": {
                "num_clashes": 254,
                "num_atom_pairs": 3183730,
                "energy": 64.74420166015625
            },
            "90": {
                "num_clashes": 76,
                "num_atom_pairs": 3183730,
                "energy": 18.098648071289062
            },
            "80": {
                "num_clashes": 23,
                "num_atom_pairs": 3183730,
                "energy": 3.341613292694092
            }
        },
        "ca_rmsd": 3.154810883643222e-06
    },
    "core": {
        "mean_mae": [
            19.602340698242188,
            24.735313415527344,
            52.44462585449219,
            53.827144622802734
        ],
        "mae_sr": 0.5588235259056091,
        "rmsd": 0.6990702152252197,
        "dihedral_counts": [
            136,
            98,
            21,
            7
        ],
        "seq_len": 182,
        "num_sc": 136
    },
    "surface": {
        "mean_mae": [
            38.98522186279297,
            40.374755859375,
            55.6904411315918,
            49.13795852661133
        ],
        "mae_sr": 0.4000000059604645,
        "rmsd": 1.2085199356079102,
        "dihedral_counts": [
            105,
            82,
            23,
            13
        ],
        "seq_len": 131,
        "num_sc": 105
    }
}