{
    "all": {
        "mean_mae": [
            33.4714241027832,
            31.361642837524414,
            42.84592819213867,
            58.115840911865234
        ],
        "mae_sr": 0.4416666626930237,
        "rmsd": 1.1048864126205444,
        "dihedral_counts": [
            240,
            188,
            94,
            47
        ],
        "seq_len": 273,
        "num_sc": 240,
        "clash_info": {
            "100": {
                "num_clashes": 116,
                "num_atom_pairs": 1731717,
                "energy": 21.924091339111328
            },
            "90": {
                "num_clashes": 17,
                "num_atom_pairs": 1731717,
                "energy": 3.9190316200256348
            },
            "80": {
                "num_clashes": 5,
                "num_atom_pairs": 1731717,
                "energy": 0.7059179544448853
            }
        },
        "ca_rmsd": 7.704785275564063e-06
    },
    "core": {
        "mean_mae": [
            12.368819236755371,
            21.336271286010742,
            66.6526107788086,
            52.69707107543945
        ],
        "mae_sr": 0.7358490824699402,
        "rmsd": 0.5392882823944092,
        "dihedral_counts": [
            53,
            41,
            6,
            3
        ],
        "seq_len": 63,
        "num_sc": 53
    },
    "surface": {
        "mean_mae": [
            44.71331787109375,
            36.17336654663086,
            42.61226272583008,
            56.54326248168945
        ],
        "mae_sr": 0.32575756311416626,
        "rmsd": 1.4373772144317627,
        "dihedral_counts": [
            132,
            105,
            67,
            32
        ],
        "seq_len": 146,
        "num_sc": 132
    }
}