{
    "all": {
        "mean_mae": [
            24.76425552368164,
            26.814697265625,
            46.14352035522461,
            54.12030029296875
        ],
        "mae_sr": 0.5728155374526978,
        "rmsd": 0.8276723623275757,
        "dihedral_counts": [
            412,
            288,
            113,
            61
        ],
        "seq_len": 464,
        "num_sc": 412,
        "clash_info": {
            "100": {
                "num_clashes": 200,
                "num_atom_pairs": 4850685,
                "energy": 48.030723571777344
            },
            "90": {
                "num_clashes": 52,
                "num_atom_pairs": 4850685,
                "energy": 11.916571617126465
            },
            "80": {
                "num_clashes": 12,
                "num_atom_pairs": 4850685,
                "energy": 2.6535701751708984
            }
        },
        "ca_rmsd": 1.250133846042445e-05
    },
    "core": {
        "mean_mae": [
            15.179115295410156,
            16.68743324279785,
            64.77497100830078,
            25.366933822631836
        ],
        "mae_sr": 0.808080792427063,
        "rmsd": 0.4854731559753418,
        "dihedral_counts": [
            99,
            68,
            9,
            6
        ],
        "seq_len": 111,
        "num_sc": 99
    },
    "surface": {
        "mean_mae": [
            32.87034225463867,
            32.528045654296875,
            44.912940979003906,
            60.70234680175781
        ],
        "mae_sr": 0.4386792480945587,
        "rmsd": 1.0581353902816772,
        "dihedral_counts": [
            212,
            148,
            73,
            37
        ],
        "seq_len": 243,
        "num_sc": 212
    }
}