{
    "all": {
        "mean_mae": [
            32.83237075805664,
            32.328269958496094,
            51.34542465209961,
            37.85619354248047
        ],
        "mae_sr": 0.47727271914482117,
        "rmsd": 0.9105821847915649,
        "dihedral_counts": [
            264,
            173,
            44,
            14
        ],
        "seq_len": 324,
        "num_sc": 264,
        "clash_info": {
            "100": {
                "num_clashes": 161,
                "num_atom_pairs": 2044441,
                "energy": 37.73644256591797
            },
            "90": {
                "num_clashes": 38,
                "num_atom_pairs": 2044441,
                "energy": 9.120471954345703
            },
            "80": {
                "num_clashes": 11,
                "num_atom_pairs": 2044441,
                "energy": 2.332787036895752
            }
        },
        "ca_rmsd": 6.7049932113150135e-06
    },
    "core": {
        "mean_mae": [
            9.219993591308594,
            19.46674156188965,
            23.840660095214844,
            47.24270248413086
        ],
        "mae_sr": 0.8301886916160583,
        "rmsd": 0.43087610602378845,
        "dihedral_counts": [
            53,
            37,
            4,
            3
        ],
        "seq_len": 62,
        "num_sc": 53
    },
    "surface": {
        "mean_mae": [
            44.6154899597168,
            33.98560333251953,
            58.02960968017578,
            22.178123474121094
        ],
        "mae_sr": 0.36666667461395264,
        "rmsd": 1.0985718965530396,
        "dihedral_counts": [
            150,
            92,
            30,
            9
        ],
        "seq_len": 190,
        "num_sc": 150
    }
}