{
    "all": {
        "mean_mae": [
            12.863621711730957,
            18.282920837402344,
            42.140506744384766,
            51.39907455444336
        ],
        "mae_sr": 0.7980769276618958,
        "rmsd": 0.4764464795589447,
        "dihedral_counts": [
            104,
            60,
            15,
            7
        ],
        "seq_len": 129,
        "num_sc": 104,
        "clash_info": {
            "100": {
                "num_clashes": 50,
                "num_atom_pairs": 318855,
                "energy": 13.572423934936523
            },
            "90": {
                "num_clashes": 16,
                "num_atom_pairs": 318855,
                "energy": 3.808577299118042
            },
            "80": {
                "num_clashes": 5,
                "num_atom_pairs": 318855,
                "energy": 0.73580002784729
            }
        },
        "ca_rmsd": 3.142344667139696e-06
    },
    "core": {
        "mean_mae": [
            5.632707595825195,
            13.399064064025879,
            0.8401405811309814,
            7.647120952606201
        ],
        "mae_sr": 0.8888888955116272,
        "rmsd": 0.3086095154285431,
        "dihedral_counts": [
            27,
            15,
            1,
            1
        ],
        "seq_len": 30,
        "num_sc": 27
    },
    "surface": {
        "mean_mae": [
            16.285404205322266,
            23.15743064880371,
            55.299774169921875,
            86.26969909667969
        ],
        "mae_sr": 0.75,
        "rmsd": 0.5754591226577759,
        "dihedral_counts": [
            52,
            32,
            9,
            4
        ],
        "seq_len": 67,
        "num_sc": 52
    }
}