{
    "all": {
        "mean_mae": [
            24.806615829467773,
            27.93039321899414,
            53.912109375,
            63.2333984375
        ],
        "mae_sr": 0.4964539110660553,
        "rmsd": 0.8243696093559265,
        "dihedral_counts": [
            141,
            106,
            39,
            15
        ],
        "seq_len": 156,
        "num_sc": 141,
        "clash_info": {
            "100": {
                "num_clashes": 90,
                "num_atom_pairs": 593764,
                "energy": 25.193599700927734
            },
            "90": {
                "num_clashes": 25,
                "num_atom_pairs": 593764,
                "energy": 9.159761428833008
            },
            "80": {
                "num_clashes": 11,
                "num_atom_pairs": 593764,
                "energy": 3.861631393432617
            }
        },
        "ca_rmsd": 1.7260296090171323e-06
    },
    "core": {
        "mean_mae": [
            11.941460609436035,
            14.411279678344727,
            59.184139251708984,
            51.43867874145508
        ],
        "mae_sr": 0.7674418687820435,
        "rmsd": 0.5296360850334167,
        "dihedral_counts": [
            43,
            30,
            3,
            3
        ],
        "seq_len": 50,
        "num_sc": 43
    },
    "surface": {
        "mean_mae": [
            36.97970962524414,
            38.96800231933594,
            55.08110427856445,
            63.76541519165039
        ],
        "mae_sr": 0.3142857253551483,
        "rmsd": 1.101068377494812,
        "dihedral_counts": [
            70,
            53,
            29,
            11
        ],
        "seq_len": 77,
        "num_sc": 70
    }
}