{
    "all": {
        "mean_mae": [
            21.145183563232422,
            22.727893829345703,
            55.65745162963867,
            44.91488265991211
        ],
        "mae_sr": 0.6216216087341309,
        "rmsd": 0.8614526987075806,
        "dihedral_counts": [
            111,
            79,
            33,
            18
        ],
        "seq_len": 132,
        "num_sc": 111,
        "clash_info": {
            "100": {
                "num_clashes": 39,
                "num_atom_pairs": 379543,
                "energy": 5.632712364196777
            },
            "90": {
                "num_clashes": 5,
                "num_atom_pairs": 379543,
                "energy": 0.28185033798217773
            },
            "80": {
                "num_clashes": 0,
                "num_atom_pairs": 379543,
                "energy": 0.0
            }
        },
        "ca_rmsd": 2.188982307416154e-06
    },
    "core": {
        "mean_mae": [
            10.36413860321045,
            6.306586265563965,
            83.93988800048828,
            6.2989373207092285
        ],
        "mae_sr": 0.875,
        "rmsd": 0.3638838231563568,
        "dihedral_counts": [
            24,
            13,
            3,
            1
        ],
        "seq_len": 31,
        "num_sc": 24
    },
    "surface": {
        "mean_mae": [
            32.11772918701172,
            33.92989730834961,
            51.238121032714844,
            42.506629943847656
        ],
        "mae_sr": 0.4464285671710968,
        "rmsd": 1.2330771684646606,
        "dihedral_counts": [
            56,
            45,
            23,
            13
        ],
        "seq_len": 67,
        "num_sc": 56
    }
}