{
    "all": {
        "mean_mae": [
            45.140838623046875,
            42.21043014526367,
            55.280731201171875,
            54.31624221801758
        ],
        "mae_sr": 0.3265306055545807,
        "rmsd": 1.3554342985153198,
        "dihedral_counts": [
            588,
            477,
            154,
            78
        ],
        "seq_len": 629,
        "num_sc": 588,
        "clash_info": {
            "100": {
                "num_clashes": 343,
                "num_atom_pairs": 9951011,
                "energy": 99.75283813476562
            },
            "90": {
                "num_clashes": 87,
                "num_atom_pairs": 9951011,
                "energy": 38.6186637878418
            },
            "80": {
                "num_clashes": 34,
                "num_atom_pairs": 9951011,
                "energy": 19.353134155273438
            }
        },
        "ca_rmsd": 9.719064109958708e-06
    },
    "core": {
        "mean_mae": [
            34.82646179199219,
            35.352455139160156,
            44.870361328125,
            21.648412704467773
        ],
        "mae_sr": 0.5063291192054749,
        "rmsd": 0.854141891002655,
        "dihedral_counts": [
            79,
            55,
            7,
            4
        ],
        "seq_len": 84,
        "num_sc": 79
    },
    "surface": {
        "mean_mae": [
            51.02189636230469,
            43.641197204589844,
            48.94517135620117,
            56.62318801879883
        ],
        "mae_sr": 0.2811594307422638,
        "rmsd": 1.5808382034301758,
        "dihedral_counts": [
            345,
            286,
            111,
            56
        ],
        "seq_len": 370,
        "num_sc": 345
    }
}