{
    "all": {
        "mean_mae": [
            22.17046546936035,
            30.001964569091797,
            60.18006134033203,
            64.0431137084961
        ],
        "mae_sr": 0.5783132314682007,
        "rmsd": 1.0057085752487183,
        "dihedral_counts": [
            166,
            130,
            58,
            29
        ],
        "seq_len": 179,
        "num_sc": 166,
        "clash_info": {
            "100": {
                "num_clashes": 104,
                "num_atom_pairs": 863786,
                "energy": 20.473426818847656
            },
            "90": {
                "num_clashes": 22,
                "num_atom_pairs": 863786,
                "energy": 3.1284918785095215
            },
            "80": {
                "num_clashes": 2,
                "num_atom_pairs": 863786,
                "energy": 0.33549952507019043
            }
        },
        "ca_rmsd": 3.1548013339488534e-06
    },
    "core": {
        "mean_mae": [
            11.755331039428711,
            20.235353469848633,
            42.73318862915039,
            16.986106872558594
        ],
        "mae_sr": 0.7872340679168701,
        "rmsd": 0.447194904088974,
        "dihedral_counts": [
            47,
            31,
            7,
            3
        ],
        "seq_len": 50,
        "num_sc": 47
    },
    "surface": {
        "mean_mae": [
            24.76143455505371,
            39.03119659423828,
            71.7591781616211,
            79.54579162597656
        ],
        "mae_sr": 0.4712643623352051,
        "rmsd": 1.318447470664978,
        "dihedral_counts": [
            87,
            71,
            39,
            20
        ],
        "seq_len": 95,
        "num_sc": 87
    }
}