{
    "all": {
        "mean_mae": [
            25.617267608642578,
            34.048362731933594,
            43.00983428955078,
            68.45726776123047
        ],
        "mae_sr": 0.45945945382118225,
        "rmsd": 0.9297758340835571,
        "dihedral_counts": [
            37,
            26,
            17,
            12
        ],
        "seq_len": 48,
        "num_sc": 37,
        "clash_info": {
            "100": {
                "num_clashes": 10,
                "num_atom_pairs": 45925,
                "energy": 1.0402958393096924
            },
            "90": {
                "num_clashes": 0,
                "num_atom_pairs": 45925,
                "energy": 0.0
            },
            "80": {
                "num_clashes": 0,
                "num_atom_pairs": 45925,
                "energy": 0.0
            }
        },
        "ca_rmsd": 9.954249382019043
    },
    "core": {
        "mean_mae": [
            0.0,
            0.0,
            0.0,
            0.0
        ],
        "mae_sr": 1.0,
        "rmsd": 0.0,
        "dihedral_counts": [
            0,
            0,
            0,
            0
        ],
        "seq_len": 0,
        "num_sc": 0
    },
    "surface": {
        "mean_mae": [
            25.617267608642578,
            34.048362731933594,
            43.00983428955078,
            68.45726776123047
        ],
        "mae_sr": 0.45945945382118225,
        "rmsd": 0.9297758340835571,
        "dihedral_counts": [
            37,
            26,
            17,
            12
        ],
        "seq_len": 48,
        "num_sc": 37
    }
}