{
    "all": {
        "mean_mae": [
            22.328662872314453,
            24.834848403930664,
            41.8557243347168,
            66.99958038330078
        ],
        "mae_sr": 0.5856353640556335,
        "rmsd": 0.847032904624939,
        "dihedral_counts": [
            181,
            142,
            44,
            22
        ],
        "seq_len": 211,
        "num_sc": 181,
        "clash_info": {
            "100": {
                "num_clashes": 86,
                "num_atom_pairs": 1044501,
                "energy": 8.762994766235352
            },
            "90": {
                "num_clashes": 0,
                "num_atom_pairs": 1044501,
                "energy": 0.0
            },
            "80": {
                "num_clashes": 0,
                "num_atom_pairs": 1044501,
                "energy": 0.0
            }
        },
        "ca_rmsd": 11.997163772583008
    },
    "core": {
        "mean_mae": [
            3.8301801681518555,
            13.415098190307617,
            35.98518371582031,
            39.965335845947266
        ],
        "mae_sr": 0.7777777910232544,
        "rmsd": 0.33514583110809326,
        "dihedral_counts": [
            36,
            27,
            5,
            3
        ],
        "seq_len": 41,
        "num_sc": 36
    },
    "surface": {
        "mean_mae": [
            33.44337844848633,
            30.032106399536133,
            45.74638748168945,
            60.579803466796875
        ],
        "mae_sr": 0.4909090995788574,
        "rmsd": 1.0983645915985107,
        "dihedral_counts": [
            110,
            83,
            31,
            16
        ],
        "seq_len": 130,
        "num_sc": 110
    }
}