{
    "all": {
        "mean_mae": [
            21.674455642700195,
            29.8259220123291,
            42.956695556640625,
            49.245277404785156
        ],
        "mae_sr": 0.5828571319580078,
        "rmsd": 0.7687366604804993,
        "dihedral_counts": [
            175,
            135,
            46,
            23
        ],
        "seq_len": 200,
        "num_sc": 175,
        "clash_info": {
            "100": {
                "num_clashes": 93,
                "num_atom_pairs": 946761,
                "energy": 12.172409057617188
            },
            "90": {
                "num_clashes": 5,
                "num_atom_pairs": 946761,
                "energy": 0.4366893768310547
            },
            "80": {
                "num_clashes": 0,
                "num_atom_pairs": 946761,
                "energy": 0.0
            }
        },
        "ca_rmsd": 9.78335189819336
    },
    "core": {
        "mean_mae": [
            15.200075149536133,
            11.662558555603027,
            32.61981201171875,
            58.28785705566406
        ],
        "mae_sr": 0.7704917788505554,
        "rmsd": 0.47735071182250977,
        "dihedral_counts": [
            61,
            44,
            3,
            2
        ],
        "seq_len": 73,
        "num_sc": 61
    },
    "surface": {
        "mean_mae": [
            26.385332107543945,
            40.82598114013672,
            47.80157470703125,
            48.14963912963867
        ],
        "mae_sr": 0.44871795177459717,
        "rmsd": 1.0286847352981567,
        "dihedral_counts": [
            78,
            64,
            35,
            17
        ],
        "seq_len": 88,
        "num_sc": 78
    }
}