{
    "all": {
        "mean_mae": [
            24.385555267333984,
            25.965879440307617,
            48.71533203125,
            61.24802780151367
        ],
        "mae_sr": 0.5368421077728271,
        "rmsd": 0.8042299747467041,
        "dihedral_counts": [
            95,
            71,
            32,
            12
        ],
        "seq_len": 117,
        "num_sc": 95,
        "clash_info": {
            "100": {
                "num_clashes": 42,
                "num_atom_pairs": 294373,
                "energy": 4.109025478363037
            },
            "90": {
                "num_clashes": 0,
                "num_atom_pairs": 294373,
                "energy": 0.0
            },
            "80": {
                "num_clashes": 0,
                "num_atom_pairs": 294373,
                "energy": 0.0
            }
        },
        "ca_rmsd": 1.302324891090393
    },
    "core": {
        "mean_mae": [
            11.711774826049805,
            14.786383628845215,
            67.65113830566406,
            2.57309627532959
        ],
        "mae_sr": 0.800000011920929,
        "rmsd": 0.335977703332901,
        "dihedral_counts": [
            25,
            18,
            3,
            1
        ],
        "seq_len": 35,
        "num_sc": 25
    },
    "surface": {
        "mean_mae": [
            31.859100341796875,
            36.992557525634766,
            48.51871109008789,
            66.647705078125
        ],
        "mae_sr": 0.3404255211353302,
        "rmsd": 1.1380800008773804,
        "dihedral_counts": [
            47,
            37,
            24,
            9
        ],
        "seq_len": 58,
        "num_sc": 47
    }
}