{
    "all": {
        "mean_mae": [
            35.690452575683594,
            34.95734786987305,
            55.78897476196289,
            58.65182113647461
        ],
        "mae_sr": 0.43793103098869324,
        "rmsd": 1.067791223526001,
        "dihedral_counts": [
            290,
            217,
            73,
            35
        ],
        "seq_len": 343,
        "num_sc": 290,
        "clash_info": {
            "100": {
                "num_clashes": 67,
                "num_atom_pairs": 2537697,
                "energy": 8.473814964294434
            },
            "90": {
                "num_clashes": 4,
                "num_atom_pairs": 2537697,
                "energy": 0.7435638904571533
            },
            "80": {
                "num_clashes": 0,
                "num_atom_pairs": 2537697,
                "energy": 0.0
            }
        },
        "ca_rmsd": 2.354534387588501
    },
    "core": {
        "mean_mae": [
            6.2783637046813965,
            14.806014060974121,
            0.0,
            0.0
        ],
        "mae_sr": 0.7894737124443054,
        "rmsd": 0.2775544226169586,
        "dihedral_counts": [
            19,
            11,
            0,
            0
        ],
        "seq_len": 23,
        "num_sc": 19
    },
    "surface": {
        "mean_mae": [
            36.61202621459961,
            36.61460876464844,
            57.51721954345703,
            55.47750473022461
        ],
        "mae_sr": 0.41767069697380066,
        "rmsd": 1.1264861822128296,
        "dihedral_counts": [
            249,
            192,
            63,
            29
        ],
        "seq_len": 295,
        "num_sc": 249
    }
}