{
    "all": {
        "mean_mae": [
            30.513891220092773,
            28.299835205078125,
            52.41066360473633,
            44.98224639892578
        ],
        "mae_sr": 0.48571428656578064,
        "rmsd": 0.9435820579528809,
        "dihedral_counts": [
            140,
            113,
            41,
            22
        ],
        "seq_len": 166,
        "num_sc": 140,
        "clash_info": {
            "100": {
                "num_clashes": 89,
                "num_atom_pairs": 664961,
                "energy": 9.23253059387207
            },
            "90": {
                "num_clashes": 0,
                "num_atom_pairs": 664961,
                "energy": 0.0
            },
            "80": {
                "num_clashes": 0,
                "num_atom_pairs": 664961,
                "energy": 0.0
            }
        },
        "ca_rmsd": 6.354310989379883
    },
    "core": {
        "mean_mae": [
            15.837571144104004,
            24.25821304321289,
            54.94827651977539,
            48.908756256103516
        ],
        "mae_sr": 0.6666666865348816,
        "rmsd": 0.548071563243866,
        "dihedral_counts": [
            42,
            31,
            7,
            3
        ],
        "seq_len": 50,
        "num_sc": 42
    },
    "surface": {
        "mean_mae": [
            36.470703125,
            35.06989669799805,
            54.78266525268555,
            52.33097839355469
        ],
        "mae_sr": 0.37837839126586914,
        "rmsd": 1.1258248090744019,
        "dihedral_counts": [
            74,
            62,
            27,
            15
        ],
        "seq_len": 91,
        "num_sc": 74
    }
}