{
    "all": {
        "mean_mae": [
            23.265180587768555,
            25.044681549072266,
            58.717891693115234,
            58.841949462890625
        ],
        "mae_sr": 0.585616409778595,
        "rmsd": 0.867598295211792,
        "dihedral_counts": [
            292,
            222,
            75,
            33
        ],
        "seq_len": 384,
        "num_sc": 292,
        "clash_info": {
            "100": {
                "num_clashes": 115,
                "num_atom_pairs": 3090279,
                "energy": 11.498990058898926
            },
            "90": {
                "num_clashes": 2,
                "num_atom_pairs": 3090279,
                "energy": 0.3786954879760742
            },
            "80": {
                "num_clashes": 0,
                "num_atom_pairs": 3090279,
                "energy": 0.0
            }
        },
        "ca_rmsd": 9.061741828918457
    },
    "core": {
        "mean_mae": [
            15.32609748840332,
            18.556093215942383,
            28.156707763671875,
            51.862667083740234
        ],
        "mae_sr": 0.7628865838050842,
        "rmsd": 0.5096380710601807,
        "dihedral_counts": [
            97,
            75,
            11,
            3
        ],
        "seq_len": 124,
        "num_sc": 97
    },
    "surface": {
        "mean_mae": [
            34.871986389160156,
            27.94813346862793,
            61.458534240722656,
            69.59391784667969
        ],
        "mae_sr": 0.4560000002384186,
        "rmsd": 1.1593135595321655,
        "dihedral_counts": [
            125,
            97,
            39,
            19
        ],
        "seq_len": 172,
        "num_sc": 125
    }
}