{
    "all": {
        "mean_mae": [
            18.788562774658203,
            25.932466506958008,
            48.66844177246094,
            66.0099868774414
        ],
        "mae_sr": 0.6281406879425049,
        "rmsd": 0.7068666219711304,
        "dihedral_counts": [
            199,
            151,
            45,
            20
        ],
        "seq_len": 299,
        "num_sc": 199,
        "clash_info": {
            "100": {
                "num_clashes": 86,
                "num_atom_pairs": 1410345,
                "energy": 7.864394187927246
            },
            "90": {
                "num_clashes": 0,
                "num_atom_pairs": 1410345,
                "energy": 0.0
            },
            "80": {
                "num_clashes": 0,
                "num_atom_pairs": 1410345,
                "energy": 0.0
            }
        },
        "ca_rmsd": 12.626603126525879
    },
    "core": {
        "mean_mae": [
            11.160651206970215,
            17.834129333496094,
            33.40062713623047,
            45.2368049621582
        ],
        "mae_sr": 0.7346938848495483,
        "rmsd": 0.41821226477622986,
        "dihedral_counts": [
            98,
            73,
            13,
            5
        ],
        "seq_len": 156,
        "num_sc": 98
    },
    "surface": {
        "mean_mae": [
            32.23479461669922,
            38.72208023071289,
            50.79734420776367,
            61.61250686645508
        ],
        "mae_sr": 0.42424243688583374,
        "rmsd": 1.161644458770752,
        "dihedral_counts": [
            66,
            55,
            25,
            12
        ],
        "seq_len": 97,
        "num_sc": 66
    }
}