{
    "all": {
        "mean_mae": [
            19.91912078857422,
            20.672161102294922,
            41.410057067871094,
            49.95038604736328
        ],
        "mae_sr": 0.6350364685058594,
        "rmsd": 0.6532763838768005,
        "dihedral_counts": [
            137,
            93,
            33,
            13
        ],
        "seq_len": 196,
        "num_sc": 137,
        "clash_info": {
            "100": {
                "num_clashes": 63,
                "num_atom_pairs": 563940,
                "energy": 6.388549327850342
            },
            "90": {
                "num_clashes": 0,
                "num_atom_pairs": 563940,
                "energy": 0.0
            },
            "80": {
                "num_clashes": 0,
                "num_atom_pairs": 563940,
                "energy": 0.0
            }
        },
        "ca_rmsd": 8.836228370666504
    },
    "core": {
        "mean_mae": [
            14.863706588745117,
            12.623594284057617,
            49.50851821899414,
            57.185909271240234
        ],
        "mae_sr": 0.6792452931404114,
        "rmsd": 0.5160332322120667,
        "dihedral_counts": [
            53,
            38,
            7,
            3
        ],
        "seq_len": 98,
        "num_sc": 53
    },
    "surface": {
        "mean_mae": [
            23.974454879760742,
            29.929601669311523,
            35.484718322753906,
            32.389427185058594
        ],
        "mae_sr": 0.5645161271095276,
        "rmsd": 0.7936603426933289,
        "dihedral_counts": [
            62,
            40,
            23,
            7
        ],
        "seq_len": 71,
        "num_sc": 62
    }
}