{
    "all": {
        "mean_mae": [
            23.86600685119629,
            23.911922454833984,
            48.39628219604492,
            56.001155853271484
        ],
        "mae_sr": 0.6000000238418579,
        "rmsd": 0.7479459643363953,
        "dihedral_counts": [
            165,
            128,
            36,
            14
        ],
        "seq_len": 193,
        "num_sc": 165,
        "clash_info": {
            "100": {
                "num_clashes": 69,
                "num_atom_pairs": 846370,
                "energy": 11.169743537902832
            },
            "90": {
                "num_clashes": 9,
                "num_atom_pairs": 846370,
                "energy": 1.0871161222457886
            },
            "80": {
                "num_clashes": 0,
                "num_atom_pairs": 846370,
                "energy": 0.0
            }
        },
        "ca_rmsd": 7.789018630981445
    },
    "core": {
        "mean_mae": [
            9.994176864624023,
            16.25058937072754,
            32.649314880371094,
            33.574302673339844
        ],
        "mae_sr": 0.8048780560493469,
        "rmsd": 0.4570785164833069,
        "dihedral_counts": [
            41,
            31,
            8,
            5
        ],
        "seq_len": 48,
        "num_sc": 41
    },
    "surface": {
        "mean_mae": [
            29.050756454467773,
            23.53795051574707,
            54.689395904541016,
            76.88162994384766
        ],
        "mae_sr": 0.54347825050354,
        "rmsd": 0.8450971841812134,
        "dihedral_counts": [
            92,
            73,
            24,
            8
        ],
        "seq_len": 109,
        "num_sc": 92
    }
}