{
    "all": {
        "mean_mae": [
            20.749343872070312,
            18.668596267700195,
            34.05225372314453,
            50.71072006225586
        ],
        "mae_sr": 0.6666666865348816,
        "rmsd": 0.7320894598960876,
        "dihedral_counts": [
            84,
            72,
            21,
            9
        ],
        "seq_len": 98,
        "num_sc": 84,
        "clash_info": {
            "100": {
                "num_clashes": 31,
                "num_atom_pairs": 231869,
                "energy": 5.349597454071045
            },
            "90": {
                "num_clashes": 5,
                "num_atom_pairs": 231869,
                "energy": 1.1311306953430176
            },
            "80": {
                "num_clashes": 1,
                "num_atom_pairs": 231869,
                "energy": 0.41039180755615234
            }
        },
        "ca_rmsd": 0.5973000526428223
    },
    "core": {
        "mean_mae": [
            2.548204183578491,
            3.9510669708251953,
            2.367152452468872,
            0.0
        ],
        "mae_sr": 1.0,
        "rmsd": 0.1315874606370926,
        "dihedral_counts": [
            9,
            8,
            1,
            0
        ],
        "seq_len": 13,
        "num_sc": 9
    },
    "surface": {
        "mean_mae": [
            29.45979118347168,
            20.555633544921875,
            39.114463806152344,
            73.34228515625
        ],
        "mae_sr": 0.529411792755127,
        "rmsd": 0.9429313540458679,
        "dihedral_counts": [
            51,
            41,
            14,
            6
        ],
        "seq_len": 60,
        "num_sc": 51
    }
}