{
    "all": {
        "mean_mae": [
            34.76156997680664,
            34.13037109375,
            52.35348892211914,
            37.03820037841797
        ],
        "mae_sr": 0.3333333432674408,
        "rmsd": 1.103158712387085,
        "dihedral_counts": [
            212,
            167,
            59,
            28
        ],
        "seq_len": 242,
        "num_sc": 213,
        "clash_info": {
            "100": {
                "num_clashes": 76,
                "num_atom_pairs": 1409892,
                "energy": 17.33110237121582
            },
            "90": {
                "num_clashes": 18,
                "num_atom_pairs": 1409892,
                "energy": 5.280619144439697
            },
            "80": {
                "num_clashes": 6,
                "num_atom_pairs": 1409892,
                "energy": 1.6058157682418823
            }
        },
        "ca_rmsd": 1.6953362226486206
    },
    "core": {
        "mean_mae": [
            28.37982177734375,
            17.8411808013916,
            52.862815856933594,
            1.0767793655395508
        ],
        "mae_sr": 0.53125,
        "rmsd": 0.7249386310577393,
        "dihedral_counts": [
            64,
            47,
            5,
            1
        ],
        "seq_len": 77,
        "num_sc": 64
    },
    "surface": {
        "mean_mae": [
            36.274715423583984,
            41.59438705444336,
            54.86479568481445,
            49.12958908081055
        ],
        "mae_sr": 0.23711340129375458,
        "rmsd": 1.250082015991211,
        "dihedral_counts": [
            96,
            81,
            40,
            20
        ],
        "seq_len": 109,
        "num_sc": 97
    }
}