{
    "all": {
        "mean_mae": [
            44.11423110961914,
            41.33831787109375,
            49.506134033203125,
            56.06222152709961
        ],
        "mae_sr": 0.3461538553237915,
        "rmsd": 1.3411368131637573,
        "dihedral_counts": [
            52,
            47,
            19,
            7
        ],
        "seq_len": 255,
        "num_sc": 52,
        "clash_info": {
            "100": {
                "num_clashes": 16,
                "num_atom_pairs": 89640,
                "energy": 4.957663536071777
            },
            "90": {
                "num_clashes": 5,
                "num_atom_pairs": 89640,
                "energy": 2.178956985473633
            },
            "80": {
                "num_clashes": 3,
                "num_atom_pairs": 89640,
                "energy": 0.9441831111907959
            }
        },
        "ca_rmsd": 43.25819396972656
    },
    "core": {
        "mean_mae": [
            28.401098251342773,
            7.5596489906311035,
            0.0,
            0.0
        ],
        "mae_sr": 0.800000011920929,
        "rmsd": 0.4702547490596771,
        "dihedral_counts": [
            5,
            3,
            0,
            0
        ],
        "seq_len": 201,
        "num_sc": 5
    },
    "surface": {
        "mean_mae": [
            51.36170196533203,
            46.63227081298828,
            50.21739196777344,
            58.03153610229492
        ],
        "mae_sr": 0.2368421107530594,
        "rmsd": 1.6123214960098267,
        "dihedral_counts": [
            38,
            35,
            16,
            6
        ],
        "seq_len": 43,
        "num_sc": 38
    }
}