{
    "all": {
        "mean_mae": [
            28.666851043701172,
            20.591283798217773,
            66.24957275390625,
            49.22412109375
        ],
        "mae_sr": 0.6507936716079712,
        "rmsd": 0.8562556505203247,
        "dihedral_counts": [
            126,
            91,
            27,
            13
        ],
        "seq_len": 190,
        "num_sc": 126,
        "clash_info": {
            "100": {
                "num_clashes": 22,
                "num_atom_pairs": 444447,
                "energy": 4.437259674072266
            },
            "90": {
                "num_clashes": 2,
                "num_atom_pairs": 444447,
                "energy": 0.5831680297851562
            },
            "80": {
                "num_clashes": 1,
                "num_atom_pairs": 444447,
                "energy": 0.07925772666931152
            }
        },
        "ca_rmsd": 25.85292625427246
    },
    "core": {
        "mean_mae": [
            15.090667724609375,
            8.837517738342285,
            34.51848602294922,
            0.5172638893127441
        ],
        "mae_sr": 0.8888888955116272,
        "rmsd": 0.3377040922641754,
        "dihedral_counts": [
            27,
            15,
            5,
            1
        ],
        "seq_len": 77,
        "num_sc": 27
    },
    "surface": {
        "mean_mae": [
            39.35818862915039,
            29.82788848876953,
            73.65757751464844,
            70.83485412597656
        ],
        "mae_sr": 0.4590163826942444,
        "rmsd": 1.215677261352539,
        "dihedral_counts": [
            61,
            48,
            16,
            8
        ],
        "seq_len": 73,
        "num_sc": 61
    }
}