{
    "all": {
        "mean_mae": [
            52.95780944824219,
            49.69467544555664,
            62.953636169433594,
            70.01363372802734
        ],
        "mae_sr": 0.19565217196941376,
        "rmsd": 1.5252180099487305,
        "dihedral_counts": [
            138,
            106,
            44,
            24
        ],
        "seq_len": 168,
        "num_sc": 138,
        "clash_info": {
            "100": {
                "num_clashes": 86,
                "num_atom_pairs": 577822,
                "energy": 23.022003173828125
            },
            "90": {
                "num_clashes": 28,
                "num_atom_pairs": 577822,
                "energy": 7.270273208618164
            },
            "80": {
                "num_clashes": 7,
                "num_atom_pairs": 577822,
                "energy": 2.9411847591400146
            }
        },
        "ca_rmsd": 14.826475143432617
    },
    "core": {
        "mean_mae": [
            40.50028610229492,
            49.16715621948242,
            59.39484786987305,
            122.38163757324219
        ],
        "mae_sr": 0.3030303120613098,
        "rmsd": 1.2569124698638916,
        "dihedral_counts": [
            33,
            21,
            7,
            2
        ],
        "seq_len": 37,
        "num_sc": 33
    },
    "surface": {
        "mean_mae": [
            57.48219299316406,
            49.79319763183594,
            59.322086334228516,
            67.83389282226562
        ],
        "mae_sr": 0.13698630034923553,
        "rmsd": 1.618515133857727,
        "dihedral_counts": [
            73,
            61,
            29,
            16
        ],
        "seq_len": 96,
        "num_sc": 73
    }
}