{
    "all": {
        "mean_mae": [
            46.17145538330078,
            45.910865783691406,
            29.526166915893555,
            70.34211730957031
        ],
        "mae_sr": 0.22689075767993927,
        "rmsd": 1.4504095315933228,
        "dihedral_counts": [
            119,
            100,
            33,
            12
        ],
        "seq_len": 130,
        "num_sc": 119,
        "clash_info": {
            "100": {
                "num_clashes": 40,
                "num_atom_pairs": 440188,
                "energy": 9.842761039733887
            },
            "90": {
                "num_clashes": 10,
                "num_atom_pairs": 440188,
                "energy": 3.2597827911376953
            },
            "80": {
                "num_clashes": 3,
                "num_atom_pairs": 440188,
                "energy": 1.5810413360595703
            }
        },
        "ca_rmsd": 2.7375292778015137
    },
    "core": {
        "mean_mae": [
            42.12858581542969,
            56.199615478515625,
            0.0,
            0.0
        ],
        "mae_sr": 0.125,
        "rmsd": 1.2522014379501343,
        "dihedral_counts": [
            8,
            7,
            0,
            0
        ],
        "seq_len": 9,
        "num_sc": 8
    },
    "surface": {
        "mean_mae": [
            47.48394775390625,
            43.1993522644043,
            27.38159942626953,
            60.701454162597656
        ],
        "mae_sr": 0.2247191071510315,
        "rmsd": 1.4970358610153198,
        "dihedral_counts": [
            89,
            74,
            30,
            11
        ],
        "seq_len": 98,
        "num_sc": 89
    }
}