{
    "all": {
        "mean_mae": [
            28.19698143005371,
            27.802064895629883,
            46.6695671081543,
            63.21377182006836
        ],
        "mae_sr": 0.5827814340591431,
        "rmsd": 0.9267550706863403,
        "dihedral_counts": [
            151,
            106,
            48,
            19
        ],
        "seq_len": 173,
        "num_sc": 151,
        "clash_info": {
            "100": {
                "num_clashes": 75,
                "num_atom_pairs": 653065,
                "energy": 15.546783447265625
            },
            "90": {
                "num_clashes": 13,
                "num_atom_pairs": 653065,
                "energy": 4.862216949462891
            },
            "80": {
                "num_clashes": 5,
                "num_atom_pairs": 653065,
                "energy": 2.4583001136779785
            }
        },
        "ca_rmsd": 6.429976940155029
    },
    "core": {
        "mean_mae": [
            19.412738800048828,
            23.016637802124023,
            47.78291702270508,
            94.16675567626953
        ],
        "mae_sr": 0.7272727489471436,
        "rmsd": 0.5801833868026733,
        "dihedral_counts": [
            55,
            37,
            12,
            6
        ],
        "seq_len": 57,
        "num_sc": 55
    },
    "surface": {
        "mean_mae": [
            40.51477813720703,
            36.26825714111328,
            44.93915939331055,
            39.87352752685547
        ],
        "mae_sr": 0.4032258093357086,
        "rmsd": 1.2729469537734985,
        "dihedral_counts": [
            62,
            44,
            28,
            9
        ],
        "seq_len": 74,
        "num_sc": 62
    }
}