{
    "all": {
        "mean_mae": [
            17.839866638183594,
            21.779979705810547,
            31.550201416015625,
            37.383941650390625
        ],
        "mae_sr": 0.7596153616905212,
        "rmsd": 0.5892587900161743,
        "dihedral_counts": [
            104,
            60,
            15,
            7
        ],
        "seq_len": 138,
        "num_sc": 104,
        "clash_info": {
            "100": {
                "num_clashes": 35,
                "num_atom_pairs": 318855,
                "energy": 6.3314595222473145
            },
            "90": {
                "num_clashes": 5,
                "num_atom_pairs": 318855,
                "energy": 1.1686491966247559
            },
            "80": {
                "num_clashes": 1,
                "num_atom_pairs": 318855,
                "energy": 0.1837460994720459
            }
        },
        "ca_rmsd": 22.056325912475586
    },
    "core": {
        "mean_mae": [
            8.192543983459473,
            20.175823211669922,
            4.393799304962158,
            3.989595413208008
        ],
        "mae_sr": 0.8518518805503845,
        "rmsd": 0.33974483609199524,
        "dihedral_counts": [
            27,
            15,
            1,
            1
        ],
        "seq_len": 30,
        "num_sc": 27
    },
    "surface": {
        "mean_mae": [
            27.145687103271484,
            29.0304012298584,
            44.76612854003906,
            62.26384353637695
        ],
        "mae_sr": 0.6346153616905212,
        "rmsd": 0.8427197337150574,
        "dihedral_counts": [
            52,
            32,
            9,
            4
        ],
        "seq_len": 76,
        "num_sc": 52
    }
}