{
    "all": {
        "mean_mae": [
            39.88291549682617,
            42.89501190185547,
            63.505489349365234,
            84.3319320678711
        ],
        "mae_sr": 0.3292929232120514,
        "rmsd": 1.2181928157806396,
        "dihedral_counts": [
            990,
            745,
            256,
            122
        ],
        "seq_len": 1340,
        "num_sc": 990,
        "clash_info": {
            "100": {
                "num_clashes": 287,
                "num_atom_pairs": 30942128,
                "energy": 52.9814338684082
            },
            "90": {
                "num_clashes": 53,
                "num_atom_pairs": 30942128,
                "energy": 11.357664108276367
            },
            "80": {
                "num_clashes": 7,
                "num_atom_pairs": 30942128,
                "energy": 2.622479200363159
            }
        },
        "ca_rmsd": 89.2637939453125
    },
    "core": {
        "mean_mae": [
            28.2025146484375,
            34.727210998535156,
            64.16756439208984,
            70.85945129394531
        ],
        "mae_sr": 0.44481605291366577,
        "rmsd": 0.8142244219779968,
        "dihedral_counts": [
            299,
            211,
            42,
            20
        ],
        "seq_len": 553,
        "num_sc": 299
    },
    "surface": {
        "mean_mae": [
            51.15613555908203,
            47.56504440307617,
            65.75802612304688,
            94.90019989013672
        ],
        "mae_sr": 0.24752475321292877,
        "rmsd": 1.5771002769470215,
        "dihedral_counts": [
            404,
            323,
            148,
            74
        ],
        "seq_len": 457,
        "num_sc": 404
    }
}