{
    "all": {
        "mean_mae": [
            21.316383361816406,
            31.495685577392578,
            56.36772155761719,
            58.43716049194336
        ],
        "mae_sr": 0.6432748436927795,
        "rmsd": 0.7714386582374573,
        "dihedral_counts": [
            171,
            134,
            37,
            16
        ],
        "seq_len": 227,
        "num_sc": 171,
        "clash_info": {
            "100": {
                "num_clashes": 56,
                "num_atom_pairs": 1015040,
                "energy": 8.950336456298828
            },
            "90": {
                "num_clashes": 8,
                "num_atom_pairs": 1015040,
                "energy": 1.7296921014785767
            },
            "80": {
                "num_clashes": 1,
                "num_atom_pairs": 1015040,
                "energy": 0.19560551643371582
            }
        },
        "ca_rmsd": 11.396550178527832
    },
    "core": {
        "mean_mae": [
            15.332369804382324,
            18.77568244934082,
            16.618545532226562,
            62.79194641113281
        ],
        "mae_sr": 0.8533333539962769,
        "rmsd": 0.45776641368865967,
        "dihedral_counts": [
            75,
            53,
            8,
            2
        ],
        "seq_len": 101,
        "num_sc": 75
    },
    "surface": {
        "mean_mae": [
            30.03588104248047,
            45.13847351074219,
            72.07073211669922,
            53.86854553222656
        ],
        "mae_sr": 0.41428571939468384,
        "rmsd": 1.1817103624343872,
        "dihedral_counts": [
            70,
            59,
            22,
            11
        ],
        "seq_len": 91,
        "num_sc": 70
    }
}