{
    "all": {
        "mean_mae": [
            20.754934310913086,
            21.255706787109375,
            45.75428771972656,
            67.25070190429688
        ],
        "mae_sr": 0.6482412219047546,
        "rmsd": 0.6756221652030945,
        "dihedral_counts": [
            199,
            151,
            45,
            20
        ],
        "seq_len": 299,
        "num_sc": 199,
        "clash_info": {
            "100": {
                "num_clashes": 64,
                "num_atom_pairs": 1410345,
                "energy": 10.594715118408203
            },
            "90": {
                "num_clashes": 6,
                "num_atom_pairs": 1410345,
                "energy": 0.9931197166442871
            },
            "80": {
                "num_clashes": 0,
                "num_atom_pairs": 1410345,
                "energy": 0.0
            }
        },
        "ca_rmsd": 12.626603126525879
    },
    "core": {
        "mean_mae": [
            14.77876091003418,
            12.498503684997559,
            28.558032989501953,
            54.078468322753906
        ],
        "mae_sr": 0.7857142686843872,
        "rmsd": 0.43850988149642944,
        "dihedral_counts": [
            98,
            73,
            13,
            5
        ],
        "seq_len": 156,
        "num_sc": 98
    },
    "surface": {
        "mean_mae": [
            32.924888610839844,
            33.97114562988281,
            55.863441467285156,
            51.83448791503906
        ],
        "mae_sr": 0.40909090638160706,
        "rmsd": 1.1243373155593872,
        "dihedral_counts": [
            66,
            55,
            25,
            12
        ],
        "seq_len": 97,
        "num_sc": 66
    }
}