{
    "all": {
        "mean_mae": [
            35.16127014160156,
            30.072376251220703,
            51.06239318847656,
            73.36084747314453
        ],
        "mae_sr": 0.5423076748847961,
        "rmsd": 0.9997649192810059,
        "dihedral_counts": [
            260,
            169,
            45,
            18
        ],
        "seq_len": 338,
        "num_sc": 260,
        "clash_info": {
            "100": {
                "num_clashes": 121,
                "num_atom_pairs": 2140880,
                "energy": 24.854982376098633
            },
            "90": {
                "num_clashes": 22,
                "num_atom_pairs": 2140880,
                "energy": 5.427943229675293
            },
            "80": {
                "num_clashes": 4,
                "num_atom_pairs": 2140880,
                "energy": 2.067809581756592
            }
        },
        "ca_rmsd": 6.851234436035156
    },
    "core": {
        "mean_mae": [
            40.260467529296875,
            31.836196899414062,
            39.87973403930664,
            90.43931579589844
        ],
        "mae_sr": 0.5,
        "rmsd": 0.9761995077133179,
        "dihedral_counts": [
            38,
            28,
            5,
            2
        ],
        "seq_len": 47,
        "num_sc": 38
    },
    "surface": {
        "mean_mae": [
            34.950199127197266,
            32.569984436035156,
            48.833465576171875,
            92.68864440917969
        ],
        "mae_sr": 0.5696969628334045,
        "rmsd": 0.9705069661140442,
        "dihedral_counts": [
            165,
            95,
            29,
            11
        ],
        "seq_len": 222,
        "num_sc": 165
    }
}