{
    "all": {
        "mean_mae": [
            50.07804870605469,
            40.9200553894043,
            59.66864776611328,
            77.9654541015625
        ],
        "mae_sr": 0.2611464858055115,
        "rmsd": 1.5314686298370361,
        "dihedral_counts": [
            628,
            496,
            213,
            104
        ],
        "seq_len": 1200,
        "num_sc": 628,
        "clash_info": {
            "100": {
                "num_clashes": 180,
                "num_atom_pairs": 12839134,
                "energy": 40.760398864746094
            },
            "90": {
                "num_clashes": 42,
                "num_atom_pairs": 12839134,
                "energy": 9.615785598754883
            },
            "80": {
                "num_clashes": 9,
                "num_atom_pairs": 12839134,
                "energy": 3.0921478271484375
            }
        },
        "ca_rmsd": 40.893280029296875
    },
    "core": {
        "mean_mae": [
            45.318359375,
            40.692291259765625,
            57.8577880859375,
            78.34600067138672
        ],
        "mae_sr": 0.33864542841911316,
        "rmsd": 1.3270986080169678,
        "dihedral_counts": [
            251,
            184,
            38,
            19
        ],
        "seq_len": 753,
        "num_sc": 251
    },
    "surface": {
        "mean_mae": [
            58.314369201660156,
            43.55093002319336,
            57.981143951416016,
            81.70698547363281
        ],
        "mae_sr": 0.1515151560306549,
        "rmsd": 1.727567195892334,
        "dihedral_counts": [
            231,
            196,
            127,
            57
        ],
        "seq_len": 276,
        "num_sc": 231
    }
}