{
    "all": {
        "mean_mae": [
            33.2769775390625,
            37.781646728515625,
            61.189796447753906,
            63.06525421142578
        ],
        "mae_sr": 0.3921568691730499,
        "rmsd": 1.0401002168655396,
        "dihedral_counts": [
            255,
            198,
            78,
            36
        ],
        "seq_len": 653,
        "num_sc": 255,
        "clash_info": {
            "100": {
                "num_clashes": 86,
                "num_atom_pairs": 1935960,
                "energy": 14.965423583984375
            },
            "90": {
                "num_clashes": 15,
                "num_atom_pairs": 1935960,
                "energy": 2.6690587997436523
            },
            "80": {
                "num_clashes": 2,
                "num_atom_pairs": 1935960,
                "energy": 0.5355989933013916
            }
        },
        "ca_rmsd": 257.85565185546875
    },
    "core": {
        "mean_mae": [
            16.852935791015625,
            32.44368362426758,
            56.18449783325195,
            64.64372253417969
        ],
        "mae_sr": 0.6288659572601318,
        "rmsd": 0.6939210295677185,
        "dihedral_counts": [
            97,
            71,
            17,
            10
        ],
        "seq_len": 467,
        "num_sc": 97
    },
    "surface": {
        "mean_mae": [
            48.72904968261719,
            46.050636291503906,
            65.58845520019531,
            52.54267501831055
        ],
        "mae_sr": 0.20370370149612427,
        "rmsd": 1.3700286149978638,
        "dihedral_counts": [
            108,
            83,
            44,
            17
        ],
        "seq_len": 125,
        "num_sc": 108
    }
}