{
    "all": {
        "mean_mae": [
            9.842540740966797,
            14.074522972106934,
            27.351476669311523,
            55.55818176269531
        ],
        "mae_sr": 0.8103448152542114,
        "rmsd": 0.41031619906425476,
        "dihedral_counts": [
            116,
            79,
            22,
            11
        ],
        "seq_len": 134,
        "num_sc": 116,
        "clash_info": {
            "100": {
                "num_clashes": 32,
                "num_atom_pairs": 385526,
                "energy": 5.324135780334473
            },
            "90": {
                "num_clashes": 5,
                "num_atom_pairs": 385526,
                "energy": 0.7510442733764648
            },
            "80": {
                "num_clashes": 0,
                "num_atom_pairs": 385526,
                "energy": 0.0
            }
        },
        "ca_rmsd": 2.101948439303669e-06
    },
    "core": {
        "mean_mae": [
            3.018301010131836,
            2.194326639175415,
            8.623037338256836,
            1.1820939779281616
        ],
        "mae_sr": 1.0,
        "rmsd": 0.15810634195804596,
        "dihedral_counts": [
            43,
            30,
            4,
            2
        ],
        "seq_len": 50,
        "num_sc": 43
    },
    "surface": {
        "mean_mae": [
            15.501465797424316,
            22.233753204345703,
            31.363372802734375,
            72.73042297363281
        ],
        "mae_sr": 0.7090908885002136,
        "rmsd": 0.5243052244186401,
        "dihedral_counts": [
            55,
            35,
            10,
            6
        ],
        "seq_len": 64,
        "num_sc": 55
    }
}