{
    "all": {
        "mean_mae": [
            27.847196578979492,
            29.466585159301758,
            53.67877197265625,
            45.699771881103516
        ],
        "mae_sr": 0.451127827167511,
        "rmsd": 0.8913936614990234,
        "dihedral_counts": [
            133,
            98,
            39,
            23
        ],
        "seq_len": 148,
        "num_sc": 133,
        "clash_info": {
            "100": {
                "num_clashes": 71,
                "num_atom_pairs": 531330,
                "energy": 8.798393249511719
            },
            "90": {
                "num_clashes": 4,
                "num_atom_pairs": 531330,
                "energy": 0.35836100578308105
            },
            "80": {
                "num_clashes": 0,
                "num_atom_pairs": 531330,
                "energy": 0.0
            }
        },
        "ca_rmsd": 8.021284884307534e-06
    },
    "core": {
        "mean_mae": [
            14.221040725708008,
            18.700151443481445,
            29.910930633544922,
            84.4228515625
        ],
        "mae_sr": 0.7142857313156128,
        "rmsd": 0.545341968536377,
        "dihedral_counts": [
            28,
            19,
            5,
            4
        ],
        "seq_len": 32,
        "num_sc": 28
    },
    "surface": {
        "mean_mae": [
            39.3386344909668,
            32.71879959106445,
            52.35427474975586,
            37.97079086303711
        ],
        "mae_sr": 0.31578946113586426,
        "rmsd": 1.0959391593933105,
        "dihedral_counts": [
            76,
            56,
            26,
            15
        ],
        "seq_len": 85,
        "num_sc": 76
    }
}