{
    "all": {
        "mean_mae": [
            17.52175521850586,
            28.536083221435547,
            52.341705322265625,
            45.09516525268555
        ],
        "mae_sr": 0.5719557404518127,
        "rmsd": 0.7558812499046326,
        "dihedral_counts": [
            271,
            200,
            76,
            29
        ],
        "seq_len": 326,
        "num_sc": 271,
        "clash_info": {
            "100": {
                "num_clashes": 95,
                "num_atom_pairs": 2357222,
                "energy": 15.927718162536621
            },
            "90": {
                "num_clashes": 16,
                "num_atom_pairs": 2357222,
                "energy": 2.2801449298858643
            },
            "80": {
                "num_clashes": 3,
                "num_atom_pairs": 2357222,
                "energy": 0.09114503860473633
            }
        },
        "ca_rmsd": 1.3173803381505422e-05
    },
    "core": {
        "mean_mae": [
            6.867436408996582,
            20.904603958129883,
            55.73628234863281,
            18.918502807617188
        ],
        "mae_sr": 0.7599999904632568,
        "rmsd": 0.4207756519317627,
        "dihedral_counts": [
            50,
            31,
            4,
            4
        ],
        "seq_len": 64,
        "num_sc": 50
    },
    "surface": {
        "mean_mae": [
            24.771276473999023,
            36.00521469116211,
            56.05086135864258,
            54.699180603027344
        ],
        "mae_sr": 0.47133758664131165,
        "rmsd": 0.9765492677688599,
        "dihedral_counts": [
            157,
            119,
            57,
            19
        ],
        "seq_len": 185,
        "num_sc": 157
    }
}