{
    "all": {
        "mean_mae": [
            11.738601684570312,
            10.256669044494629,
            53.253902435302734,
            49.36246109008789
        ],
        "mae_sr": 0.7777777910232544,
        "rmsd": 0.4193800985813141,
        "dihedral_counts": [
            126,
            91,
            27,
            13
        ],
        "seq_len": 143,
        "num_sc": 126,
        "clash_info": {
            "100": {
                "num_clashes": 25,
                "num_atom_pairs": 444447,
                "energy": 2.977616548538208
            },
            "90": {
                "num_clashes": 2,
                "num_atom_pairs": 444447,
                "energy": 0.013716459274291992
            },
            "80": {
                "num_clashes": 0,
                "num_atom_pairs": 444447,
                "energy": 0.0
            }
        },
        "ca_rmsd": 7.022325917205308e-06
    },
    "core": {
        "mean_mae": [
            4.623528480529785,
            8.971552848815918,
            7.3247857093811035,
            2.424457550048828
        ],
        "mae_sr": 0.9629629850387573,
        "rmsd": 0.1639319658279419,
        "dihedral_counts": [
            27,
            15,
            5,
            1
        ],
        "seq_len": 30,
        "num_sc": 27
    },
    "surface": {
        "mean_mae": [
            18.096961975097656,
            12.644057273864746,
            72.43866729736328,
            74.23113250732422
        ],
        "mae_sr": 0.6229507923126221,
        "rmsd": 0.6239610910415649,
        "dihedral_counts": [
            61,
            48,
            16,
            8
        ],
        "seq_len": 73,
        "num_sc": 61
    }
}