{
    "all": {
        "mean_mae": [
            16.619998931884766,
            23.310791015625,
            39.85139465332031,
            57.66387176513672
        ],
        "mae_sr": 0.5815602540969849,
        "rmsd": 0.635326623916626,
        "dihedral_counts": [
            141,
            106,
            39,
            15
        ],
        "seq_len": 156,
        "num_sc": 141,
        "clash_info": {
            "100": {
                "num_clashes": 51,
                "num_atom_pairs": 593764,
                "energy": 10.804170608520508
            },
            "90": {
                "num_clashes": 10,
                "num_atom_pairs": 593764,
                "energy": 3.3306145668029785
            },
            "80": {
                "num_clashes": 3,
                "num_atom_pairs": 593764,
                "energy": 1.3244503736495972
            }
        },
        "ca_rmsd": 6.380560535035329e-06
    },
    "core": {
        "mean_mae": [
            7.013365268707275,
            9.403827667236328,
            18.04743766784668,
            37.873992919921875
        ],
        "mae_sr": 0.8837209343910217,
        "rmsd": 0.29904448986053467,
        "dihedral_counts": [
            43,
            30,
            3,
            3
        ],
        "seq_len": 50,
        "num_sc": 43
    },
    "surface": {
        "mean_mae": [
            23.513916015625,
            30.502864837646484,
            41.98970031738281,
            63.92281723022461
        ],
        "mae_sr": 0.3857142925262451,
        "rmsd": 0.8260412216186523,
        "dihedral_counts": [
            70,
            53,
            29,
            11
        ],
        "seq_len": 77,
        "num_sc": 70
    }
}