{
    "all": {
        "mean_mae": [
            10.555960655212402,
            16.154264450073242,
            24.34604263305664,
            55.071372985839844
        ],
        "mae_sr": 0.790243923664093,
        "rmsd": 0.4496842622756958,
        "dihedral_counts": [
            410,
            323,
            123,
            53
        ],
        "seq_len": 540,
        "num_sc": 410,
        "clash_info": {
            "100": {
                "num_clashes": 128,
                "num_atom_pairs": 5865615,
                "energy": 16.72918128967285
            },
            "90": {
                "num_clashes": 8,
                "num_atom_pairs": 5865615,
                "energy": 2.012138843536377
            },
            "80": {
                "num_clashes": 3,
                "num_atom_pairs": 5865615,
                "energy": 0.47713279724121094
            }
        },
        "ca_rmsd": 8.749421795073431e-06
    },
    "core": {
        "mean_mae": [
            8.778106689453125,
            11.182103157043457,
            17.697425842285156,
            39.32176208496094
        ],
        "mae_sr": 0.8805969953536987,
        "rmsd": 0.2831215560436249,
        "dihedral_counts": [
            201,
            146,
            39,
            12
        ],
        "seq_len": 284,
        "num_sc": 201
    },
    "surface": {
        "mean_mae": [
            16.930814743041992,
            25.183612823486328,
            30.283655166625977,
            67.55371856689453
        ],
        "mae_sr": 0.6410256624221802,
        "rmsd": 0.7745348215103149,
        "dihedral_counts": [
            117,
            104,
            50,
            26
        ],
        "seq_len": 139,
        "num_sc": 117
    }
}