{
    "all": {
        "mean_mae": [
            26.780160903930664,
            20.688678741455078,
            36.39577102661133,
            42.180538177490234
        ],
        "mae_sr": 0.5959596037864685,
        "rmsd": 0.8500964045524597,
        "dihedral_counts": [
            198,
            160,
            62,
            34
        ],
        "seq_len": 223,
        "num_sc": 198,
        "clash_info": {
            "100": {
                "num_clashes": 35,
                "num_atom_pairs": 1212729,
                "energy": 5.4050750732421875
            },
            "90": {
                "num_clashes": 4,
                "num_atom_pairs": 1212729,
                "energy": 0.8148161172866821
            },
            "80": {
                "num_clashes": 1,
                "num_atom_pairs": 1212729,
                "energy": 0.11907172203063965
            }
        },
        "ca_rmsd": 1.1909496784210205
    },
    "core": {
        "mean_mae": [
            14.439581871032715,
            11.34493637084961,
            22.32190704345703,
            25.785619735717773
        ],
        "mae_sr": 0.7971014380455017,
        "rmsd": 0.4665940999984741,
        "dihedral_counts": [
            69,
            50,
            12,
            5
        ],
        "seq_len": 80,
        "num_sc": 69
    },
    "surface": {
        "mean_mae": [
            38.550636291503906,
            25.321962356567383,
            42.493629455566406,
            44.298892974853516
        ],
        "mae_sr": 0.43157893419265747,
        "rmsd": 1.185057282447815,
        "dihedral_counts": [
            95,
            79,
            40,
            24
        ],
        "seq_len": 105,
        "num_sc": 95
    }
}