{
    "all": {
        "mean_mae": [
            19.717559814453125,
            32.91616439819336,
            60.0243034362793,
            61.139671325683594
        ],
        "mae_sr": 0.550000011920929,
        "rmsd": 0.7638646960258484,
        "dihedral_counts": [
            40,
            35,
            11,
            5
        ],
        "seq_len": 56,
        "num_sc": 40,
        "clash_info": {
            "100": {
                "num_clashes": 10,
                "num_atom_pairs": 48867,
                "energy": 0.8902854919433594
            },
            "90": {
                "num_clashes": 0,
                "num_atom_pairs": 48867,
                "energy": 0.0
            },
            "80": {
                "num_clashes": 0,
                "num_atom_pairs": 48867,
                "energy": 0.0
            }
        },
        "ca_rmsd": 9.649980545043945
    },
    "core": {
        "mean_mae": [
            37.04777908325195,
            46.462799072265625,
            147.26991271972656,
            0.0
        ],
        "mae_sr": 0.6666666865348816,
        "rmsd": 0.658662736415863,
        "dihedral_counts": [
            3,
            3,
            1,
            0
        ],
        "seq_len": 3,
        "num_sc": 3
    },
    "surface": {
        "mean_mae": [
            18.342025756835938,
            28.34339141845703,
            51.29973602294922,
            61.139671325683594
        ],
        "mae_sr": 0.5,
        "rmsd": 0.783244788646698,
        "dihedral_counts": [
            28,
            24,
            10,
            5
        ],
        "seq_len": 43,
        "num_sc": 28
    }
}