{
    "all": {
        "mean_mae": [
            42.10634231567383,
            37.174560546875,
            52.25985336303711,
            66.81015014648438
        ],
        "mae_sr": 0.4169014096260071,
        "rmsd": 1.2167075872421265,
        "dihedral_counts": [
            355,
            270,
            79,
            30
        ],
        "seq_len": 547,
        "num_sc": 355,
        "clash_info": {
            "100": {
                "num_clashes": 49,
                "num_atom_pairs": 3806270,
                "energy": 7.435251235961914
            },
            "90": {
                "num_clashes": 5,
                "num_atom_pairs": 3806270,
                "energy": 0.529463529586792
            },
            "80": {
                "num_clashes": 0,
                "num_atom_pairs": 3806270,
                "energy": 0.0
            }
        },
        "ca_rmsd": 187.62635803222656
    },
    "core": {
        "mean_mae": [
            11.321481704711914,
            16.635831832885742,
            62.81586837768555,
            0.0
        ],
        "mae_sr": 0.8529411554336548,
        "rmsd": 0.4128553867340088,
        "dihedral_counts": [
            34,
            21,
            4,
            0
        ],
        "seq_len": 162,
        "num_sc": 34
    },
    "surface": {
        "mean_mae": [
            46.4122200012207,
            39.791847229003906,
            52.992549896240234,
            74.09326171875
        ],
        "mae_sr": 0.356890469789505,
        "rmsd": 1.3412277698516846,
        "dihedral_counts": [
            283,
            221,
            66,
            25
        ],
        "seq_len": 345,
        "num_sc": 283
    }
}