{
    "all": {
        "mean_mae": [
            22.480899810791016,
            20.19577980041504,
            38.90547180175781,
            58.584468841552734
        ],
        "mae_sr": 0.7105262875556946,
        "rmsd": 0.6232174038887024,
        "dihedral_counts": [
            76,
            48,
            13,
            6
        ],
        "seq_len": 103,
        "num_sc": 76,
        "clash_info": {
            "100": {
                "num_clashes": 16,
                "num_atom_pairs": 168800,
                "energy": 1.8866913318634033
            },
            "90": {
                "num_clashes": 1,
                "num_atom_pairs": 168800,
                "energy": 0.007367372512817383
            },
            "80": {
                "num_clashes": 0,
                "num_atom_pairs": 168800,
                "energy": 0.0
            }
        },
        "ca_rmsd": 24.735403060913086
    },
    "core": {
        "mean_mae": [
            9.273880958557129,
            7.388207912445068,
            58.22951889038086,
            136.93040466308594
        ],
        "mae_sr": 0.8235294222831726,
        "rmsd": 0.29294341802597046,
        "dihedral_counts": [
            17,
            12,
            2,
            1
        ],
        "seq_len": 26,
        "num_sc": 17
    },
    "surface": {
        "mean_mae": [
            24.4744815826416,
            22.45954132080078,
            26.253633499145508,
            66.22769927978516
        ],
        "mae_sr": 0.6666666865348816,
        "rmsd": 0.6673300266265869,
        "dihedral_counts": [
            39,
            23,
            6,
            3
        ],
        "seq_len": 56,
        "num_sc": 39
    }
}