{
    "all": {
        "mean_mae": [
            28.588878631591797,
            29.69501304626465,
            44.65554428100586,
            63.97114181518555
        ],
        "mae_sr": 0.580110490322113,
        "rmsd": 0.9665908217430115,
        "dihedral_counts": [
            181,
            142,
            44,
            22
        ],
        "seq_len": 211,
        "num_sc": 181,
        "clash_info": {
            "100": {
                "num_clashes": 39,
                "num_atom_pairs": 1044501,
                "energy": 6.734522342681885
            },
            "90": {
                "num_clashes": 7,
                "num_atom_pairs": 1044501,
                "energy": 1.1042757034301758
            },
            "80": {
                "num_clashes": 1,
                "num_atom_pairs": 1044501,
                "energy": 0.052057743072509766
            }
        },
        "ca_rmsd": 11.992393493652344
    },
    "core": {
        "mean_mae": [
            11.027593612670898,
            18.31329345703125,
            48.66154861450195,
            43.02322769165039
        ],
        "mae_sr": 0.7777777910232544,
        "rmsd": 0.454006552696228,
        "dihedral_counts": [
            36,
            27,
            5,
            3
        ],
        "seq_len": 41,
        "num_sc": 36
    },
    "surface": {
        "mean_mae": [
            40.15312576293945,
            36.823848724365234,
            43.63943099975586,
            54.69410705566406
        ],
        "mae_sr": 0.4727272689342499,
        "rmsd": 1.2037211656570435,
        "dihedral_counts": [
            110,
            83,
            31,
            16
        ],
        "seq_len": 130,
        "num_sc": 110
    }
}