{
    "all": {
        "mean_mae": [
            31.323122024536133,
            36.38138961791992,
            51.11805725097656,
            65.1823501586914
        ],
        "mae_sr": 0.4736842215061188,
        "rmsd": 1.0129084587097168,
        "dihedral_counts": [
            95,
            71,
            32,
            12
        ],
        "seq_len": 117,
        "num_sc": 95,
        "clash_info": {
            "100": {
                "num_clashes": 30,
                "num_atom_pairs": 294373,
                "energy": 5.27001953125
            },
            "90": {
                "num_clashes": 6,
                "num_atom_pairs": 294373,
                "energy": 1.40464186668396
            },
            "80": {
                "num_clashes": 2,
                "num_atom_pairs": 294373,
                "energy": 0.3786475658416748
            }
        },
        "ca_rmsd": 1.6312505006790161
    },
    "core": {
        "mean_mae": [
            19.604883193969727,
            27.945453643798828,
            90.76700592041016,
            36.377506256103516
        ],
        "mae_sr": 0.6399999856948853,
        "rmsd": 0.594298779964447,
        "dihedral_counts": [
            25,
            18,
            3,
            1
        ],
        "seq_len": 35,
        "num_sc": 25
    },
    "surface": {
        "mean_mae": [
            38.439823150634766,
            45.04854965209961,
            49.831424713134766,
            67.1752700805664
        ],
        "mae_sr": 0.27659574151039124,
        "rmsd": 1.3551158905029297,
        "dihedral_counts": [
            47,
            37,
            24,
            9
        ],
        "seq_len": 58,
        "num_sc": 47
    }
}