{
    "all": {
        "mean_mae": [
            19.22157096862793,
            23.67327117919922,
            47.258575439453125,
            76.68836975097656
        ],
        "mae_sr": 0.6666666865348816,
        "rmsd": 0.7245698571205139,
        "dihedral_counts": [
            426,
            320,
            101,
            46
        ],
        "seq_len": 535,
        "num_sc": 426,
        "clash_info": {
            "100": {
                "num_clashes": 236,
                "num_atom_pairs": 6038304,
                "energy": 62.76911926269531
            },
            "90": {
                "num_clashes": 67,
                "num_atom_pairs": 6038304,
                "energy": 21.11798095703125
            },
            "80": {
                "num_clashes": 27,
                "num_atom_pairs": 6038304,
                "energy": 8.146421432495117
            }
        },
        "ca_rmsd": 59.65126419067383
    },
    "core": {
        "mean_mae": [
            15.921442031860352,
            18.89918327331543,
            44.30683135986328,
            54.34091567993164
        ],
        "mae_sr": 0.7490494251251221,
        "rmsd": 0.5744473934173584,
        "dihedral_counts": [
            263,
            188,
            46,
            19
        ],
        "seq_len": 339,
        "num_sc": 263
    },
    "surface": {
        "mean_mae": [
            29.231103897094727,
            31.30449676513672,
            46.82732009887695,
            107.36332702636719
        ],
        "mae_sr": 0.48543688654899597,
        "rmsd": 1.061194658279419,
        "dihedral_counts": [
            103,
            82,
            40,
            18
        ],
        "seq_len": 120,
        "num_sc": 103
    }
}