{
    "all": {
        "mean_mae": [
            40.30935287475586,
            35.71324920654297,
            67.96057891845703,
            78.88347625732422
        ],
        "mae_sr": 0.4115384519100189,
        "rmsd": 1.2212028503417969,
        "dihedral_counts": [
            260,
            180,
            68,
            34
        ],
        "seq_len": 524,
        "num_sc": 260,
        "clash_info": {
            "100": {
                "num_clashes": 31,
                "num_atom_pairs": 2017035,
                "energy": 4.724600791931152
            },
            "90": {
                "num_clashes": 5,
                "num_atom_pairs": 2017035,
                "energy": 0.88511061668396
            },
            "80": {
                "num_clashes": 1,
                "num_atom_pairs": 2017035,
                "energy": 0.24986982345581055
            }
        },
        "ca_rmsd": 207.8634033203125
    },
    "core": {
        "mean_mae": [
            8.756904602050781,
            12.868199348449707,
            0.0,
            0.0
        ],
        "mae_sr": 0.8421052694320679,
        "rmsd": 0.34177708625793457,
        "dihedral_counts": [
            19,
            14,
            0,
            0
        ],
        "seq_len": 234,
        "num_sc": 19
    },
    "surface": {
        "mean_mae": [
            44.75162124633789,
            39.40499496459961,
            69.07300567626953,
            77.00676727294922
        ],
        "mae_sr": 0.3636363744735718,
        "rmsd": 1.3267844915390015,
        "dihedral_counts": [
            220,
            151,
            58,
            28
        ],
        "seq_len": 267,
        "num_sc": 220
    }
}