{
    "all": {
        "mean_mae": [
            37.06591033935547,
            34.343406677246094,
            68.42030334472656,
            70.75344848632812
        ],
        "mae_sr": 0.41304346919059753,
        "rmsd": 1.0832864046096802,
        "dihedral_counts": [
            230,
            160,
            50,
            18
        ],
        "seq_len": 306,
        "num_sc": 230,
        "clash_info": {
            "100": {
                "num_clashes": 144,
                "num_atom_pairs": 1684725,
                "energy": 21.927135467529297
            },
            "90": {
                "num_clashes": 16,
                "num_atom_pairs": 1684725,
                "energy": 1.1914348602294922
            },
            "80": {
                "num_clashes": 0,
                "num_atom_pairs": 1684725,
                "energy": 0.0
            }
        },
        "ca_rmsd": 17.137136459350586
    },
    "core": {
        "mean_mae": [
            27.378000259399414,
            27.395774841308594,
            72.7093276977539,
            70.91454315185547
        ],
        "mae_sr": 0.5555555820465088,
        "rmsd": 0.84508216381073,
        "dihedral_counts": [
            90,
            64,
            19,
            7
        ],
        "seq_len": 142,
        "num_sc": 90
    },
    "surface": {
        "mean_mae": [
            49.133548736572266,
            42.473541259765625,
            66.15394592285156,
            81.77919006347656
        ],
        "mae_sr": 0.27659574151039124,
        "rmsd": 1.3376691341400146,
        "dihedral_counts": [
            94,
            64,
            22,
            7
        ],
        "seq_len": 115,
        "num_sc": 94
    }
}