{
    "all": {
        "mean_mae": [
            27.639904022216797,
            29.101686477661133,
            47.285797119140625,
            47.93593978881836
        ],
        "mae_sr": 0.44979920983314514,
        "rmsd": 0.9238750338554382,
        "dihedral_counts": [
            249,
            188,
            59,
            28
        ],
        "seq_len": 317,
        "num_sc": 249,
        "clash_info": {
            "100": {
                "num_clashes": 85,
                "num_atom_pairs": 1879705,
                "energy": 12.171269416809082
            },
            "90": {
                "num_clashes": 10,
                "num_atom_pairs": 1879705,
                "energy": 0.9863841533660889
            },
            "80": {
                "num_clashes": 0,
                "num_atom_pairs": 1879705,
                "energy": 0.0
            }
        },
        "ca_rmsd": 14.799989700317383
    },
    "core": {
        "mean_mae": [
            18.20248031616211,
            19.85014533996582,
            37.863162994384766,
            16.858348846435547
        ],
        "mae_sr": 0.6419752836227417,
        "rmsd": 0.6206904053688049,
        "dihedral_counts": [
            81,
            58,
            10,
            4
        ],
        "seq_len": 123,
        "num_sc": 81
    },
    "surface": {
        "mean_mae": [
            34.714820861816406,
            31.96631622314453,
            44.31278991699219,
            54.179718017578125
        ],
        "mae_sr": 0.32758620381355286,
        "rmsd": 1.0866411924362183,
        "dihedral_counts": [
            116,
            89,
            39,
            19
        ],
        "seq_len": 131,
        "num_sc": 116
    }
}