{
    "all": {
        "mean_mae": [
            39.60258102416992,
            47.506160736083984,
            77.01860809326172,
            80.41966247558594
        ],
        "mae_sr": 0.32499998807907104,
        "rmsd": 1.5451478958129883,
        "dihedral_counts": [
            40,
            35,
            21,
            9
        ],
        "seq_len": 153,
        "num_sc": 40,
        "clash_info": {
            "100": {
                "num_clashes": 6,
                "num_atom_pairs": 57321,
                "energy": 0.6891474723815918
            },
            "90": {
                "num_clashes": 0,
                "num_atom_pairs": 57321,
                "energy": 0.0
            },
            "80": {
                "num_clashes": 0,
                "num_atom_pairs": 57321,
                "energy": 0.0
            }
        },
        "ca_rmsd": 16.629140853881836
    },
    "core": {
        "mean_mae": [
            38.50126266479492,
            88.18350219726562,
            88.72333526611328,
            125.35881042480469
        ],
        "mae_sr": 0.0,
        "rmsd": 2.027440309524536,
        "dihedral_counts": [
            3,
            3,
            3,
            1
        ],
        "seq_len": 108,
        "num_sc": 3
    },
    "surface": {
        "mean_mae": [
            39.69187545776367,
            43.692657470703125,
            75.06781768798828,
            74.8022689819336
        ],
        "mae_sr": 0.3513513505458832,
        "rmsd": 1.5060429573059082,
        "dihedral_counts": [
            37,
            32,
            18,
            8
        ],
        "seq_len": 45,
        "num_sc": 37
    }
}