{
    "all": {
        "mean_mae": [
            28.144262313842773,
            24.648509979248047,
            48.406463623046875,
            71.87659454345703
        ],
        "mae_sr": 0.5754386186599731,
        "rmsd": 0.8277255296707153,
        "dihedral_counts": [
            570,
            392,
            109,
            47
        ],
        "seq_len": 688,
        "num_sc": 570,
        "clash_info": {
            "100": {
                "num_clashes": 273,
                "num_atom_pairs": 9972259,
                "energy": 55.337894439697266
            },
            "90": {
                "num_clashes": 46,
                "num_atom_pairs": 9972259,
                "energy": 12.735954284667969
            },
            "80": {
                "num_clashes": 14,
                "num_atom_pairs": 9972259,
                "energy": 4.470546722412109
            }
        },
        "ca_rmsd": 9.083637237548828
    },
    "core": {
        "mean_mae": [
            16.943214416503906,
            16.354183197021484,
            49.66191864013672,
            67.61908721923828
        ],
        "mae_sr": 0.715481162071228,
        "rmsd": 0.5530188679695129,
        "dihedral_counts": [
            239,
            166,
            33,
            11
        ],
        "seq_len": 288,
        "num_sc": 239
    },
    "surface": {
        "mean_mae": [
            43.85564422607422,
            35.170780181884766,
            48.7875862121582,
            50.168975830078125
        ],
        "mae_sr": 0.43386244773864746,
        "rmsd": 1.1367406845092773,
        "dihedral_counts": [
            189,
            123,
            36,
            14
        ],
        "seq_len": 229,
        "num_sc": 189
    }
}