{
    "all": {
        "mean_mae": [
            26.675107955932617,
            21.546321868896484,
            35.27811050415039,
            29.584016799926758
        ],
        "mae_sr": 0.6363636255264282,
        "rmsd": 0.8659101724624634,
        "dihedral_counts": [
            198,
            160,
            62,
            34
        ],
        "seq_len": 223,
        "num_sc": 198,
        "clash_info": {
            "100": {
                "num_clashes": 71,
                "num_atom_pairs": 1212729,
                "energy": 11.32319450378418
            },
            "90": {
                "num_clashes": 12,
                "num_atom_pairs": 1212729,
                "energy": 0.8657069206237793
            },
            "80": {
                "num_clashes": 0,
                "num_atom_pairs": 1212729,
                "energy": 0.0
            }
        },
        "ca_rmsd": 1.0928891897201538
    },
    "core": {
        "mean_mae": [
            16.80394172668457,
            16.755685806274414,
            20.331090927124023,
            25.336957931518555
        ],
        "mae_sr": 0.8115941882133484,
        "rmsd": 0.5211958885192871,
        "dihedral_counts": [
            69,
            50,
            12,
            5
        ],
        "seq_len": 80,
        "num_sc": 69
    },
    "surface": {
        "mean_mae": [
            37.85007858276367,
            26.459522247314453,
            43.25727462768555,
            31.127685546875
        ],
        "mae_sr": 0.4736842215061188,
        "rmsd": 1.2108737230300903,
        "dihedral_counts": [
            95,
            79,
            40,
            24
        ],
        "seq_len": 105,
        "num_sc": 95
    }
}