{
    "all": {
        "mean_mae": [
            21.414472579956055,
            23.402849197387695,
            38.46683120727539,
            59.111087799072266
        ],
        "mae_sr": 0.6906077265739441,
        "rmsd": 0.8294134140014648,
        "dihedral_counts": [
            181,
            142,
            44,
            22
        ],
        "seq_len": 211,
        "num_sc": 181,
        "clash_info": {
            "100": {
                "num_clashes": 65,
                "num_atom_pairs": 1044501,
                "energy": 10.812990188598633
            },
            "90": {
                "num_clashes": 8,
                "num_atom_pairs": 1044501,
                "energy": 2.0651743412017822
            },
            "80": {
                "num_clashes": 3,
                "num_atom_pairs": 1044501,
                "energy": 0.3626091480255127
            }
        },
        "ca_rmsd": 11.997163772583008
    },
    "core": {
        "mean_mae": [
            4.207961082458496,
            9.85350513458252,
            33.364891052246094,
            45.834197998046875
        ],
        "mae_sr": 0.9444444179534912,
        "rmsd": 0.35048264265060425,
        "dihedral_counts": [
            36,
            27,
            5,
            3
        ],
        "seq_len": 41,
        "num_sc": 36
    },
    "surface": {
        "mean_mae": [
            31.540943145751953,
            29.755582809448242,
            46.18564987182617,
            53.18980407714844
        ],
        "mae_sr": 0.581818163394928,
        "rmsd": 1.0725735425949097,
        "dihedral_counts": [
            110,
            83,
            31,
            16
        ],
        "seq_len": 130,
        "num_sc": 110
    }
}