{
    "all": {
        "mean_mae": [
            14.615214347839355,
            13.594927787780762,
            41.18328857421875,
            35.1004524230957
        ],
        "mae_sr": 0.7486910820007324,
        "rmsd": 0.5199950933456421,
        "dihedral_counts": [
            191,
            160,
            52,
            24
        ],
        "seq_len": 230,
        "num_sc": 191,
        "clash_info": {
            "100": {
                "num_clashes": 49,
                "num_atom_pairs": 1146495,
                "energy": 6.9356913566589355
            },
            "90": {
                "num_clashes": 4,
                "num_atom_pairs": 1146495,
                "energy": 0.38425111770629883
            },
            "80": {
                "num_clashes": 0,
                "num_atom_pairs": 1146495,
                "energy": 0.0
            }
        },
        "ca_rmsd": 5.583727836608887
    },
    "core": {
        "mean_mae": [
            12.333548545837402,
            9.26201343536377,
            24.478017807006836,
            4.032140731811523
        ],
        "mae_sr": 0.9027777910232544,
        "rmsd": 0.3176143169403076,
        "dihedral_counts": [
            72,
            56,
            9,
            2
        ],
        "seq_len": 87,
        "num_sc": 72
    },
    "surface": {
        "mean_mae": [
            20.488300323486328,
            18.61908721923828,
            47.113162994384766,
            46.176048278808594
        ],
        "mae_sr": 0.5733333230018616,
        "rmsd": 0.7672690749168396,
        "dihedral_counts": [
            75,
            65,
            28,
            14
        ],
        "seq_len": 90,
        "num_sc": 75
    }
}