{
    "all": {
        "mean_mae": [
            36.03239822387695,
            31.241777420043945,
            66.77934265136719,
            59.63746643066406
        ],
        "mae_sr": 0.452531635761261,
        "rmsd": 1.0064582824707031,
        "dihedral_counts": [
            316,
            238,
            71,
            31
        ],
        "seq_len": 518,
        "num_sc": 316,
        "clash_info": {
            "100": {
                "num_clashes": 92,
                "num_atom_pairs": 3186781,
                "energy": 13.144359588623047
            },
            "90": {
                "num_clashes": 11,
                "num_atom_pairs": 3186781,
                "energy": 1.1879136562347412
            },
            "80": {
                "num_clashes": 0,
                "num_atom_pairs": 3186781,
                "energy": 0.0
            }
        },
        "ca_rmsd": 155.99964904785156
    },
    "core": {
        "mean_mae": [
            29.34499740600586,
            36.818321228027344,
            44.351261138916016,
            64.02764129638672
        ],
        "mae_sr": 0.5600000023841858,
        "rmsd": 0.7030122876167297,
        "dihedral_counts": [
            25,
            17,
            4,
            2
        ],
        "seq_len": 151,
        "num_sc": 25
    },
    "surface": {
        "mean_mae": [
            37.566192626953125,
            31.461095809936523,
            70.81733703613281,
            58.9580078125
        ],
        "mae_sr": 0.443579763174057,
        "rmsd": 1.0660144090652466,
        "dihedral_counts": [
            257,
            197,
            61,
            26
        ],
        "seq_len": 326,
        "num_sc": 257
    }
}