{
    "all": {
        "mean_mae": [
            23.03704833984375,
            22.652387619018555,
            43.69245147705078,
            45.08065414428711
        ],
        "mae_sr": 0.6396104097366333,
        "rmsd": 0.7414636611938477,
        "dihedral_counts": [
            308,
            224,
            77,
            39
        ],
        "seq_len": 404,
        "num_sc": 308,
        "clash_info": {
            "100": {
                "num_clashes": 188,
                "num_atom_pairs": 3073073,
                "energy": 32.53082275390625
            },
            "90": {
                "num_clashes": 32,
                "num_atom_pairs": 3073073,
                "energy": 6.4043498039245605
            },
            "80": {
                "num_clashes": 7,
                "num_atom_pairs": 3073073,
                "energy": 0.46700215339660645
            }
        },
        "ca_rmsd": 13.834365844726562
    },
    "core": {
        "mean_mae": [
            17.287099838256836,
            19.32283592224121,
            44.770687103271484,
            32.6540641784668
        ],
        "mae_sr": 0.7567567825317383,
        "rmsd": 0.5941591858863831,
        "dihedral_counts": [
            148,
            107,
            33,
            15
        ],
        "seq_len": 213,
        "num_sc": 148
    },
    "surface": {
        "mean_mae": [
            34.65196990966797,
            27.03618621826172,
            42.53642654418945,
            49.96198272705078
        ],
        "mae_sr": 0.49504950642585754,
        "rmsd": 1.0022064447402954,
        "dihedral_counts": [
            101,
            74,
            27,
            14
        ],
        "seq_len": 118,
        "num_sc": 101
    }
}