{
    "all": {
        "mean_mae": [
            20.604488372802734,
            23.68042755126953,
            40.811466217041016,
            50.54591751098633
        ],
        "mae_sr": 0.6390243768692017,
        "rmsd": 0.7460757493972778,
        "dihedral_counts": [
            410,
            323,
            123,
            53
        ],
        "seq_len": 552,
        "num_sc": 410,
        "clash_info": {
            "100": {
                "num_clashes": 154,
                "num_atom_pairs": 5865615,
                "energy": 20.65629005432129
            },
            "90": {
                "num_clashes": 14,
                "num_atom_pairs": 5865615,
                "energy": 4.382182598114014
            },
            "80": {
                "num_clashes": 4,
                "num_atom_pairs": 5865615,
                "energy": 1.9329878091812134
            }
        },
        "ca_rmsd": 4.339626312255859
    },
    "core": {
        "mean_mae": [
            15.455931663513184,
            18.916784286499023,
            34.8668327331543,
            48.44156265258789
        ],
        "mae_sr": 0.7562189102172852,
        "rmsd": 0.49123507738113403,
        "dihedral_counts": [
            201,
            146,
            39,
            12
        ],
        "seq_len": 284,
        "num_sc": 201
    },
    "surface": {
        "mean_mae": [
            28.86758041381836,
            30.342622756958008,
            37.35032653808594,
            48.55286407470703
        ],
        "mae_sr": 0.4871794879436493,
        "rmsd": 1.0953497886657715,
        "dihedral_counts": [
            117,
            104,
            50,
            26
        ],
        "seq_len": 151,
        "num_sc": 117
    }
}