{
    "all": {
        "mean_mae": [
            41.03952407836914,
            35.55586242675781,
            52.360809326171875,
            47.396697998046875
        ],
        "mae_sr": 0.3233082592487335,
        "rmsd": 1.159886360168457,
        "dihedral_counts": [
            133,
            98,
            39,
            23
        ],
        "seq_len": 148,
        "num_sc": 133,
        "clash_info": {
            "100": {
                "num_clashes": 30,
                "num_atom_pairs": 531330,
                "energy": 3.1379122734069824
            },
            "90": {
                "num_clashes": 1,
                "num_atom_pairs": 531330,
                "energy": 0.23268556594848633
            },
            "80": {
                "num_clashes": 0,
                "num_atom_pairs": 531330,
                "energy": 0.0
            }
        },
        "ca_rmsd": 2.4761550426483154
    },
    "core": {
        "mean_mae": [
            21.71430015563965,
            25.933488845825195,
            48.068138122558594,
            52.63090896606445
        ],
        "mae_sr": 0.5714285969734192,
        "rmsd": 0.7819263339042664,
        "dihedral_counts": [
            28,
            19,
            5,
            4
        ],
        "seq_len": 32,
        "num_sc": 28
    },
    "surface": {
        "mean_mae": [
            46.849403381347656,
            37.09914016723633,
            49.50393295288086,
            45.41529846191406
        ],
        "mae_sr": 0.2631579041481018,
        "rmsd": 1.2923203706741333,
        "dihedral_counts": [
            76,
            56,
            26,
            15
        ],
        "seq_len": 85,
        "num_sc": 76
    }
}