{
    "all": {
        "mean_mae": [
            22.515336990356445,
            25.228395462036133,
            40.019081115722656,
            55.56256103515625
        ],
        "mae_sr": 0.5779816508293152,
        "rmsd": 0.8555447459220886,
        "dihedral_counts": [
            436,
            341,
            124,
            64
        ],
        "seq_len": 505,
        "num_sc": 436,
        "clash_info": {
            "100": {
                "num_clashes": 148,
                "num_atom_pairs": 5878583,
                "energy": 22.215450286865234
            },
            "90": {
                "num_clashes": 14,
                "num_atom_pairs": 5878583,
                "energy": 2.8095197677612305
            },
            "80": {
                "num_clashes": 4,
                "num_atom_pairs": 5878583,
                "energy": 0.41843128204345703
            }
        },
        "ca_rmsd": 8.621713638305664
    },
    "core": {
        "mean_mae": [
            11.123224258422852,
            16.79026222229004,
            21.44622039794922,
            38.41764450073242
        ],
        "mae_sr": 0.7586206793785095,
        "rmsd": 0.48592233657836914,
        "dihedral_counts": [
            145,
            114,
            30,
            11
        ],
        "seq_len": 180,
        "num_sc": 145
    },
    "surface": {
        "mean_mae": [
            33.471805572509766,
            32.5484619140625,
            50.166015625,
            64.09613037109375
        ],
        "mae_sr": 0.457446813583374,
        "rmsd": 1.154818058013916,
        "dihedral_counts": [
            188,
            146,
            62,
            33
        ],
        "seq_len": 211,
        "num_sc": 188
    }
}