{
    "all": {
        "mean_mae": [
            22.525114059448242,
            21.335298538208008,
            39.43730545043945,
            45.552772521972656
        ],
        "mae_sr": 0.6451612710952759,
        "rmsd": 0.7034145593643188,
        "dihedral_counts": [
            93,
            68,
            29,
            14
        ],
        "seq_len": 127,
        "num_sc": 93,
        "clash_info": {
            "100": {
                "num_clashes": 19,
                "num_atom_pairs": 279891,
                "energy": 1.9320275783538818
            },
            "90": {
                "num_clashes": 1,
                "num_atom_pairs": 279891,
                "energy": 0.003794431686401367
            },
            "80": {
                "num_clashes": 0,
                "num_atom_pairs": 279891,
                "energy": 0.0
            }
        },
        "ca_rmsd": 15.494580268859863
    },
    "core": {
        "mean_mae": [
            12.356965065002441,
            15.818056106567383,
            37.15716552734375,
            0.0
        ],
        "mae_sr": 0.8695651888847351,
        "rmsd": 0.33127686381340027,
        "dihedral_counts": [
            23,
            15,
            3,
            0
        ],
        "seq_len": 29,
        "num_sc": 23
    },
    "surface": {
        "mean_mae": [
            37.19379806518555,
            28.665353775024414,
            43.92823028564453,
            52.477142333984375
        ],
        "mae_sr": 0.43478259444236755,
        "rmsd": 1.124193549156189,
        "dihedral_counts": [
            46,
            36,
            22,
            12
        ],
        "seq_len": 67,
        "num_sc": 46
    }
}