{
    "all": {
        "mean_mae": [
            27.235286712646484,
            34.673831939697266,
            51.83620834350586,
            68.98832702636719
        ],
        "mae_sr": 0.5035461187362671,
        "rmsd": 0.9482492208480835,
        "dihedral_counts": [
            141,
            106,
            39,
            15
        ],
        "seq_len": 156,
        "num_sc": 141,
        "clash_info": {
            "100": {
                "num_clashes": 46,
                "num_atom_pairs": 593764,
                "energy": 7.953766822814941
            },
            "90": {
                "num_clashes": 8,
                "num_atom_pairs": 593764,
                "energy": 0.9228224754333496
            },
            "80": {
                "num_clashes": 0,
                "num_atom_pairs": 593764,
                "energy": 0.0
            }
        },
        "ca_rmsd": 1.1510224342346191
    },
    "core": {
        "mean_mae": [
            28.53316307067871,
            23.950599670410156,
            12.2202787399292,
            16.950721740722656
        ],
        "mae_sr": 0.6976743936538696,
        "rmsd": 0.7650455236434937,
        "dihedral_counts": [
            43,
            30,
            3,
            3
        ],
        "seq_len": 50,
        "num_sc": 43
    },
    "surface": {
        "mean_mae": [
            29.404865264892578,
            45.608158111572266,
            45.865753173828125,
            89.05632019042969
        ],
        "mae_sr": 0.3571428656578064,
        "rmsd": 1.1055585145950317,
        "dihedral_counts": [
            70,
            53,
            29,
            11
        ],
        "seq_len": 77,
        "num_sc": 70
    }
}