{
    "all": {
        "mean_mae": [
            28.487340927124023,
            28.2519474029541,
            43.55611038208008,
            39.24026107788086
        ],
        "mae_sr": 0.5324074029922485,
        "rmsd": 0.9689469337463379,
        "dihedral_counts": [
            216,
            186,
            67,
            34
        ],
        "seq_len": 287,
        "num_sc": 216,
        "clash_info": {
            "100": {
                "num_clashes": 113,
                "num_atom_pairs": 1606354,
                "energy": 20.355871200561523
            },
            "90": {
                "num_clashes": 18,
                "num_atom_pairs": 1606354,
                "energy": 4.383584499359131
            },
            "80": {
                "num_clashes": 6,
                "num_atom_pairs": 1606354,
                "energy": 0.9146566390991211
            }
        },
        "ca_rmsd": 18.326541900634766
    },
    "core": {
        "mean_mae": [
            11.224239349365234,
            15.694232940673828,
            24.61503791809082,
            25.749589920043945
        ],
        "mae_sr": 0.7647058963775635,
        "rmsd": 0.49036097526550293,
        "dihedral_counts": [
            68,
            57,
            11,
            7
        ],
        "seq_len": 117,
        "num_sc": 68
    },
    "surface": {
        "mean_mae": [
            38.04867935180664,
            35.81380844116211,
            50.79120635986328,
            40.35545349121094
        ],
        "mae_sr": 0.38297873735427856,
        "rmsd": 1.2738471031188965,
        "dihedral_counts": [
            94,
            82,
            41,
            19
        ],
        "seq_len": 108,
        "num_sc": 94
    }
}