{
    "all": {
        "mean_mae": [
            37.93508529663086,
            36.307193756103516,
            60.825992584228516,
            42.858306884765625
        ],
        "mae_sr": 0.40830451250076294,
        "rmsd": 1.2849236726760864,
        "dihedral_counts": [
            289,
            237,
            68,
            32
        ],
        "seq_len": 382,
        "num_sc": 289,
        "clash_info": {
            "100": {
                "num_clashes": 119,
                "num_atom_pairs": 3170435,
                "energy": 18.92707061767578
            },
            "90": {
                "num_clashes": 9,
                "num_atom_pairs": 3170435,
                "energy": 4.639150619506836
            },
            "80": {
                "num_clashes": 5,
                "num_atom_pairs": 3170435,
                "energy": 2.2196364402770996
            }
        },
        "ca_rmsd": 19.83879280090332
    },
    "core": {
        "mean_mae": [
            25.1578311920166,
            24.38763999938965,
            34.1872444152832,
            24.693105697631836
        ],
        "mae_sr": 0.5952380895614624,
        "rmsd": 0.7936816215515137,
        "dihedral_counts": [
            84,
            64,
            12,
            5
        ],
        "seq_len": 107,
        "num_sc": 84
    },
    "surface": {
        "mean_mae": [
            52.108795166015625,
            47.5750617980957,
            74.90978240966797,
            49.71541213989258
        ],
        "mae_sr": 0.23728813230991364,
        "rmsd": 1.874279260635376,
        "dihedral_counts": [
            118,
            102,
            38,
            21
        ],
        "seq_len": 144,
        "num_sc": 118
    }
}