{
    "all": {
        "mean_mae": [
            45.94060134887695,
            33.48930358886719,
            63.712013244628906,
            62.13990020751953
        ],
        "mae_sr": 0.375,
        "rmsd": 1.2531206607818604,
        "dihedral_counts": [
            272,
            205,
            57,
            27
        ],
        "seq_len": 298,
        "num_sc": 272,
        "clash_info": {
            "100": {
                "num_clashes": 103,
                "num_atom_pairs": 2207413,
                "energy": 19.306638717651367
            },
            "90": {
                "num_clashes": 21,
                "num_atom_pairs": 2207413,
                "energy": 3.951247215270996
            },
            "80": {
                "num_clashes": 4,
                "num_atom_pairs": 2207413,
                "energy": 1.1325725317001343
            }
        },
        "ca_rmsd": 26.469867706298828
    },
    "core": {
        "mean_mae": [
            28.510942459106445,
            29.255088806152344,
            75.38117218017578,
            24.154090881347656
        ],
        "mae_sr": 0.5454545617103577,
        "rmsd": 0.7633704543113708,
        "dihedral_counts": [
            55,
            42,
            7,
            1
        ],
        "seq_len": 64,
        "num_sc": 55
    },
    "surface": {
        "mean_mae": [
            56.75056457519531,
            37.80951690673828,
            58.36054992675781,
            65.93132019042969
        ],
        "mae_sr": 0.26056337356567383,
        "rmsd": 1.5490959882736206,
        "dihedral_counts": [
            142,
            108,
            34,
            20
        ],
        "seq_len": 153,
        "num_sc": 142
    }
}