{
    "all": {
        "mean_mae": [
            33.46183776855469,
            31.68804168701172,
            51.844146728515625,
            58.85603713989258
        ],
        "mae_sr": 0.4237288236618042,
        "rmsd": 1.01302969455719,
        "dihedral_counts": [
            472,
            372,
            136,
            61
        ],
        "seq_len": 580,
        "num_sc": 472,
        "clash_info": {
            "100": {
                "num_clashes": 195,
                "num_atom_pairs": 6977790,
                "energy": 31.329479217529297
            },
            "90": {
                "num_clashes": 26,
                "num_atom_pairs": 6977790,
                "energy": 5.815260887145996
            },
            "80": {
                "num_clashes": 5,
                "num_atom_pairs": 6977790,
                "energy": 1.4737931489944458
            }
        },
        "ca_rmsd": 33.048683166503906
    },
    "core": {
        "mean_mae": [
            24.486820220947266,
            26.761417388916016,
            61.45463562011719,
            81.39927673339844
        ],
        "mae_sr": 0.5410959124565125,
        "rmsd": 0.7028746604919434,
        "dihedral_counts": [
            146,
            120,
            29,
            14
        ],
        "seq_len": 229,
        "num_sc": 146
    },
    "surface": {
        "mean_mae": [
            43.090030670166016,
            43.584686279296875,
            47.859230041503906,
            58.90032196044922
        ],
        "mae_sr": 0.29230770468711853,
        "rmsd": 1.3469560146331787,
        "dihedral_counts": [
            195,
            147,
            77,
            33
        ],
        "seq_len": 209,
        "num_sc": 195
    }
}