{
    "all": {
        "mean_mae": [
            27.323991775512695,
            26.482736587524414,
            52.076358795166016,
            64.23175048828125
        ],
        "mae_sr": 0.5629138946533203,
        "rmsd": 0.8857712745666504,
        "dihedral_counts": [
            151,
            106,
            48,
            19
        ],
        "seq_len": 173,
        "num_sc": 151,
        "clash_info": {
            "100": {
                "num_clashes": 59,
                "num_atom_pairs": 653065,
                "energy": 9.25607967376709
            },
            "90": {
                "num_clashes": 8,
                "num_atom_pairs": 653065,
                "energy": 1.330681562423706
            },
            "80": {
                "num_clashes": 2,
                "num_atom_pairs": 653065,
                "energy": 0.3584456443786621
            }
        },
        "ca_rmsd": 6.429975509643555
    },
    "core": {
        "mean_mae": [
            20.3084659576416,
            20.778776168823242,
            46.8795280456543,
            77.72610473632812
        ],
        "mae_sr": 0.7272727489471436,
        "rmsd": 0.6114261746406555,
        "dihedral_counts": [
            55,
            37,
            12,
            6
        ],
        "seq_len": 57,
        "num_sc": 55
    },
    "surface": {
        "mean_mae": [
            39.7608757019043,
            32.78538513183594,
            55.52089309692383,
            70.4766845703125
        ],
        "mae_sr": 0.3709677457809448,
        "rmsd": 1.2299220561981201,
        "dihedral_counts": [
            62,
            44,
            28,
            9
        ],
        "seq_len": 74,
        "num_sc": 62
    }
}