{
    "all": {
        "mean_mae": [
            64.71562957763672,
            45.704383850097656,
            78.77851104736328,
            55.578121185302734
        ],
        "mae_sr": 0.20370370149612427,
        "rmsd": 1.8294843435287476,
        "dihedral_counts": [
            108,
            87,
            28,
            11
        ],
        "seq_len": 125,
        "num_sc": 108,
        "clash_info": {
            "100": {
                "num_clashes": 38,
                "num_atom_pairs": 389340,
                "energy": 5.766290664672852
            },
            "90": {
                "num_clashes": 5,
                "num_atom_pairs": 389340,
                "energy": 0.7750654220581055
            },
            "80": {
                "num_clashes": 1,
                "num_atom_pairs": 389340,
                "energy": 0.04447042942047119
            }
        },
        "ca_rmsd": 7.123727321624756
    },
    "core": {
        "mean_mae": [
            72.8216323852539,
            52.756072998046875,
            0.0,
            0.0
        ],
        "mae_sr": 0.5,
        "rmsd": 2.0158514976501465,
        "dihedral_counts": [
            4,
            3,
            0,
            0
        ],
        "seq_len": 4,
        "num_sc": 4
    },
    "surface": {
        "mean_mae": [
            61.513240814208984,
            42.021141052246094,
            78.19819641113281,
            60.233009338378906
        ],
        "mae_sr": 0.20779220759868622,
        "rmsd": 1.6752897500991821,
        "dihedral_counts": [
            77,
            62,
            25,
            10
        ],
        "seq_len": 89,
        "num_sc": 77
    }
}