{
    "all": {
        "mean_mae": [
            19.052812576293945,
            22.405040740966797,
            35.68443298339844,
            34.08519744873047
        ],
        "mae_sr": 0.75,
        "rmsd": 0.5793516635894775,
        "dihedral_counts": [
            104,
            60,
            15,
            7
        ],
        "seq_len": 138,
        "num_sc": 104,
        "clash_info": {
            "100": {
                "num_clashes": 35,
                "num_atom_pairs": 318855,
                "energy": 5.207289695739746
            },
            "90": {
                "num_clashes": 4,
                "num_atom_pairs": 318855,
                "energy": 0.698847770690918
            },
            "80": {
                "num_clashes": 0,
                "num_atom_pairs": 318855,
                "energy": 0.0
            }
        },
        "ca_rmsd": 22.056331634521484
    },
    "core": {
        "mean_mae": [
            8.922131538391113,
            15.985114097595215,
            2.802044153213501,
            0.5956471562385559
        ],
        "mae_sr": 0.8518518805503845,
        "rmsd": 0.3566072881221771,
        "dihedral_counts": [
            27,
            15,
            1,
            1
        ],
        "seq_len": 30,
        "num_sc": 27
    },
    "surface": {
        "mean_mae": [
            29.61161231994629,
            32.35832977294922,
            51.89849090576172,
            56.41070556640625
        ],
        "mae_sr": 0.6153846383094788,
        "rmsd": 0.8172625303268433,
        "dihedral_counts": [
            52,
            32,
            9,
            4
        ],
        "seq_len": 76,
        "num_sc": 52
    }
}