{
    "all": {
        "mean_mae": [
            53.890323638916016,
            39.57024383544922,
            66.30044555664062,
            60.12545394897461
        ],
        "mae_sr": 0.3391812741756439,
        "rmsd": 1.3869150876998901,
        "dihedral_counts": [
            171,
            118,
            36,
            14
        ],
        "seq_len": 232,
        "num_sc": 171,
        "clash_info": {
            "100": {
                "num_clashes": 67,
                "num_atom_pairs": 893244,
                "energy": 11.759286880493164
            },
            "90": {
                "num_clashes": 12,
                "num_atom_pairs": 893244,
                "energy": 1.8715273141860962
            },
            "80": {
                "num_clashes": 2,
                "num_atom_pairs": 893244,
                "energy": 0.20772933959960938
            }
        },
        "ca_rmsd": 78.13436889648438
    },
    "core": {
        "mean_mae": [
            21.152372360229492,
            22.22609519958496,
            0.0,
            0.0
        ],
        "mae_sr": 0.7692307829856873,
        "rmsd": 0.7220056056976318,
        "dihedral_counts": [
            13,
            6,
            0,
            0
        ],
        "seq_len": 35,
        "num_sc": 13
    },
    "surface": {
        "mean_mae": [
            60.236595153808594,
            40.61763381958008,
            65.57585144042969,
            48.53559494018555
        ],
        "mae_sr": 0.29411765933036804,
        "rmsd": 1.500044822692871,
        "dihedral_counts": [
            136,
            95,
            31,
            12
        ],
        "seq_len": 172,
        "num_sc": 136
    }
}