{
    "all": {
        "mean_mae": [
            38.618736267089844,
            35.871585845947266,
            54.580039978027344,
            68.43294525146484
        ],
        "mae_sr": 0.4482758641242981,
        "rmsd": 1.0743345022201538,
        "dihedral_counts": [
            174,
            118,
            36,
            20
        ],
        "seq_len": 199,
        "num_sc": 174,
        "clash_info": {
            "100": {
                "num_clashes": 64,
                "num_atom_pairs": 786891,
                "energy": 11.133745193481445
            },
            "90": {
                "num_clashes": 11,
                "num_atom_pairs": 786891,
                "energy": 2.018599033355713
            },
            "80": {
                "num_clashes": 1,
                "num_atom_pairs": 786891,
                "energy": 0.16444706916809082
            }
        },
        "ca_rmsd": 8.90024471282959
    },
    "core": {
        "mean_mae": [
            23.12286376953125,
            11.99398136138916,
            64.9632797241211,
            35.103729248046875
        ],
        "mae_sr": 0.695652186870575,
        "rmsd": 0.5435701608657837,
        "dihedral_counts": [
            46,
            26,
            6,
            3
        ],
        "seq_len": 50,
        "num_sc": 46
    },
    "surface": {
        "mean_mae": [
            47.83118438720703,
            46.16407775878906,
            51.0909538269043,
            79.28425598144531
        ],
        "mae_sr": 0.3076923191547394,
        "rmsd": 1.3624036312103271,
        "dihedral_counts": [
            91,
            67,
            24,
            13
        ],
        "seq_len": 106,
        "num_sc": 91
    }
}