{
    "all": {
        "mean_mae": [
            38.967552185058594,
            36.28593444824219,
            53.53431701660156,
            47.987728118896484
        ],
        "mae_sr": 0.3671875,
        "rmsd": 1.1352356672286987,
        "dihedral_counts": [
            256,
            208,
            66,
            32
        ],
        "seq_len": 289,
        "num_sc": 256,
        "clash_info": {
            "100": {
                "num_clashes": 90,
                "num_atom_pairs": 1903305,
                "energy": 13.190890312194824
            },
            "90": {
                "num_clashes": 6,
                "num_atom_pairs": 1903305,
                "energy": 1.2677149772644043
            },
            "80": {
                "num_clashes": 2,
                "num_atom_pairs": 1903305,
                "energy": 0.12306737899780273
            }
        },
        "ca_rmsd": 45.27606964111328
    },
    "core": {
        "mean_mae": [
            22.913307189941406,
            31.98508644104004,
            28.627656936645508,
            1.8950133323669434
        ],
        "mae_sr": 0.5,
        "rmsd": 0.7261807918548584,
        "dihedral_counts": [
            44,
            35,
            7,
            3
        ],
        "seq_len": 51,
        "num_sc": 44
    },
    "surface": {
        "mean_mae": [
            44.60248947143555,
            38.8044548034668,
            52.02143478393555,
            49.316768646240234
        ],
        "mae_sr": 0.27272728085517883,
        "rmsd": 1.3497251272201538,
        "dihedral_counts": [
            143,
            116,
            49,
            24
        ],
        "seq_len": 165,
        "num_sc": 143
    }
}