{
    "all": {
        "mean_mae": [
            44.38876724243164,
            38.767704010009766,
            54.66201400756836,
            39.76216506958008
        ],
        "mae_sr": 0.29323309659957886,
        "rmsd": 1.2076629400253296,
        "dihedral_counts": [
            133,
            98,
            39,
            23
        ],
        "seq_len": 148,
        "num_sc": 133,
        "clash_info": {
            "100": {
                "num_clashes": 31,
                "num_atom_pairs": 531330,
                "energy": 4.461533546447754
            },
            "90": {
                "num_clashes": 2,
                "num_atom_pairs": 531330,
                "energy": 0.2696664333343506
            },
            "80": {
                "num_clashes": 0,
                "num_atom_pairs": 531330,
                "energy": 0.0
            }
        },
        "ca_rmsd": 2.4761555194854736
    },
    "core": {
        "mean_mae": [
            21.680078506469727,
            30.5386962890625,
            42.47623825073242,
            59.62596130371094
        ],
        "mae_sr": 0.5,
        "rmsd": 0.829308032989502,
        "dihedral_counts": [
            28,
            19,
            5,
            4
        ],
        "seq_len": 32,
        "num_sc": 28
    },
    "surface": {
        "mean_mae": [
            50.36669158935547,
            41.4356803894043,
            57.34477233886719,
            33.0385627746582
        ],
        "mae_sr": 0.2368421107530594,
        "rmsd": 1.3391739130020142,
        "dihedral_counts": [
            76,
            56,
            26,
            15
        ],
        "seq_len": 85,
        "num_sc": 76
    }
}