{
    "all": {
        "mean_mae": [
            19.433372497558594,
            20.702529907226562,
            35.804771423339844,
            73.14877319335938
        ],
        "mae_sr": 0.625,
        "rmsd": 0.6327717900276184,
        "dihedral_counts": [
            144,
            115,
            34,
            18
        ],
        "seq_len": 186,
        "num_sc": 144,
        "clash_info": {
            "100": {
                "num_clashes": 69,
                "num_atom_pairs": 685126,
                "energy": 11.897100448608398
            },
            "90": {
                "num_clashes": 14,
                "num_atom_pairs": 685126,
                "energy": 2.0304925441741943
            },
            "80": {
                "num_clashes": 1,
                "num_atom_pairs": 685126,
                "energy": 0.1746464967727661
            }
        },
        "ca_rmsd": 14.66030216217041
    },
    "core": {
        "mean_mae": [
            16.185176849365234,
            12.902536392211914,
            41.55561065673828,
            17.362592697143555
        ],
        "mae_sr": 0.7599999904632568,
        "rmsd": 0.4170325994491577,
        "dihedral_counts": [
            50,
            36,
            8,
            3
        ],
        "seq_len": 62,
        "num_sc": 50
    },
    "surface": {
        "mean_mae": [
            24.96097755432129,
            31.172393798828125,
            30.74704360961914,
            86.6008071899414
        ],
        "mae_sr": 0.4464285671710968,
        "rmsd": 0.9069911241531372,
        "dihedral_counts": [
            56,
            47,
            18,
            12
        ],
        "seq_len": 65,
        "num_sc": 56
    }
}