{
    "all": {
        "mean_mae": [
            41.95892333984375,
            37.93516159057617,
            45.6922721862793,
            53.92445373535156
        ],
        "mae_sr": 0.3610503375530243,
        "rmsd": 1.237574815750122,
        "dihedral_counts": [
            457,
            379,
            124,
            64
        ],
        "seq_len": 496,
        "num_sc": 457,
        "clash_info": {
            "100": {
                "num_clashes": 97,
                "num_atom_pairs": 6136923,
                "energy": 11.816513061523438
            },
            "90": {
                "num_clashes": 8,
                "num_atom_pairs": 6136923,
                "energy": 1.5384190082550049
            },
            "80": {
                "num_clashes": 2,
                "num_atom_pairs": 6136923,
                "energy": 0.22400712966918945
            }
        },
        "ca_rmsd": 23.888614654541016
    },
    "core": {
        "mean_mae": [
            28.174083709716797,
            31.268123626708984,
            69.28140258789062,
            135.70083618164062
        ],
        "mae_sr": 0.4528301954269409,
        "rmsd": 0.8899831175804138,
        "dihedral_counts": [
            53,
            41,
            4,
            2
        ],
        "seq_len": 57,
        "num_sc": 53
    },
    "surface": {
        "mean_mae": [
            50.15950393676758,
            42.7613639831543,
            44.248374938964844,
            53.38277053833008
        ],
        "mae_sr": 0.2985074520111084,
        "rmsd": 1.4555435180664062,
        "dihedral_counts": [
            268,
            220,
            94,
            47
        ],
        "seq_len": 294,
        "num_sc": 268
    }
}