{
    "all": {
        "mean_mae": [
            32.19621276855469,
            31.528352737426758,
            45.13636016845703,
            84.45636749267578
        ],
        "mae_sr": 0.40506330132484436,
        "rmsd": 1.3024448156356812,
        "dihedral_counts": [
            79,
            68,
            34,
            15
        ],
        "seq_len": 98,
        "num_sc": 79,
        "clash_info": {
            "100": {
                "num_clashes": 22,
                "num_atom_pairs": 224702,
                "energy": 2.840845823287964
            },
            "90": {
                "num_clashes": 1,
                "num_atom_pairs": 224702,
                "energy": 0.2989675998687744
            },
            "80": {
                "num_clashes": 0,
                "num_atom_pairs": 224702,
                "energy": 0.0
            }
        },
        "ca_rmsd": 8.186397552490234
    },
    "core": {
        "mean_mae": [
            13.397612571716309,
            13.796826362609863,
            27.35083770751953,
            0.0
        ],
        "mae_sr": 0.5833333134651184,
        "rmsd": 0.5359055399894714,
        "dihedral_counts": [
            12,
            9,
            1,
            0
        ],
        "seq_len": 13,
        "num_sc": 12
    },
    "surface": {
        "mean_mae": [
            43.001468658447266,
            41.21327590942383,
            49.26120376586914,
            79.32894134521484
        ],
        "mae_sr": 0.29411765933036804,
        "rmsd": 1.6288400888442993,
        "dihedral_counts": [
            51,
            44,
            26,
            12
        ],
        "seq_len": 61,
        "num_sc": 51
    }
}