{
    "all": {
        "mean_mae": [
            16.26530647277832,
            11.14973258972168,
            35.50600051879883,
            57.28884506225586
        ],
        "mae_sr": 0.7931034564971924,
        "rmsd": 0.5148485898971558,
        "dihedral_counts": [
            116,
            79,
            22,
            11
        ],
        "seq_len": 141,
        "num_sc": 116,
        "clash_info": {
            "100": {
                "num_clashes": 21,
                "num_atom_pairs": 385526,
                "energy": 3.3971383571624756
            },
            "90": {
                "num_clashes": 3,
                "num_atom_pairs": 385526,
                "energy": 0.4956057071685791
            },
            "80": {
                "num_clashes": 0,
                "num_atom_pairs": 385526,
                "energy": 0.0
            }
        },
        "ca_rmsd": 6.094826698303223
    },
    "core": {
        "mean_mae": [
            10.762913703918457,
            3.6357455253601074,
            27.088808059692383,
            30.673757553100586
        ],
        "mae_sr": 0.8999999761581421,
        "rmsd": 0.34000304341316223,
        "dihedral_counts": [
            50,
            35,
            7,
            3
        ],
        "seq_len": 65,
        "num_sc": 50
    },
    "surface": {
        "mean_mae": [
            21.99532699584961,
            15.213626861572266,
            45.77534484863281,
            68.61734008789062
        ],
        "mae_sr": 0.7142857313156128,
        "rmsd": 0.5991174578666687,
        "dihedral_counts": [
            49,
            31,
            8,
            4
        ],
        "seq_len": 58,
        "num_sc": 49
    }
}