{
    "all": {
        "rmsd": 1.01231050491333,
        "mae_sr": 0.44937047362327576,
        "mean_mae": [
            32.7021598815918,
            31.575374603271484,
            49.906341552734375,
            52.072418212890625
        ],
        "dihedral_counts": [
            14707,
            11279,
            3812,
            1806
        ],
        "num_sc": 14708,
        "mean_seq_len": 295.43939208984375,
        "ca_rmsd": 16.709566116333008,
        "clash_info": {
            "100": {
                "energy": 3.7795023918151855,
                "num_atom_pairs": 684447.0,
                "num_clashes": 27.5
            },
            "90": {
                "energy": 0.42971348762512207,
                "num_atom_pairs": 684447.0,
                "num_clashes": 3.5
            },
            "80": {
                "energy": 0.0,
                "num_atom_pairs": 684447.0,
                "num_clashes": 0.0
            }
        }
    },
    "core": {
        "rmsd": 0.5440074801445007,
        "mae_sr": 0.7417563199996948,
        "mean_mae": [
            18.52259063720703,
            17.67593765258789,
            34.86322021484375,
            26.699235916137695
        ],
        "dihedral_counts": [
            3867,
            2834,
            541,
            230
        ],
        "num_sc": 3867,
        "mean_seq_len": 105.54545593261719
    },
    "surface": {
        "rmsd": 1.272672414779663,
        "mae_sr": 0.3514208197593689,
        "mean_mae": [
            42.16751480102539,
            37.25920104980469,
            51.30980682373047,
            52.35685729980469
        ],
        "dihedral_counts": [
            7341,
            5728,
            2428,
            1164
        ],
        "num_sc": 7342,
        "mean_seq_len": 128.56060791015625
    }
}