{
    "all": {
        "mean_mae": [
            42.73336410522461,
            37.7861442565918,
            53.7785530090332,
            56.11182403564453
        ],
        "mae_sr": 0.38461539149284363,
        "rmsd": 1.275228500366211,
        "dihedral_counts": [
            52,
            47,
            19,
            7
        ],
        "seq_len": 255,
        "num_sc": 52,
        "clash_info": {
            "100": {
                "num_clashes": 11,
                "num_atom_pairs": 89640,
                "energy": 1.3160991668701172
            },
            "90": {
                "num_clashes": 1,
                "num_atom_pairs": 89640,
                "energy": 0.07357954978942871
            },
            "80": {
                "num_clashes": 0,
                "num_atom_pairs": 89640,
                "energy": 0.0
            }
        },
        "ca_rmsd": 47.1247673034668
    },
    "core": {
        "mean_mae": [
            29.59889793395996,
            6.992734432220459,
            0.0,
            0.0
        ],
        "mae_sr": 0.800000011920929,
        "rmsd": 0.4464743137359619,
        "dihedral_counts": [
            5,
            3,
            0,
            0
        ],
        "seq_len": 201,
        "num_sc": 5
    },
    "surface": {
        "mean_mae": [
            52.2428092956543,
            46.12202835083008,
            52.30659484863281,
            57.586360931396484
        ],
        "mae_sr": 0.28947368264198303,
        "rmsd": 1.556668996810913,
        "dihedral_counts": [
            38,
            35,
            16,
            6
        ],
        "seq_len": 43,
        "num_sc": 38
    }
}