{
    "all": {
        "mean_mae": [
            19.329858779907227,
            19.64455223083496,
            35.782936096191406,
            55.22492980957031
        ],
        "mae_sr": 0.6284403800964355,
        "rmsd": 0.6895018815994263,
        "dihedral_counts": [
            436,
            341,
            124,
            64
        ],
        "seq_len": 505,
        "num_sc": 436,
        "clash_info": {
            "100": {
                "num_clashes": 106,
                "num_atom_pairs": 5878583,
                "energy": 11.68936538696289
            },
            "90": {
                "num_clashes": 4,
                "num_atom_pairs": 5878583,
                "energy": 0.2977182865142822
            },
            "80": {
                "num_clashes": 0,
                "num_atom_pairs": 5878583,
                "energy": 0.0
            }
        },
        "ca_rmsd": 7.3091230392456055
    },
    "core": {
        "mean_mae": [
            8.376653671264648,
            9.465539932250977,
            21.33455467224121,
            29.518861770629883
        ],
        "mae_sr": 0.8413792848587036,
        "rmsd": 0.35354334115982056,
        "dihedral_counts": [
            145,
            114,
            30,
            11
        ],
        "seq_len": 180,
        "num_sc": 145
    },
    "surface": {
        "mean_mae": [
            27.1629695892334,
            27.686643600463867,
            44.98386764526367,
            71.71685028076172
        ],
        "mae_sr": 0.478723406791687,
        "rmsd": 0.9300353527069092,
        "dihedral_counts": [
            188,
            146,
            62,
            33
        ],
        "seq_len": 211,
        "num_sc": 188
    }
}