{
    "all": {
        "mean_mae": [
            45.202178955078125,
            40.131629943847656,
            57.72998046875,
            51.254337310791016
        ],
        "mae_sr": 0.33673468232154846,
        "rmsd": 1.3230605125427246,
        "dihedral_counts": [
            588,
            477,
            154,
            78
        ],
        "seq_len": 631,
        "num_sc": 588,
        "clash_info": {
            "100": {
                "num_clashes": 125,
                "num_atom_pairs": 9951011,
                "energy": 17.792945861816406
            },
            "90": {
                "num_clashes": 15,
                "num_atom_pairs": 9951011,
                "energy": 1.4776911735534668
            },
            "80": {
                "num_clashes": 1,
                "num_atom_pairs": 9951011,
                "energy": 0.11960339546203613
            }
        },
        "ca_rmsd": 10.893617630004883
    },
    "core": {
        "mean_mae": [
            36.589115142822266,
            35.88467788696289,
            64.15955352783203,
            109.20520782470703
        ],
        "mae_sr": 0.5443037748336792,
        "rmsd": 0.9013292193412781,
        "dihedral_counts": [
            79,
            55,
            7,
            4
        ],
        "seq_len": 84,
        "num_sc": 79
    },
    "surface": {
        "mean_mae": [
            50.4040641784668,
            39.81563186645508,
            52.14957809448242,
            47.38083267211914
        ],
        "mae_sr": 0.2869565188884735,
        "rmsd": 1.4902102947235107,
        "dihedral_counts": [
            345,
            286,
            111,
            56
        ],
        "seq_len": 372,
        "num_sc": 345
    }
}