{
    "all": {
        "mean_mae": [
            47.32467269897461,
            38.898529052734375,
            40.94830322265625,
            52.95100402832031
        ],
        "mae_sr": 0.3263157904148102,
        "rmsd": 1.2339141368865967,
        "dihedral_counts": [
            95,
            75,
            24,
            11
        ],
        "seq_len": 102,
        "num_sc": 95,
        "clash_info": {
            "100": {
                "num_clashes": 21,
                "num_atom_pairs": 256048,
                "energy": 2.6021573543548584
            },
            "90": {
                "num_clashes": 1,
                "num_atom_pairs": 256048,
                "energy": 0.16674351692199707
            },
            "80": {
                "num_clashes": 0,
                "num_atom_pairs": 256048,
                "energy": 0.0
            }
        },
        "ca_rmsd": 3.4377448558807373
    },
    "core": {
        "mean_mae": [
            25.26743507385254,
            39.31812286376953,
            121.70328521728516,
            92.29535675048828
        ],
        "mae_sr": 0.4166666567325592,
        "rmsd": 0.8692798614501953,
        "dihedral_counts": [
            12,
            11,
            2,
            1
        ],
        "seq_len": 12,
        "num_sc": 12
    },
    "surface": {
        "mean_mae": [
            52.78421401977539,
            42.589229583740234,
            37.61906051635742,
            45.64093017578125
        ],
        "mae_sr": 0.2786885201931,
        "rmsd": 1.401955246925354,
        "dihedral_counts": [
            61,
            47,
            16,
            6
        ],
        "seq_len": 65,
        "num_sc": 61
    }
}