{
    "all": {
        "mean_mae": [
            47.05600357055664,
            38.7141227722168,
            41.81287384033203,
            22.472360610961914
        ],
        "mae_sr": 0.2384105920791626,
        "rmsd": 1.4049674272537231,
        "dihedral_counts": [
            151,
            128,
            44,
            20
        ],
        "seq_len": 161,
        "num_sc": 151,
        "clash_info": {
            "100": {
                "num_clashes": 31,
                "num_atom_pairs": 683399,
                "energy": 4.193459510803223
            },
            "90": {
                "num_clashes": 3,
                "num_atom_pairs": 683399,
                "energy": 0.6846287250518799
            },
            "80": {
                "num_clashes": 0,
                "num_atom_pairs": 683399,
                "energy": 0.0
            }
        },
        "ca_rmsd": 17.636167526245117
    },
    "core": {
        "mean_mae": [
            41.499786376953125,
            35.090843200683594,
            46.400901794433594,
            57.9608039855957
        ],
        "mae_sr": 0.22857142984867096,
        "rmsd": 1.428558588027954,
        "dihedral_counts": [
            35,
            32,
            5,
            2
        ],
        "seq_len": 40,
        "num_sc": 35
    },
    "surface": {
        "mean_mae": [
            49.82664108276367,
            34.75901794433594,
            32.673561096191406,
            21.460664749145508
        ],
        "mae_sr": 0.2702702581882477,
        "rmsd": 1.4578039646148682,
        "dihedral_counts": [
            74,
            62,
            26,
            14
        ],
        "seq_len": 77,
        "num_sc": 74
    }
}