{
    "all": {
        "mean_mae": [
            33.40061569213867,
            33.374656677246094,
            50.78604507446289,
            37.01508712768555
        ],
        "mae_sr": 0.38967135548591614,
        "rmsd": 1.0127830505371094,
        "dihedral_counts": [
            212,
            167,
            59,
            28
        ],
        "seq_len": 242,
        "num_sc": 213,
        "clash_info": {
            "100": {
                "num_clashes": 74,
                "num_atom_pairs": 1409892,
                "energy": 12.426846504211426
            },
            "90": {
                "num_clashes": 13,
                "num_atom_pairs": 1409892,
                "energy": 1.1070176362991333
            },
            "80": {
                "num_clashes": 0,
                "num_atom_pairs": 1409892,
                "energy": 0.0
            }
        },
        "ca_rmsd": 1.667419672012329
    },
    "core": {
        "mean_mae": [
            20.9265193939209,
            15.176955223083496,
            55.84760284423828,
            8.956768989562988
        ],
        "mae_sr": 0.625,
        "rmsd": 0.5834769010543823,
        "dihedral_counts": [
            64,
            47,
            5,
            1
        ],
        "seq_len": 77,
        "num_sc": 64
    },
    "surface": {
        "mean_mae": [
            38.466331481933594,
            40.31876754760742,
            50.426761627197266,
            48.79084777832031
        ],
        "mae_sr": 0.2886597812175751,
        "rmsd": 1.2024224996566772,
        "dihedral_counts": [
            96,
            81,
            40,
            20
        ],
        "seq_len": 109,
        "num_sc": 97
    }
}