{
    "all": {
        "mean_mae": [
            47.30540466308594,
            43.53224182128906,
            60.2769775390625,
            60.12164306640625
        ],
        "mae_sr": 0.31292515993118286,
        "rmsd": 1.3665189743041992,
        "dihedral_counts": [
            588,
            477,
            154,
            78
        ],
        "seq_len": 631,
        "num_sc": 588,
        "clash_info": {
            "100": {
                "num_clashes": 167,
                "num_atom_pairs": 9951011,
                "energy": 24.309921264648438
            },
            "90": {
                "num_clashes": 19,
                "num_atom_pairs": 9951011,
                "energy": 1.9803094863891602
            },
            "80": {
                "num_clashes": 0,
                "num_atom_pairs": 9951011,
                "energy": 0.0
            }
        },
        "ca_rmsd": 10.893617630004883
    },
    "core": {
        "mean_mae": [
            37.685089111328125,
            38.154273986816406,
            63.87761688232422,
            93.87239074707031
        ],
        "mae_sr": 0.5063291192054749,
        "rmsd": 0.9312402009963989,
        "dihedral_counts": [
            79,
            55,
            7,
            4
        ],
        "seq_len": 84,
        "num_sc": 79
    },
    "surface": {
        "mean_mae": [
            53.097434997558594,
            44.80253601074219,
            54.795169830322266,
            59.41912078857422
        ],
        "mae_sr": 0.24637681245803833,
        "rmsd": 1.5546711683273315,
        "dihedral_counts": [
            345,
            286,
            111,
            56
        ],
        "seq_len": 372,
        "num_sc": 345
    }
}