{
    "all": {
        "mean_mae": [
            30.291912078857422,
            36.59504699707031,
            44.96793746948242,
            77.71224975585938
        ],
        "mae_sr": 0.4556961953639984,
        "rmsd": 1.2468369007110596,
        "dihedral_counts": [
            79,
            68,
            34,
            15
        ],
        "seq_len": 98,
        "num_sc": 79,
        "clash_info": {
            "100": {
                "num_clashes": 34,
                "num_atom_pairs": 224702,
                "energy": 7.120299339294434
            },
            "90": {
                "num_clashes": 5,
                "num_atom_pairs": 224702,
                "energy": 1.6076583862304688
            },
            "80": {
                "num_clashes": 2,
                "num_atom_pairs": 224702,
                "energy": 0.5898264646530151
            }
        },
        "ca_rmsd": 8.186396598815918
    },
    "core": {
        "mean_mae": [
            15.052245140075684,
            15.086981773376465,
            7.431000232696533,
            0.0
        ],
        "mae_sr": 0.75,
        "rmsd": 0.6325872540473938,
        "dihedral_counts": [
            12,
            9,
            1,
            0
        ],
        "seq_len": 13,
        "num_sc": 12
    },
    "surface": {
        "mean_mae": [
            39.611148834228516,
            46.085777282714844,
            49.75792694091797,
            69.88792419433594
        ],
        "mae_sr": 0.3333333432674408,
        "rmsd": 1.519700288772583,
        "dihedral_counts": [
            51,
            44,
            26,
            12
        ],
        "seq_len": 61,
        "num_sc": 51
    }
}