{
    "all": {
        "mean_mae": [
            39.553070068359375,
            37.95713806152344,
            76.0246353149414,
            85.97431945800781
        ],
        "mae_sr": 0.4015747904777527,
        "rmsd": 1.1380928754806519,
        "dihedral_counts": [
            127,
            81,
            36,
            19
        ],
        "seq_len": 172,
        "num_sc": 127,
        "clash_info": {
            "100": {
                "num_clashes": 39,
                "num_atom_pairs": 456404,
                "energy": 5.697701454162598
            },
            "90": {
                "num_clashes": 2,
                "num_atom_pairs": 456404,
                "energy": 0.2919809818267822
            },
            "80": {
                "num_clashes": 0,
                "num_atom_pairs": 456404,
                "energy": 0.0
            }
        },
        "ca_rmsd": 120.0031509399414
    },
    "core": {
        "mean_mae": [
            28.93052864074707,
            24.415084838867188,
            129.3551483154297,
            11.896413803100586
        ],
        "mae_sr": 0.6153846383094788,
        "rmsd": 0.8421093821525574,
        "dihedral_counts": [
            39,
            25,
            3,
            1
        ],
        "seq_len": 67,
        "num_sc": 39
    },
    "surface": {
        "mean_mae": [
            39.62032699584961,
            44.54789352416992,
            74.7050552368164,
            98.9540786743164
        ],
        "mae_sr": 0.3888888955116272,
        "rmsd": 1.1922869682312012,
        "dihedral_counts": [
            54,
            31,
            19,
            10
        ],
        "seq_len": 68,
        "num_sc": 54
    }
}