{
    "all": {
        "mean_mae": [
            35.03651428222656,
            30.827043533325195,
            46.75358963012695,
            55.95621109008789
        ],
        "mae_sr": 0.4131355881690979,
        "rmsd": 1.0556010007858276,
        "dihedral_counts": [
            472,
            372,
            136,
            61
        ],
        "seq_len": 580,
        "num_sc": 472,
        "clash_info": {
            "100": {
                "num_clashes": 200,
                "num_atom_pairs": 6975594,
                "energy": 36.92149353027344
            },
            "90": {
                "num_clashes": 28,
                "num_atom_pairs": 6975594,
                "energy": 7.916765213012695
            },
            "80": {
                "num_clashes": 7,
                "num_atom_pairs": 6975594,
                "energy": 3.158792018890381
            }
        },
        "ca_rmsd": 33.010623931884766
    },
    "core": {
        "mean_mae": [
            24.096920013427734,
            25.154380798339844,
            50.75814437866211,
            70.58550262451172
        ],
        "mae_sr": 0.5410959124565125,
        "rmsd": 0.7300901412963867,
        "dihedral_counts": [
            146,
            120,
            29,
            14
        ],
        "seq_len": 229,
        "num_sc": 146
    },
    "surface": {
        "mean_mae": [
            43.10625076293945,
            41.21614456176758,
            41.79008865356445,
            53.12891387939453
        ],
        "mae_sr": 0.29230770468711853,
        "rmsd": 1.3413236141204834,
        "dihedral_counts": [
            195,
            147,
            77,
            33
        ],
        "seq_len": 209,
        "num_sc": 195
    }
}