{
    "all": {
        "mean_mae": [
            27.056182861328125,
            25.405475616455078,
            46.12579345703125,
            52.73068618774414
        ],
        "mae_sr": 0.5984848737716675,
        "rmsd": 0.9210602045059204,
        "dihedral_counts": [
            264,
            215,
            81,
            39
        ],
        "seq_len": 318,
        "num_sc": 264,
        "clash_info": {
            "100": {
                "num_clashes": 111,
                "num_atom_pairs": 2142613,
                "energy": 16.865619659423828
            },
            "90": {
                "num_clashes": 14,
                "num_atom_pairs": 2142613,
                "energy": 1.5806348323822021
            },
            "80": {
                "num_clashes": 0,
                "num_atom_pairs": 2142613,
                "energy": 0.0
            }
        },
        "ca_rmsd": 6.757365703582764
    },
    "core": {
        "mean_mae": [
            15.710674285888672,
            12.321474075317383,
            55.5804443359375,
            95.02179718017578
        ],
        "mae_sr": 0.7777777910232544,
        "rmsd": 0.5203531980514526,
        "dihedral_counts": [
            90,
            69,
            11,
            4
        ],
        "seq_len": 123,
        "num_sc": 90
    },
    "surface": {
        "mean_mae": [
            37.33015060424805,
            37.285308837890625,
            44.53834533691406,
            40.9801025390625
        ],
        "mae_sr": 0.43478259444236755,
        "rmsd": 1.3151639699935913,
        "dihedral_counts": [
            115,
            101,
            52,
            25
        ],
        "seq_len": 129,
        "num_sc": 115
    }
}