{
    "all": {
        "mean_mae": [
            22.392526626586914,
            22.897958755493164,
            44.17838668823242,
            59.60009765625
        ],
        "mae_sr": 0.5960264801979065,
        "rmsd": 0.8274480700492859,
        "dihedral_counts": [
            151,
            106,
            48,
            19
        ],
        "seq_len": 173,
        "num_sc": 151,
        "clash_info": {
            "100": {
                "num_clashes": 53,
                "num_atom_pairs": 653065,
                "energy": 12.361272811889648
            },
            "90": {
                "num_clashes": 9,
                "num_atom_pairs": 653065,
                "energy": 4.364568710327148
            },
            "80": {
                "num_clashes": 7,
                "num_atom_pairs": 653065,
                "energy": 1.8546713590621948
            }
        },
        "ca_rmsd": 6.224679470062256
    },
    "core": {
        "mean_mae": [
            18.58062744140625,
            11.495718955993652,
            33.68436050415039,
            101.91350555419922
        ],
        "mae_sr": 0.7272727489471436,
        "rmsd": 0.5991399884223938,
        "dihedral_counts": [
            55,
            37,
            12,
            6
        ],
        "seq_len": 57,
        "num_sc": 55
    },
    "surface": {
        "mean_mae": [
            28.931730270385742,
            37.244117736816406,
            47.061100006103516,
            50.39897537231445
        ],
        "mae_sr": 0.4193548262119293,
        "rmsd": 1.1015146970748901,
        "dihedral_counts": [
            62,
            44,
            28,
            9
        ],
        "seq_len": 74,
        "num_sc": 62
    }
}