{
    "all": {
        "mean_mae": [
            47.245750427246094,
            45.359195709228516,
            48.60057067871094,
            38.07004928588867
        ],
        "mae_sr": 0.2068965584039688,
        "rmsd": 1.3918222188949585,
        "dihedral_counts": [
            87,
            75,
            29,
            15
        ],
        "seq_len": 95,
        "num_sc": 87,
        "clash_info": {
            "100": {
                "num_clashes": 23,
                "num_atom_pairs": 237281,
                "energy": 3.4845006465911865
            },
            "90": {
                "num_clashes": 3,
                "num_atom_pairs": 237281,
                "energy": 0.2782719135284424
            },
            "80": {
                "num_clashes": 0,
                "num_atom_pairs": 237281,
                "energy": 0.0
            }
        },
        "ca_rmsd": 1.144351601600647
    },
    "core": {
        "mean_mae": [
            21.462724685668945,
            35.32829284667969,
            19.42009925842285,
            0.0
        ],
        "mae_sr": 0.3636363744735718,
        "rmsd": 0.8896597027778625,
        "dihedral_counts": [
            11,
            10,
            1,
            0
        ],
        "seq_len": 13,
        "num_sc": 11
    },
    "surface": {
        "mean_mae": [
            52.56422805786133,
            48.125282287597656,
            42.343162536621094,
            34.29053497314453
        ],
        "mae_sr": 0.1111111119389534,
        "rmsd": 1.5272260904312134,
        "dihedral_counts": [
            54,
            45,
            24,
            13
        ],
        "seq_len": 58,
        "num_sc": 54
    }
}