{
    "all": {
        "mean_mae": [
            26.223770141601562,
            33.4470100402832,
            51.346397399902344,
            50.061309814453125
        ],
        "mae_sr": 0.48708486557006836,
        "rmsd": 0.8915135860443115,
        "dihedral_counts": [
            271,
            200,
            76,
            29
        ],
        "seq_len": 338,
        "num_sc": 271,
        "clash_info": {
            "100": {
                "num_clashes": 66,
                "num_atom_pairs": 2357222,
                "energy": 10.063995361328125
            },
            "90": {
                "num_clashes": 11,
                "num_atom_pairs": 2357222,
                "energy": 1.059361457824707
            },
            "80": {
                "num_clashes": 0,
                "num_atom_pairs": 2357222,
                "energy": 0.0
            }
        },
        "ca_rmsd": 21.40879249572754
    },
    "core": {
        "mean_mae": [
            11.09177017211914,
            35.384185791015625,
            61.063873291015625,
            45.13291931152344
        ],
        "mae_sr": 0.7200000286102295,
        "rmsd": 0.615691602230072,
        "dihedral_counts": [
            50,
            31,
            4,
            4
        ],
        "seq_len": 64,
        "num_sc": 50
    },
    "surface": {
        "mean_mae": [
            35.44472122192383,
            36.56181716918945,
            51.168113708496094,
            53.781742095947266
        ],
        "mae_sr": 0.36305731534957886,
        "rmsd": 1.0691152811050415,
        "dihedral_counts": [
            157,
            119,
            57,
            19
        ],
        "seq_len": 197,
        "num_sc": 157
    }
}