{
    "all": {
        "mean_mae": [
            30.079120635986328,
            19.566240310668945,
            38.10270690917969,
            62.87021255493164
        ],
        "mae_sr": 0.5789473652839661,
        "rmsd": 0.8122639656066895,
        "dihedral_counts": [
            76,
            48,
            13,
            6
        ],
        "seq_len": 103,
        "num_sc": 76,
        "clash_info": {
            "100": {
                "num_clashes": 54,
                "num_atom_pairs": 168800,
                "energy": 14.036556243896484
            },
            "90": {
                "num_clashes": 14,
                "num_atom_pairs": 168800,
                "energy": 3.9900712966918945
            },
            "80": {
                "num_clashes": 6,
                "num_atom_pairs": 168800,
                "energy": 1.1082100868225098
            }
        },
        "ca_rmsd": 24.67805290222168
    },
    "core": {
        "mean_mae": [
            14.92103099822998,
            9.698307991027832,
            9.006632804870605,
            53.07453918457031
        ],
        "mae_sr": 0.7058823704719543,
        "rmsd": 0.4492305815219879,
        "dihedral_counts": [
            17,
            12,
            2,
            1
        ],
        "seq_len": 26,
        "num_sc": 17
    },
    "surface": {
        "mean_mae": [
            30.923070907592773,
            22.612154006958008,
            28.843225479125977,
            8.264966011047363
        ],
        "mae_sr": 0.5897436141967773,
        "rmsd": 0.8114603757858276,
        "dihedral_counts": [
            39,
            23,
            6,
            3
        ],
        "seq_len": 56,
        "num_sc": 39
    }
}