{
    "all": {
        "mean_mae": [
            25.62139892578125,
            26.480655670166016,
            51.520729064941406,
            66.96906280517578
        ],
        "mae_sr": 0.6301369667053223,
        "rmsd": 0.9097826480865479,
        "dihedral_counts": [
            292,
            222,
            75,
            33
        ],
        "seq_len": 384,
        "num_sc": 292,
        "clash_info": {
            "100": {
                "num_clashes": 157,
                "num_atom_pairs": 3090279,
                "energy": 30.29444694519043
            },
            "90": {
                "num_clashes": 26,
                "num_atom_pairs": 3090279,
                "energy": 8.180231094360352
            },
            "80": {
                "num_clashes": 8,
                "num_atom_pairs": 3090279,
                "energy": 3.9660398960113525
            }
        },
        "ca_rmsd": 9.061741828918457
    },
    "core": {
        "mean_mae": [
            15.043713569641113,
            17.752647399902344,
            33.228763580322266,
            79.44385528564453
        ],
        "mae_sr": 0.8350515365600586,
        "rmsd": 0.5190845131874084,
        "dihedral_counts": [
            97,
            75,
            11,
            3
        ],
        "seq_len": 124,
        "num_sc": 97
    },
    "surface": {
        "mean_mae": [
            39.43642807006836,
            31.264394760131836,
            50.449310302734375,
            70.8014144897461
        ],
        "mae_sr": 0.4880000054836273,
        "rmsd": 1.2500895261764526,
        "dihedral_counts": [
            125,
            97,
            39,
            19
        ],
        "seq_len": 172,
        "num_sc": 125
    }
}