{
    "all": {
        "mean_mae": [
            15.834709167480469,
            18.915985107421875,
            34.47000503540039,
            37.405582427978516
        ],
        "mae_sr": 0.6800000071525574,
        "rmsd": 0.589569628238678,
        "dihedral_counts": [
            475,
            363,
            120,
            57
        ],
        "seq_len": 630,
        "num_sc": 475,
        "clash_info": {
            "100": {
                "num_clashes": 201,
                "num_atom_pairs": 7237975,
                "energy": 35.415443420410156
            },
            "90": {
                "num_clashes": 35,
                "num_atom_pairs": 7237975,
                "energy": 5.311976909637451
            },
            "80": {
                "num_clashes": 2,
                "num_atom_pairs": 7237975,
                "energy": 0.612194299697876
            }
        },
        "ca_rmsd": 14.527270317077637
    },
    "core": {
        "mean_mae": [
            9.523932456970215,
            14.889039039611816,
            21.771081924438477,
            22.813583374023438
        ],
        "mae_sr": 0.8097345232963562,
        "rmsd": 0.4480375647544861,
        "dihedral_counts": [
            226,
            178,
            41,
            19
        ],
        "seq_len": 343,
        "num_sc": 226
    },
    "surface": {
        "mean_mae": [
            23.52561378479004,
            29.202281951904297,
            38.91697692871094,
            51.06293487548828
        ],
        "mae_sr": 0.48571428656578064,
        "rmsd": 0.8177058100700378,
        "dihedral_counts": [
            140,
            100,
            51,
            26
        ],
        "seq_len": 164,
        "num_sc": 140
    }
}