{
    "all": {
        "mean_mae": [
            35.46778869628906,
            30.75982093811035,
            58.987117767333984,
            72.04757690429688
        ],
        "mae_sr": 0.43043479323387146,
        "rmsd": 1.033215045928955,
        "dihedral_counts": [
            230,
            160,
            50,
            18
        ],
        "seq_len": 306,
        "num_sc": 230,
        "clash_info": {
            "100": {
                "num_clashes": 158,
                "num_atom_pairs": 1684725,
                "energy": 34.34333038330078
            },
            "90": {
                "num_clashes": 32,
                "num_atom_pairs": 1684725,
                "energy": 8.113077163696289
            },
            "80": {
                "num_clashes": 10,
                "num_atom_pairs": 1684725,
                "energy": 2.7004036903381348
            }
        },
        "ca_rmsd": 17.137136459350586
    },
    "core": {
        "mean_mae": [
            27.795230865478516,
            25.401485443115234,
            68.04035186767578,
            77.80249786376953
        ],
        "mae_sr": 0.5555555820465088,
        "rmsd": 0.8326100707054138,
        "dihedral_counts": [
            90,
            64,
            19,
            7
        ],
        "seq_len": 142,
        "num_sc": 90
    },
    "surface": {
        "mean_mae": [
            45.32203674316406,
            38.99111557006836,
            51.4531135559082,
            80.34931182861328
        ],
        "mae_sr": 0.3085106313228607,
        "rmsd": 1.2412846088409424,
        "dihedral_counts": [
            94,
            64,
            22,
            7
        ],
        "seq_len": 115,
        "num_sc": 94
    }
}