{
    "all": {
        "mean_mae": [
            13.717896461486816,
            14.341389656066895,
            43.081092834472656,
            31.193466186523438
        ],
        "mae_sr": 0.7382199168205261,
        "rmsd": 0.506809413433075,
        "dihedral_counts": [
            191,
            160,
            52,
            24
        ],
        "seq_len": 230,
        "num_sc": 191,
        "clash_info": {
            "100": {
                "num_clashes": 65,
                "num_atom_pairs": 1146495,
                "energy": 13.78782844543457
            },
            "90": {
                "num_clashes": 12,
                "num_atom_pairs": 1146495,
                "energy": 3.6443777084350586
            },
            "80": {
                "num_clashes": 3,
                "num_atom_pairs": 1146495,
                "energy": 1.163100242614746
            }
        },
        "ca_rmsd": 5.583727836608887
    },
    "core": {
        "mean_mae": [
            12.457169532775879,
            10.329254150390625,
            25.567739486694336,
            4.0492095947265625
        ],
        "mae_sr": 0.875,
        "rmsd": 0.33788907527923584,
        "dihedral_counts": [
            72,
            56,
            9,
            2
        ],
        "seq_len": 87,
        "num_sc": 72
    },
    "surface": {
        "mean_mae": [
            19.24350929260254,
            21.4874267578125,
            52.44296646118164,
            39.111331939697266
        ],
        "mae_sr": 0.5866666436195374,
        "rmsd": 0.7432165145874023,
        "dihedral_counts": [
            75,
            65,
            28,
            14
        ],
        "seq_len": 90,
        "num_sc": 75
    }
}