{
    "all": {
        "mean_mae": [
            20.81230354309082,
            24.572105407714844,
            57.67927932739258,
            39.50482940673828
        ],
        "mae_sr": 0.7151162624359131,
        "rmsd": 0.721407949924469,
        "dihedral_counts": [
            172,
            135,
            37,
            16
        ],
        "seq_len": 227,
        "num_sc": 172,
        "clash_info": {
            "100": {
                "num_clashes": 87,
                "num_atom_pairs": 1020074,
                "energy": 15.766304969787598
            },
            "90": {
                "num_clashes": 13,
                "num_atom_pairs": 1020074,
                "energy": 2.0174989700317383
            },
            "80": {
                "num_clashes": 1,
                "num_atom_pairs": 1020074,
                "energy": 0.3381843566894531
            }
        },
        "ca_rmsd": 5.334877967834473
    },
    "core": {
        "mean_mae": [
            12.631940841674805,
            12.327787399291992,
            17.678138732910156,
            21.067501068115234
        ],
        "mae_sr": 0.862500011920929,
        "rmsd": 0.38730114698410034,
        "dihedral_counts": [
            80,
            55,
            8,
            1
        ],
        "seq_len": 101,
        "num_sc": 80
    },
    "surface": {
        "mean_mae": [
            32.174808502197266,
            33.28450012207031,
            73.39264678955078,
            29.451576232910156
        ],
        "mae_sr": 0.5322580933570862,
        "rmsd": 1.127869725227356,
        "dihedral_counts": [
            62,
            55,
            22,
            11
        ],
        "seq_len": 87,
        "num_sc": 62
    }
}