{
    "all": {
        "mean_mae": [
            24.003196716308594,
            25.96167755126953,
            37.470245361328125,
            66.26776885986328
        ],
        "mae_sr": 0.6020408272743225,
        "rmsd": 0.8517661094665527,
        "dihedral_counts": [
            392,
            298,
            112,
            61
        ],
        "seq_len": 460,
        "num_sc": 392,
        "clash_info": {
            "100": {
                "num_clashes": 181,
                "num_atom_pairs": 4660950,
                "energy": 42.274932861328125
            },
            "90": {
                "num_clashes": 41,
                "num_atom_pairs": 4660950,
                "energy": 14.150479316711426
            },
            "80": {
                "num_clashes": 14,
                "num_atom_pairs": 4660950,
                "energy": 6.70328426361084
            }
        },
        "ca_rmsd": 3.2455966472625732
    },
    "core": {
        "mean_mae": [
            20.331989288330078,
            25.9063777923584,
            43.554969787597656,
            94.85087585449219
        ],
        "mae_sr": 0.707317054271698,
        "rmsd": 0.693588137626648,
        "dihedral_counts": [
            164,
            103,
            23,
            10
        ],
        "seq_len": 203,
        "num_sc": 164
    },
    "surface": {
        "mean_mae": [
            29.98865509033203,
            29.85988426208496,
            39.12107849121094,
            61.907527923583984
        ],
        "mae_sr": 0.44999998807907104,
        "rmsd": 1.1128572225570679,
        "dihedral_counts": [
            140,
            123,
            61,
            34
        ],
        "seq_len": 152,
        "num_sc": 140
    }
}