{
    "all": {
        "mean_mae": [
            36.02272033691406,
            37.9427490234375,
            42.81748580932617,
            50.7844352722168
        ],
        "mae_sr": 0.4682539701461792,
        "rmsd": 1.0898830890655518,
        "dihedral_counts": [
            126,
            93,
            26,
            19
        ],
        "seq_len": 189,
        "num_sc": 126,
        "clash_info": {
            "100": {
                "num_clashes": 35,
                "num_atom_pairs": 522518,
                "energy": 11.983449935913086
            },
            "90": {
                "num_clashes": 14,
                "num_atom_pairs": 522518,
                "energy": 4.721152305603027
            },
            "80": {
                "num_clashes": 7,
                "num_atom_pairs": 522518,
                "energy": 1.6650006771087646
            }
        },
        "ca_rmsd": 64.72467803955078
    },
    "core": {
        "mean_mae": [
            0.0,
            0.0,
            0.0,
            0.0
        ],
        "mae_sr": 1.0,
        "rmsd": 0.0,
        "dihedral_counts": [
            0,
            0,
            0,
            0
        ],
        "seq_len": 0,
        "num_sc": 0
    },
    "surface": {
        "mean_mae": [
            36.28437423706055,
            37.9427490234375,
            42.81748962402344,
            50.7844352722168
        ],
        "mae_sr": 0.46399998664855957,
        "rmsd": 1.0973244905471802,
        "dihedral_counts": [
            125,
            93,
            26,
            19
        ],
        "seq_len": 169,
        "num_sc": 125
    }
}