{
    "all": {
        "mean_mae": [
            34.0510368347168,
            25.335186004638672,
            66.314208984375,
            42.94649887084961
        ],
        "mae_sr": 0.5303030014038086,
        "rmsd": 0.9458253383636475,
        "dihedral_counts": [
            66,
            47,
            20,
            12
        ],
        "seq_len": 116,
        "num_sc": 66,
        "clash_info": {
            "100": {
                "num_clashes": 42,
                "num_atom_pairs": 153348,
                "energy": 8.430584907531738
            },
            "90": {
                "num_clashes": 12,
                "num_atom_pairs": 153348,
                "energy": 1.8089847564697266
            },
            "80": {
                "num_clashes": 2,
                "num_atom_pairs": 153348,
                "energy": 0.4545668363571167
            }
        },
        "ca_rmsd": 20.16042709350586
    },
    "core": {
        "mean_mae": [
            3.897310495376587,
            11.134181022644043,
            9.940176963806152,
            0.872479259967804
        ],
        "mae_sr": 0.9333333373069763,
        "rmsd": 0.40117207169532776,
        "dihedral_counts": [
            15,
            10,
            3,
            3
        ],
        "seq_len": 55,
        "num_sc": 15
    },
    "surface": {
        "mean_mae": [
            45.131568908691406,
            34.71304702758789,
            66.01222229003906,
            52.27360153198242
        ],
        "mae_sr": 0.3499999940395355,
        "rmsd": 1.1605474948883057,
        "dihedral_counts": [
            40,
            28,
            14,
            6
        ],
        "seq_len": 47,
        "num_sc": 40
    }
}