{
    "all": {
        "mean_mae": [
            38.122161865234375,
            27.710250854492188,
            48.75714111328125,
            56.282470703125
        ],
        "mae_sr": 0.511904776096344,
        "rmsd": 1.1223548650741577,
        "dihedral_counts": [
            252,
            195,
            64,
            37
        ],
        "seq_len": 312,
        "num_sc": 252,
        "clash_info": {
            "100": {
                "num_clashes": 107,
                "num_atom_pairs": 1768206,
                "energy": 22.80536651611328
            },
            "90": {
                "num_clashes": 23,
                "num_atom_pairs": 1768206,
                "energy": 5.859187126159668
            },
            "80": {
                "num_clashes": 5,
                "num_atom_pairs": 1768206,
                "energy": 1.2318367958068848
            }
        },
        "ca_rmsd": 19.33502960205078
    },
    "core": {
        "mean_mae": [
            13.033683776855469,
            17.111536026000977,
            15.544848442077637,
            9.845252990722656
        ],
        "mae_sr": 0.8732394576072693,
        "rmsd": 0.361812025308609,
        "dihedral_counts": [
            71,
            46,
            2,
            1
        ],
        "seq_len": 126,
        "num_sc": 71
    },
    "surface": {
        "mean_mae": [
            54.52302169799805,
            32.81688690185547,
            50.3126106262207,
            44.97073745727539
        ],
        "mae_sr": 0.26213592290878296,
        "rmsd": 1.6318150758743286,
        "dihedral_counts": [
            103,
            89,
            42,
            22
        ],
        "seq_len": 106,
        "num_sc": 103
    }
}