{
    "all": {
        "mean_mae": [
            29.576261520385742,
            23.90291404724121,
            47.1665153503418,
            47.707740783691406
        ],
        "mae_sr": 0.5315315127372742,
        "rmsd": 0.9974626898765564,
        "dihedral_counts": [
            111,
            79,
            33,
            18
        ],
        "seq_len": 202,
        "num_sc": 111,
        "clash_info": {
            "100": {
                "num_clashes": 62,
                "num_atom_pairs": 379543,
                "energy": 8.957818984985352
            },
            "90": {
                "num_clashes": 4,
                "num_atom_pairs": 379543,
                "energy": 0.7008650302886963
            },
            "80": {
                "num_clashes": 0,
                "num_atom_pairs": 379543,
                "energy": 0.0
            }
        },
        "ca_rmsd": 26.7784366607666
    },
    "core": {
        "mean_mae": [
            23.3853816986084,
            18.584272384643555,
            33.03865432739258,
            9.94336223602295
        ],
        "mae_sr": 0.75,
        "rmsd": 0.5519616007804871,
        "dihedral_counts": [
            24,
            13,
            3,
            1
        ],
        "seq_len": 101,
        "num_sc": 24
    },
    "surface": {
        "mean_mae": [
            37.55351638793945,
            29.543367385864258,
            51.334266662597656,
            46.09498977661133
        ],
        "mae_sr": 0.375,
        "rmsd": 1.3624613285064697,
        "dihedral_counts": [
            56,
            45,
            23,
            13
        ],
        "seq_len": 67,
        "num_sc": 56
    }
}