{
    "all": {
        "mean_mae": [
            43.12627410888672,
            33.64540481567383,
            58.51289367675781,
            24.178110122680664
        ],
        "mae_sr": 0.4305555522441864,
        "rmsd": 1.3984997272491455,
        "dihedral_counts": [
            144,
            103,
            22,
            12
        ],
        "seq_len": 226,
        "num_sc": 144,
        "clash_info": {
            "100": {
                "num_clashes": 57,
                "num_atom_pairs": 673000,
                "energy": 6.242938041687012
            },
            "90": {
                "num_clashes": 0,
                "num_atom_pairs": 673000,
                "energy": 0.0
            },
            "80": {
                "num_clashes": 0,
                "num_atom_pairs": 673000,
                "energy": 0.0
            }
        },
        "ca_rmsd": 10.064151763916016
    },
    "core": {
        "mean_mae": [
            39.906429290771484,
            30.528289794921875,
            72.7236557006836,
            112.84521484375
        ],
        "mae_sr": 0.43478259444236755,
        "rmsd": 1.0967249870300293,
        "dihedral_counts": [
            23,
            14,
            5,
            1
        ],
        "seq_len": 87,
        "num_sc": 23
    },
    "surface": {
        "mean_mae": [
            48.40749740600586,
            30.29045867919922,
            62.80021286010742,
            17.655275344848633
        ],
        "mae_sr": 0.38372093439102173,
        "rmsd": 1.5148587226867676,
        "dihedral_counts": [
            86,
            67,
            13,
            9
        ],
        "seq_len": 94,
        "num_sc": 86
    }
}