{
    "all": {
        "mean_mae": [
            53.44282913208008,
            36.3934326171875,
            58.19114685058594,
            44.118804931640625
        ],
        "mae_sr": 0.37735849618911743,
        "rmsd": 1.310807466506958,
        "dihedral_counts": [
            106,
            69,
            25,
            12
        ],
        "seq_len": 140,
        "num_sc": 106,
        "clash_info": {
            "100": {
                "num_clashes": 14,
                "num_atom_pairs": 319605,
                "energy": 1.0830528736114502
            },
            "90": {
                "num_clashes": 0,
                "num_atom_pairs": 319605,
                "energy": 0.0
            },
            "80": {
                "num_clashes": 0,
                "num_atom_pairs": 319605,
                "energy": 0.0
            }
        },
        "ca_rmsd": 144.99285888671875
    },
    "core": {
        "mean_mae": [
            45.7888069152832,
            38.86274337768555,
            12.231342315673828,
            156.75701904296875
        ],
        "mae_sr": 0.5333333611488342,
        "rmsd": 0.9944561719894409,
        "dihedral_counts": [
            15,
            11,
            2,
            1
        ],
        "seq_len": 19,
        "num_sc": 15
    },
    "surface": {
        "mean_mae": [
            53.97517395019531,
            39.227874755859375,
            61.586334228515625,
            36.03557205200195
        ],
        "mae_sr": 0.36000001430511475,
        "rmsd": 1.3702521324157715,
        "dihedral_counts": [
            75,
            46,
            20,
            10
        ],
        "seq_len": 83,
        "num_sc": 75
    }
}