{
    "all": {
        "mean_mae": [
            46.1331901550293,
            35.669677734375,
            71.08782196044922,
            44.72182846069336
        ],
        "mae_sr": 0.3382352888584137,
        "rmsd": 1.2796425819396973,
        "dihedral_counts": [
            272,
            205,
            57,
            27
        ],
        "seq_len": 298,
        "num_sc": 272,
        "clash_info": {
            "100": {
                "num_clashes": 130,
                "num_atom_pairs": 2207413,
                "energy": 14.18419075012207
            },
            "90": {
                "num_clashes": 4,
                "num_atom_pairs": 2207413,
                "energy": 0.5370993614196777
            },
            "80": {
                "num_clashes": 1,
                "num_atom_pairs": 2207413,
                "energy": 0.012017965316772461
            }
        },
        "ca_rmsd": 26.469867706298828
    },
    "core": {
        "mean_mae": [
            28.418258666992188,
            29.444198608398438,
            78.8889389038086,
            13.640666961669922
        ],
        "mae_sr": 0.5454545617103577,
        "rmsd": 0.7553983330726624,
        "dihedral_counts": [
            55,
            42,
            7,
            1
        ],
        "seq_len": 64,
        "num_sc": 55
    },
    "surface": {
        "mean_mae": [
            56.6278076171875,
            42.210330963134766,
            71.00397491455078,
            46.14237976074219
        ],
        "mae_sr": 0.23943662643432617,
        "rmsd": 1.5844247341156006,
        "dihedral_counts": [
            142,
            108,
            34,
            20
        ],
        "seq_len": 153,
        "num_sc": 142
    }
}