{
    "all": {
        "mean_mae": [
            51.086605072021484,
            39.635955810546875,
            51.18965148925781,
            25.590229034423828
        ],
        "mae_sr": 0.25827813148498535,
        "rmsd": 1.3693559169769287,
        "dihedral_counts": [
            151,
            128,
            44,
            20
        ],
        "seq_len": 161,
        "num_sc": 151,
        "clash_info": {
            "100": {
                "num_clashes": 68,
                "num_atom_pairs": 683399,
                "energy": 7.255306243896484
            },
            "90": {
                "num_clashes": 0,
                "num_atom_pairs": 683399,
                "energy": 0.0
            },
            "80": {
                "num_clashes": 0,
                "num_atom_pairs": 683399,
                "energy": 0.0
            }
        },
        "ca_rmsd": 2.499689817428589
    },
    "core": {
        "mean_mae": [
            32.14550018310547,
            34.14885330200195,
            77.5523681640625,
            59.28702926635742
        ],
        "mae_sr": 0.4000000059604645,
        "rmsd": 1.1066324710845947,
        "dihedral_counts": [
            35,
            32,
            5,
            2
        ],
        "seq_len": 40,
        "num_sc": 35
    },
    "surface": {
        "mean_mae": [
            58.613372802734375,
            34.485965728759766,
            38.13369369506836,
            24.485536575317383
        ],
        "mae_sr": 0.2702702581882477,
        "rmsd": 1.5194377899169922,
        "dihedral_counts": [
            74,
            62,
            26,
            14
        ],
        "seq_len": 77,
        "num_sc": 74
    }
}