{
    "all": {
        "mean_mae": [
            52.84516525268555,
            42.0622444152832,
            55.945316314697266,
            31.379087448120117
        ],
        "mae_sr": 0.3757225573062897,
        "rmsd": 1.5478250980377197,
        "dihedral_counts": [
            346,
            244,
            56,
            27
        ],
        "seq_len": 538,
        "num_sc": 346,
        "clash_info": {
            "100": {
                "num_clashes": 157,
                "num_atom_pairs": 3827750,
                "energy": 14.789992332458496
            },
            "90": {
                "num_clashes": 1,
                "num_atom_pairs": 3827750,
                "energy": 0.018497467041015625
            },
            "80": {
                "num_clashes": 0,
                "num_atom_pairs": 3827750,
                "energy": 0.0
            }
        },
        "ca_rmsd": 34.37169647216797
    },
    "core": {
        "mean_mae": [
            53.19148254394531,
            55.22406005859375,
            74.8779067993164,
            50.14584732055664
        ],
        "mae_sr": 0.36000001430511475,
        "rmsd": 1.530094861984253,
        "dihedral_counts": [
            150,
            98,
            17,
            2
        ],
        "seq_len": 293,
        "num_sc": 150
    },
    "surface": {
        "mean_mae": [
            52.0973014831543,
            33.818321228027344,
            33.73666763305664,
            24.767972946166992
        ],
        "mae_sr": 0.35849055647850037,
        "rmsd": 1.582604169845581,
        "dihedral_counts": [
            106,
            82,
            24,
            15
        ],
        "seq_len": 131,
        "num_sc": 106
    }
}