{
    "all": {
        "mean_mae": [
            47.35548782348633,
            46.752464294433594,
            55.95562744140625,
            43.772212982177734
        ],
        "mae_sr": 0.2954545319080353,
        "rmsd": 1.4410505294799805,
        "dihedral_counts": [
            440,
            364,
            121,
            66
        ],
        "seq_len": 464,
        "num_sc": 440,
        "clash_info": {
            "100": {
                "num_clashes": 148,
                "num_atom_pairs": 5583048,
                "energy": 14.287144660949707
            },
            "90": {
                "num_clashes": 2,
                "num_atom_pairs": 5583048,
                "energy": 0.3569912910461426
            },
            "80": {
                "num_clashes": 0,
                "num_atom_pairs": 5583048,
                "energy": 0.0
            }
        },
        "ca_rmsd": 34.16825485229492
    },
    "core": {
        "mean_mae": [
            26.936145782470703,
            42.04713439941406,
            101.16377258300781,
            102.73544311523438
        ],
        "mae_sr": 0.35555556416511536,
        "rmsd": 0.8821581602096558,
        "dihedral_counts": [
            45,
            40,
            5,
            2
        ],
        "seq_len": 48,
        "num_sc": 45
    },
    "surface": {
        "mean_mae": [
            52.8590202331543,
            46.49514389038086,
            52.58319091796875,
            39.682621002197266
        ],
        "mae_sr": 0.2561403512954712,
        "rmsd": 1.627956509590149,
        "dihedral_counts": [
            285,
            234,
            98,
            55
        ],
        "seq_len": 303,
        "num_sc": 285
    }
}