{
    "all": {
        "mean_mae": [
            26.85361671447754,
            28.399349212646484,
            61.28044128417969,
            62.19064712524414
        ],
        "mae_sr": 0.5364238619804382,
        "rmsd": 0.8691580295562744,
        "dihedral_counts": [
            151,
            106,
            48,
            19
        ],
        "seq_len": 173,
        "num_sc": 151,
        "clash_info": {
            "100": {
                "num_clashes": 55,
                "num_atom_pairs": 653065,
                "energy": 5.830114841461182
            },
            "90": {
                "num_clashes": 0,
                "num_atom_pairs": 653065,
                "energy": 0.0
            },
            "80": {
                "num_clashes": 0,
                "num_atom_pairs": 653065,
                "energy": 0.0
            }
        },
        "ca_rmsd": 6.429976940155029
    },
    "core": {
        "mean_mae": [
            20.275287628173828,
            16.007957458496094,
            55.06416320800781,
            94.06604766845703
        ],
        "mae_sr": 0.6545454263687134,
        "rmsd": 0.6004825234413147,
        "dihedral_counts": [
            55,
            37,
            12,
            6
        ],
        "seq_len": 57,
        "num_sc": 55
    },
    "surface": {
        "mean_mae": [
            36.015621185302734,
            44.36130142211914,
            61.0067138671875,
            57.62295150756836
        ],
        "mae_sr": 0.4193548262119293,
        "rmsd": 1.108690857887268,
        "dihedral_counts": [
            62,
            44,
            28,
            9
        ],
        "seq_len": 74,
        "num_sc": 62
    }
}