{
    "all": {
        "mean_mae": [
            32.35771942138672,
            22.762073516845703,
            68.68711853027344,
            59.87295150756836
        ],
        "mae_sr": 0.5408163070678711,
        "rmsd": 0.850222110748291,
        "dihedral_counts": [
            98,
            57,
            12,
            7
        ],
        "seq_len": 922,
        "num_sc": 98,
        "clash_info": {
            "100": {
                "num_clashes": 34,
                "num_atom_pairs": 308580,
                "energy": 3.3665990829467773
            },
            "90": {
                "num_clashes": 0,
                "num_atom_pairs": 308580,
                "energy": 0.0
            },
            "80": {
                "num_clashes": 0,
                "num_atom_pairs": 308580,
                "energy": 0.0
            }
        },
        "ca_rmsd": 86.69133758544922
    },
    "core": {
        "mean_mae": [
            21.14118766784668,
            17.27347755432129,
            0.0,
            0.0
        ],
        "mae_sr": 0.625,
        "rmsd": 0.5848812460899353,
        "dihedral_counts": [
            8,
            5,
            0,
            0
        ],
        "seq_len": 800,
        "num_sc": 8
    },
    "surface": {
        "mean_mae": [
            36.73433303833008,
            23.22258949279785,
            40.870277404785156,
            57.258148193359375
        ],
        "mae_sr": 0.5211267471313477,
        "rmsd": 0.8864193558692932,
        "dihedral_counts": [
            71,
            38,
            8,
            4
        ],
        "seq_len": 99,
        "num_sc": 71
    }
}