{
    "all": {
        "mean_mae": [
            54.57052993774414,
            51.20949172973633,
            64.23184967041016,
            56.24998092651367
        ],
        "mae_sr": 0.17391304671764374,
        "rmsd": 1.5322277545928955,
        "dihedral_counts": [
            138,
            106,
            44,
            24
        ],
        "seq_len": 168,
        "num_sc": 138,
        "clash_info": {
            "100": {
                "num_clashes": 70,
                "num_atom_pairs": 577822,
                "energy": 8.655598640441895
            },
            "90": {
                "num_clashes": 0,
                "num_atom_pairs": 577822,
                "energy": 0.0
            },
            "80": {
                "num_clashes": 0,
                "num_atom_pairs": 577822,
                "energy": 0.0
            }
        },
        "ca_rmsd": 14.826475143432617
    },
    "core": {
        "mean_mae": [
            41.731143951416016,
            40.7326774597168,
            57.76231002807617,
            98.13681030273438
        ],
        "mae_sr": 0.21212121844291687,
        "rmsd": 1.2632451057434082,
        "dihedral_counts": [
            33,
            21,
            7,
            2
        ],
        "seq_len": 37,
        "num_sc": 33
    },
    "surface": {
        "mean_mae": [
            63.49602127075195,
            55.24380111694336,
            65.1670150756836,
            55.05197525024414
        ],
        "mae_sr": 0.10958904027938843,
        "rmsd": 1.6768672466278076,
        "dihedral_counts": [
            73,
            61,
            29,
            16
        ],
        "seq_len": 96,
        "num_sc": 73
    }
}