{
    "all": {
        "mean_mae": [
            27.319456100463867,
            22.009559631347656,
            43.24728012084961,
            41.60317611694336
        ],
        "mae_sr": 0.5698924660682678,
        "rmsd": 0.7766971588134766,
        "dihedral_counts": [
            93,
            68,
            29,
            14
        ],
        "seq_len": 127,
        "num_sc": 93,
        "clash_info": {
            "100": {
                "num_clashes": 23,
                "num_atom_pairs": 279891,
                "energy": 2.4271304607391357
            },
            "90": {
                "num_clashes": 0,
                "num_atom_pairs": 279891,
                "energy": 0.0
            },
            "80": {
                "num_clashes": 0,
                "num_atom_pairs": 279891,
                "energy": 0.0
            }
        },
        "ca_rmsd": 15.494580268859863
    },
    "core": {
        "mean_mae": [
            11.911661148071289,
            16.535459518432617,
            58.35780715942383,
            0.0
        ],
        "mae_sr": 0.782608687877655,
        "rmsd": 0.37017664313316345,
        "dihedral_counts": [
            23,
            15,
            3,
            0
        ],
        "seq_len": 29,
        "num_sc": 23
    },
    "surface": {
        "mean_mae": [
            44.482051849365234,
            28.73991584777832,
            39.88876724243164,
            46.75978469848633
        ],
        "mae_sr": 0.3695652186870575,
        "rmsd": 1.2007962465286255,
        "dihedral_counts": [
            46,
            36,
            22,
            12
        ],
        "seq_len": 67,
        "num_sc": 46
    }
}