{
    "all": {
        "mean_mae": [
            24.68645477294922,
            32.90223693847656,
            35.71044158935547,
            65.63040161132812
        ],
        "mae_sr": 0.4680851101875305,
        "rmsd": 0.8573463559150696,
        "dihedral_counts": [
            141,
            106,
            39,
            15
        ],
        "seq_len": 156,
        "num_sc": 141,
        "clash_info": {
            "100": {
                "num_clashes": 73,
                "num_atom_pairs": 593764,
                "energy": 9.150876998901367
            },
            "90": {
                "num_clashes": 2,
                "num_atom_pairs": 593764,
                "energy": 0.8167846202850342
            },
            "80": {
                "num_clashes": 1,
                "num_atom_pairs": 593764,
                "energy": 0.447861909866333
            }
        },
        "ca_rmsd": 1.1510224342346191
    },
    "core": {
        "mean_mae": [
            27.222139358520508,
            24.125926971435547,
            26.04149627685547,
            52.47651672363281
        ],
        "mae_sr": 0.5813953280448914,
        "rmsd": 0.7893881797790527,
        "dihedral_counts": [
            43,
            30,
            3,
            3
        ],
        "seq_len": 50,
        "num_sc": 43
    },
    "surface": {
        "mean_mae": [
            26.723228454589844,
            42.922122955322266,
            33.50621795654297,
            74.94776916503906
        ],
        "mae_sr": 0.3142857253551483,
        "rmsd": 0.9563971161842346,
        "dihedral_counts": [
            70,
            53,
            29,
            11
        ],
        "seq_len": 77,
        "num_sc": 70
    }
}