{
    "all": {
        "mean_mae": [
            31.325061798095703,
            38.92803192138672,
            64.36827850341797,
            61.62540817260742
        ],
        "mae_sr": 0.42500001192092896,
        "rmsd": 1.1719000339508057,
        "dihedral_counts": [
            40,
            35,
            21,
            9
        ],
        "seq_len": 153,
        "num_sc": 40,
        "clash_info": {
            "100": {
                "num_clashes": 0,
                "num_atom_pairs": 57321,
                "energy": 0.0
            },
            "90": {
                "num_clashes": 0,
                "num_atom_pairs": 57321,
                "energy": 0.0
            },
            "80": {
                "num_clashes": 0,
                "num_atom_pairs": 57321,
                "energy": 0.0
            }
        },
        "ca_rmsd": 16.799978256225586
    },
    "core": {
        "mean_mae": [
            43.58707809448242,
            59.93403244018555,
            74.90973663330078,
            126.81795501708984
        ],
        "mae_sr": 0.0,
        "rmsd": 1.8521150350570679,
        "dihedral_counts": [
            3,
            3,
            3,
            1
        ],
        "seq_len": 108,
        "num_sc": 3
    },
    "surface": {
        "mean_mae": [
            30.330846786499023,
            36.95872116088867,
            62.61137008666992,
            53.47634506225586
        ],
        "mae_sr": 0.45945945382118225,
        "rmsd": 1.1167476177215576,
        "dihedral_counts": [
            37,
            32,
            18,
            8
        ],
        "seq_len": 45,
        "num_sc": 37
    }
}