{
    "all": {
        "mean_mae": [
            14.358527183532715,
            19.44924545288086,
            51.39547348022461,
            69.81841278076172
        ],
        "mae_sr": 0.6544502377510071,
        "rmsd": 0.6134807467460632,
        "dihedral_counts": [
            191,
            160,
            52,
            24
        ],
        "seq_len": 230,
        "num_sc": 191,
        "clash_info": {
            "100": {
                "num_clashes": 46,
                "num_atom_pairs": 1146495,
                "energy": 8.098623275756836
            },
            "90": {
                "num_clashes": 7,
                "num_atom_pairs": 1146495,
                "energy": 1.1986932754516602
            },
            "80": {
                "num_clashes": 1,
                "num_atom_pairs": 1146495,
                "energy": 0.27998971939086914
            }
        },
        "ca_rmsd": 5.726197719573975
    },
    "core": {
        "mean_mae": [
            11.736690521240234,
            15.65373706817627,
            30.256736755371094,
            87.17732238769531
        ],
        "mae_sr": 0.8055555820465088,
        "rmsd": 0.4493141770362854,
        "dihedral_counts": [
            72,
            56,
            9,
            2
        ],
        "seq_len": 87,
        "num_sc": 72
    },
    "surface": {
        "mean_mae": [
            20.31102752685547,
            25.582040786743164,
            66.79472351074219,
            81.60589599609375
        ],
        "mae_sr": 0.47999998927116394,
        "rmsd": 0.8236894607543945,
        "dihedral_counts": [
            75,
            65,
            28,
            14
        ],
        "seq_len": 90,
        "num_sc": 75
    }
}