{
    "all": {
        "mean_mae": [
            34.83869552612305,
            37.37376403808594,
            64.84321594238281,
            70.43589782714844
        ],
        "mae_sr": 0.4644808769226074,
        "rmsd": 1.041724443435669,
        "dihedral_counts": [
            183,
            127,
            37,
            15
        ],
        "seq_len": 266,
        "num_sc": 183,
        "clash_info": {
            "100": {
                "num_clashes": 78,
                "num_atom_pairs": 1046100,
                "energy": 16.669038772583008
            },
            "90": {
                "num_clashes": 14,
                "num_atom_pairs": 1046100,
                "energy": 3.563188076019287
            },
            "80": {
                "num_clashes": 3,
                "num_atom_pairs": 1046100,
                "energy": 1.0633646249771118
            }
        },
        "ca_rmsd": 18.777589797973633
    },
    "core": {
        "mean_mae": [
            24.991893768310547,
            27.77156639099121,
            64.14573669433594,
            68.66655731201172
        ],
        "mae_sr": 0.5694444179534912,
        "rmsd": 0.770294725894928,
        "dihedral_counts": [
            72,
            48,
            10,
            2
        ],
        "seq_len": 135,
        "num_sc": 72
    },
    "surface": {
        "mean_mae": [
            49.90027618408203,
            43.175323486328125,
            67.96156311035156,
            66.92961883544922
        ],
        "mae_sr": 0.3333333432674408,
        "rmsd": 1.389777421951294,
        "dihedral_counts": [
            72,
            53,
            18,
            9
        ],
        "seq_len": 87,
        "num_sc": 72
    }
}