{
    "all": {
        "mean_mae": [
            19.725200653076172,
            25.464977264404297,
            51.980979919433594,
            72.32463073730469
        ],
        "mae_sr": 0.6783919334411621,
        "rmsd": 0.6899433732032776,
        "dihedral_counts": [
            199,
            151,
            45,
            20
        ],
        "seq_len": 299,
        "num_sc": 199,
        "clash_info": {
            "100": {
                "num_clashes": 65,
                "num_atom_pairs": 1410345,
                "energy": 10.838266372680664
            },
            "90": {
                "num_clashes": 7,
                "num_atom_pairs": 1410345,
                "energy": 2.3858580589294434
            },
            "80": {
                "num_clashes": 2,
                "num_atom_pairs": 1410345,
                "energy": 1.3394501209259033
            }
        },
        "ca_rmsd": 12.744390487670898
    },
    "core": {
        "mean_mae": [
            12.230034828186035,
            14.090838432312012,
            22.047771453857422,
            41.49248504638672
        ],
        "mae_sr": 0.795918345451355,
        "rmsd": 0.39388564229011536,
        "dihedral_counts": [
            98,
            73,
            13,
            5
        ],
        "seq_len": 156,
        "num_sc": 98
    },
    "surface": {
        "mean_mae": [
            31.047496795654297,
            37.607574462890625,
            60.946014404296875,
            67.2384262084961
        ],
        "mae_sr": 0.469696968793869,
        "rmsd": 1.1059257984161377,
        "dihedral_counts": [
            66,
            55,
            25,
            12
        ],
        "seq_len": 97,
        "num_sc": 66
    }
}