{
    "all": {
        "mean_mae": [
            27.710397720336914,
            27.69528579711914,
            37.24247741699219,
            79.20880126953125
        ],
        "mae_sr": 0.6296296119689941,
        "rmsd": 0.8147665858268738,
        "dihedral_counts": [
            108,
            70,
            25,
            10
        ],
        "seq_len": 171,
        "num_sc": 108,
        "clash_info": {
            "100": {
                "num_clashes": 18,
                "num_atom_pairs": 330785,
                "energy": 2.720050573348999
            },
            "90": {
                "num_clashes": 2,
                "num_atom_pairs": 330785,
                "energy": 0.08396267890930176
            },
            "80": {
                "num_clashes": 0,
                "num_atom_pairs": 330785,
                "energy": 0.0
            }
        },
        "ca_rmsd": 20.528545379638672
    },
    "core": {
        "mean_mae": [
            9.61223030090332,
            20.75966453552246,
            68.69528198242188,
            148.32403564453125
        ],
        "mae_sr": 0.8571428656578064,
        "rmsd": 0.34450700879096985,
        "dihedral_counts": [
            28,
            17,
            2,
            1
        ],
        "seq_len": 76,
        "num_sc": 28
    },
    "surface": {
        "mean_mae": [
            35.4201774597168,
            35.32814025878906,
            39.9024543762207,
            78.90504455566406
        ],
        "mae_sr": 0.5079365372657776,
        "rmsd": 1.0634146928787231,
        "dihedral_counts": [
            63,
            38,
            18,
            8
        ],
        "seq_len": 76,
        "num_sc": 63
    }
}