{
    "all": {
        "mean_mae": [
            18.58081817626953,
            28.773277282714844,
            64.80990600585938,
            72.93302917480469
        ],
        "mae_sr": 0.6627907156944275,
        "rmsd": 0.6934194564819336,
        "dihedral_counts": [
            172,
            135,
            37,
            16
        ],
        "seq_len": 227,
        "num_sc": 172,
        "clash_info": {
            "100": {
                "num_clashes": 45,
                "num_atom_pairs": 1020074,
                "energy": 8.944299697875977
            },
            "90": {
                "num_clashes": 7,
                "num_atom_pairs": 1020074,
                "energy": 1.2514991760253906
            },
            "80": {
                "num_clashes": 1,
                "num_atom_pairs": 1020074,
                "energy": 0.26133155822753906
            }
        },
        "ca_rmsd": 5.477157115936279
    },
    "core": {
        "mean_mae": [
            13.339764595031738,
            18.381200790405273,
            28.69582176208496,
            137.73294067382812
        ],
        "mae_sr": 0.800000011920929,
        "rmsd": 0.41654425859451294,
        "dihedral_counts": [
            80,
            55,
            8,
            1
        ],
        "seq_len": 101,
        "num_sc": 80
    },
    "surface": {
        "mean_mae": [
            27.91676902770996,
            37.534488677978516,
            82.96835327148438,
            67.31088256835938
        ],
        "mae_sr": 0.5161290168762207,
        "rmsd": 1.071812629699707,
        "dihedral_counts": [
            62,
            55,
            22,
            11
        ],
        "seq_len": 87,
        "num_sc": 62
    }
}