{
    "all": {
        "mean_mae": [
            31.801464080810547,
            28.730562210083008,
            53.09352111816406,
            41.50993728637695
        ],
        "mae_sr": 0.484375,
        "rmsd": 0.9853987097740173,
        "dihedral_counts": [
            128,
            91,
            47,
            23
        ],
        "seq_len": 168,
        "num_sc": 128,
        "clash_info": {
            "100": {
                "num_clashes": 51,
                "num_atom_pairs": 535325,
                "energy": 12.334976196289062
            },
            "90": {
                "num_clashes": 13,
                "num_atom_pairs": 535325,
                "energy": 4.186429023742676
            },
            "80": {
                "num_clashes": 5,
                "num_atom_pairs": 535325,
                "energy": 1.027935266494751
            }
        },
        "ca_rmsd": 9.086210250854492
    },
    "core": {
        "mean_mae": [
            10.749468803405762,
            20.020919799804688,
            48.640113830566406,
            9.250526428222656
        ],
        "mae_sr": 0.8421052694320679,
        "rmsd": 0.4336896240711212,
        "dihedral_counts": [
            38,
            23,
            5,
            3
        ],
        "seq_len": 51,
        "num_sc": 38
    },
    "surface": {
        "mean_mae": [
            49.60023498535156,
            46.6682014465332,
            58.19234085083008,
            30.875001907348633
        ],
        "mae_sr": 0.2641509473323822,
        "rmsd": 1.427195429801941,
        "dihedral_counts": [
            53,
            37,
            28,
            11
        ],
        "seq_len": 76,
        "num_sc": 53
    }
}