{
    "all": {
        "mean_mae": [
            15.389300346374512,
            28.38796043395996,
            37.050331115722656,
            68.86945343017578
        ],
        "mae_sr": 0.6490066051483154,
        "rmsd": 0.6523832678794861,
        "dihedral_counts": [
            151,
            118,
            43,
            20
        ],
        "seq_len": 159,
        "num_sc": 151,
        "clash_info": {
            "100": {
                "num_clashes": 86,
                "num_atom_pairs": 676545,
                "energy": 30.956764221191406
            },
            "90": {
                "num_clashes": 33,
                "num_atom_pairs": 676545,
                "energy": 14.491674423217773
            },
            "80": {
                "num_clashes": 18,
                "num_atom_pairs": 676545,
                "energy": 7.074203014373779
            }
        },
        "ca_rmsd": 4.4831949708168395e-06
    },
    "core": {
        "mean_mae": [
            12.009538650512695,
            19.791112899780273,
            13.469843864440918,
            89.68216705322266
        ],
        "mae_sr": 0.8275862336158752,
        "rmsd": 0.4131174087524414,
        "dihedral_counts": [
            29,
            21,
            3,
            2
        ],
        "seq_len": 34,
        "num_sc": 29
    },
    "surface": {
        "mean_mae": [
            19.944562911987305,
            34.78363037109375,
            45.05295944213867,
            64.39486694335938
        ],
        "mae_sr": 0.5487805008888245,
        "rmsd": 0.8278499841690063,
        "dihedral_counts": [
            82,
            68,
            31,
            13
        ],
        "seq_len": 84,
        "num_sc": 82
    }
}