{
    "all": {
        "mean_mae": [
            14.788588523864746,
            21.983983993530273,
            39.60737228393555,
            66.42166137695312
        ],
        "mae_sr": 0.6421052813529968,
        "rmsd": 0.5985798239707947,
        "dihedral_counts": [
            95,
            71,
            32,
            12
        ],
        "seq_len": 117,
        "num_sc": 95,
        "clash_info": {
            "100": {
                "num_clashes": 30,
                "num_atom_pairs": 294373,
                "energy": 5.596390247344971
            },
            "90": {
                "num_clashes": 6,
                "num_atom_pairs": 294373,
                "energy": 0.7348694801330566
            },
            "80": {
                "num_clashes": 0,
                "num_atom_pairs": 294373,
                "energy": 0.0
            }
        },
        "ca_rmsd": 2.684508672246011e-06
    },
    "core": {
        "mean_mae": [
            4.157001495361328,
            12.839762687683105,
            13.541302680969238,
            6.968282222747803
        ],
        "mae_sr": 0.8799999952316284,
        "rmsd": 0.20266790688037872,
        "dihedral_counts": [
            25,
            18,
            3,
            1
        ],
        "seq_len": 35,
        "num_sc": 25
    },
    "surface": {
        "mean_mae": [
            25.25559425354004,
            33.21816635131836,
            45.20936584472656,
            72.38858795166016
        ],
        "mae_sr": 0.38297873735427856,
        "rmsd": 0.9596759080886841,
        "dihedral_counts": [
            47,
            37,
            24,
            9
        ],
        "seq_len": 58,
        "num_sc": 47
    }
}