{
    "all": {
        "mean_mae": [
            16.128681182861328,
            17.801952362060547,
            41.361080169677734,
            48.97288131713867
        ],
        "mae_sr": 0.6934865713119507,
        "rmsd": 0.657446026802063,
        "dihedral_counts": [
            261,
            214,
            84,
            33
        ],
        "seq_len": 312,
        "num_sc": 261,
        "clash_info": {
            "100": {
                "num_clashes": 64,
                "num_atom_pairs": 2234157,
                "energy": 10.679618835449219
            },
            "90": {
                "num_clashes": 13,
                "num_atom_pairs": 2234157,
                "energy": 1.464102029800415
            },
            "80": {
                "num_clashes": 0,
                "num_atom_pairs": 2234157,
                "energy": 0.0
            }
        },
        "ca_rmsd": 0.0
    },
    "core": {
        "mean_mae": [
            5.099102973937988,
            4.945926189422607,
            10.420881271362305,
            21.68699836730957
        ],
        "mae_sr": 0.9411764740943909,
        "rmsd": 0.17485392093658447,
        "dihedral_counts": [
            51,
            40,
            6,
            2
        ],
        "seq_len": 67,
        "num_sc": 51
    },
    "surface": {
        "mean_mae": [
            24.021806716918945,
            23.71554183959961,
            46.5168342590332,
            55.99049758911133
        ],
        "mae_sr": 0.5555555820465088,
        "rmsd": 0.9517781138420105,
        "dihedral_counts": [
            144,
            121,
            60,
            25
        ],
        "seq_len": 169,
        "num_sc": 144
    }
}