{
    "all": {
        "mean_mae": [
            42.65626907348633,
            48.28400802612305,
            46.66734313964844,
            50.6505126953125
        ],
        "mae_sr": 0.37467700242996216,
        "rmsd": 1.3211090564727783,
        "dihedral_counts": [
            387,
            301,
            120,
            60
        ],
        "seq_len": 464,
        "num_sc": 387,
        "clash_info": {
            "100": {
                "num_clashes": 175,
                "num_atom_pairs": 4832570,
                "energy": 28.744375228881836
            },
            "90": {
                "num_clashes": 18,
                "num_atom_pairs": 4832570,
                "energy": 3.499148368835449
            },
            "80": {
                "num_clashes": 3,
                "num_atom_pairs": 4832570,
                "energy": 0.961647629737854
            }
        },
        "ca_rmsd": 5.371492989070248e-06
    },
    "core": {
        "mean_mae": [
            23.52163314819336,
            28.63682746887207,
            16.704450607299805,
            79.04513549804688
        ],
        "mae_sr": 0.5652173757553101,
        "rmsd": 0.720586359500885,
        "dihedral_counts": [
            92,
            66,
            7,
            3
        ],
        "seq_len": 113,
        "num_sc": 92
    },
    "surface": {
        "mean_mae": [
            51.968265533447266,
            55.95059585571289,
            48.22317123413086,
            50.83230209350586
        ],
        "mae_sr": 0.2536585330963135,
        "rmsd": 1.6830859184265137,
        "dihedral_counts": [
            205,
            169,
            93,
            45
        ],
        "seq_len": 245,
        "num_sc": 205
    }
}