{
    "all": {
        "mean_mae": [
            14.114075660705566,
            15.815105438232422,
            33.80609893798828,
            49.29801559448242
        ],
        "mae_sr": 0.7602739930152893,
        "rmsd": 0.6097588539123535,
        "dihedral_counts": [
            292,
            222,
            75,
            33
        ],
        "seq_len": 378,
        "num_sc": 292,
        "clash_info": {
            "100": {
                "num_clashes": 103,
                "num_atom_pairs": 3090279,
                "energy": 14.163105010986328
            },
            "90": {
                "num_clashes": 8,
                "num_atom_pairs": 3090279,
                "energy": 0.8059184551239014
            },
            "80": {
                "num_clashes": 0,
                "num_atom_pairs": 3090279,
                "energy": 0.0
            }
        },
        "ca_rmsd": 5.864038030267693e-06
    },
    "core": {
        "mean_mae": [
            6.405727863311768,
            8.337403297424316,
            6.049238681793213,
            74.82064819335938
        ],
        "mae_sr": 0.9278350472450256,
        "rmsd": 0.29676318168640137,
        "dihedral_counts": [
            97,
            75,
            11,
            3
        ],
        "seq_len": 124,
        "num_sc": 97
    },
    "surface": {
        "mean_mae": [
            20.408201217651367,
            19.352664947509766,
            42.57041549682617,
            47.9518928527832
        ],
        "mae_sr": 0.6399999856948853,
        "rmsd": 0.8719761967658997,
        "dihedral_counts": [
            125,
            97,
            39,
            19
        ],
        "seq_len": 166,
        "num_sc": 125
    }
}