{
    "all": {
        "mean_mae": [
            16.99451446533203,
            18.875064849853516,
            46.88480758666992,
            60.86103820800781
        ],
        "mae_sr": 0.7210526466369629,
        "rmsd": 0.5916110873222351,
        "dihedral_counts": [
            570,
            392,
            109,
            47
        ],
        "seq_len": 688,
        "num_sc": 570,
        "clash_info": {
            "100": {
                "num_clashes": 212,
                "num_atom_pairs": 9972259,
                "energy": 41.21379852294922
            },
            "90": {
                "num_clashes": 41,
                "num_atom_pairs": 9972259,
                "energy": 6.2609944343566895
            },
            "80": {
                "num_clashes": 4,
                "num_atom_pairs": 9972259,
                "energy": 0.5190571546554565
            }
        },
        "ca_rmsd": 1.3909247172705363e-05
    },
    "core": {
        "mean_mae": [
            8.357966423034668,
            11.635920524597168,
            46.858428955078125,
            67.79520416259766
        ],
        "mae_sr": 0.8535565137863159,
        "rmsd": 0.3591722249984741,
        "dihedral_counts": [
            239,
            166,
            33,
            11
        ],
        "seq_len": 288,
        "num_sc": 239
    },
    "surface": {
        "mean_mae": [
            25.297346115112305,
            27.17195701599121,
            49.67170715332031,
            39.98785400390625
        ],
        "mae_sr": 0.6243386268615723,
        "rmsd": 0.7475888133049011,
        "dihedral_counts": [
            189,
            123,
            36,
            14
        ],
        "seq_len": 229,
        "num_sc": 189
    }
}