{
    "all": {
        "mean_mae": [
            17.675399780273438,
            21.678133010864258,
            48.233428955078125,
            48.45083236694336
        ],
        "mae_sr": 0.686274528503418,
        "rmsd": 0.616956353187561,
        "dihedral_counts": [
            204,
            136,
            39,
            12
        ],
        "seq_len": 265,
        "num_sc": 204,
        "clash_info": {
            "100": {
                "num_clashes": 70,
                "num_atom_pairs": 1392006,
                "energy": 8.209659576416016
            },
            "90": {
                "num_clashes": 5,
                "num_atom_pairs": 1392006,
                "energy": 0.3024759292602539
            },
            "80": {
                "num_clashes": 0,
                "num_atom_pairs": 1392006,
                "energy": 0.0
            }
        },
        "ca_rmsd": 9.373399620926648e-07
    },
    "core": {
        "mean_mae": [
            15.525516510009766,
            14.257826805114746,
            57.656715393066406,
            0.8252575993537903
        ],
        "mae_sr": 0.7941176295280457,
        "rmsd": 0.42538127303123474,
        "dihedral_counts": [
            68,
            38,
            10,
            2
        ],
        "seq_len": 100,
        "num_sc": 68
    },
    "surface": {
        "mean_mae": [
            22.690813064575195,
            26.362529754638672,
            47.720367431640625,
            28.623188018798828
        ],
        "mae_sr": 0.5833333134651184,
        "rmsd": 0.8201279640197754,
        "dihedral_counts": [
            84,
            62,
            18,
            7
        ],
        "seq_len": 106,
        "num_sc": 84
    }
}