{
    "all": {
        "mean_mae": [
            8.892411231994629,
            21.525909423828125,
            33.42980194091797,
            35.725704193115234
        ],
        "mae_sr": 0.7412587404251099,
        "rmsd": 0.5183627605438232,
        "dihedral_counts": [
            143,
            121,
            36,
            16
        ],
        "seq_len": 161,
        "num_sc": 143,
        "clash_info": {
            "100": {
                "num_clashes": 70,
                "num_atom_pairs": 708935,
                "energy": 13.8433198928833
            },
            "90": {
                "num_clashes": 13,
                "num_atom_pairs": 708935,
                "energy": 3.3049957752227783
            },
            "80": {
                "num_clashes": 5,
                "num_atom_pairs": 708935,
                "energy": 1.1426596641540527
            }
        },
        "ca_rmsd": 4.894578523817472e-06
    },
    "core": {
        "mean_mae": [
            6.299053192138672,
            13.50731372833252,
            21.500717163085938,
            11.95080280303955
        ],
        "mae_sr": 0.9142857193946838,
        "rmsd": 0.3271659314632416,
        "dihedral_counts": [
            35,
            29,
            4,
            2
        ],
        "seq_len": 46,
        "num_sc": 35
    },
    "surface": {
        "mean_mae": [
            12.628596305847168,
            29.304656982421875,
            41.161231994628906,
            39.917118072509766
        ],
        "mae_sr": 0.6081081032752991,
        "rmsd": 0.7112696766853333,
        "dihedral_counts": [
            74,
            64,
            26,
            10
        ],
        "seq_len": 79,
        "num_sc": 74
    }
}