{
    "all": {
        "mean_mae": [
            25.713132858276367,
            36.10416030883789,
            41.64792251586914,
            54.3142204284668
        ],
        "mae_sr": 0.5714285969734192,
        "rmsd": 0.9290647506713867,
        "dihedral_counts": [
            126,
            93,
            26,
            19
        ],
        "seq_len": 170,
        "num_sc": 126,
        "clash_info": {
            "100": {
                "num_clashes": 24,
                "num_atom_pairs": 522518,
                "energy": 3.193070888519287
            },
            "90": {
                "num_clashes": 2,
                "num_atom_pairs": 522518,
                "energy": 0.18071246147155762
            },
            "80": {
                "num_clashes": 0,
                "num_atom_pairs": 522518,
                "energy": 0.0
            }
        },
        "ca_rmsd": 9.79139622359071e-06
    },
    "core": {
        "mean_mae": [
            0.0,
            0.0,
            0.0,
            0.0
        ],
        "mae_sr": 1.0,
        "rmsd": 0.0,
        "dihedral_counts": [
            0,
            0,
            0,
            0
        ],
        "seq_len": 0,
        "num_sc": 0
    },
    "surface": {
        "mean_mae": [
            25.90682029724121,
            36.10416030883789,
            41.64792251586914,
            54.3142204284668
        ],
        "mae_sr": 0.5680000185966492,
        "rmsd": 0.9355091452598572,
        "dihedral_counts": [
            125,
            93,
            26,
            19
        ],
        "seq_len": 169,
        "num_sc": 125
    }
}