{
    "all": {
        "mean_mae": [
            15.531208992004395,
            22.29102325439453,
            42.07598114013672,
            49.497840881347656
        ],
        "mae_sr": 0.7291666865348816,
        "rmsd": 0.6702801585197449,
        "dihedral_counts": [
            240,
            186,
            63,
            34
        ],
        "seq_len": 279,
        "num_sc": 240,
        "clash_info": {
            "100": {
                "num_clashes": 95,
                "num_atom_pairs": 1863165,
                "energy": 18.49842643737793
            },
            "90": {
                "num_clashes": 16,
                "num_atom_pairs": 1863165,
                "energy": 3.5588033199310303
            },
            "80": {
                "num_clashes": 3,
                "num_atom_pairs": 1863165,
                "energy": 1.2591208219528198
            }
        },
        "ca_rmsd": 5.876962859474588e-06
    },
    "core": {
        "mean_mae": [
            10.333576202392578,
            12.746869087219238,
            40.65143585205078,
            37.1922607421875
        ],
        "mae_sr": 0.8913043737411499,
        "rmsd": 0.36304399371147156,
        "dihedral_counts": [
            92,
            68,
            15,
            7
        ],
        "seq_len": 104,
        "num_sc": 92
    },
    "surface": {
        "mean_mae": [
            22.160463333129883,
            28.375587463378906,
            43.69742965698242,
            41.08229064941406
        ],
        "mae_sr": 0.5978260636329651,
        "rmsd": 0.9181613326072693,
        "dihedral_counts": [
            92,
            74,
            32,
            18
        ],
        "seq_len": 112,
        "num_sc": 92
    }
}