{
    "all": {
        "mean_mae": [
            14.781977653503418,
            21.052560806274414,
            43.11467361450195,
            69.02234649658203
        ],
        "mae_sr": 0.6688311696052551,
        "rmsd": 0.552746593952179,
        "dihedral_counts": [
            154,
            103,
            28,
            10
        ],
        "seq_len": 204,
        "num_sc": 154,
        "clash_info": {
            "100": {
                "num_clashes": 77,
                "num_atom_pairs": 794731,
                "energy": 13.160247802734375
            },
            "90": {
                "num_clashes": 12,
                "num_atom_pairs": 794731,
                "energy": 1.5465912818908691
            },
            "80": {
                "num_clashes": 0,
                "num_atom_pairs": 794731,
                "energy": 0.0
            }
        },
        "ca_rmsd": 4.4506718950287905e-06
    },
    "core": {
        "mean_mae": [
            6.198981761932373,
            20.514127731323242,
            50.29195022583008,
            54.93174743652344
        ],
        "mae_sr": 0.7142857313156128,
        "rmsd": 0.3786327838897705,
        "dihedral_counts": [
            42,
            30,
            7,
            4
        ],
        "seq_len": 53,
        "num_sc": 42
    },
    "surface": {
        "mean_mae": [
            17.272844314575195,
            21.144269943237305,
            43.39949035644531,
            96.41839599609375
        ],
        "mae_sr": 0.6301369667053223,
        "rmsd": 0.5695313811302185,
        "dihedral_counts": [
            73,
            47,
            13,
            3
        ],
        "seq_len": 102,
        "num_sc": 73
    }
}