{
    "all": {
        "mean_mae": [
            41.88319778442383,
            35.32698059082031,
            58.1549072265625,
            57.969482421875
        ],
        "mae_sr": 0.42356687784194946,
        "rmsd": 1.2214689254760742,
        "dihedral_counts": [
            314,
            240,
            66,
            30
        ],
        "seq_len": 409,
        "num_sc": 314,
        "clash_info": {
            "100": {
                "num_clashes": 101,
                "num_atom_pairs": 3145561,
                "energy": 27.516767501831055
            },
            "90": {
                "num_clashes": 28,
                "num_atom_pairs": 3145561,
                "energy": 9.880428314208984
            },
            "80": {
                "num_clashes": 10,
                "num_atom_pairs": 3145561,
                "energy": 4.8815813064575195
            }
        },
        "ca_rmsd": 100.9508285522461
    },
    "core": {
        "mean_mae": [
            25.08548927307129,
            33.34196090698242,
            74.99605560302734,
            26.272972106933594
        ],
        "mae_sr": 0.6000000238418579,
        "rmsd": 0.6701632142066956,
        "dihedral_counts": [
            20,
            13,
            2,
            1
        ],
        "seq_len": 24,
        "num_sc": 20
    },
    "surface": {
        "mean_mae": [
            44.88567352294922,
            37.39286422729492,
            61.5765266418457,
            56.53876495361328
        ],
        "mae_sr": 0.3927272856235504,
        "rmsd": 1.3053566217422485,
        "dihedral_counts": [
            275,
            211,
            58,
            26
        ],
        "seq_len": 340,
        "num_sc": 275
    }
}