{
    "all": {
        "mean_mae": [
            50.270626068115234,
            38.684818267822266,
            58.36094284057617,
            57.1468505859375
        ],
        "mae_sr": 0.25796177983283997,
        "rmsd": 1.536088466644287,
        "dihedral_counts": [
            628,
            496,
            213,
            104
        ],
        "seq_len": 1200,
        "num_sc": 628,
        "clash_info": {
            "100": {
                "num_clashes": 257,
                "num_atom_pairs": 12839134,
                "energy": 62.620941162109375
            },
            "90": {
                "num_clashes": 65,
                "num_atom_pairs": 12839134,
                "energy": 17.38979721069336
            },
            "80": {
                "num_clashes": 17,
                "num_atom_pairs": 12839134,
                "energy": 5.8709797859191895
            }
        },
        "ca_rmsd": 40.893280029296875
    },
    "core": {
        "mean_mae": [
            45.8792724609375,
            34.89497756958008,
            52.40818786621094,
            56.34162902832031
        ],
        "mae_sr": 0.34262949228286743,
        "rmsd": 1.3161197900772095,
        "dihedral_counts": [
            251,
            184,
            38,
            19
        ],
        "seq_len": 753,
        "num_sc": 251
    },
    "surface": {
        "mean_mae": [
            58.344730377197266,
            44.63698959350586,
            59.02351760864258,
            56.8677864074707
        ],
        "mae_sr": 0.1515151560306549,
        "rmsd": 1.7530319690704346,
        "dihedral_counts": [
            231,
            196,
            127,
            57
        ],
        "seq_len": 276,
        "num_sc": 231
    }
}