{
    "all": {
        "mean_mae": [
            22.643943786621094,
            25.206096649169922,
            52.50794982910156,
            60.98439407348633
        ],
        "mae_sr": 0.5583524107933044,
        "rmsd": 0.7991504669189453,
        "dihedral_counts": [
            437,
            344,
            121,
            67
        ],
        "seq_len": 544,
        "num_sc": 437,
        "clash_info": {
            "100": {
                "num_clashes": 311,
                "num_atom_pairs": 6459320,
                "energy": 67.58958435058594
            },
            "90": {
                "num_clashes": 69,
                "num_atom_pairs": 6459320,
                "energy": 19.064878463745117
            },
            "80": {
                "num_clashes": 19,
                "num_atom_pairs": 6459320,
                "energy": 6.622372150421143
            }
        },
        "ca_rmsd": 15.502172470092773
    },
    "core": {
        "mean_mae": [
            16.167940139770508,
            19.564197540283203,
            47.850135803222656,
            38.41640090942383
        ],
        "mae_sr": 0.6910994648933411,
        "rmsd": 0.5656735301017761,
        "dihedral_counts": [
            191,
            149,
            31,
            16
        ],
        "seq_len": 230,
        "num_sc": 191
    },
    "surface": {
        "mean_mae": [
            34.88134002685547,
            31.004255294799805,
            56.15320587158203,
            75.6941146850586
        ],
        "mae_sr": 0.3684210479259491,
        "rmsd": 1.1871602535247803,
        "dihedral_counts": [
            133,
            104,
            60,
            34
        ],
        "seq_len": 168,
        "num_sc": 133
    }
}