{
    "all": {
        "mean_mae": [
            35.948917388916016,
            34.00554656982422,
            55.04435348510742,
            55.43920135498047
        ],
        "mae_sr": 0.4507042169570923,
        "rmsd": 1.097571611404419,
        "dihedral_counts": [
            355,
            270,
            79,
            30
        ],
        "seq_len": 547,
        "num_sc": 355,
        "clash_info": {
            "100": {
                "num_clashes": 130,
                "num_atom_pairs": 3806270,
                "energy": 23.09446144104004
            },
            "90": {
                "num_clashes": 18,
                "num_atom_pairs": 3806270,
                "energy": 3.9899895191192627
            },
            "80": {
                "num_clashes": 4,
                "num_atom_pairs": 3806270,
                "energy": 0.7869366407394409
            }
        },
        "ca_rmsd": 190.32086181640625
    },
    "core": {
        "mean_mae": [
            12.246413230895996,
            18.83950424194336,
            28.40934944152832,
            0.0
        ],
        "mae_sr": 0.8529411554336548,
        "rmsd": 0.4474096894264221,
        "dihedral_counts": [
            34,
            21,
            4,
            0
        ],
        "seq_len": 162,
        "num_sc": 34
    },
    "surface": {
        "mean_mae": [
            40.14365005493164,
            36.21360397338867,
            59.02317428588867,
            61.39875411987305
        ],
        "mae_sr": 0.3816254436969757,
        "rmsd": 1.2113173007965088,
        "dihedral_counts": [
            283,
            221,
            66,
            25
        ],
        "seq_len": 345,
        "num_sc": 283
    }
}