{
    "all": {
        "mean_mae": [
            28.59050941467285,
            24.979581832885742,
            49.46370315551758,
            72.1133041381836
        ],
        "mae_sr": 0.5894736647605896,
        "rmsd": 0.8479112386703491,
        "dihedral_counts": [
            570,
            392,
            109,
            47
        ],
        "seq_len": 688,
        "num_sc": 570,
        "clash_info": {
            "100": {
                "num_clashes": 318,
                "num_atom_pairs": 9972259,
                "energy": 77.83692932128906
            },
            "90": {
                "num_clashes": 77,
                "num_atom_pairs": 9972259,
                "energy": 24.843536376953125
            },
            "80": {
                "num_clashes": 31,
                "num_atom_pairs": 9972259,
                "energy": 8.421058654785156
            }
        },
        "ca_rmsd": 9.083637237548828
    },
    "core": {
        "mean_mae": [
            17.347936630249023,
            16.926843643188477,
            48.46171188354492,
            66.71723937988281
        ],
        "mae_sr": 0.7280334830284119,
        "rmsd": 0.556338906288147,
        "dihedral_counts": [
            239,
            166,
            33,
            11
        ],
        "seq_len": 288,
        "num_sc": 239
    },
    "surface": {
        "mean_mae": [
            43.94291687011719,
            35.61276626586914,
            46.2224235534668,
            51.95913314819336
        ],
        "mae_sr": 0.43915343284606934,
        "rmsd": 1.152458667755127,
        "dihedral_counts": [
            189,
            123,
            36,
            14
        ],
        "seq_len": 229,
        "num_sc": 189
    }
}