{
    "all": {
        "mean_mae": [
            23.233991622924805,
            23.177431106567383,
            38.357181549072266,
            65.75332641601562
        ],
        "mae_sr": 0.5880503058433533,
        "rmsd": 0.8354827165603638,
        "dihedral_counts": [
            318,
            240,
            109,
            49
        ],
        "seq_len": 404,
        "num_sc": 318,
        "clash_info": {
            "100": {
                "num_clashes": 141,
                "num_atom_pairs": 3251409,
                "energy": 31.375261306762695
            },
            "90": {
                "num_clashes": 27,
                "num_atom_pairs": 3251409,
                "energy": 10.02158260345459
            },
            "80": {
                "num_clashes": 11,
                "num_atom_pairs": 3251409,
                "energy": 5.312874794006348
            }
        },
        "ca_rmsd": 8.145730972290039
    },
    "core": {
        "mean_mae": [
            15.692192077636719,
            15.611959457397461,
            42.639469146728516,
            58.14315414428711
        ],
        "mae_sr": 0.7196969985961914,
        "rmsd": 0.5557025074958801,
        "dihedral_counts": [
            132,
            93,
            28,
            14
        ],
        "seq_len": 179,
        "num_sc": 132
    },
    "surface": {
        "mean_mae": [
            36.491172790527344,
            35.14139938354492,
            42.2176513671875,
            63.53034210205078
        ],
        "mae_sr": 0.39344263076782227,
        "rmsd": 1.272113561630249,
        "dihedral_counts": [
            122,
            101,
            60,
            25
        ],
        "seq_len": 146,
        "num_sc": 122
    }
}