{
    "all": {
        "mean_mae": [
            19.827716827392578,
            17.036020278930664,
            34.20555877685547,
            48.35474395751953
        ],
        "mae_sr": 0.6715328693389893,
        "rmsd": 0.6591784358024597,
        "dihedral_counts": [
            137,
            93,
            33,
            13
        ],
        "seq_len": 196,
        "num_sc": 137,
        "clash_info": {
            "100": {
                "num_clashes": 54,
                "num_atom_pairs": 563940,
                "energy": 9.614434242248535
            },
            "90": {
                "num_clashes": 10,
                "num_atom_pairs": 563940,
                "energy": 1.322892427444458
            },
            "80": {
                "num_clashes": 1,
                "num_atom_pairs": 563940,
                "energy": 0.07657217979431152
            }
        },
        "ca_rmsd": 8.836228370666504
    },
    "core": {
        "mean_mae": [
            14.511892318725586,
            10.299349784851074,
            46.78288650512695,
            16.303070068359375
        ],
        "mae_sr": 0.7735849022865295,
        "rmsd": 0.4782544672489166,
        "dihedral_counts": [
            53,
            38,
            7,
            3
        ],
        "seq_len": 98,
        "num_sc": 53
    },
    "surface": {
        "mean_mae": [
            24.62810707092285,
            24.08124351501465,
            33.44023513793945,
            47.460289001464844
        ],
        "mae_sr": 0.5483871102333069,
        "rmsd": 0.8241775035858154,
        "dihedral_counts": [
            62,
            40,
            23,
            7
        ],
        "seq_len": 71,
        "num_sc": 62
    }
}