{
    "all": {
        "mean_mae": [
            33.30223083496094,
            39.067569732666016,
            46.39902877807617,
            52.1440544128418
        ],
        "mae_sr": 0.4377880096435547,
        "rmsd": 1.026338815689087,
        "dihedral_counts": [
            217,
            159,
            55,
            23
        ],
        "seq_len": 280,
        "num_sc": 217,
        "clash_info": {
            "100": {
                "num_clashes": 84,
                "num_atom_pairs": 1353198,
                "energy": 16.038776397705078
            },
            "90": {
                "num_clashes": 16,
                "num_atom_pairs": 1353198,
                "energy": 2.657864809036255
            },
            "80": {
                "num_clashes": 1,
                "num_atom_pairs": 1353198,
                "energy": 0.449160099029541
            }
        },
        "ca_rmsd": 83.75133514404297
    },
    "core": {
        "mean_mae": [
            21.066526412963867,
            20.853055953979492,
            64.79032897949219,
            137.12930297851562
        ],
        "mae_sr": 0.6595744490623474,
        "rmsd": 0.6047778725624084,
        "dihedral_counts": [
            47,
            35,
            5,
            1
        ],
        "seq_len": 98,
        "num_sc": 47
    },
    "surface": {
        "mean_mae": [
            47.634613037109375,
            54.37186813354492,
            56.04469680786133,
            46.905094146728516
        ],
        "mae_sr": 0.27358490228652954,
        "rmsd": 1.3664565086364746,
        "dihedral_counts": [
            106,
            78,
            32,
            14
        ],
        "seq_len": 115,
        "num_sc": 106
    }
}