{
    "all": {
        "mean_mae": [
            44.11298370361328,
            46.846614837646484,
            57.33092498779297,
            50.799354553222656
        ],
        "mae_sr": 0.3496503531932831,
        "rmsd": 1.547804832458496,
        "dihedral_counts": [
            143,
            121,
            36,
            16
        ],
        "seq_len": 173,
        "num_sc": 143,
        "clash_info": {
            "100": {
                "num_clashes": 112,
                "num_atom_pairs": 708935,
                "energy": 32.55113983154297
            },
            "90": {
                "num_clashes": 39,
                "num_atom_pairs": 708935,
                "energy": 11.590478897094727
            },
            "80": {
                "num_clashes": 17,
                "num_atom_pairs": 708935,
                "energy": 3.356873035430908
            }
        },
        "ca_rmsd": 15.271100997924805
    },
    "core": {
        "mean_mae": [
            41.20347595214844,
            48.37514114379883,
            62.4444465637207,
            66.97409057617188
        ],
        "mae_sr": 0.44186046719551086,
        "rmsd": 1.4904102087020874,
        "dihedral_counts": [
            43,
            33,
            6,
            3
        ],
        "seq_len": 66,
        "num_sc": 43
    },
    "surface": {
        "mean_mae": [
            49.01237106323242,
            53.81038284301758,
            54.66373062133789,
            53.55645751953125
        ],
        "mae_sr": 0.2142857164144516,
        "rmsd": 1.653559684753418,
        "dihedral_counts": [
            70,
            62,
            24,
            9
        ],
        "seq_len": 75,
        "num_sc": 70
    }
}