{
    "all": {
        "mean_mae": [
            28.116552352905273,
            33.139774322509766,
            54.389678955078125,
            72.64136505126953
        ],
        "mae_sr": 0.5245097875595093,
        "rmsd": 0.8858436346054077,
        "dihedral_counts": [
            204,
            136,
            39,
            12
        ],
        "seq_len": 289,
        "num_sc": 204,
        "clash_info": {
            "100": {
                "num_clashes": 93,
                "num_atom_pairs": 1392006,
                "energy": 14.66845989227295
            },
            "90": {
                "num_clashes": 13,
                "num_atom_pairs": 1392006,
                "energy": 1.8959431648254395
            },
            "80": {
                "num_clashes": 2,
                "num_atom_pairs": 1392006,
                "energy": 0.19407367706298828
            }
        },
        "ca_rmsd": 131.70045471191406
    },
    "core": {
        "mean_mae": [
            23.376327514648438,
            32.09022521972656,
            75.61565399169922,
            96.64532470703125
        ],
        "mae_sr": 0.6029411554336548,
        "rmsd": 0.670358419418335,
        "dihedral_counts": [
            68,
            38,
            10,
            2
        ],
        "seq_len": 124,
        "num_sc": 68
    },
    "surface": {
        "mean_mae": [
            35.59524917602539,
            33.165626525878906,
            42.48153305053711,
            66.23792266845703
        ],
        "mae_sr": 0.4404761791229248,
        "rmsd": 1.0827369689941406,
        "dihedral_counts": [
            84,
            62,
            18,
            7
        ],
        "seq_len": 106,
        "num_sc": 84
    }
}