{
    "all": {
        "mean_mae": [
            27.1832218170166,
            29.89059066772461,
            50.59152603149414,
            46.82754898071289
        ],
        "mae_sr": 0.563725471496582,
        "rmsd": 0.8828948736190796,
        "dihedral_counts": [
            204,
            158,
            55,
            30
        ],
        "seq_len": 313,
        "num_sc": 204,
        "clash_info": {
            "100": {
                "num_clashes": 99,
                "num_atom_pairs": 1480803,
                "energy": 19.518070220947266
            },
            "90": {
                "num_clashes": 20,
                "num_atom_pairs": 1480803,
                "energy": 4.442923545837402
            },
            "80": {
                "num_clashes": 3,
                "num_atom_pairs": 1480803,
                "energy": 0.31062984466552734
            }
        },
        "ca_rmsd": 28.663963317871094
    },
    "core": {
        "mean_mae": [
            15.091814994812012,
            20.684844970703125,
            54.49272537231445,
            34.10450744628906
        ],
        "mae_sr": 0.7108433842658997,
        "rmsd": 0.5746254324913025,
        "dihedral_counts": [
            83,
            64,
            17,
            8
        ],
        "seq_len": 150,
        "num_sc": 83
    },
    "surface": {
        "mean_mae": [
            36.31243133544922,
            39.803382873535156,
            43.41067886352539,
            45.879119873046875
        ],
        "mae_sr": 0.4367816150188446,
        "rmsd": 1.1779669523239136,
        "dihedral_counts": [
            87,
            67,
            31,
            16
        ],
        "seq_len": 116,
        "num_sc": 87
    }
}