{
    "all": {
        "mean_mae": [
            46.47007369995117,
            43.20232391357422,
            57.56787872314453,
            64.32340240478516
        ],
        "mae_sr": 0.31802719831466675,
        "rmsd": 1.3542299270629883,
        "dihedral_counts": [
            588,
            477,
            154,
            78
        ],
        "seq_len": 631,
        "num_sc": 588,
        "clash_info": {
            "100": {
                "num_clashes": 185,
                "num_atom_pairs": 9951011,
                "energy": 35.4816780090332
            },
            "90": {
                "num_clashes": 36,
                "num_atom_pairs": 9951011,
                "energy": 9.126176834106445
            },
            "80": {
                "num_clashes": 11,
                "num_atom_pairs": 9951011,
                "energy": 2.962484836578369
            }
        },
        "ca_rmsd": 10.893617630004883
    },
    "core": {
        "mean_mae": [
            37.42253112792969,
            38.154991149902344,
            62.47932815551758,
            95.01647186279297
        ],
        "mae_sr": 0.49367088079452515,
        "rmsd": 0.9144540429115295,
        "dihedral_counts": [
            79,
            55,
            7,
            4
        ],
        "seq_len": 84,
        "num_sc": 79
    },
    "surface": {
        "mean_mae": [
            51.74791717529297,
            44.11924362182617,
            51.438072204589844,
            60.88815689086914
        ],
        "mae_sr": 0.260869562625885,
        "rmsd": 1.537529706954956,
        "dihedral_counts": [
            345,
            286,
            111,
            56
        ],
        "seq_len": 372,
        "num_sc": 345
    }
}