{
    "all": {
        "mean_mae": [
            37.58634948730469,
            29.697376251220703,
            52.63111877441406,
            51.98080825805664
        ],
        "mae_sr": 0.4583333432674408,
        "rmsd": 0.9229345321655273,
        "dihedral_counts": [
            264,
            173,
            44,
            14
        ],
        "seq_len": 335,
        "num_sc": 264,
        "clash_info": {
            "100": {
                "num_clashes": 71,
                "num_atom_pairs": 2044441,
                "energy": 11.075701713562012
            },
            "90": {
                "num_clashes": 10,
                "num_atom_pairs": 2044441,
                "energy": 1.2050118446350098
            },
            "80": {
                "num_clashes": 0,
                "num_atom_pairs": 2044441,
                "energy": 0.0
            }
        },
        "ca_rmsd": 21.64443016052246
    },
    "core": {
        "mean_mae": [
            15.650423049926758,
            14.250016212463379,
            43.915382385253906,
            100.9618911743164
        ],
        "mae_sr": 0.8113207817077637,
        "rmsd": 0.5758390426635742,
        "dihedral_counts": [
            53,
            37,
            4,
            3
        ],
        "seq_len": 62,
        "num_sc": 53
    },
    "surface": {
        "mean_mae": [
            48.689208984375,
            37.97960662841797,
            57.635555267333984,
            44.85843276977539
        ],
        "mae_sr": 0.3266666531562805,
        "rmsd": 1.0951313972473145,
        "dihedral_counts": [
            150,
            92,
            30,
            9
        ],
        "seq_len": 201,
        "num_sc": 150
    }
}