{
    "all": {
        "mean_mae": [
            56.094058990478516,
            46.694583892822266,
            55.286312103271484,
            64.63409423828125
        ],
        "mae_sr": 0.22128377854824066,
        "rmsd": 1.561536192893982,
        "dihedral_counts": [
            592,
            480,
            169,
            75
        ],
        "seq_len": 665,
        "num_sc": 592,
        "clash_info": {
            "100": {
                "num_clashes": 230,
                "num_atom_pairs": 10489017,
                "energy": 46.04425048828125
            },
            "90": {
                "num_clashes": 42,
                "num_atom_pairs": 10489017,
                "energy": 12.144709587097168
            },
            "80": {
                "num_clashes": 16,
                "num_atom_pairs": 10489017,
                "energy": 3.138228416442871
            }
        },
        "ca_rmsd": 32.925357818603516
    },
    "core": {
        "mean_mae": [
            39.54069519042969,
            36.64747619628906,
            67.19098663330078,
            44.62874221801758
        ],
        "mae_sr": 0.38823530077934265,
        "rmsd": 1.1296294927597046,
        "dihedral_counts": [
            85,
            64,
            11,
            2
        ],
        "seq_len": 99,
        "num_sc": 85
    },
    "surface": {
        "mean_mae": [
            60.058528900146484,
            50.947811126708984,
            54.597782135009766,
            65.52619171142578
        ],
        "mae_sr": 0.16991643607616425,
        "rmsd": 1.7331711053848267,
        "dihedral_counts": [
            359,
            300,
            124,
            55
        ],
        "seq_len": 389,
        "num_sc": 359
    }
}