{
    "all": {
        "mean_mae": [
            47.34803009033203,
            47.83016586303711,
            51.14088439941406,
            49.097198486328125
        ],
        "mae_sr": 0.30000001192092896,
        "rmsd": 1.481095314025879,
        "dihedral_counts": [
            440,
            364,
            121,
            66
        ],
        "seq_len": 464,
        "num_sc": 440,
        "clash_info": {
            "100": {
                "num_clashes": 161,
                "num_atom_pairs": 5583048,
                "energy": 30.376544952392578
            },
            "90": {
                "num_clashes": 27,
                "num_atom_pairs": 5583048,
                "energy": 8.115816116333008
            },
            "80": {
                "num_clashes": 9,
                "num_atom_pairs": 5583048,
                "energy": 2.5701560974121094
            }
        },
        "ca_rmsd": 36.99684524536133
    },
    "core": {
        "mean_mae": [
            27.888980865478516,
            43.94512939453125,
            100.68350982666016,
            101.44602966308594
        ],
        "mae_sr": 0.3333333432674408,
        "rmsd": 0.9386319518089294,
        "dihedral_counts": [
            45,
            40,
            5,
            2
        ],
        "seq_len": 48,
        "num_sc": 45
    },
    "surface": {
        "mean_mae": [
            52.61845016479492,
            47.10751724243164,
            45.66453552246094,
            45.540164947509766
        ],
        "mae_sr": 0.27017542719841003,
        "rmsd": 1.6521250009536743,
        "dihedral_counts": [
            285,
            234,
            98,
            55
        ],
        "seq_len": 303,
        "num_sc": 285
    }
}