{
    "all": {
        "mean_mae": [
            25.609764099121094,
            19.24932861328125,
            48.264060974121094,
            86.67262268066406
        ],
        "mae_sr": 0.602150559425354,
        "rmsd": 0.9239104986190796,
        "dihedral_counts": [
            186,
            136,
            63,
            32
        ],
        "seq_len": 264,
        "num_sc": 186,
        "clash_info": {
            "100": {
                "num_clashes": 93,
                "num_atom_pairs": 1171742,
                "energy": 27.1569766998291
            },
            "90": {
                "num_clashes": 25,
                "num_atom_pairs": 1171742,
                "energy": 10.730032920837402
            },
            "80": {
                "num_clashes": 11,
                "num_atom_pairs": 1171742,
                "energy": 5.74776029586792
            }
        },
        "ca_rmsd": 24.459426879882812
    },
    "core": {
        "mean_mae": [
            13.508240699768066,
            9.786845207214355,
            34.728118896484375,
            74.7518539428711
        ],
        "mae_sr": 0.859375,
        "rmsd": 0.45283791422843933,
        "dihedral_counts": [
            64,
            43,
            10,
            4
        ],
        "seq_len": 116,
        "num_sc": 64
    },
    "surface": {
        "mean_mae": [
            34.965267181396484,
            25.34515380859375,
            55.11501693725586,
            84.93041229248047
        ],
        "mae_sr": 0.4588235318660736,
        "rmsd": 1.28726327419281,
        "dihedral_counts": [
            85,
            67,
            39,
            21
        ],
        "seq_len": 104,
        "num_sc": 85
    }
}