{
    "all": {
        "mean_mae": [
            16.407459259033203,
            14.509227752685547,
            47.23951721191406,
            58.56941223144531
        ],
        "mae_sr": 0.732758641242981,
        "rmsd": 0.563533365726471,
        "dihedral_counts": [
            116,
            79,
            22,
            11
        ],
        "seq_len": 141,
        "num_sc": 116,
        "clash_info": {
            "100": {
                "num_clashes": 48,
                "num_atom_pairs": 385526,
                "energy": 10.594383239746094
            },
            "90": {
                "num_clashes": 10,
                "num_atom_pairs": 385526,
                "energy": 3.2809016704559326
            },
            "80": {
                "num_clashes": 3,
                "num_atom_pairs": 385526,
                "energy": 1.5854723453521729
            }
        },
        "ca_rmsd": 6.094826698303223
    },
    "core": {
        "mean_mae": [
            10.81646728515625,
            3.7396492958068848,
            38.74463653564453,
            7.468684673309326
        ],
        "mae_sr": 0.8399999737739563,
        "rmsd": 0.3480619788169861,
        "dihedral_counts": [
            50,
            35,
            7,
            3
        ],
        "seq_len": 65,
        "num_sc": 50
    },
    "surface": {
        "mean_mae": [
            21.915912628173828,
            20.36867904663086,
            50.9118766784668,
            50.9445915222168
        ],
        "mae_sr": 0.6734693646430969,
        "rmsd": 0.6399726867675781,
        "dihedral_counts": [
            49,
            31,
            8,
            4
        ],
        "seq_len": 58,
        "num_sc": 49
    }
}