{
    "all": {
        "mean_mae": [
            46.449134826660156,
            43.67561721801758,
            44.103824615478516,
            59.470027923583984
        ],
        "mae_sr": 0.28421053290367126,
        "rmsd": 1.2915493249893188,
        "dihedral_counts": [
            95,
            75,
            24,
            11
        ],
        "seq_len": 102,
        "num_sc": 95,
        "clash_info": {
            "100": {
                "num_clashes": 43,
                "num_atom_pairs": 256048,
                "energy": 5.330669403076172
            },
            "90": {
                "num_clashes": 2,
                "num_atom_pairs": 256048,
                "energy": 0.93353271484375
            },
            "80": {
                "num_clashes": 2,
                "num_atom_pairs": 256048,
                "energy": 0.28153300285339355
            }
        },
        "ca_rmsd": 3.4377448558807373
    },
    "core": {
        "mean_mae": [
            24.417165756225586,
            36.9150505065918,
            124.83819580078125,
            93.13728332519531
        ],
        "mae_sr": 0.4166666567325592,
        "rmsd": 0.8357747197151184,
        "dihedral_counts": [
            12,
            11,
            2,
            1
        ],
        "seq_len": 12,
        "num_sc": 12
    },
    "surface": {
        "mean_mae": [
            49.148597717285156,
            45.290977478027344,
            42.43424606323242,
            45.24953079223633
        ],
        "mae_sr": 0.2950819730758667,
        "rmsd": 1.4495614767074585,
        "dihedral_counts": [
            61,
            47,
            16,
            6
        ],
        "seq_len": 65,
        "num_sc": 61
    }
}