{
    "all": {
        "mean_mae": [
            22.022096633911133,
            21.88109588623047,
            37.32170104980469,
            36.273948669433594
        ],
        "mae_sr": 0.6881720423698425,
        "rmsd": 0.7031427025794983,
        "dihedral_counts": [
            93,
            68,
            29,
            14
        ],
        "seq_len": 127,
        "num_sc": 93,
        "clash_info": {
            "100": {
                "num_clashes": 30,
                "num_atom_pairs": 279891,
                "energy": 2.9191091060638428
            },
            "90": {
                "num_clashes": 1,
                "num_atom_pairs": 279891,
                "energy": 0.06580805778503418
            },
            "80": {
                "num_clashes": 0,
                "num_atom_pairs": 279891,
                "energy": 0.0
            }
        },
        "ca_rmsd": 15.4059419631958
    },
    "core": {
        "mean_mae": [
            3.807412624359131,
            6.505337715148926,
            33.3953742980957,
            0.0
        ],
        "mae_sr": 0.9130434989929199,
        "rmsd": 0.20788180828094482,
        "dihedral_counts": [
            23,
            15,
            3,
            0
        ],
        "seq_len": 29,
        "num_sc": 23
    },
    "surface": {
        "mean_mae": [
            38.19193649291992,
            34.70786666870117,
            35.311153411865234,
            40.58298873901367
        ],
        "mae_sr": 0.47826087474823,
        "rmsd": 1.1530218124389648,
        "dihedral_counts": [
            46,
            36,
            22,
            12
        ],
        "seq_len": 67,
        "num_sc": 46
    }
}