{
    "all": {
        "mean_mae": [
            53.70779800415039,
            46.85307312011719,
            51.75461196899414,
            28.790325164794922
        ],
        "mae_sr": 0.18543046712875366,
        "rmsd": 1.5831269025802612,
        "dihedral_counts": [
            151,
            128,
            44,
            20
        ],
        "seq_len": 161,
        "num_sc": 151,
        "clash_info": {
            "100": {
                "num_clashes": 49,
                "num_atom_pairs": 683399,
                "energy": 10.69720458984375
            },
            "90": {
                "num_clashes": 13,
                "num_atom_pairs": 683399,
                "energy": 2.7554032802581787
            },
            "80": {
                "num_clashes": 3,
                "num_atom_pairs": 683399,
                "energy": 0.25040102005004883
            }
        },
        "ca_rmsd": 17.636167526245117
    },
    "core": {
        "mean_mae": [
            51.58152770996094,
            44.25493621826172,
            46.5863037109375,
            58.859439849853516
        ],
        "mae_sr": 0.20000000298023224,
        "rmsd": 1.6647132635116577,
        "dihedral_counts": [
            35,
            32,
            5,
            2
        ],
        "seq_len": 40,
        "num_sc": 35
    },
    "surface": {
        "mean_mae": [
            56.28466033935547,
            42.102272033691406,
            37.43376159667969,
            29.299306869506836
        ],
        "mae_sr": 0.21621622145175934,
        "rmsd": 1.6617707014083862,
        "dihedral_counts": [
            74,
            62,
            26,
            14
        ],
        "seq_len": 77,
        "num_sc": 74
    }
}