{
    "all": {
        "rmsd": 1.094141960144043,
        "mae_sr": 0.465788334608078,
        "mean_mae": [
            35.65826416015625,
            32.662925720214844,
            50.88484191894531,
            52.81905746459961
        ],
        "dihedral_counts": [
            14707,
            11279,
            3812,
            1806
        ],
        "num_sc": 14708,
        "mean_seq_len": 295.43939208984375,
        "ca_rmsd": 27.038503646850586,
        "clash_info": {
            "100": {
                "energy": 20.7728328704834,
                "num_atom_pairs": 2408173.5,
                "num_clashes": 94.93939208984375
            },
            "90": {
                "energy": 5.948451995849609,
                "num_atom_pairs": 2408173.5,
                "num_clashes": 20.030303955078125
            },
            "80": {
                "energy": 2.1714065074920654,
                "num_atom_pairs": 2408173.5,
                "num_clashes": 6.439393997192383
            }
        }
    },
    "core": {
        "rmsd": 0.6690737009048462,
        "mae_sr": 0.6719840168952942,
        "mean_mae": [
            20.785470962524414,
            21.887874603271484,
            38.9947624206543,
            36.70039749145508
        ],
        "dihedral_counts": [
            3867,
            2834,
            541,
            230
        ],
        "num_sc": 3867,
        "mean_seq_len": 105.54545593261719
    },
    "surface": {
        "rmsd": 1.3121931552886963,
        "mae_sr": 0.36626461148262024,
        "mean_mae": [
            42.92725372314453,
            38.184669494628906,
            50.93246078491211,
            54.85657501220703
        ],
        "dihedral_counts": [
            7341,
            5728,
            2428,
            1164
        ],
        "num_sc": 7342,
        "mean_seq_len": 128.56060791015625
    }
}