{
    "all": {
        "mean_mae": [
            45.91661834716797,
            42.578128814697266,
            55.02635192871094,
            58.24081802368164
        ],
        "mae_sr": 0.3102564215660095,
        "rmsd": 1.3853265047073364,
        "dihedral_counts": [
            390,
            340,
            91,
            47
        ],
        "seq_len": 426,
        "num_sc": 390,
        "clash_info": {
            "100": {
                "num_clashes": 177,
                "num_atom_pairs": 4626885,
                "energy": 42.947296142578125
            },
            "90": {
                "num_clashes": 43,
                "num_atom_pairs": 4626885,
                "energy": 14.18651008605957
            },
            "80": {
                "num_clashes": 17,
                "num_atom_pairs": 4626885,
                "energy": 6.062334060668945
            }
        },
        "ca_rmsd": 2.4090800285339355
    },
    "core": {
        "mean_mae": [
            21.075483322143555,
            33.37311553955078,
            53.64908218383789,
            35.046234130859375
        ],
        "mae_sr": 0.5142857432365417,
        "rmsd": 0.7928967475891113,
        "dihedral_counts": [
            35,
            32,
            4,
            1
        ],
        "seq_len": 39,
        "num_sc": 35
    },
    "surface": {
        "mean_mae": [
            52.78346633911133,
            44.536163330078125,
            56.155418395996094,
            57.87335968017578
        ],
        "mae_sr": 0.26937270164489746,
        "rmsd": 1.5530166625976562,
        "dihedral_counts": [
            271,
            238,
            78,
            42
        ],
        "seq_len": 293,
        "num_sc": 271
    }
}