{
    "all": {
        "mean_mae": [
            43.96402359008789,
            36.68060302734375,
            65.0255126953125,
            78.96199035644531
        ],
        "mae_sr": 0.3745020031929016,
        "rmsd": 1.20827054977417,
        "dihedral_counts": [
            251,
            165,
            65,
            22
        ],
        "seq_len": 365,
        "num_sc": 251,
        "clash_info": {
            "100": {
                "num_clashes": 60,
                "num_atom_pairs": 1755541,
                "energy": 12.485280990600586
            },
            "90": {
                "num_clashes": 12,
                "num_atom_pairs": 1755541,
                "energy": 3.5749454498291016
            },
            "80": {
                "num_clashes": 5,
                "num_atom_pairs": 1755541,
                "energy": 0.9232951402664185
            }
        },
        "ca_rmsd": 80.82200622558594
    },
    "core": {
        "mean_mae": [
            37.3922233581543,
            24.10758399963379,
            78.0612564086914,
            0.0
        ],
        "mae_sr": 0.5102040767669678,
        "rmsd": 0.7869517207145691,
        "dihedral_counts": [
            49,
            32,
            5,
            0
        ],
        "seq_len": 128,
        "num_sc": 49
    },
    "surface": {
        "mean_mae": [
            42.292259216308594,
            39.23400115966797,
            69.16443634033203,
            84.82267761230469
        ],
        "mae_sr": 0.3557046949863434,
        "rmsd": 1.3078408241271973,
        "dihedral_counts": [
            149,
            97,
            43,
            16
        ],
        "seq_len": 174,
        "num_sc": 149
    }
}