{
    "all": {
        "mean_mae": [
            47.56590270996094,
            37.51561737060547,
            72.2833023071289,
            57.83470916748047
        ],
        "mae_sr": 0.35672515630722046,
        "rmsd": 1.281725525856018,
        "dihedral_counts": [
            171,
            118,
            36,
            14
        ],
        "seq_len": 232,
        "num_sc": 171,
        "clash_info": {
            "100": {
                "num_clashes": 35,
                "num_atom_pairs": 893244,
                "energy": 5.996438026428223
            },
            "90": {
                "num_clashes": 5,
                "num_atom_pairs": 893244,
                "energy": 1.2267224788665771
            },
            "80": {
                "num_clashes": 2,
                "num_atom_pairs": 893244,
                "energy": 0.24077272415161133
            }
        },
        "ca_rmsd": 74.38883209228516
    },
    "core": {
        "mean_mae": [
            20.903499603271484,
            21.18524932861328,
            0.0,
            0.0
        ],
        "mae_sr": 0.7692307829856873,
        "rmsd": 0.6350758075714111,
        "dihedral_counts": [
            13,
            6,
            0,
            0
        ],
        "seq_len": 35,
        "num_sc": 13
    },
    "surface": {
        "mean_mae": [
            53.48968505859375,
            37.972076416015625,
            76.72278594970703,
            64.59095001220703
        ],
        "mae_sr": 0.30882352590560913,
        "rmsd": 1.3960479497909546,
        "dihedral_counts": [
            136,
            95,
            31,
            12
        ],
        "seq_len": 172,
        "num_sc": 136
    }
}