{
    "all": {
        "mean_mae": [
            39.27274703979492,
            32.26539611816406,
            52.270294189453125,
            57.01383972167969
        ],
        "mae_sr": 0.4105533957481384,
        "rmsd": 1.1489441394805908,
        "dihedral_counts": [
            777,
            591,
            189,
            97
        ],
        "seq_len": 949,
        "num_sc": 777,
        "clash_info": {
            "100": {
                "num_clashes": 412,
                "num_atom_pairs": 18478325,
                "energy": 119.22162628173828
            },
            "90": {
                "num_clashes": 124,
                "num_atom_pairs": 18478325,
                "energy": 44.9996337890625
            },
            "80": {
                "num_clashes": 46,
                "num_atom_pairs": 18478325,
                "energy": 19.666967391967773
            }
        },
        "ca_rmsd": 85.07666015625
    },
    "core": {
        "mean_mae": [
            25.43472671508789,
            30.94749641418457,
            45.97096633911133,
            54.1078987121582
        ],
        "mae_sr": 0.5097275972366333,
        "rmsd": 0.8611000180244446,
        "dihedral_counts": [
            257,
            199,
            41,
            24
        ],
        "seq_len": 364,
        "num_sc": 257
    },
    "surface": {
        "mean_mae": [
            50.48234939575195,
            35.84843063354492,
            54.97573471069336,
            52.11784744262695
        ],
        "mae_sr": 0.3322981297969818,
        "rmsd": 1.3867589235305786,
        "dihedral_counts": [
            322,
            238,
            88,
            48
        ],
        "seq_len": 362,
        "num_sc": 322
    }
}