{
    "all": {
        "mean_mae": [
            29.043743133544922,
            19.198415756225586,
            60.35728073120117,
            48.469730377197266
        ],
        "mae_sr": 0.6349206566810608,
        "rmsd": 0.8480246663093567,
        "dihedral_counts": [
            126,
            91,
            27,
            13
        ],
        "seq_len": 190,
        "num_sc": 126,
        "clash_info": {
            "100": {
                "num_clashes": 31,
                "num_atom_pairs": 444447,
                "energy": 6.007165908813477
            },
            "90": {
                "num_clashes": 4,
                "num_atom_pairs": 444447,
                "energy": 1.5150117874145508
            },
            "80": {
                "num_clashes": 3,
                "num_atom_pairs": 444447,
                "energy": 0.48410797119140625
            }
        },
        "ca_rmsd": 25.85292625427246
    },
    "core": {
        "mean_mae": [
            15.073814392089844,
            6.706660747528076,
            8.511640548706055,
            5.531387805938721
        ],
        "mae_sr": 0.8888888955116272,
        "rmsd": 0.3395759165287018,
        "dihedral_counts": [
            27,
            15,
            5,
            1
        ],
        "seq_len": 77,
        "num_sc": 27
    },
    "surface": {
        "mean_mae": [
            38.153602600097656,
            28.081558227539062,
            73.55029296875,
            68.35179138183594
        ],
        "mae_sr": 0.4590163826942444,
        "rmsd": 1.1689485311508179,
        "dihedral_counts": [
            61,
            48,
            16,
            8
        ],
        "seq_len": 73,
        "num_sc": 61
    }
}