{
    "all": {
        "rmsd": 1.0938478708267212,
        "mae_sr": 0.42855772376060486,
        "mean_mae": [
            34.561004638671875,
            34.49933624267578,
            50.47004318237305,
            54.341461181640625
        ],
        "dihedral_counts": [
            14707,
            11279,
            3812,
            1806
        ],
        "num_sc": 14708,
        "mean_seq_len": 295.43939208984375,
        "ca_rmsd": 14.743387222290039,
        "clash_info": {
            "100": {
                "energy": 15.051410675048828,
                "num_atom_pairs": 684447.0,
                "num_clashes": 73.0
            },
            "90": {
                "energy": 3.912571907043457,
                "num_atom_pairs": 684447.0,
                "num_clashes": 15.5
            },
            "80": {
                "energy": 1.2579686641693115,
                "num_atom_pairs": 684447.0,
                "num_clashes": 5.0
            }
        }
    },
    "core": {
        "rmsd": 0.6466281414031982,
        "mae_sr": 0.6673979759216309,
        "mean_mae": [
            21.31768035888672,
            21.393104553222656,
            44.18500518798828,
            31.166278839111328
        ],
        "dihedral_counts": [
            3867,
            2834,
            541,
            230
        ],
        "num_sc": 3867,
        "mean_seq_len": 105.54545593261719
    },
    "surface": {
        "rmsd": 1.3345961570739746,
        "mae_sr": 0.3354564905166626,
        "mean_mae": [
            43.5511474609375,
            39.789085388183594,
            51.37770080566406,
            56.113548278808594
        ],
        "dihedral_counts": [
            7341,
            5728,
            2428,
            1164
        ],
        "num_sc": 7342,
        "mean_seq_len": 128.56060791015625
    }
}