{
    "all": {
        "mean_mae": [
            21.64736557006836,
            23.618486404418945,
            47.05168533325195,
            46.963619232177734
        ],
        "mae_sr": 0.6671554446220398,
        "rmsd": 0.7268633842468262,
        "dihedral_counts": [
            682,
            480,
            123,
            57
        ],
        "seq_len": 832,
        "num_sc": 682,
        "clash_info": {
            "100": {
                "num_clashes": 364,
                "num_atom_pairs": 14330928,
                "energy": 87.67121887207031
            },
            "90": {
                "num_clashes": 88,
                "num_atom_pairs": 14330928,
                "energy": 28.756261825561523
            },
            "80": {
                "num_clashes": 36,
                "num_atom_pairs": 14330928,
                "energy": 10.581340789794922
            }
        },
        "ca_rmsd": 20.06392478942871
    },
    "core": {
        "mean_mae": [
            14.154814720153809,
            17.562875747680664,
            44.75120162963867,
            31.665197372436523
        ],
        "mae_sr": 0.7898089289665222,
        "rmsd": 0.569071888923645,
        "dihedral_counts": [
            314,
            234,
            41,
            23
        ],
        "seq_len": 391,
        "num_sc": 314
    },
    "surface": {
        "mean_mae": [
            30.503854751586914,
            32.94820022583008,
            50.74485778808594,
            59.23125457763672
        ],
        "mae_sr": 0.5223880410194397,
        "rmsd": 0.8487535119056702,
        "dihedral_counts": [
            201,
            126,
            40,
            13
        ],
        "seq_len": 242,
        "num_sc": 201
    }
}