{
    "all": {
        "mean_mae": [
            27.596132278442383,
            32.08049774169922,
            43.7403564453125,
            42.87566375732422
        ],
        "mae_sr": 0.508090615272522,
        "rmsd": 0.8658536076545715,
        "dihedral_counts": [
            309,
            229,
            52,
            20
        ],
        "seq_len": 408,
        "num_sc": 309,
        "clash_info": {
            "100": {
                "num_clashes": 112,
                "num_atom_pairs": 3183730,
                "energy": 18.00691032409668
            },
            "90": {
                "num_clashes": 12,
                "num_atom_pairs": 3183730,
                "energy": 2.615457534790039
            },
            "80": {
                "num_clashes": 2,
                "num_atom_pairs": 3183730,
                "energy": 0.23401331901550293
            }
        },
        "ca_rmsd": 10.10430908203125
    },
    "core": {
        "mean_mae": [
            19.332826614379883,
            27.775190353393555,
            45.59274673461914,
            39.9793815612793
        ],
        "mae_sr": 0.5724637508392334,
        "rmsd": 0.6868626475334167,
        "dihedral_counts": [
            138,
            99,
            21,
            7
        ],
        "seq_len": 184,
        "num_sc": 138
    },
    "surface": {
        "mean_mae": [
            36.28792953491211,
            41.47481918334961,
            39.04326248168945,
            44.43519973754883
        ],
        "mae_sr": 0.42307692766189575,
        "rmsd": 1.1444262266159058,
        "dihedral_counts": [
            104,
            81,
            23,
            13
        ],
        "seq_len": 130,
        "num_sc": 104
    }
}