{
    "all": {
        "mean_mae": [
            39.70991897583008,
            40.941505432128906,
            68.92926788330078,
            58.34899139404297
        ],
        "mae_sr": 0.34939759969711304,
        "rmsd": 1.2652525901794434,
        "dihedral_counts": [
            166,
            138,
            44,
            21
        ],
        "seq_len": 262,
        "num_sc": 166,
        "clash_info": {
            "100": {
                "num_clashes": 63,
                "num_atom_pairs": 919649,
                "energy": 13.77892017364502
            },
            "90": {
                "num_clashes": 16,
                "num_atom_pairs": 919649,
                "energy": 3.4308454990386963
            },
            "80": {
                "num_clashes": 3,
                "num_atom_pairs": 919649,
                "energy": 0.5945466756820679
            }
        },
        "ca_rmsd": 185.1322784423828
    },
    "core": {
        "mean_mae": [
            19.655824661254883,
            31.09149169921875,
            31.220211029052734,
            34.586029052734375
        ],
        "mae_sr": 0.4545454680919647,
        "rmsd": 0.702337384223938,
        "dihedral_counts": [
            22,
            18,
            2,
            1
        ],
        "seq_len": 103,
        "num_sc": 22
    },
    "surface": {
        "mean_mae": [
            44.41455078125,
            40.944637298583984,
            62.87770080566406,
            72.12195587158203
        ],
        "mae_sr": 0.3333333432674408,
        "rmsd": 1.3847728967666626,
        "dihedral_counts": [
            102,
            85,
            32,
            12
        ],
        "seq_len": 113,
        "num_sc": 102
    }
}