{
    "all": {
        "mean_mae": [
            50.39976119995117,
            40.858367919921875,
            63.32207107543945,
            80.5406265258789
        ],
        "mae_sr": 0.3539822995662689,
        "rmsd": 1.336233377456665,
        "dihedral_counts": [
            113,
            84,
            30,
            17
        ],
        "seq_len": 148,
        "num_sc": 113,
        "clash_info": {
            "100": {
                "num_clashes": 55,
                "num_atom_pairs": 360882,
                "energy": 11.653721809387207
            },
            "90": {
                "num_clashes": 14,
                "num_atom_pairs": 360882,
                "energy": 3.2597765922546387
            },
            "80": {
                "num_clashes": 4,
                "num_atom_pairs": 360882,
                "energy": 1.2435905933380127
            }
        },
        "ca_rmsd": 7.821869373321533
    },
    "core": {
        "mean_mae": [
            33.363372802734375,
            37.6734733581543,
            61.782440185546875,
            104.86978149414062
        ],
        "mae_sr": 0.5208333134651184,
        "rmsd": 0.9825119376182556,
        "dihedral_counts": [
            48,
            33,
            8,
            3
        ],
        "seq_len": 76,
        "num_sc": 48
    },
    "surface": {
        "mean_mae": [
            64.3641128540039,
            45.32822799682617,
            55.66265106201172,
            77.4145278930664
        ],
        "mae_sr": 0.1860465109348297,
        "rmsd": 1.5620805025100708,
        "dihedral_counts": [
            43,
            36,
            13,
            7
        ],
        "seq_len": 49,
        "num_sc": 43
    }
}