{
    "all": {
        "mean_mae": [
            33.88468551635742,
            33.77714920043945,
            50.1296501159668,
            37.14900588989258
        ],
        "mae_sr": 0.35211268067359924,
        "rmsd": 1.0521905422210693,
        "dihedral_counts": [
            212,
            167,
            59,
            28
        ],
        "seq_len": 242,
        "num_sc": 213,
        "clash_info": {
            "100": {
                "num_clashes": 73,
                "num_atom_pairs": 1409892,
                "energy": 14.53662395477295
            },
            "90": {
                "num_clashes": 17,
                "num_atom_pairs": 1409892,
                "energy": 2.926882028579712
            },
            "80": {
                "num_clashes": 3,
                "num_atom_pairs": 1409892,
                "energy": 0.35961341857910156
            }
        },
        "ca_rmsd": 1.6953362226486206
    },
    "core": {
        "mean_mae": [
            28.647987365722656,
            16.987499237060547,
            55.77888870239258,
            8.930431365966797
        ],
        "mae_sr": 0.5625,
        "rmsd": 0.719083845615387,
        "dihedral_counts": [
            64,
            47,
            5,
            1
        ],
        "seq_len": 77,
        "num_sc": 64
    },
    "surface": {
        "mean_mae": [
            35.70039749145508,
            41.010093688964844,
            51.9741325378418,
            49.135704040527344
        ],
        "mae_sr": 0.22680412232875824,
        "rmsd": 1.1971218585968018,
        "dihedral_counts": [
            96,
            81,
            40,
            20
        ],
        "seq_len": 109,
        "num_sc": 97
    }
}