{
    "all": {
        "mean_mae": [
            29.918903350830078,
            27.49166488647461,
            45.248531341552734,
            53.2672004699707
        ],
        "mae_sr": 0.5695364475250244,
        "rmsd": 0.9264867901802063,
        "dihedral_counts": [
            151,
            106,
            48,
            19
        ],
        "seq_len": 173,
        "num_sc": 151,
        "clash_info": {
            "100": {
                "num_clashes": 90,
                "num_atom_pairs": 653065,
                "energy": 43.80632019042969
            },
            "90": {
                "num_clashes": 34,
                "num_atom_pairs": 653065,
                "energy": 26.024587631225586
            },
            "80": {
                "num_clashes": 25,
                "num_atom_pairs": 653065,
                "energy": 17.07940101623535
            }
        },
        "ca_rmsd": 6.429976940155029
    },
    "core": {
        "mean_mae": [
            21.077489852905273,
            19.314125061035156,
            40.26547622680664,
            73.49205780029297
        ],
        "mae_sr": 0.7272727489471436,
        "rmsd": 0.6220927238464355,
        "dihedral_counts": [
            55,
            37,
            12,
            6
        ],
        "seq_len": 57,
        "num_sc": 55
    },
    "surface": {
        "mean_mae": [
            43.196266174316406,
            37.776607513427734,
            49.109004974365234,
            50.43145751953125
        ],
        "mae_sr": 0.3709677457809448,
        "rmsd": 1.2947399616241455,
        "dihedral_counts": [
            62,
            44,
            28,
            9
        ],
        "seq_len": 74,
        "num_sc": 62
    }
}