{
    "all": {
        "mean_mae": [
            41.80377197265625,
            35.59711456298828,
            57.66380310058594,
            58.9991340637207
        ],
        "mae_sr": 0.44252872467041016,
        "rmsd": 1.1516283750534058,
        "dihedral_counts": [
            174,
            118,
            36,
            20
        ],
        "seq_len": 199,
        "num_sc": 174,
        "clash_info": {
            "100": {
                "num_clashes": 65,
                "num_atom_pairs": 786891,
                "energy": 10.228311538696289
            },
            "90": {
                "num_clashes": 7,
                "num_atom_pairs": 786891,
                "energy": 0.9091048240661621
            },
            "80": {
                "num_clashes": 1,
                "num_atom_pairs": 786891,
                "energy": 0.02237534523010254
            }
        },
        "ca_rmsd": 8.900243759155273
    },
    "core": {
        "mean_mae": [
            24.235946655273438,
            15.149547576904297,
            82.08736419677734,
            39.811519622802734
        ],
        "mae_sr": 0.6521739363670349,
        "rmsd": 0.5867300033569336,
        "dihedral_counts": [
            46,
            26,
            6,
            3
        ],
        "seq_len": 50,
        "num_sc": 46
    },
    "surface": {
        "mean_mae": [
            53.65998458862305,
            43.28499984741211,
            50.99367141723633,
            63.175968170166016
        ],
        "mae_sr": 0.3076923191547394,
        "rmsd": 1.470452904701233,
        "dihedral_counts": [
            91,
            67,
            24,
            13
        ],
        "seq_len": 106,
        "num_sc": 91
    }
}