{
    "all": {
        "mean_mae": [
            24.024169921875,
            33.91233444213867,
            42.04186248779297,
            46.18239974975586
        ],
        "mae_sr": 0.4852941036224365,
        "rmsd": 1.0036019086837769,
        "dihedral_counts": [
            68,
            59,
            30,
            11
        ],
        "seq_len": 93,
        "num_sc": 68,
        "clash_info": {
            "100": {
                "num_clashes": 25,
                "num_atom_pairs": 179859,
                "energy": 5.068329811096191
            },
            "90": {
                "num_clashes": 4,
                "num_atom_pairs": 179859,
                "energy": 0.3345646858215332
            },
            "80": {
                "num_clashes": 0,
                "num_atom_pairs": 179859,
                "energy": 0.0
            }
        },
        "ca_rmsd": 2.425037145614624
    },
    "core": {
        "mean_mae": [
            2.683377265930176,
            19.975175857543945,
            9.511048316955566,
            0.0
        ],
        "mae_sr": 0.800000011920929,
        "rmsd": 0.5089436769485474,
        "dihedral_counts": [
            10,
            9,
            2,
            0
        ],
        "seq_len": 17,
        "num_sc": 10
    },
    "surface": {
        "mean_mae": [
            32.64192581176758,
            34.64692306518555,
            38.821075439453125,
            54.50453567504883
        ],
        "mae_sr": 0.5,
        "rmsd": 1.1228127479553223,
        "dihedral_counts": [
            36,
            30,
            16,
            7
        ],
        "seq_len": 48,
        "num_sc": 36
    }
}