{
    "all": {
        "mean_mae": [
            35.199485778808594,
            38.158042907714844,
            68.58329772949219,
            43.73643112182617
        ],
        "mae_sr": 0.43939393758773804,
        "rmsd": 1.0701812505722046,
        "dihedral_counts": [
            66,
            47,
            20,
            12
        ],
        "seq_len": 116,
        "num_sc": 66,
        "clash_info": {
            "100": {
                "num_clashes": 23,
                "num_atom_pairs": 153348,
                "energy": 2.4558615684509277
            },
            "90": {
                "num_clashes": 0,
                "num_atom_pairs": 153348,
                "energy": 0.0
            },
            "80": {
                "num_clashes": 0,
                "num_atom_pairs": 153348,
                "energy": 0.0
            }
        },
        "ca_rmsd": 18.70526695251465
    },
    "core": {
        "mean_mae": [
            16.345626831054688,
            27.33426284790039,
            58.234222412109375,
            20.92542839050293
        ],
        "mae_sr": 0.5333333611488342,
        "rmsd": 0.8662225604057312,
        "dihedral_counts": [
            15,
            10,
            3,
            3
        ],
        "seq_len": 55,
        "num_sc": 15
    },
    "surface": {
        "mean_mae": [
            41.39844512939453,
            39.47151565551758,
            64.2784652709961,
            47.12470626831055
        ],
        "mae_sr": 0.375,
        "rmsd": 1.079140305519104,
        "dihedral_counts": [
            40,
            28,
            14,
            6
        ],
        "seq_len": 47,
        "num_sc": 40
    }
}