{
    "all": {
        "mean_mae": [
            19.271160125732422,
            26.424362182617188,
            64.48681640625,
            72.86737823486328
        ],
        "mae_sr": 0.6000000238418579,
        "rmsd": 0.6575050950050354,
        "dihedral_counts": [
            40,
            35,
            11,
            5
        ],
        "seq_len": 56,
        "num_sc": 40,
        "clash_info": {
            "100": {
                "num_clashes": 14,
                "num_atom_pairs": 48867,
                "energy": 1.409902572631836
            },
            "90": {
                "num_clashes": 0,
                "num_atom_pairs": 48867,
                "energy": 0.0
            },
            "80": {
                "num_clashes": 0,
                "num_atom_pairs": 48867,
                "energy": 0.0
            }
        },
        "ca_rmsd": 9.649980545043945
    },
    "core": {
        "mean_mae": [
            37.70820617675781,
            48.441646575927734,
            154.69113159179688,
            0.0
        ],
        "mae_sr": 0.6666666865348816,
        "rmsd": 0.653588593006134,
        "dihedral_counts": [
            3,
            3,
            1,
            0
        ],
        "seq_len": 3,
        "num_sc": 3
    },
    "surface": {
        "mean_mae": [
            17.78445816040039,
            23.66233253479004,
            55.46638107299805,
            72.86738586425781
        ],
        "mae_sr": 0.5357142686843872,
        "rmsd": 0.6717801094055176,
        "dihedral_counts": [
            28,
            24,
            10,
            5
        ],
        "seq_len": 43,
        "num_sc": 28
    }
}