{
    "all": {
        "mean_mae": [
            36.634071350097656,
            37.718570709228516,
            59.383663177490234,
            60.980960845947266
        ],
        "mae_sr": 0.4444444477558136,
        "rmsd": 1.1772520542144775,
        "dihedral_counts": [
            270,
            205,
            78,
            33
        ],
        "seq_len": 376,
        "num_sc": 270,
        "clash_info": {
            "100": {
                "num_clashes": 86,
                "num_atom_pairs": 2236612,
                "energy": 8.729499816894531
            },
            "90": {
                "num_clashes": 0,
                "num_atom_pairs": 2236612,
                "energy": 0.0
            },
            "80": {
                "num_clashes": 0,
                "num_atom_pairs": 2236612,
                "energy": 0.0
            }
        },
        "ca_rmsd": 89.51297760009766
    },
    "core": {
        "mean_mae": [
            18.707534790039062,
            22.72939109802246,
            41.92047882080078,
            13.805554389953613
        ],
        "mae_sr": 0.7014925479888916,
        "rmsd": 0.5512023568153381,
        "dihedral_counts": [
            67,
            45,
            9,
            3
        ],
        "seq_len": 144,
        "num_sc": 67
    },
    "surface": {
        "mean_mae": [
            50.47620391845703,
            47.31549072265625,
            65.65071105957031,
            69.97496795654297
        ],
        "mae_sr": 0.31081080436706543,
        "rmsd": 1.5805948972702026,
        "dihedral_counts": [
            148,
            115,
            57,
            24
        ],
        "seq_len": 166,
        "num_sc": 148
    }
}