{
    "all": {
        "mean_mae": [
            63.307926177978516,
            49.35335922241211,
            70.73633575439453,
            66.35354614257812
        ],
        "mae_sr": 0.16853933036327362,
        "rmsd": 1.7728369235992432,
        "dihedral_counts": [
            89,
            74,
            28,
            14
        ],
        "seq_len": 116,
        "num_sc": 89,
        "clash_info": {
            "100": {
                "num_clashes": 42,
                "num_atom_pairs": 247833,
                "energy": 4.72836446762085
            },
            "90": {
                "num_clashes": 2,
                "num_atom_pairs": 247833,
                "energy": 0.29426050186157227
            },
            "80": {
                "num_clashes": 0,
                "num_atom_pairs": 247833,
                "energy": 0.0
            }
        },
        "ca_rmsd": 8.874334335327148
    },
    "core": {
        "mean_mae": [
            48.8531379699707,
            40.33102798461914,
            65.60869598388672,
            46.88509750366211
        ],
        "mae_sr": 0.23999999463558197,
        "rmsd": 1.6744216680526733,
        "dihedral_counts": [
            25,
            23,
            6,
            6
        ],
        "seq_len": 41,
        "num_sc": 25
    },
    "surface": {
        "mean_mae": [
            76.6849365234375,
            55.2269401550293,
            76.22038269042969,
            87.3014907836914
        ],
        "mae_sr": 0.11363636702299118,
        "rmsd": 2.024044990539551,
        "dihedral_counts": [
            44,
            37,
            20,
            7
        ],
        "seq_len": 50,
        "num_sc": 44
    }
}