{
    "all": {
        "mean_mae": [
            33.32695388793945,
            24.869922637939453,
            46.639122009277344,
            70.52229309082031
        ],
        "mae_sr": 0.523809552192688,
        "rmsd": 0.9895339012145996,
        "dihedral_counts": [
            252,
            195,
            64,
            37
        ],
        "seq_len": 312,
        "num_sc": 252,
        "clash_info": {
            "100": {
                "num_clashes": 63,
                "num_atom_pairs": 1768206,
                "energy": 6.61447811126709
            },
            "90": {
                "num_clashes": 1,
                "num_atom_pairs": 1768206,
                "energy": 0.20374584197998047
            },
            "80": {
                "num_clashes": 0,
                "num_atom_pairs": 1768206,
                "energy": 0.0
            }
        },
        "ca_rmsd": 18.24554443359375
    },
    "core": {
        "mean_mae": [
            15.017989158630371,
            13.68264102935791,
            40.54364013671875,
            60.333473205566406
        ],
        "mae_sr": 0.8732394576072693,
        "rmsd": 0.3619990646839142,
        "dihedral_counts": [
            71,
            46,
            2,
            1
        ],
        "seq_len": 126,
        "num_sc": 71
    },
    "surface": {
        "mean_mae": [
            47.86208724975586,
            31.24103546142578,
            48.78019332885742,
            56.98324203491211
        ],
        "mae_sr": 0.3009708821773529,
        "rmsd": 1.4586139917373657,
        "dihedral_counts": [
            103,
            89,
            42,
            22
        ],
        "seq_len": 106,
        "num_sc": 103
    }
}