{
    "all": {
        "mean_mae": [
            24.049516677856445,
            25.564594268798828,
            32.17313003540039,
            16.85642433166504
        ],
        "mae_sr": 0.5866666436195374,
        "rmsd": 0.7356202602386475,
        "dihedral_counts": [
            150,
            114,
            31,
            12
        ],
        "seq_len": 193,
        "num_sc": 150,
        "clash_info": {
            "100": {
                "num_clashes": 36,
                "num_atom_pairs": 678375,
                "energy": 4.070674896240234
            },
            "90": {
                "num_clashes": 1,
                "num_atom_pairs": 678375,
                "energy": 0.20834636688232422
            },
            "80": {
                "num_clashes": 0,
                "num_atom_pairs": 678375,
                "energy": 0.0
            }
        },
        "ca_rmsd": 17.85369873046875
    },
    "core": {
        "mean_mae": [
            4.998063087463379,
            15.368758201599121,
            37.62112808227539,
            0.0
        ],
        "mae_sr": 0.9090909361839294,
        "rmsd": 0.28598883748054504,
        "dihedral_counts": [
            22,
            19,
            2,
            0
        ],
        "seq_len": 52,
        "num_sc": 22
    },
    "surface": {
        "mean_mae": [
            30.85015869140625,
            29.122406005859375,
            28.369882583618164,
            16.85642433166504
        ],
        "mae_sr": 0.4639175236225128,
        "rmsd": 0.9365221261978149,
        "dihedral_counts": [
            97,
            72,
            27,
            12
        ],
        "seq_len": 108,
        "num_sc": 97
    }
}