{
    "all": {
        "rmsd": 0.9343422651290894,
        "mae_sr": 0.5230769515037537,
        "mean_mae": [
            28.980220794677734,
            31.172826766967773,
            53.34697723388672,
            56.1719856262207
        ],
        "dihedral_counts": [
            17962,
            13381,
            4406,
            2035
        ],
        "num_sc": 17962,
        "mean_seq_len": 354.4507141113281,
        "ca_rmsd": 18.51552963256836,
        "clash_info": {
            "100": {
                "energy": 7.2846269607543945,
                "num_atom_pairs": 1392006.0,
                "num_clashes": 73.0
            },
            "90": {
                "energy": 0.028353214263916016,
                "num_atom_pairs": 1392006.0,
                "num_clashes": 1.0
            },
            "80": {
                "energy": 0.0,
                "num_atom_pairs": 1392006.0,
                "num_clashes": 0.0
            }
        }
    },
    "core": {
        "rmsd": 0.5613324642181396,
        "mae_sr": 0.6902654767036438,
        "mean_mae": [
            17.044828414916992,
            20.559406280517578,
            44.48755645751953,
            46.743446350097656
        ],
        "dihedral_counts": [
            5861,
            4211,
            841,
            355
        ],
        "num_sc": 5861,
        "mean_seq_len": 148.81689453125
    },
    "surface": {
        "rmsd": 1.1655755043029785,
        "mae_sr": 0.4000000059604645,
        "mean_mae": [
            39.40203857421875,
            36.0716667175293,
            55.32821273803711,
            55.28856658935547
        ],
        "dihedral_counts": [
            8380,
            6331,
            2647,
            1223
        ],
        "num_sc": 8380,
        "mean_seq_len": 143.7042236328125
    }
}