{
    "all": {
        "mean_mae": [
            26.71045684814453,
            26.066835403442383,
            51.87249755859375,
            40.91841125488281
        ],
        "mae_sr": 0.5980392098426819,
        "rmsd": 0.8451282382011414,
        "dihedral_counts": [
            204,
            158,
            55,
            30
        ],
        "seq_len": 313,
        "num_sc": 204,
        "clash_info": {
            "100": {
                "num_clashes": 85,
                "num_atom_pairs": 1480803,
                "energy": 7.366827964782715
            },
            "90": {
                "num_clashes": 0,
                "num_atom_pairs": 1480803,
                "energy": 0.0
            },
            "80": {
                "num_clashes": 0,
                "num_atom_pairs": 1480803,
                "energy": 0.0
            }
        },
        "ca_rmsd": 29.82259750366211
    },
    "core": {
        "mean_mae": [
            13.361445426940918,
            17.856372833251953,
            59.22025680541992,
            25.312271118164062
        ],
        "mae_sr": 0.7108433842658997,
        "rmsd": 0.5567627549171448,
        "dihedral_counts": [
            83,
            64,
            17,
            8
        ],
        "seq_len": 150,
        "num_sc": 83
    },
    "surface": {
        "mean_mae": [
            36.25062561035156,
            31.92310333251953,
            41.60288619995117,
            48.51336669921875
        ],
        "mae_sr": 0.5057471394538879,
        "rmsd": 1.0844993591308594,
        "dihedral_counts": [
            87,
            67,
            31,
            16
        ],
        "seq_len": 116,
        "num_sc": 87
    }
}