{
    "all": {
        "mean_mae": [
            35.23809051513672,
            24.756690979003906,
            56.96353530883789,
            33.04249954223633
        ],
        "mae_sr": 0.5669642686843872,
        "rmsd": 0.8359372019767761,
        "dihedral_counts": [
            896,
            549,
            97,
            23
        ],
        "seq_len": 1424,
        "num_sc": 896,
        "clash_info": {
            "100": {
                "num_clashes": 449,
                "num_atom_pairs": 21968505,
                "energy": 73.95196533203125
            },
            "90": {
                "num_clashes": 57,
                "num_atom_pairs": 21968505,
                "energy": 17.52820587158203
            },
            "80": {
                "num_clashes": 21,
                "num_atom_pairs": 21968505,
                "energy": 5.741761207580566
            }
        },
        "ca_rmsd": 61.376426696777344
    },
    "core": {
        "mean_mae": [
            27.503278732299805,
            22.102821350097656,
            74.29478454589844,
            20.667448043823242
        ],
        "mae_sr": 0.6253602504730225,
        "rmsd": 0.7239140272140503,
        "dihedral_counts": [
            347,
            245,
            27,
            3
        ],
        "seq_len": 794,
        "num_sc": 347
    },
    "surface": {
        "mean_mae": [
            43.74355697631836,
            31.248088836669922,
            49.609683990478516,
            44.45316696166992
        ],
        "mae_sr": 0.49418604373931885,
        "rmsd": 0.9669750332832336,
        "dihedral_counts": [
            344,
            174,
            44,
            12
        ],
        "seq_len": 395,
        "num_sc": 344
    }
}