{
    "all": {
        "mean_mae": [
            17.993013381958008,
            21.58819580078125,
            35.92734146118164,
            51.35624313354492
        ],
        "mae_sr": 0.6930692791938782,
        "rmsd": 0.6447233557701111,
        "dihedral_counts": [
            202,
            154,
            36,
            20
        ],
        "seq_len": 230,
        "num_sc": 202,
        "clash_info": {
            "100": {
                "num_clashes": 45,
                "num_atom_pairs": 1256288,
                "energy": 6.799062728881836
            },
            "90": {
                "num_clashes": 4,
                "num_atom_pairs": 1256288,
                "energy": 1.3873231410980225
            },
            "80": {
                "num_clashes": 2,
                "num_atom_pairs": 1256288,
                "energy": 0.48895931243896484
            }
        },
        "ca_rmsd": 3.0742064609512454e-06
    },
    "core": {
        "mean_mae": [
            2.732802629470825,
            8.655512809753418,
            45.2913932800293,
            56.30782699584961
        ],
        "mae_sr": 0.9428571462631226,
        "rmsd": 0.22774118185043335,
        "dihedral_counts": [
            35,
            28,
            3,
            2
        ],
        "seq_len": 40,
        "num_sc": 35
    },
    "surface": {
        "mean_mae": [
            25.63747787475586,
            28.150320053100586,
            35.388771057128906,
            55.78181076049805
        ],
        "mae_sr": 0.5952380895614624,
        "rmsd": 0.8451604247093201,
        "dihedral_counts": [
            126,
            91,
            25,
            12
        ],
        "seq_len": 144,
        "num_sc": 126
    }
}