{
    "all": {
        "mean_mae": [
            20.834209442138672,
            18.25822639465332,
            46.34446334838867,
            42.4182014465332
        ],
        "mae_sr": 0.7165178656578064,
        "rmsd": 0.5581641793251038,
        "dihedral_counts": [
            896,
            549,
            97,
            23
        ],
        "seq_len": 1040,
        "num_sc": 896,
        "clash_info": {
            "100": {
                "num_clashes": 284,
                "num_atom_pairs": 21968505,
                "energy": 41.93735122680664
            },
            "90": {
                "num_clashes": 29,
                "num_atom_pairs": 21968505,
                "energy": 4.379487037658691
            },
            "80": {
                "num_clashes": 4,
                "num_atom_pairs": 21968505,
                "energy": 0.4404897689819336
            }
        },
        "ca_rmsd": 1.3244665751699358e-05
    },
    "core": {
        "mean_mae": [
            14.24821949005127,
            12.210989952087402,
            48.87708282470703,
            17.181570053100586
        ],
        "mae_sr": 0.7982708811759949,
        "rmsd": 0.44262853264808655,
        "dihedral_counts": [
            347,
            245,
            27,
            3
        ],
        "seq_len": 410,
        "num_sc": 347
    },
    "surface": {
        "mean_mae": [
            27.426116943359375,
            23.81298828125,
            51.4416389465332,
            50.219635009765625
        ],
        "mae_sr": 0.6424418687820435,
        "rmsd": 0.6680692434310913,
        "dihedral_counts": [
            344,
            174,
            44,
            12
        ],
        "seq_len": 395,
        "num_sc": 344
    }
}