{
    "all": {
        "mean_mae": [
            19.017738342285156,
            14.79729175567627,
            20.518905639648438,
            17.703445434570312
        ],
        "mae_sr": 0.7733333110809326,
        "rmsd": 0.5655366778373718,
        "dihedral_counts": [
            150,
            114,
            31,
            12
        ],
        "seq_len": 167,
        "num_sc": 150,
        "clash_info": {
            "100": {
                "num_clashes": 62,
                "num_atom_pairs": 678375,
                "energy": 8.505282402038574
            },
            "90": {
                "num_clashes": 5,
                "num_atom_pairs": 678375,
                "energy": 0.3294243812561035
            },
            "80": {
                "num_clashes": 0,
                "num_atom_pairs": 678375,
                "energy": 0.0
            }
        },
        "ca_rmsd": 6.203830253070919e-06
    },
    "core": {
        "mean_mae": [
            3.1760711669921875,
            5.0859761238098145,
            8.330881118774414,
            0.0
        ],
        "mae_sr": 1.0,
        "rmsd": 0.18966542184352875,
        "dihedral_counts": [
            22,
            19,
            2,
            0
        ],
        "seq_len": 26,
        "num_sc": 22
    },
    "surface": {
        "mean_mae": [
            25.809139251708984,
            18.68638038635254,
            21.868764877319336,
            17.703447341918945
        ],
        "mae_sr": 0.6804123520851135,
        "rmsd": 0.7346499562263489,
        "dihedral_counts": [
            97,
            72,
            27,
            12
        ],
        "seq_len": 108,
        "num_sc": 97
    }
}