{
    "all": {
        "mean_mae": [
            26.18593406677246,
            26.706052780151367,
            43.914981842041016,
            26.367061614990234
        ],
        "mae_sr": 0.5060241222381592,
        "rmsd": 0.8432137966156006,
        "dihedral_counts": [
            249,
            188,
            59,
            28
        ],
        "seq_len": 295,
        "num_sc": 249,
        "clash_info": {
            "100": {
                "num_clashes": 77,
                "num_atom_pairs": 1879705,
                "energy": 11.262968063354492
            },
            "90": {
                "num_clashes": 8,
                "num_atom_pairs": 1879705,
                "energy": 1.6061575412750244
            },
            "80": {
                "num_clashes": 2,
                "num_atom_pairs": 1879705,
                "energy": 0.15359187126159668
            }
        },
        "ca_rmsd": 8.357367732969578e-06
    },
    "core": {
        "mean_mae": [
            12.245220184326172,
            15.879532814025879,
            31.794469833374023,
            13.608856201171875
        ],
        "mae_sr": 0.7283950448036194,
        "rmsd": 0.4609914720058441,
        "dihedral_counts": [
            81,
            58,
            10,
            4
        ],
        "seq_len": 101,
        "num_sc": 81
    },
    "surface": {
        "mean_mae": [
            35.786865234375,
            33.815799713134766,
            44.01421356201172,
            26.13628578186035
        ],
        "mae_sr": 0.37931033968925476,
        "rmsd": 1.071411371231079,
        "dihedral_counts": [
            116,
            89,
            39,
            19
        ],
        "seq_len": 131,
        "num_sc": 116
    }
}