{
    "all": {
        "mean_mae": [
            29.73259162902832,
            35.090694427490234,
            42.16786575317383,
            70.4048843383789
        ],
        "mae_sr": 0.49000000953674316,
        "rmsd": 0.9786521196365356,
        "dihedral_counts": [
            300,
            236,
            90,
            35
        ],
        "seq_len": 365,
        "num_sc": 300,
        "clash_info": {
            "100": {
                "num_clashes": 129,
                "num_atom_pairs": 3069180,
                "energy": 27.72463035583496
            },
            "90": {
                "num_clashes": 28,
                "num_atom_pairs": 3069180,
                "energy": 6.425147533416748
            },
            "80": {
                "num_clashes": 6,
                "num_atom_pairs": 3069180,
                "energy": 1.4610674381256104
            }
        },
        "ca_rmsd": 2.397414209553972e-05
    },
    "core": {
        "mean_mae": [
            14.22426700592041,
            19.9966983795166,
            75.33382415771484,
            120.92173767089844
        ],
        "mae_sr": 0.7358490824699402,
        "rmsd": 0.5302393436431885,
        "dihedral_counts": [
            53,
            41,
            6,
            2
        ],
        "seq_len": 69,
        "num_sc": 53
    },
    "surface": {
        "mean_mae": [
            41.211204528808594,
            41.90011978149414,
            41.65228271484375,
            62.656272888183594
        ],
        "mae_sr": 0.3717948794364929,
        "rmsd": 1.2495856285095215,
        "dihedral_counts": [
            156,
            119,
            64,
            25
        ],
        "seq_len": 196,
        "num_sc": 156
    }
}