{
    "all": {
        "rmsd": 0.7250264286994934,
        "mae_sr": 0.6473369002342224,
        "mean_mae": [
            20.266429901123047,
            23.430843353271484,
            43.18375015258789,
            54.88529968261719
        ],
        "dihedral_counts": [
            17962,
            13381,
            4406,
            2035
        ],
        "num_sc": 17962,
        "mean_seq_len": 303.83099365234375,
        "ca_rmsd": 1.3608991139335558e-05,
        "clash_info": {
            "100": {
                "energy": 20.157808303833008,
                "num_atom_pairs": 3113395.75,
                "num_clashes": 111.5492935180664
            },
            "90": {
                "energy": 3.904344081878662,
                "num_atom_pairs": 3113395.75,
                "num_clashes": 18.35211181640625
            },
            "80": {
                "energy": 0.9531169533729553,
                "num_atom_pairs": 3113395.75,
                "num_clashes": 3.9014084339141846
            }
        }
    },
    "core": {
        "rmsd": 0.3497295081615448,
        "mae_sr": 0.8497936725616455,
        "mean_mae": [
            9.476301193237305,
            12.509807586669922,
            29.076831817626953,
            37.67630386352539
        ],
        "dihedral_counts": [
            5775,
            4143,
            811,
            339
        ],
        "num_sc": 5775,
        "mean_seq_len": 99.53520965576172
    },
    "surface": {
        "rmsd": 0.946366548538208,
        "mae_sr": 0.5291699767112732,
        "mean_mae": [
            27.381397247314453,
            29.993656158447266,
            47.3488883972168,
            58.508522033691406
        ],
        "dihedral_counts": [
            8432,
            6368,
            2669,
            1234
        ],
        "num_sc": 8432,
        "mean_seq_len": 142.7042236328125
    }
}