{
    "all": {
        "mean_mae": [
            48.47352981567383,
            51.63752365112305,
            72.42735290527344,
            71.16534423828125
        ],
        "mae_sr": 0.24719101190567017,
        "rmsd": 1.4475152492523193,
        "dihedral_counts": [
            89,
            74,
            28,
            14
        ],
        "seq_len": 104,
        "num_sc": 89,
        "clash_info": {
            "100": {
                "num_clashes": 73,
                "num_atom_pairs": 247833,
                "energy": 15.629026412963867
            },
            "90": {
                "num_clashes": 14,
                "num_atom_pairs": 247833,
                "energy": 3.399648427963257
            },
            "80": {
                "num_clashes": 4,
                "num_atom_pairs": 247833,
                "energy": 0.9157660007476807
            }
        },
        "ca_rmsd": 2.4954915716079995e-06
    },
    "core": {
        "mean_mae": [
            33.773860931396484,
            34.16709518432617,
            71.18020629882812,
            78.4581069946289
        ],
        "mae_sr": 0.3125,
        "rmsd": 0.9867492318153381,
        "dihedral_counts": [
            16,
            14,
            3,
            3
        ],
        "seq_len": 19,
        "num_sc": 16
    },
    "surface": {
        "mean_mae": [
            57.53968811035156,
            59.5567741394043,
            73.6374282836914,
            59.42633056640625
        ],
        "mae_sr": 0.18000000715255737,
        "rmsd": 1.7180877923965454,
        "dihedral_counts": [
            50,
            42,
            22,
            9
        ],
        "seq_len": 57,
        "num_sc": 50
    }
}