{
    "all": {
        "mean_mae": [
            19.37452507019043,
            22.39827537536621,
            39.693359375,
            62.80861282348633
        ],
        "mae_sr": 0.6846153736114502,
        "rmsd": 0.6277642846107483,
        "dihedral_counts": [
            260,
            169,
            45,
            18
        ],
        "seq_len": 338,
        "num_sc": 260,
        "clash_info": {
            "100": {
                "num_clashes": 113,
                "num_atom_pairs": 2140880,
                "energy": 18.3837947845459
            },
            "90": {
                "num_clashes": 18,
                "num_atom_pairs": 2140880,
                "energy": 2.640467405319214
            },
            "80": {
                "num_clashes": 0,
                "num_atom_pairs": 2140880,
                "energy": 0.0
            }
        },
        "ca_rmsd": 4.590267963067163e-06
    },
    "core": {
        "mean_mae": [
            12.663715362548828,
            10.916290283203125,
            20.096115112304688,
            41.541133880615234
        ],
        "mae_sr": 0.8157894611358643,
        "rmsd": 0.34027978777885437,
        "dihedral_counts": [
            38,
            28,
            5,
            2
        ],
        "seq_len": 47,
        "num_sc": 38
    },
    "surface": {
        "mean_mae": [
            23.528797149658203,
            28.505353927612305,
            47.528831481933594,
            70.41117095947266
        ],
        "mae_sr": 0.6484848260879517,
        "rmsd": 0.7115573883056641,
        "dihedral_counts": [
            165,
            95,
            29,
            11
        ],
        "seq_len": 222,
        "num_sc": 165
    }
}