{
    "all": {
        "mean_mae": [
            14.04653263092041,
            17.212831497192383,
            39.14310073852539,
            44.358848571777344
        ],
        "mae_sr": 0.7636986374855042,
        "rmsd": 0.5973118543624878,
        "dihedral_counts": [
            292,
            222,
            75,
            33
        ],
        "seq_len": 378,
        "num_sc": 292,
        "clash_info": {
            "100": {
                "num_clashes": 115,
                "num_atom_pairs": 3090279,
                "energy": 19.089818954467773
            },
            "90": {
                "num_clashes": 17,
                "num_atom_pairs": 3090279,
                "energy": 3.15020751953125
            },
            "80": {
                "num_clashes": 3,
                "num_atom_pairs": 3090279,
                "energy": 0.8586872816085815
            }
        },
        "ca_rmsd": 6.0496390688058455e-06
    },
    "core": {
        "mean_mae": [
            6.263533592224121,
            5.905520915985107,
            6.527936935424805,
            68.37175750732422
        ],
        "mae_sr": 0.938144326210022,
        "rmsd": 0.2728783190250397,
        "dihedral_counts": [
            97,
            75,
            11,
            3
        ],
        "seq_len": 124,
        "num_sc": 97
    },
    "surface": {
        "mean_mae": [
            20.425195693969727,
            22.790321350097656,
            47.693729400634766,
            51.55868148803711
        ],
        "mae_sr": 0.656000018119812,
        "rmsd": 0.7927151918411255,
        "dihedral_counts": [
            125,
            97,
            39,
            19
        ],
        "seq_len": 166,
        "num_sc": 125
    }
}