{
    "all": {
        "mean_mae": [
            28.085378646850586,
            22.222227096557617,
            47.90477752685547,
            65.59357452392578
        ],
        "mae_sr": 0.6774193644523621,
        "rmsd": 0.9086414575576782,
        "dihedral_counts": [
            62,
            49,
            17,
            7
        ],
        "seq_len": 71,
        "num_sc": 62,
        "clash_info": {
            "100": {
                "num_clashes": 12,
                "num_atom_pairs": 121979,
                "energy": 1.9713623523712158
            },
            "90": {
                "num_clashes": 1,
                "num_atom_pairs": 121979,
                "energy": 0.4017643928527832
            },
            "80": {
                "num_clashes": 1,
                "num_atom_pairs": 121979,
                "energy": 0.08476448059082031
            }
        },
        "ca_rmsd": 4.489967523113592e-06
    },
    "core": {
        "mean_mae": [
            0.0,
            0.0,
            0.0,
            0.0
        ],
        "mae_sr": 1.0,
        "rmsd": 0.0,
        "dihedral_counts": [
            0,
            0,
            0,
            0
        ],
        "seq_len": 0,
        "num_sc": 0
    },
    "surface": {
        "mean_mae": [
            29.483745574951172,
            23.79671859741211,
            52.81523132324219,
            75.03353118896484
        ],
        "mae_sr": 0.6551724076271057,
        "rmsd": 0.9504253268241882,
        "dihedral_counts": [
            58,
            45,
            15,
            6
        ],
        "seq_len": 65,
        "num_sc": 58
    }
}