{
    "all": {
        "mean_mae": [
            11.439942359924316,
            17.645305633544922,
            37.341400146484375,
            71.60271453857422
        ],
        "mae_sr": 0.7688442468643188,
        "rmsd": 0.4746294915676117,
        "dihedral_counts": [
            199,
            151,
            45,
            20
        ],
        "seq_len": 263,
        "num_sc": 199,
        "clash_info": {
            "100": {
                "num_clashes": 83,
                "num_atom_pairs": 1410345,
                "energy": 10.996519088745117
            },
            "90": {
                "num_clashes": 6,
                "num_atom_pairs": 1410345,
                "energy": 0.8177211284637451
            },
            "80": {
                "num_clashes": 1,
                "num_atom_pairs": 1410345,
                "energy": 0.021151065826416016
            }
        },
        "ca_rmsd": 5.283734935801476e-06
    },
    "core": {
        "mean_mae": [
            7.652860164642334,
            7.227906227111816,
            15.956339836120605,
            37.81095504760742
        ],
        "mae_sr": 0.8877550959587097,
        "rmsd": 0.24429136514663696,
        "dihedral_counts": [
            98,
            73,
            13,
            5
        ],
        "seq_len": 120,
        "num_sc": 98
    },
    "surface": {
        "mean_mae": [
            18.49553108215332,
            31.49917221069336,
            50.15635681152344,
            64.37327575683594
        ],
        "mae_sr": 0.5909090638160706,
        "rmsd": 0.7984984517097473,
        "dihedral_counts": [
            66,
            55,
            25,
            12
        ],
        "seq_len": 97,
        "num_sc": 66
    }
}