{
    "all": {
        "mean_mae": [
            41.63651657104492,
            40.226593017578125,
            65.5031967163086,
            55.642879486083984
        ],
        "mae_sr": 0.4063745141029358,
        "rmsd": 1.1847221851348877,
        "dihedral_counts": [
            251,
            165,
            65,
            22
        ],
        "seq_len": 365,
        "num_sc": 251,
        "clash_info": {
            "100": {
                "num_clashes": 49,
                "num_atom_pairs": 1755541,
                "energy": 9.172974586486816
            },
            "90": {
                "num_clashes": 12,
                "num_atom_pairs": 1755541,
                "energy": 2.114170551300049
            },
            "80": {
                "num_clashes": 2,
                "num_atom_pairs": 1755541,
                "energy": 0.4951319694519043
            }
        },
        "ca_rmsd": 80.822021484375
    },
    "core": {
        "mean_mae": [
            38.678096771240234,
            25.82568359375,
            80.1573715209961,
            0.0
        ],
        "mae_sr": 0.4693877696990967,
        "rmsd": 0.8046239614486694,
        "dihedral_counts": [
            49,
            32,
            5,
            0
        ],
        "seq_len": 128,
        "num_sc": 49
    },
    "surface": {
        "mean_mae": [
            40.329307556152344,
            44.93308639526367,
            71.57298278808594,
            60.82176971435547
        ],
        "mae_sr": 0.4026845693588257,
        "rmsd": 1.292243480682373,
        "dihedral_counts": [
            149,
            97,
            43,
            16
        ],
        "seq_len": 174,
        "num_sc": 149
    }
}