{
    "all": {
        "mean_mae": [
            16.854909896850586,
            18.450780868530273,
            36.0800666809082,
            40.21419906616211
        ],
        "mae_sr": 0.701298713684082,
        "rmsd": 0.5632507801055908,
        "dihedral_counts": [
            308,
            224,
            77,
            39
        ],
        "seq_len": 404,
        "num_sc": 308,
        "clash_info": {
            "100": {
                "num_clashes": 184,
                "num_atom_pairs": 3073073,
                "energy": 39.93190002441406
            },
            "90": {
                "num_clashes": 37,
                "num_atom_pairs": 3073073,
                "energy": 11.25688648223877
            },
            "80": {
                "num_clashes": 10,
                "num_atom_pairs": 3073073,
                "energy": 5.090135097503662
            }
        },
        "ca_rmsd": 13.802139282226562
    },
    "core": {
        "mean_mae": [
            13.883854866027832,
            13.686169624328613,
            37.80643844604492,
            41.643131256103516
        ],
        "mae_sr": 0.7972972989082336,
        "rmsd": 0.4512706398963928,
        "dihedral_counts": [
            148,
            107,
            33,
            15
        ],
        "seq_len": 213,
        "num_sc": 148
    },
    "surface": {
        "mean_mae": [
            20.83272933959961,
            25.911251068115234,
            31.281787872314453,
            44.87289810180664
        ],
        "mae_sr": 0.5643564462661743,
        "rmsd": 0.7132309079170227,
        "dihedral_counts": [
            101,
            74,
            27,
            14
        ],
        "seq_len": 118,
        "num_sc": 101
    }
}