{
    "all": {
        "mean_mae": [
            50.936607360839844,
            40.674442291259766,
            64.09519958496094,
            47.49148941040039
        ],
        "mae_sr": 0.3679245412349701,
        "rmsd": 1.302388310432434,
        "dihedral_counts": [
            106,
            69,
            25,
            12
        ],
        "seq_len": 140,
        "num_sc": 106,
        "clash_info": {
            "100": {
                "num_clashes": 16,
                "num_atom_pairs": 319605,
                "energy": 2.499399185180664
            },
            "90": {
                "num_clashes": 2,
                "num_atom_pairs": 319605,
                "energy": 0.4236330986022949
            },
            "80": {
                "num_clashes": 0,
                "num_atom_pairs": 319605,
                "energy": 0.0
            }
        },
        "ca_rmsd": 144.91275024414062
    },
    "core": {
        "mean_mae": [
            44.905784606933594,
            38.510135650634766,
            22.13852882385254,
            137.24819946289062
        ],
        "mae_sr": 0.46666666865348816,
        "rmsd": 1.0279637575149536,
        "dihedral_counts": [
            15,
            11,
            2,
            1
        ],
        "seq_len": 19,
        "num_sc": 15
    },
    "surface": {
        "mean_mae": [
            49.81528091430664,
            42.890663146972656,
            67.25801086425781,
            38.781578063964844
        ],
        "mae_sr": 0.3733333349227905,
        "rmsd": 1.341418743133545,
        "dihedral_counts": [
            75,
            46,
            20,
            10
        ],
        "seq_len": 83,
        "num_sc": 75
    }
}