{
    "all": {
        "mean_mae": [
            51.24256134033203,
            41.363746643066406,
            49.91162109375,
            46.68436050415039
        ],
        "mae_sr": 0.3988439440727234,
        "rmsd": 1.541460633277893,
        "dihedral_counts": [
            346,
            244,
            56,
            27
        ],
        "seq_len": 538,
        "num_sc": 346,
        "clash_info": {
            "100": {
                "num_clashes": 149,
                "num_atom_pairs": 3827750,
                "energy": 26.670888900756836
            },
            "90": {
                "num_clashes": 23,
                "num_atom_pairs": 3827750,
                "energy": 4.747950077056885
            },
            "80": {
                "num_clashes": 5,
                "num_atom_pairs": 3827750,
                "energy": 0.6851743459701538
            }
        },
        "ca_rmsd": 34.15681457519531
    },
    "core": {
        "mean_mae": [
            52.15756607055664,
            52.517539978027344,
            66.56233978271484,
            51.83115005493164
        ],
        "mae_sr": 0.3799999952316284,
        "rmsd": 1.5037709474563599,
        "dihedral_counts": [
            150,
            98,
            17,
            2
        ],
        "seq_len": 293,
        "num_sc": 150
    },
    "surface": {
        "mean_mae": [
            53.977325439453125,
            40.21986389160156,
            31.289247512817383,
            50.346290588378906
        ],
        "mae_sr": 0.35849055647850037,
        "rmsd": 1.6818335056304932,
        "dihedral_counts": [
            106,
            82,
            24,
            15
        ],
        "seq_len": 131,
        "num_sc": 106
    }
}