{
    "all": {
        "mean_mae": [
            40.78263854980469,
            33.78554153442383,
            57.31852340698242,
            60.0931510925293
        ],
        "mae_sr": 0.4041184186935425,
        "rmsd": 1.1725882291793823,
        "dihedral_counts": [
            777,
            591,
            189,
            97
        ],
        "seq_len": 949,
        "num_sc": 777,
        "clash_info": {
            "100": {
                "num_clashes": 310,
                "num_atom_pairs": 18478325,
                "energy": 55.50709533691406
            },
            "90": {
                "num_clashes": 51,
                "num_atom_pairs": 18478325,
                "energy": 8.554292678833008
            },
            "80": {
                "num_clashes": 11,
                "num_atom_pairs": 18478325,
                "energy": 1.0049893856048584
            }
        },
        "ca_rmsd": 85.07665252685547
    },
    "core": {
        "mean_mae": [
            27.068071365356445,
            32.136749267578125,
            61.018096923828125,
            52.46858215332031
        ],
        "mae_sr": 0.5136186480522156,
        "rmsd": 0.8828639984130859,
        "dihedral_counts": [
            257,
            199,
            41,
            24
        ],
        "seq_len": 364,
        "num_sc": 257
    },
    "surface": {
        "mean_mae": [
            54.6525993347168,
            36.87594223022461,
            58.0426025390625,
            60.388641357421875
        ],
        "mae_sr": 0.31366458535194397,
        "rmsd": 1.43509042263031,
        "dihedral_counts": [
            322,
            238,
            88,
            48
        ],
        "seq_len": 362,
        "num_sc": 322
    }
}