{
    "all": {
        "mean_mae": [
            23.208843231201172,
            29.564523696899414,
            43.27467346191406,
            61.0284309387207
        ],
        "mae_sr": 0.5035461187362671,
        "rmsd": 0.8157312870025635,
        "dihedral_counts": [
            141,
            106,
            39,
            15
        ],
        "seq_len": 156,
        "num_sc": 141,
        "clash_info": {
            "100": {
                "num_clashes": 52,
                "num_atom_pairs": 593764,
                "energy": 8.234088897705078
            },
            "90": {
                "num_clashes": 4,
                "num_atom_pairs": 593764,
                "energy": 0.4852581024169922
            },
            "80": {
                "num_clashes": 1,
                "num_atom_pairs": 593764,
                "energy": 0.10487914085388184
            }
        },
        "ca_rmsd": 1.732922077178955
    },
    "core": {
        "mean_mae": [
            16.749736785888672,
            12.796724319458008,
            18.232606887817383,
            41.38482666015625
        ],
        "mae_sr": 0.7674418687820435,
        "rmsd": 0.4902611970901489,
        "dihedral_counts": [
            43,
            30,
            3,
            3
        ],
        "seq_len": 50,
        "num_sc": 43
    },
    "surface": {
        "mean_mae": [
            29.039003372192383,
            37.44009017944336,
            41.166385650634766,
            71.72570037841797
        ],
        "mae_sr": 0.3142857253551483,
        "rmsd": 1.0283395051956177,
        "dihedral_counts": [
            70,
            53,
            29,
            11
        ],
        "seq_len": 77,
        "num_sc": 70
    }
}