{
    "all": {
        "mean_mae": [
            13.372694969177246,
            14.100675582885742,
            38.513084411621094,
            43.6757926940918
        ],
        "mae_sr": 0.7818182110786438,
        "rmsd": 0.4858217239379883,
        "dihedral_counts": [
            165,
            128,
            36,
            14
        ],
        "seq_len": 193,
        "num_sc": 165,
        "clash_info": {
            "100": {
                "num_clashes": 66,
                "num_atom_pairs": 846370,
                "energy": 15.166550636291504
            },
            "90": {
                "num_clashes": 15,
                "num_atom_pairs": 846370,
                "energy": 4.51293420791626
            },
            "80": {
                "num_clashes": 6,
                "num_atom_pairs": 846370,
                "energy": 1.1725809574127197
            }
        },
        "ca_rmsd": 5.783806800842285
    },
    "core": {
        "mean_mae": [
            6.303094863891602,
            9.691913604736328,
            2.1444599628448486,
            18.188505172729492
        ],
        "mae_sr": 0.9268292784690857,
        "rmsd": 0.27978044748306274,
        "dihedral_counts": [
            41,
            31,
            8,
            5
        ],
        "seq_len": 48,
        "num_sc": 41
    },
    "surface": {
        "mean_mae": [
            16.020509719848633,
            15.845434188842773,
            50.69071960449219,
            63.92832946777344
        ],
        "mae_sr": 0.695652186870575,
        "rmsd": 0.5562635660171509,
        "dihedral_counts": [
            92,
            73,
            24,
            8
        ],
        "seq_len": 109,
        "num_sc": 92
    }
}