{
    "all": {
        "mean_mae": [
            34.961143493652344,
            32.14411163330078,
            55.45406723022461,
            46.961875915527344
        ],
        "mae_sr": 0.37890625,
        "rmsd": 1.0885752439498901,
        "dihedral_counts": [
            256,
            208,
            66,
            32
        ],
        "seq_len": 289,
        "num_sc": 256,
        "clash_info": {
            "100": {
                "num_clashes": 79,
                "num_atom_pairs": 1903305,
                "energy": 10.689133644104004
            },
            "90": {
                "num_clashes": 6,
                "num_atom_pairs": 1903305,
                "energy": 1.4088740348815918
            },
            "80": {
                "num_clashes": 1,
                "num_atom_pairs": 1903305,
                "energy": 0.27449774742126465
            }
        },
        "ca_rmsd": 42.89720153808594
    },
    "core": {
        "mean_mae": [
            23.95903205871582,
            24.156217575073242,
            58.55548858642578,
            4.423189640045166
        ],
        "mae_sr": 0.5,
        "rmsd": 0.740597665309906,
        "dihedral_counts": [
            44,
            35,
            7,
            3
        ],
        "seq_len": 51,
        "num_sc": 44
    },
    "surface": {
        "mean_mae": [
            41.19603729248047,
            37.9631233215332,
            51.611454010009766,
            50.75966262817383
        ],
        "mae_sr": 0.279720276594162,
        "rmsd": 1.3298572301864624,
        "dihedral_counts": [
            143,
            116,
            49,
            24
        ],
        "seq_len": 165,
        "num_sc": 143
    }
}