{
    "all": {
        "mean_mae": [
            57.040069580078125,
            54.18099594116211,
            67.65007781982422,
            56.53004455566406
        ],
        "mae_sr": 0.1666666716337204,
        "rmsd": 1.5857651233673096,
        "dihedral_counts": [
            138,
            106,
            44,
            24
        ],
        "seq_len": 168,
        "num_sc": 138,
        "clash_info": {
            "100": {
                "num_clashes": 154,
                "num_atom_pairs": 577822,
                "energy": 53.13170623779297
            },
            "90": {
                "num_clashes": 55,
                "num_atom_pairs": 577822,
                "energy": 21.32960319519043
            },
            "80": {
                "num_clashes": 23,
                "num_atom_pairs": 577822,
                "energy": 10.097206115722656
            }
        },
        "ca_rmsd": 11.03286361694336
    },
    "core": {
        "mean_mae": [
            40.31476974487305,
            48.86808395385742,
            44.702781677246094,
            99.51756286621094
        ],
        "mae_sr": 0.3030303120613098,
        "rmsd": 1.2451963424682617,
        "dihedral_counts": [
            33,
            21,
            7,
            2
        ],
        "seq_len": 37,
        "num_sc": 33
    },
    "surface": {
        "mean_mae": [
            66.13165283203125,
            56.31964874267578,
            69.13799285888672,
            59.585914611816406
        ],
        "mae_sr": 0.06849315017461777,
        "rmsd": 1.7393808364868164,
        "dihedral_counts": [
            73,
            61,
            29,
            16
        ],
        "seq_len": 96,
        "num_sc": 73
    }
}