{
    "all": {
        "mean_mae": [
            46.583316802978516,
            42.70271682739258,
            64.82262420654297,
            64.39176177978516
        ],
        "mae_sr": 0.31972789764404297,
        "rmsd": 1.3621091842651367,
        "dihedral_counts": [
            588,
            477,
            154,
            78
        ],
        "seq_len": 631,
        "num_sc": 588,
        "clash_info": {
            "100": {
                "num_clashes": 150,
                "num_atom_pairs": 9951011,
                "energy": 24.324167251586914
            },
            "90": {
                "num_clashes": 21,
                "num_atom_pairs": 9951011,
                "energy": 3.221297264099121
            },
            "80": {
                "num_clashes": 2,
                "num_atom_pairs": 9951011,
                "energy": 0.2322547435760498
            }
        },
        "ca_rmsd": 10.893617630004883
    },
    "core": {
        "mean_mae": [
            37.202430725097656,
            37.11653137207031,
            47.49397659301758,
            125.77225494384766
        ],
        "mae_sr": 0.5189873576164246,
        "rmsd": 0.9274611473083496,
        "dihedral_counts": [
            79,
            55,
            7,
            4
        ],
        "seq_len": 84,
        "num_sc": 79
    },
    "surface": {
        "mean_mae": [
            51.919151306152344,
            42.80759811401367,
            59.240257263183594,
            62.01833724975586
        ],
        "mae_sr": 0.260869562625885,
        "rmsd": 1.5348858833312988,
        "dihedral_counts": [
            345,
            286,
            111,
            56
        ],
        "seq_len": 372,
        "num_sc": 345
    }
}