{
    "all": {
        "mean_mae": [
            38.09897232055664,
            30.353483200073242,
            54.367103576660156,
            24.57435417175293
        ],
        "mae_sr": 0.4150943458080292,
        "rmsd": 0.9353978633880615,
        "dihedral_counts": [
            106,
            69,
            25,
            12
        ],
        "seq_len": 123,
        "num_sc": 106,
        "clash_info": {
            "100": {
                "num_clashes": 28,
                "num_atom_pairs": 319605,
                "energy": 3.7823057174682617
            },
            "90": {
                "num_clashes": 2,
                "num_atom_pairs": 319605,
                "energy": 0.8481454849243164
            },
            "80": {
                "num_clashes": 1,
                "num_atom_pairs": 319605,
                "energy": 0.29692816734313965
            }
        },
        "ca_rmsd": 0.0
    },
    "core": {
        "mean_mae": [
            17.193532943725586,
            33.18820571899414,
            13.106494903564453,
            106.83495330810547
        ],
        "mae_sr": 0.6000000238418579,
        "rmsd": 0.5488246083259583,
        "dihedral_counts": [
            15,
            11,
            2,
            1
        ],
        "seq_len": 19,
        "num_sc": 15
    },
    "surface": {
        "mean_mae": [
            44.010284423828125,
            34.951148986816406,
            61.366973876953125,
            18.711414337158203
        ],
        "mae_sr": 0.3733333349227905,
        "rmsd": 1.0655447244644165,
        "dihedral_counts": [
            75,
            46,
            20,
            10
        ],
        "seq_len": 83,
        "num_sc": 75
    }
}