{
    "all": {
        "mean_mae": [
            45.08999252319336,
            27.480464935302734,
            80.0015869140625,
            31.7137508392334
        ],
        "mae_sr": 0.3928571343421936,
        "rmsd": 1.0242701768875122,
        "dihedral_counts": [
            28,
            19,
            5,
            3
        ],
        "seq_len": 35,
        "num_sc": 28,
        "clash_info": {
            "100": {
                "num_clashes": 4,
                "num_atom_pairs": 24200,
                "energy": 0.7634367942810059
            },
            "90": {
                "num_clashes": 1,
                "num_atom_pairs": 24200,
                "energy": 0.3904285430908203
            },
            "80": {
                "num_clashes": 1,
                "num_atom_pairs": 24200,
                "energy": 0.09142851829528809
            }
        },
        "ca_rmsd": 0.0
    },
    "core": {
        "mean_mae": [
            0.0,
            0.0,
            0.0,
            0.0
        ],
        "mae_sr": 1.0,
        "rmsd": 0.0,
        "dihedral_counts": [
            0,
            0,
            0,
            0
        ],
        "seq_len": 0,
        "num_sc": 0
    },
    "surface": {
        "mean_mae": [
            45.08999252319336,
            27.480464935302734,
            80.0015869140625,
            31.7137508392334
        ],
        "mae_sr": 0.3928571343421936,
        "rmsd": 1.0242701768875122,
        "dihedral_counts": [
            28,
            19,
            5,
            3
        ],
        "seq_len": 35,
        "num_sc": 28
    }
}