{
    "all": {
        "mean_mae": [
            37.310546875,
            39.50654983520508,
            58.811885833740234,
            44.96019744873047
        ],
        "mae_sr": 0.38265305757522583,
        "rmsd": 1.0669493675231934,
        "dihedral_counts": [
            588,
            477,
            154,
            78
        ],
        "seq_len": 629,
        "num_sc": 588,
        "clash_info": {
            "100": {
                "num_clashes": 153,
                "num_atom_pairs": 9951011,
                "energy": 35.073734283447266
            },
            "90": {
                "num_clashes": 32,
                "num_atom_pairs": 9951011,
                "energy": 10.593609809875488
            },
            "80": {
                "num_clashes": 9,
                "num_atom_pairs": 9951011,
                "energy": 4.450191497802734
            }
        },
        "ca_rmsd": 9.719064109958708e-06
    },
    "core": {
        "mean_mae": [
            25.356224060058594,
            28.946455001831055,
            41.022560119628906,
            49.88611602783203
        ],
        "mae_sr": 0.607594907283783,
        "rmsd": 0.6137859225273132,
        "dihedral_counts": [
            79,
            55,
            7,
            4
        ],
        "seq_len": 84,
        "num_sc": 79
    },
    "surface": {
        "mean_mae": [
            44.76017379760742,
            41.47773742675781,
            53.45930862426758,
            45.41588592529297
        ],
        "mae_sr": 0.29855072498321533,
        "rmsd": 1.2743005752563477,
        "dihedral_counts": [
            345,
            286,
            111,
            56
        ],
        "seq_len": 370,
        "num_sc": 345
    }
}