{
    "all": {
        "mean_mae": [
            13.759795188903809,
            15.356867790222168,
            46.43730926513672,
            55.903682708740234
        ],
        "mae_sr": 0.7222222089767456,
        "rmsd": 0.45694249868392944,
        "dihedral_counts": [
            126,
            91,
            27,
            13
        ],
        "seq_len": 143,
        "num_sc": 126,
        "clash_info": {
            "100": {
                "num_clashes": 24,
                "num_atom_pairs": 444447,
                "energy": 4.011058330535889
            },
            "90": {
                "num_clashes": 5,
                "num_atom_pairs": 444447,
                "energy": 0.46384382247924805
            },
            "80": {
                "num_clashes": 0,
                "num_atom_pairs": 444447,
                "energy": 0.0
            }
        },
        "ca_rmsd": 1.6487488210259471e-06
    },
    "core": {
        "mean_mae": [
            5.070953369140625,
            11.92451000213623,
            5.525321006774902,
            5.373569488525391
        ],
        "mae_sr": 0.9259259104728699,
        "rmsd": 0.20277827978134155,
        "dihedral_counts": [
            27,
            15,
            5,
            1
        ],
        "seq_len": 30,
        "num_sc": 27
    },
    "surface": {
        "mean_mae": [
            20.931324005126953,
            17.326208114624023,
            46.640846252441406,
            71.73976135253906
        ],
        "mae_sr": 0.5901639461517334,
        "rmsd": 0.6229047179222107,
        "dihedral_counts": [
            61,
            48,
            16,
            8
        ],
        "seq_len": 73,
        "num_sc": 61
    }
}