{
    "all": {
        "mean_mae": [
            10.267488479614258,
            13.729981422424316,
            25.325326919555664,
            34.554222106933594
        ],
        "mae_sr": 0.8365384340286255,
        "rmsd": 0.3717363774776459,
        "dihedral_counts": [
            104,
            60,
            15,
            7
        ],
        "seq_len": 129,
        "num_sc": 104,
        "clash_info": {
            "100": {
                "num_clashes": 25,
                "num_atom_pairs": 318855,
                "energy": 4.563082695007324
            },
            "90": {
                "num_clashes": 3,
                "num_atom_pairs": 318855,
                "energy": 0.6157784461975098
            },
            "80": {
                "num_clashes": 0,
                "num_atom_pairs": 318855,
                "energy": 0.0
            }
        },
        "ca_rmsd": 2.6828745376406005e-06
    },
    "core": {
        "mean_mae": [
            3.9761159420013428,
            13.110875129699707,
            3.782155752182007,
            0.9461997747421265
        ],
        "mae_sr": 0.9259259104728699,
        "rmsd": 0.18071502447128296,
        "dihedral_counts": [
            27,
            15,
            1,
            1
        ],
        "seq_len": 30,
        "num_sc": 27
    },
    "surface": {
        "mean_mae": [
            12.747040748596191,
            12.945287704467773,
            32.2459831237793,
            58.46376419067383
        ],
        "mae_sr": 0.7884615659713745,
        "rmsd": 0.4420904517173767,
        "dihedral_counts": [
            52,
            32,
            9,
            4
        ],
        "seq_len": 67,
        "num_sc": 52
    }
}