{
    "all": {
        "mean_mae": [
            18.499589920043945,
            26.899635314941406,
            42.910682678222656,
            55.48065948486328
        ],
        "mae_sr": 0.48750001192092896,
        "rmsd": 0.7320247888565063,
        "dihedral_counts": [
            240,
            188,
            94,
            47
        ],
        "seq_len": 273,
        "num_sc": 240,
        "clash_info": {
            "100": {
                "num_clashes": 27,
                "num_atom_pairs": 1731717,
                "energy": 2.8532614707946777
            },
            "90": {
                "num_clashes": 1,
                "num_atom_pairs": 1731717,
                "energy": 0.19407367706298828
            },
            "80": {
                "num_clashes": 0,
                "num_atom_pairs": 1731717,
                "energy": 0.0
            }
        },
        "ca_rmsd": 7.713310878898483e-06
    },
    "core": {
        "mean_mae": [
            6.342569828033447,
            12.193073272705078,
            30.367944717407227,
            40.67842483520508
        ],
        "mae_sr": 0.8113207817077637,
        "rmsd": 0.2993587553501129,
        "dihedral_counts": [
            53,
            41,
            6,
            3
        ],
        "seq_len": 63,
        "num_sc": 53
    },
    "surface": {
        "mean_mae": [
            24.499156951904297,
            32.02408981323242,
            44.07767105102539,
            58.33012390136719
        ],
        "mae_sr": 0.3712121248245239,
        "rmsd": 0.9517300724983215,
        "dihedral_counts": [
            132,
            105,
            67,
            32
        ],
        "seq_len": 146,
        "num_sc": 132
    }
}