{
    "all": {
        "mean_mae": [
            24.33466148376465,
            22.43474769592285,
            55.48545455932617,
            38.251102447509766
        ],
        "mae_sr": 0.5510203838348389,
        "rmsd": 0.6385019421577454,
        "dihedral_counts": [
            98,
            57,
            12,
            7
        ],
        "seq_len": 133,
        "num_sc": 98,
        "clash_info": {
            "100": {
                "num_clashes": 23,
                "num_atom_pairs": 308580,
                "energy": 2.8289833068847656
            },
            "90": {
                "num_clashes": 1,
                "num_atom_pairs": 308580,
                "energy": 0.0065996646881103516
            },
            "80": {
                "num_clashes": 0,
                "num_atom_pairs": 308580,
                "energy": 0.0
            }
        },
        "ca_rmsd": 5.690576017514104e-06
    },
    "core": {
        "mean_mae": [
            15.61454963684082,
            15.717920303344727,
            0.0,
            0.0
        ],
        "mae_sr": 0.625,
        "rmsd": 0.40041694045066833,
        "dihedral_counts": [
            8,
            5,
            0,
            0
        ],
        "seq_len": 11,
        "num_sc": 8
    },
    "surface": {
        "mean_mae": [
            28.231626510620117,
            25.038305282592773,
            35.22261047363281,
            44.683502197265625
        ],
        "mae_sr": 0.5211267471313477,
        "rmsd": 0.6840522289276123,
        "dihedral_counts": [
            71,
            38,
            8,
            4
        ],
        "seq_len": 99,
        "num_sc": 71
    }
}