{
    "all": {
        "mean_mae": [
            36.56688690185547,
            42.86150360107422,
            30.73729705810547,
            67.41487121582031
        ],
        "mae_sr": 0.31092438101768494,
        "rmsd": 1.1374739408493042,
        "dihedral_counts": [
            119,
            100,
            33,
            12
        ],
        "seq_len": 130,
        "num_sc": 119,
        "clash_info": {
            "100": {
                "num_clashes": 37,
                "num_atom_pairs": 440188,
                "energy": 6.152073860168457
            },
            "90": {
                "num_clashes": 3,
                "num_atom_pairs": 440188,
                "energy": 0.879948616027832
            },
            "80": {
                "num_clashes": 1,
                "num_atom_pairs": 440188,
                "energy": 0.12351751327514648
            }
        },
        "ca_rmsd": 3.953392933908617e-06
    },
    "core": {
        "mean_mae": [
            27.10603141784668,
            31.57362174987793,
            0.0,
            0.0
        ],
        "mae_sr": 0.5,
        "rmsd": 1.005232810974121,
        "dihedral_counts": [
            8,
            7,
            0,
            0
        ],
        "seq_len": 9,
        "num_sc": 8
    },
    "surface": {
        "mean_mae": [
            41.92005157470703,
            45.903160095214844,
            29.81612777709961,
            63.72569274902344
        ],
        "mae_sr": 0.30337077379226685,
        "rmsd": 1.228042721748352,
        "dihedral_counts": [
            89,
            74,
            30,
            11
        ],
        "seq_len": 98,
        "num_sc": 89
    }
}