{
    "all": {
        "mean_mae": [
            37.541996002197266,
            42.888938903808594,
            48.7613639831543,
            44.53032684326172
        ],
        "mae_sr": 0.35681816935539246,
        "rmsd": 1.1480571031570435,
        "dihedral_counts": [
            440,
            364,
            121,
            66
        ],
        "seq_len": 459,
        "num_sc": 440,
        "clash_info": {
            "100": {
                "num_clashes": 121,
                "num_atom_pairs": 5583048,
                "energy": 28.075654983520508
            },
            "90": {
                "num_clashes": 31,
                "num_atom_pairs": 5583048,
                "energy": 8.146800994873047
            },
            "80": {
                "num_clashes": 11,
                "num_atom_pairs": 5583048,
                "energy": 2.04295015335083
            }
        },
        "ca_rmsd": 1.2123427950427867e-05
    },
    "core": {
        "mean_mae": [
            20.953847885131836,
            35.771339416503906,
            72.02635192871094,
            84.65612030029297
        ],
        "mae_sr": 0.4444444477558136,
        "rmsd": 0.6780763864517212,
        "dihedral_counts": [
            45,
            40,
            5,
            2
        ],
        "seq_len": 48,
        "num_sc": 45
    },
    "surface": {
        "mean_mae": [
            44.40483474731445,
            44.34502410888672,
            47.49135971069336,
            40.9697151184082
        ],
        "mae_sr": 0.2982456088066101,
        "rmsd": 1.3408006429672241,
        "dihedral_counts": [
            285,
            234,
            98,
            55
        ],
        "seq_len": 298,
        "num_sc": 285
    }
}