{
    "all": {
        "mean_mae": [
            28.923492431640625,
            33.75872802734375,
            40.90404510498047,
            51.086997985839844
        ],
        "mae_sr": 0.40425533056259155,
        "rmsd": 0.8868125081062317,
        "dihedral_counts": [
            94,
            78,
            29,
            11
        ],
        "seq_len": 100,
        "num_sc": 94,
        "clash_info": {
            "100": {
                "num_clashes": 29,
                "num_atom_pairs": 266728,
                "energy": 5.966461181640625
            },
            "90": {
                "num_clashes": 6,
                "num_atom_pairs": 266728,
                "energy": 1.4125194549560547
            },
            "80": {
                "num_clashes": 2,
                "num_atom_pairs": 266728,
                "energy": 0.1380598545074463
            }
        },
        "ca_rmsd": 2.28881845032447e-06
    },
    "core": {
        "mean_mae": [
            10.949850082397461,
            38.81142807006836,
            81.4760971069336,
            0.0
        ],
        "mae_sr": 0.6000000238418579,
        "rmsd": 0.49275487661361694,
        "dihedral_counts": [
            10,
            10,
            1,
            0
        ],
        "seq_len": 10,
        "num_sc": 10
    },
    "surface": {
        "mean_mae": [
            38.61824417114258,
            39.08669662475586,
            43.23994445800781,
            51.30732727050781
        ],
        "mae_sr": 0.3103448152542114,
        "rmsd": 1.1276606321334839,
        "dihedral_counts": [
            58,
            47,
            22,
            9
        ],
        "seq_len": 63,
        "num_sc": 58
    }
}