{
    "all": {
        "mean_mae": [
            31.82977294921875,
            39.198429107666016,
            42.31126022338867,
            54.088157653808594
        ],
        "mae_sr": 0.42105263471603394,
        "rmsd": 0.9239139556884766,
        "dihedral_counts": [
            95,
            75,
            24,
            11
        ],
        "seq_len": 102,
        "num_sc": 95,
        "clash_info": {
            "100": {
                "num_clashes": 12,
                "num_atom_pairs": 256048,
                "energy": 1.6353135108947754
            },
            "90": {
                "num_clashes": 1,
                "num_atom_pairs": 256048,
                "energy": 0.29519104957580566
            },
            "80": {
                "num_clashes": 0,
                "num_atom_pairs": 256048,
                "energy": 0.0
            }
        },
        "ca_rmsd": 5.341644850886951e-07
    },
    "core": {
        "mean_mae": [
            18.366111755371094,
            33.08879852294922,
            87.0335693359375,
            81.07950592041016
        ],
        "mae_sr": 0.4166666567325592,
        "rmsd": 0.6338574290275574,
        "dihedral_counts": [
            12,
            11,
            2,
            1
        ],
        "seq_len": 12,
        "num_sc": 12
    },
    "surface": {
        "mean_mae": [
            36.723052978515625,
            35.54355239868164,
            30.692138671875,
            43.726558685302734
        ],
        "mae_sr": 0.4754098355770111,
        "rmsd": 1.0420762300491333,
        "dihedral_counts": [
            61,
            47,
            16,
            6
        ],
        "seq_len": 65,
        "num_sc": 61
    }
}