{
    "all": {
        "mean_mae": [
            17.830013275146484,
            16.695817947387695,
            40.04193115234375,
            57.223472595214844
        ],
        "mae_sr": 0.6559139490127563,
        "rmsd": 0.6475681662559509,
        "dihedral_counts": [
            186,
            136,
            63,
            32
        ],
        "seq_len": 221,
        "num_sc": 186,
        "clash_info": {
            "100": {
                "num_clashes": 55,
                "num_atom_pairs": 1171742,
                "energy": 15.030624389648438
            },
            "90": {
                "num_clashes": 17,
                "num_atom_pairs": 1171742,
                "energy": 5.292754173278809
            },
            "80": {
                "num_clashes": 7,
                "num_atom_pairs": 1171742,
                "energy": 2.0377678871154785
            }
        },
        "ca_rmsd": 3.374437255843077e-06
    },
    "core": {
        "mean_mae": [
            3.5962040424346924,
            5.585695266723633,
            28.17413330078125,
            38.355812072753906
        ],
        "mae_sr": 0.90625,
        "rmsd": 0.2065192461013794,
        "dihedral_counts": [
            64,
            43,
            10,
            4
        ],
        "seq_len": 73,
        "num_sc": 64
    },
    "surface": {
        "mean_mae": [
            29.256444931030273,
            24.39711570739746,
            46.24127197265625,
            55.58259582519531
        ],
        "mae_sr": 0.48235294222831726,
        "rmsd": 1.0129865407943726,
        "dihedral_counts": [
            85,
            67,
            39,
            21
        ],
        "seq_len": 104,
        "num_sc": 85
    }
}