{
    "all": {
        "mean_mae": [
            12.648073196411133,
            18.290006637573242,
            43.067626953125,
            34.39291763305664
        ],
        "mae_sr": 0.7030302882194519,
        "rmsd": 0.4880141615867615,
        "dihedral_counts": [
            165,
            128,
            36,
            14
        ],
        "seq_len": 189,
        "num_sc": 165,
        "clash_info": {
            "100": {
                "num_clashes": 59,
                "num_atom_pairs": 846370,
                "energy": 12.453071594238281
            },
            "90": {
                "num_clashes": 13,
                "num_atom_pairs": 846370,
                "energy": 2.281297206878662
            },
            "80": {
                "num_clashes": 2,
                "num_atom_pairs": 846370,
                "energy": 0.26294898986816406
            }
        },
        "ca_rmsd": 3.5053064948442625e-06
    },
    "core": {
        "mean_mae": [
            6.204134464263916,
            9.886523246765137,
            20.70648956298828,
            35.67166519165039
        ],
        "mae_sr": 0.8292682766914368,
        "rmsd": 0.31246888637542725,
        "dihedral_counts": [
            41,
            31,
            8,
            5
        ],
        "seq_len": 48,
        "num_sc": 41
    },
    "surface": {
        "mean_mae": [
            16.516386032104492,
            21.32716178894043,
            50.609195709228516,
            37.54301834106445
        ],
        "mae_sr": 0.5869565010070801,
        "rmsd": 0.6082401275634766,
        "dihedral_counts": [
            92,
            73,
            24,
            8
        ],
        "seq_len": 105,
        "num_sc": 92
    }
}