{
    "all": {
        "mean_mae": [
            19.566341400146484,
            31.01568031311035,
            54.29348373413086,
            40.93896484375
        ],
        "mae_sr": 0.49295774102211,
        "rmsd": 0.7534753680229187,
        "dihedral_counts": [
            212,
            167,
            59,
            28
        ],
        "seq_len": 242,
        "num_sc": 213,
        "clash_info": {
            "100": {
                "num_clashes": 95,
                "num_atom_pairs": 1409892,
                "energy": 16.703622817993164
            },
            "90": {
                "num_clashes": 17,
                "num_atom_pairs": 1409892,
                "energy": 2.635016918182373
            },
            "80": {
                "num_clashes": 1,
                "num_atom_pairs": 1409892,
                "energy": 0.08771038055419922
            }
        },
        "ca_rmsd": 8.494601502206933e-07
    },
    "core": {
        "mean_mae": [
            16.72173500061035,
            20.28936195373535,
            65.48487091064453,
            19.068931579589844
        ],
        "mae_sr": 0.734375,
        "rmsd": 0.4747600257396698,
        "dihedral_counts": [
            64,
            47,
            5,
            1
        ],
        "seq_len": 77,
        "num_sc": 64
    },
    "surface": {
        "mean_mae": [
            20.6039981842041,
            34.668758392333984,
            49.20372772216797,
            49.014503479003906
        ],
        "mae_sr": 0.36082473397254944,
        "rmsd": 0.9287075400352478,
        "dihedral_counts": [
            96,
            81,
            40,
            20
        ],
        "seq_len": 109,
        "num_sc": 97
    }
}