{
    "all": {
        "mean_mae": [
            31.315475463867188,
            35.923336029052734,
            71.72205352783203,
            35.07852554321289
        ],
        "mae_sr": 0.3611111044883728,
        "rmsd": 1.11056649684906,
        "dihedral_counts": [
            108,
            87,
            28,
            11
        ],
        "seq_len": 125,
        "num_sc": 108,
        "clash_info": {
            "100": {
                "num_clashes": 57,
                "num_atom_pairs": 389340,
                "energy": 14.237445831298828
            },
            "90": {
                "num_clashes": 17,
                "num_atom_pairs": 389340,
                "energy": 4.208700180053711
            },
            "80": {
                "num_clashes": 6,
                "num_atom_pairs": 389340,
                "energy": 1.3118245601654053
            }
        },
        "ca_rmsd": 1.4765896594326477e-06
    },
    "core": {
        "mean_mae": [
            69.778076171875,
            60.75141906738281,
            0.0,
            0.0
        ],
        "mae_sr": 0.5,
        "rmsd": 1.7937002182006836,
        "dihedral_counts": [
            4,
            3,
            0,
            0
        ],
        "seq_len": 4,
        "num_sc": 4
    },
    "surface": {
        "mean_mae": [
            26.2983455657959,
            33.78046417236328,
            71.51280212402344,
            37.48122024536133
        ],
        "mae_sr": 0.3896103799343109,
        "rmsd": 0.9906280040740967,
        "dihedral_counts": [
            77,
            62,
            25,
            10
        ],
        "seq_len": 89,
        "num_sc": 77
    }
}