{
    "all": {
        "mean_mae": [
            25.818796157836914,
            31.634525299072266,
            60.55557632446289,
            80.18836975097656
        ],
        "mae_sr": 0.4803149700164795,
        "rmsd": 0.8829862475395203,
        "dihedral_counts": [
            127,
            81,
            36,
            19
        ],
        "seq_len": 146,
        "num_sc": 127,
        "clash_info": {
            "100": {
                "num_clashes": 55,
                "num_atom_pairs": 456404,
                "energy": 10.218992233276367
            },
            "90": {
                "num_clashes": 9,
                "num_atom_pairs": 456404,
                "energy": 1.6841142177581787
            },
            "80": {
                "num_clashes": 1,
                "num_atom_pairs": 456404,
                "energy": 0.32064342498779297
            }
        },
        "ca_rmsd": 0.0
    },
    "core": {
        "mean_mae": [
            12.768353462219238,
            19.473674774169922,
            96.94060516357422,
            24.861875534057617
        ],
        "mae_sr": 0.692307710647583,
        "rmsd": 0.48656049370765686,
        "dihedral_counts": [
            39,
            25,
            3,
            1
        ],
        "seq_len": 41,
        "num_sc": 39
    },
    "surface": {
        "mean_mae": [
            35.82315444946289,
            41.86774444580078,
            62.56144714355469,
            100.12431335449219
        ],
        "mae_sr": 0.35185185074806213,
        "rmsd": 1.1090948581695557,
        "dihedral_counts": [
            54,
            31,
            19,
            10
        ],
        "seq_len": 68,
        "num_sc": 54
    }
}