{
    "all": {
        "mean_mae": [
            40.16969680786133,
            29.81818199157715,
            71.42285919189453,
            71.47228240966797
        ],
        "mae_sr": 0.5263158082962036,
        "rmsd": 0.9890465140342712,
        "dihedral_counts": [
            76,
            48,
            13,
            6
        ],
        "seq_len": 103,
        "num_sc": 76,
        "clash_info": {
            "100": {
                "num_clashes": 32,
                "num_atom_pairs": 168800,
                "energy": 5.506478309631348
            },
            "90": {
                "num_clashes": 4,
                "num_atom_pairs": 168800,
                "energy": 0.839846134185791
            },
            "80": {
                "num_clashes": 1,
                "num_atom_pairs": 168800,
                "energy": 0.12505459785461426
            }
        },
        "ca_rmsd": 24.67805290222168
    },
    "core": {
        "mean_mae": [
            28.687435150146484,
            8.2453031539917,
            42.913211822509766,
            92.47814178466797
        ],
        "mae_sr": 0.6470588445663452,
        "rmsd": 0.7044467329978943,
        "dihedral_counts": [
            17,
            12,
            2,
            1
        ],
        "seq_len": 26,
        "num_sc": 17
    },
    "surface": {
        "mean_mae": [
            41.330078125,
            36.85475158691406,
            81.23446655273438,
            80.3938980102539
        ],
        "mae_sr": 0.5128205418586731,
        "rmsd": 1.017255187034607,
        "dihedral_counts": [
            39,
            23,
            6,
            3
        ],
        "seq_len": 56,
        "num_sc": 39
    }
}