{
    "all": {
        "mean_mae": [
            33.11720275878906,
            27.541227340698242,
            55.572547912597656,
            63.52685546875
        ],
        "mae_sr": 0.46875,
        "rmsd": 1.0082790851593018,
        "dihedral_counts": [
            128,
            91,
            47,
            23
        ],
        "seq_len": 168,
        "num_sc": 128,
        "clash_info": {
            "100": {
                "num_clashes": 54,
                "num_atom_pairs": 535325,
                "energy": 12.949082374572754
            },
            "90": {
                "num_clashes": 15,
                "num_atom_pairs": 535325,
                "energy": 4.109818458557129
            },
            "80": {
                "num_clashes": 4,
                "num_atom_pairs": 535325,
                "energy": 1.3907902240753174
            }
        },
        "ca_rmsd": 9.260489463806152
    },
    "core": {
        "mean_mae": [
            19.382844924926758,
            25.873472213745117,
            82.8584213256836,
            16.061349868774414
        ],
        "mae_sr": 0.7105262875556946,
        "rmsd": 0.6053494215011597,
        "dihedral_counts": [
            38,
            23,
            5,
            3
        ],
        "seq_len": 51,
        "num_sc": 38
    },
    "surface": {
        "mean_mae": [
            47.42879104614258,
            39.073219299316406,
            52.52388381958008,
            80.85661315917969
        ],
        "mae_sr": 0.24528302252292633,
        "rmsd": 1.4370383024215698,
        "dihedral_counts": [
            53,
            37,
            28,
            11
        ],
        "seq_len": 76,
        "num_sc": 53
    }
}