{
    "all": {
        "mean_mae": [
            26.562450408935547,
            29.303607940673828,
            54.09427261352539,
            82.42283630371094
        ],
        "mae_sr": 0.5719178318977356,
        "rmsd": 0.9502450823783875,
        "dihedral_counts": [
            292,
            222,
            75,
            33
        ],
        "seq_len": 384,
        "num_sc": 292,
        "clash_info": {
            "100": {
                "num_clashes": 114,
                "num_atom_pairs": 3090279,
                "energy": 23.696075439453125
            },
            "90": {
                "num_clashes": 29,
                "num_atom_pairs": 3090279,
                "energy": 5.51861572265625
            },
            "80": {
                "num_clashes": 4,
                "num_atom_pairs": 3090279,
                "energy": 0.9881765842437744
            }
        },
        "ca_rmsd": 9.061741828918457
    },
    "core": {
        "mean_mae": [
            15.23580551147461,
            20.412538528442383,
            23.892602920532227,
            84.51508331298828
        ],
        "mae_sr": 0.7835051417350769,
        "rmsd": 0.4915655851364136,
        "dihedral_counts": [
            97,
            75,
            11,
            3
        ],
        "seq_len": 124,
        "num_sc": 97
    },
    "surface": {
        "mean_mae": [
            40.83060073852539,
            35.12898254394531,
            56.281394958496094,
            83.95787811279297
        ],
        "mae_sr": 0.4399999976158142,
        "rmsd": 1.318983554840088,
        "dihedral_counts": [
            125,
            97,
            39,
            19
        ],
        "seq_len": 172,
        "num_sc": 125
    }
}