{
    "all": {
        "mean_mae": [
            47.82243728637695,
            44.1748161315918,
            57.78689956665039,
            78.2200698852539
        ],
        "mae_sr": 0.3426573574542999,
        "rmsd": 1.5719902515411377,
        "dihedral_counts": [
            143,
            121,
            36,
            16
        ],
        "seq_len": 173,
        "num_sc": 143,
        "clash_info": {
            "100": {
                "num_clashes": 68,
                "num_atom_pairs": 708935,
                "energy": 18.320632934570312
            },
            "90": {
                "num_clashes": 20,
                "num_atom_pairs": 708935,
                "energy": 6.367775917053223
            },
            "80": {
                "num_clashes": 8,
                "num_atom_pairs": 708935,
                "energy": 2.461263656616211
            }
        },
        "ca_rmsd": 15.271100997924805
    },
    "core": {
        "mean_mae": [
            39.34086990356445,
            32.19908905029297,
            17.428234100341797,
            92.5942611694336
        ],
        "mae_sr": 0.4651162922382355,
        "rmsd": 1.4105950593948364,
        "dihedral_counts": [
            43,
            33,
            6,
            3
        ],
        "seq_len": 66,
        "num_sc": 43
    },
    "surface": {
        "mean_mae": [
            54.185218811035156,
            54.21821594238281,
            68.4106216430664,
            90.91165161132812
        ],
        "mae_sr": 0.24285714328289032,
        "rmsd": 1.6713064908981323,
        "dihedral_counts": [
            70,
            62,
            24,
            9
        ],
        "seq_len": 75,
        "num_sc": 70
    }
}