{
    "all": {
        "mean_mae": [
            41.46192169189453,
            27.803546905517578,
            83.75785064697266,
            81.69869232177734
        ],
        "mae_sr": 0.4642857015132904,
        "rmsd": 1.1739445924758911,
        "dihedral_counts": [
            28,
            19,
            5,
            3
        ],
        "seq_len": 35,
        "num_sc": 28,
        "clash_info": {
            "100": {
                "num_clashes": 3,
                "num_atom_pairs": 24200,
                "energy": 0.26267218589782715
            },
            "90": {
                "num_clashes": 0,
                "num_atom_pairs": 24200,
                "energy": 0.0
            },
            "80": {
                "num_clashes": 0,
                "num_atom_pairs": 24200,
                "energy": 0.0
            }
        },
        "ca_rmsd": 2.0714774131774902
    },
    "core": {
        "mean_mae": [
            0.0,
            0.0,
            0.0,
            0.0
        ],
        "mae_sr": 1.0,
        "rmsd": 0.0,
        "dihedral_counts": [
            0,
            0,
            0,
            0
        ],
        "seq_len": 0,
        "num_sc": 0
    },
    "surface": {
        "mean_mae": [
            41.46192169189453,
            27.803546905517578,
            83.75785064697266,
            81.69869232177734
        ],
        "mae_sr": 0.4642857015132904,
        "rmsd": 1.1739445924758911,
        "dihedral_counts": [
            28,
            19,
            5,
            3
        ],
        "seq_len": 35,
        "num_sc": 28
    }
}