{
    "all": {
        "mean_mae": [
            31.26597023010254,
            30.79994773864746,
            58.40644836425781,
            57.09699249267578
        ],
        "mae_sr": 0.522522509098053,
        "rmsd": 1.042555570602417,
        "dihedral_counts": [
            111,
            79,
            33,
            18
        ],
        "seq_len": 202,
        "num_sc": 111,
        "clash_info": {
            "100": {
                "num_clashes": 31,
                "num_atom_pairs": 379543,
                "energy": 6.664933204650879
            },
            "90": {
                "num_clashes": 5,
                "num_atom_pairs": 379543,
                "energy": 0.9865472316741943
            },
            "80": {
                "num_clashes": 0,
                "num_atom_pairs": 379543,
                "energy": 0.0
            }
        },
        "ca_rmsd": 26.7784366607666
    },
    "core": {
        "mean_mae": [
            20.824556350708008,
            17.696006774902344,
            64.14433288574219,
            35.78950881958008
        ],
        "mae_sr": 0.7083333134651184,
        "rmsd": 0.5484102368354797,
        "dihedral_counts": [
            24,
            13,
            3,
            1
        ],
        "seq_len": 101,
        "num_sc": 24
    },
    "surface": {
        "mean_mae": [
            40.43467330932617,
            38.83655548095703,
            59.41049575805664,
            62.278324127197266
        ],
        "mae_sr": 0.3571428656578064,
        "rmsd": 1.451499104499817,
        "dihedral_counts": [
            56,
            45,
            23,
            13
        ],
        "seq_len": 67,
        "num_sc": 56
    }
}