{
    "all": {
        "mean_mae": [
            28.219371795654297,
            23.821819305419922,
            50.900272369384766,
            89.89119720458984
        ],
        "mae_sr": 0.5820895433425903,
        "rmsd": 0.9501445293426514,
        "dihedral_counts": [
            67,
            53,
            26,
            9
        ],
        "seq_len": 97,
        "num_sc": 67,
        "clash_info": {
            "100": {
                "num_clashes": 18,
                "num_atom_pairs": 137256,
                "energy": 2.1182940006256104
            },
            "90": {
                "num_clashes": 2,
                "num_atom_pairs": 137256,
                "energy": 0.10225629806518555
            },
            "80": {
                "num_clashes": 0,
                "num_atom_pairs": 137256,
                "energy": 0.0
            }
        },
        "ca_rmsd": 16.720014572143555
    },
    "core": {
        "mean_mae": [
            22.402442932128906,
            26.193532943725586,
            0.0,
            0.0
        ],
        "mae_sr": 0.8181818127632141,
        "rmsd": 0.48206883668899536,
        "dihedral_counts": [
            11,
            6,
            0,
            0
        ],
        "seq_len": 33,
        "num_sc": 11
    },
    "surface": {
        "mean_mae": [
            33.58079147338867,
            24.61536407470703,
            49.33466339111328,
            89.89118957519531
        ],
        "mae_sr": 0.43589743971824646,
        "rmsd": 1.203718900680542,
        "dihedral_counts": [
            39,
            34,
            20,
            9
        ],
        "seq_len": 46,
        "num_sc": 39
    }
}