{
    "all": {
        "mean_mae": [
            34.82447814941406,
            33.500404357910156,
            52.98749542236328,
            73.45181274414062
        ],
        "mae_sr": 0.4124999940395355,
        "rmsd": 1.117887020111084,
        "dihedral_counts": [
            240,
            188,
            94,
            47
        ],
        "seq_len": 273,
        "num_sc": 240,
        "clash_info": {
            "100": {
                "num_clashes": 69,
                "num_atom_pairs": 1731717,
                "energy": 10.543495178222656
            },
            "90": {
                "num_clashes": 8,
                "num_atom_pairs": 1731717,
                "energy": 1.4224627017974854
            },
            "80": {
                "num_clashes": 1,
                "num_atom_pairs": 1731717,
                "energy": 0.32721924781799316
            }
        },
        "ca_rmsd": 4.333864212036133
    },
    "core": {
        "mean_mae": [
            18.70945167541504,
            20.735111236572266,
            38.48892593383789,
            102.82257080078125
        ],
        "mae_sr": 0.6603773832321167,
        "rmsd": 0.667299211025238,
        "dihedral_counts": [
            53,
            41,
            6,
            3
        ],
        "seq_len": 63,
        "num_sc": 53
    },
    "surface": {
        "mean_mae": [
            47.42184066772461,
            40.74489212036133,
            57.412872314453125,
            74.23970031738281
        ],
        "mae_sr": 0.31060606241226196,
        "rmsd": 1.4364635944366455,
        "dihedral_counts": [
            132,
            105,
            67,
            32
        ],
        "seq_len": 146,
        "num_sc": 132
    }
}