{
    "all": {
        "mean_mae": [
            55.42327880859375,
            47.18859100341797,
            57.916748046875,
            78.33033752441406
        ],
        "mae_sr": 0.21452702581882477,
        "rmsd": 1.5362803936004639,
        "dihedral_counts": [
            592,
            480,
            169,
            75
        ],
        "seq_len": 665,
        "num_sc": 592,
        "clash_info": {
            "100": {
                "num_clashes": 199,
                "num_atom_pairs": 10489017,
                "energy": 38.60036849975586
            },
            "90": {
                "num_clashes": 39,
                "num_atom_pairs": 10489017,
                "energy": 8.594501495361328
            },
            "80": {
                "num_clashes": 8,
                "num_atom_pairs": 10489017,
                "energy": 1.259036898612976
            }
        },
        "ca_rmsd": 32.22905349731445
    },
    "core": {
        "mean_mae": [
            41.78276824951172,
            33.781558990478516,
            71.74323272705078,
            62.04450607299805
        ],
        "mae_sr": 0.34117648005485535,
        "rmsd": 1.1458430290222168,
        "dihedral_counts": [
            85,
            64,
            11,
            2
        ],
        "seq_len": 99,
        "num_sc": 85
    },
    "surface": {
        "mean_mae": [
            58.99311828613281,
            52.50025939941406,
            59.797786712646484,
            83.17524719238281
        ],
        "mae_sr": 0.17270195484161377,
        "rmsd": 1.683405876159668,
        "dihedral_counts": [
            359,
            300,
            124,
            55
        ],
        "seq_len": 389,
        "num_sc": 359
    }
}