{
    "all": {
        "mean_mae": [
            35.983055114746094,
            33.77817916870117,
            63.4863166809082,
            72.29999542236328
        ],
        "mae_sr": 0.4627092778682709,
        "rmsd": 1.040971279144287,
        "dihedral_counts": [
            657,
            494,
            154,
            76
        ],
        "seq_len": 779,
        "num_sc": 657,
        "clash_info": {
            "100": {
                "num_clashes": 199,
                "num_atom_pairs": 13885146,
                "energy": 39.017059326171875
            },
            "90": {
                "num_clashes": 37,
                "num_atom_pairs": 13885146,
                "energy": 10.047783851623535
            },
            "80": {
                "num_clashes": 10,
                "num_atom_pairs": 13885146,
                "energy": 3.6201019287109375
            }
        },
        "ca_rmsd": 7.901419639587402
    },
    "core": {
        "mean_mae": [
            23.86454200744629,
            23.3673095703125,
            59.255157470703125,
            68.01541137695312
        ],
        "mae_sr": 0.6273062825202942,
        "rmsd": 0.6469168066978455,
        "dihedral_counts": [
            271,
            196,
            31,
            11
        ],
        "seq_len": 313,
        "num_sc": 271
    },
    "surface": {
        "mean_mae": [
            53.80155563354492,
            48.56806182861328,
            65.55305480957031,
            75.3213882446289
        ],
        "mae_sr": 0.2663755416870117,
        "rmsd": 1.6318740844726562,
        "dihedral_counts": [
            229,
            175,
            83,
            43
        ],
        "seq_len": 292,
        "num_sc": 229
    }
}