{
    "all": {
        "mean_mae": [
            45.5677490234375,
            43.26700210571289,
            68.33458709716797,
            83.39627838134766
        ],
        "mae_sr": 0.31282052397727966,
        "rmsd": 1.3618388175964355,
        "dihedral_counts": [
            390,
            340,
            91,
            47
        ],
        "seq_len": 426,
        "num_sc": 390,
        "clash_info": {
            "100": {
                "num_clashes": 117,
                "num_atom_pairs": 4626885,
                "energy": 19.886516571044922
            },
            "90": {
                "num_clashes": 20,
                "num_atom_pairs": 4626885,
                "energy": 2.7889535427093506
            },
            "80": {
                "num_clashes": 2,
                "num_atom_pairs": 4626885,
                "energy": 0.28655362129211426
            }
        },
        "ca_rmsd": 2.46980357170105
    },
    "core": {
        "mean_mae": [
            23.456329345703125,
            32.85530090332031,
            66.712646484375,
            61.10918426513672
        ],
        "mae_sr": 0.5428571701049805,
        "rmsd": 0.8899769186973572,
        "dihedral_counts": [
            35,
            32,
            4,
            1
        ],
        "seq_len": 39,
        "num_sc": 35
    },
    "surface": {
        "mean_mae": [
            51.85884094238281,
            46.56121063232422,
            69.98377990722656,
            84.16156005859375
        ],
        "mae_sr": 0.26937270164489746,
        "rmsd": 1.5164556503295898,
        "dihedral_counts": [
            271,
            238,
            78,
            42
        ],
        "seq_len": 293,
        "num_sc": 271
    }
}