{
    "all": {
        "mean_mae": [
            26.29392433166504,
            21.61051368713379,
            39.19496154785156,
            35.102821350097656
        ],
        "mae_sr": 0.6451612710952759,
        "rmsd": 0.7127848267555237,
        "dihedral_counts": [
            93,
            68,
            29,
            14
        ],
        "seq_len": 127,
        "num_sc": 93,
        "clash_info": {
            "100": {
                "num_clashes": 18,
                "num_atom_pairs": 279891,
                "energy": 2.5433075428009033
            },
            "90": {
                "num_clashes": 1,
                "num_atom_pairs": 279891,
                "energy": 0.1321573257446289
            },
            "80": {
                "num_clashes": 0,
                "num_atom_pairs": 279891,
                "energy": 0.0
            }
        },
        "ca_rmsd": 15.494580268859863
    },
    "core": {
        "mean_mae": [
            11.941712379455566,
            17.216156005859375,
            23.83562469482422,
            0.0
        ],
        "mae_sr": 0.8695651888847351,
        "rmsd": 0.3223479986190796,
        "dihedral_counts": [
            23,
            15,
            3,
            0
        ],
        "seq_len": 29,
        "num_sc": 23
    },
    "surface": {
        "mean_mae": [
            44.12395095825195,
            29.26044464111328,
            41.51943588256836,
            38.725257873535156
        ],
        "mae_sr": 0.43478259444236755,
        "rmsd": 1.1191681623458862,
        "dihedral_counts": [
            46,
            36,
            22,
            12
        ],
        "seq_len": 67,
        "num_sc": 46
    }
}