{
    "all": {
        "mean_mae": [
            38.08652877807617,
            38.88969039916992,
            62.192588806152344,
            68.26272583007812
        ],
        "mae_sr": 0.32421875,
        "rmsd": 1.1470307111740112,
        "dihedral_counts": [
            256,
            208,
            66,
            32
        ],
        "seq_len": 289,
        "num_sc": 256,
        "clash_info": {
            "100": {
                "num_clashes": 63,
                "num_atom_pairs": 1903305,
                "energy": 8.145696640014648
            },
            "90": {
                "num_clashes": 5,
                "num_atom_pairs": 1903305,
                "energy": 1.134353518486023
            },
            "80": {
                "num_clashes": 2,
                "num_atom_pairs": 1903305,
                "energy": 0.08652710914611816
            }
        },
        "ca_rmsd": 45.276058197021484
    },
    "core": {
        "mean_mae": [
            19.7675724029541,
            33.22726058959961,
            40.135841369628906,
            7.40435266494751
        ],
        "mae_sr": 0.4318181872367859,
        "rmsd": 0.7463862895965576,
        "dihedral_counts": [
            44,
            35,
            7,
            3
        ],
        "seq_len": 51,
        "num_sc": 44
    },
    "surface": {
        "mean_mae": [
            42.90676498413086,
            40.36174392700195,
            61.05183792114258,
            78.18236541748047
        ],
        "mae_sr": 0.27272728085517883,
        "rmsd": 1.3280318975448608,
        "dihedral_counts": [
            143,
            116,
            49,
            24
        ],
        "seq_len": 165,
        "num_sc": 143
    }
}