{
    "all": {
        "mean_mae": [
            32.3056755065918,
            20.83194923400879,
            57.22835922241211,
            81.87381744384766
        ],
        "mae_sr": 0.5510203838348389,
        "rmsd": 0.8534592390060425,
        "dihedral_counts": [
            98,
            57,
            12,
            7
        ],
        "seq_len": 922,
        "num_sc": 98,
        "clash_info": {
            "100": {
                "num_clashes": 26,
                "num_atom_pairs": 308580,
                "energy": 3.884284496307373
            },
            "90": {
                "num_clashes": 2,
                "num_atom_pairs": 308580,
                "energy": 0.16438841819763184
            },
            "80": {
                "num_clashes": 0,
                "num_atom_pairs": 308580,
                "energy": 0.0
            }
        },
        "ca_rmsd": 86.69135284423828
    },
    "core": {
        "mean_mae": [
            20.584726333618164,
            21.867233276367188,
            0.0,
            0.0
        ],
        "mae_sr": 0.5,
        "rmsd": 0.5872194766998291,
        "dihedral_counts": [
            8,
            5,
            0,
            0
        ],
        "seq_len": 800,
        "num_sc": 8
    },
    "surface": {
        "mean_mae": [
            34.912174224853516,
            22.827028274536133,
            42.795806884765625,
            91.61483764648438
        ],
        "mae_sr": 0.5352112650871277,
        "rmsd": 0.924056351184845,
        "dihedral_counts": [
            71,
            38,
            8,
            4
        ],
        "seq_len": 99,
        "num_sc": 71
    }
}