{
    "all": {
        "mean_mae": [
            46.6764030456543,
            35.694244384765625,
            75.79727172851562,
            67.8557357788086
        ],
        "mae_sr": 0.4097222089767456,
        "rmsd": 1.5111560821533203,
        "dihedral_counts": [
            144,
            103,
            22,
            12
        ],
        "seq_len": 226,
        "num_sc": 144,
        "clash_info": {
            "100": {
                "num_clashes": 34,
                "num_atom_pairs": 673000,
                "energy": 3.8889646530151367
            },
            "90": {
                "num_clashes": 3,
                "num_atom_pairs": 673000,
                "energy": 0.5459977388381958
            },
            "80": {
                "num_clashes": 0,
                "num_atom_pairs": 673000,
                "energy": 0.0
            }
        },
        "ca_rmsd": 10.064151763916016
    },
    "core": {
        "mean_mae": [
            43.66722106933594,
            16.659603118896484,
            71.80943298339844,
            128.6339111328125
        ],
        "mae_sr": 0.47826087474823,
        "rmsd": 1.1146481037139893,
        "dihedral_counts": [
            23,
            14,
            5,
            1
        ],
        "seq_len": 87,
        "num_sc": 23
    },
    "surface": {
        "mean_mae": [
            53.29179763793945,
            36.019874572753906,
            88.16458129882812,
            54.259361267089844
        ],
        "mae_sr": 0.3255814015865326,
        "rmsd": 1.7059214115142822,
        "dihedral_counts": [
            86,
            67,
            13,
            9
        ],
        "seq_len": 94,
        "num_sc": 86
    }
}