{
    "all": {
        "mean_mae": [
            43.43006896972656,
            41.47638702392578,
            75.00595092773438,
            75.580322265625
        ],
        "mae_sr": 0.3779527544975281,
        "rmsd": 1.1856590509414673,
        "dihedral_counts": [
            127,
            81,
            36,
            19
        ],
        "seq_len": 172,
        "num_sc": 127,
        "clash_info": {
            "100": {
                "num_clashes": 33,
                "num_atom_pairs": 456404,
                "energy": 6.642607688903809
            },
            "90": {
                "num_clashes": 8,
                "num_atom_pairs": 456404,
                "energy": 1.7538998126983643
            },
            "80": {
                "num_clashes": 3,
                "num_atom_pairs": 456404,
                "energy": 0.27419304847717285
            }
        },
        "ca_rmsd": 117.86837005615234
    },
    "core": {
        "mean_mae": [
            41.1606330871582,
            28.53073501586914,
            74.46753692626953,
            114.81742095947266
        ],
        "mae_sr": 0.4871794879436493,
        "rmsd": 0.9831966757774353,
        "dihedral_counts": [
            39,
            25,
            3,
            1
        ],
        "seq_len": 67,
        "num_sc": 39
    },
    "surface": {
        "mean_mae": [
            41.02566909790039,
            43.718544006347656,
            61.36021041870117,
            69.8884506225586
        ],
        "mae_sr": 0.40740740299224854,
        "rmsd": 1.2060678005218506,
        "dihedral_counts": [
            54,
            31,
            19,
            10
        ],
        "seq_len": 68,
        "num_sc": 54
    }
}