{
    "all": {
        "mean_mae": [
            34.32720947265625,
            36.69725799560547,
            63.98897171020508,
            70.95960998535156
        ],
        "mae_sr": 0.4498269855976105,
        "rmsd": 1.1817872524261475,
        "dihedral_counts": [
            289,
            237,
            68,
            32
        ],
        "seq_len": 382,
        "num_sc": 289,
        "clash_info": {
            "100": {
                "num_clashes": 107,
                "num_atom_pairs": 3170435,
                "energy": 19.75044059753418
            },
            "90": {
                "num_clashes": 17,
                "num_atom_pairs": 3170435,
                "energy": 4.046605110168457
            },
            "80": {
                "num_clashes": 5,
                "num_atom_pairs": 3170435,
                "energy": 1.0688583850860596
            }
        },
        "ca_rmsd": 19.83879280090332
    },
    "core": {
        "mean_mae": [
            24.328203201293945,
            27.24173355102539,
            49.49029541015625,
            68.8768539428711
        ],
        "mae_sr": 0.5595238208770752,
        "rmsd": 0.8381329774856567,
        "dihedral_counts": [
            84,
            64,
            12,
            5
        ],
        "seq_len": 107,
        "num_sc": 84
    },
    "surface": {
        "mean_mae": [
            41.86867141723633,
            45.60110855102539,
            74.29574584960938,
            74.5525131225586
        ],
        "mae_sr": 0.3305084705352783,
        "rmsd": 1.5923421382904053,
        "dihedral_counts": [
            118,
            102,
            38,
            21
        ],
        "seq_len": 144,
        "num_sc": 118
    }
}