{
    "all": {
        "mean_mae": [
            68.28922271728516,
            49.4926872253418,
            85.8322525024414,
            41.31103515625
        ],
        "mae_sr": 0.20370370149612427,
        "rmsd": 1.9075560569763184,
        "dihedral_counts": [
            108,
            87,
            28,
            11
        ],
        "seq_len": 125,
        "num_sc": 108,
        "clash_info": {
            "100": {
                "num_clashes": 34,
                "num_atom_pairs": 389340,
                "energy": 6.485842704772949
            },
            "90": {
                "num_clashes": 5,
                "num_atom_pairs": 389340,
                "energy": 1.4447567462921143
            },
            "80": {
                "num_clashes": 1,
                "num_atom_pairs": 389340,
                "energy": 0.6072838306427002
            }
        },
        "ca_rmsd": 7.123727798461914
    },
    "core": {
        "mean_mae": [
            68.17615509033203,
            27.224878311157227,
            0.0,
            0.0
        ],
        "mae_sr": 0.5,
        "rmsd": 2.0770797729492188,
        "dihedral_counts": [
            4,
            3,
            0,
            0
        ],
        "seq_len": 4,
        "num_sc": 4
    },
    "surface": {
        "mean_mae": [
            66.03763580322266,
            46.60688400268555,
            86.02649688720703,
            34.85694122314453
        ],
        "mae_sr": 0.20779220759868622,
        "rmsd": 1.7682273387908936,
        "dihedral_counts": [
            77,
            62,
            25,
            10
        ],
        "seq_len": 89,
        "num_sc": 77
    }
}