{
    "all": {
        "mean_mae": [
            17.9053897857666,
            18.912555694580078,
            39.888397216796875,
            53.38249588012695
        ],
        "mae_sr": 0.6428571343421936,
        "rmsd": 0.7108662128448486,
        "dihedral_counts": [
            84,
            72,
            21,
            9
        ],
        "seq_len": 98,
        "num_sc": 84,
        "clash_info": {
            "100": {
                "num_clashes": 10,
                "num_atom_pairs": 231869,
                "energy": 0.8689827919006348
            },
            "90": {
                "num_clashes": 0,
                "num_atom_pairs": 231869,
                "energy": 0.0
            },
            "80": {
                "num_clashes": 0,
                "num_atom_pairs": 231869,
                "energy": 0.0
            }
        },
        "ca_rmsd": 0.37883511185646057
    },
    "core": {
        "mean_mae": [
            3.0455594062805176,
            18.784744262695312,
            22.742446899414062,
            0.0
        ],
        "mae_sr": 0.7777777910232544,
        "rmsd": 0.26807183027267456,
        "dihedral_counts": [
            9,
            8,
            1,
            0
        ],
        "seq_len": 13,
        "num_sc": 9
    },
    "surface": {
        "mean_mae": [
            26.828866958618164,
            23.791269302368164,
            41.58557891845703,
            77.20781707763672
        ],
        "mae_sr": 0.5490196347236633,
        "rmsd": 0.9302993416786194,
        "dihedral_counts": [
            51,
            41,
            14,
            6
        ],
        "seq_len": 60,
        "num_sc": 51
    }
}