{
    "all": {
        "mean_mae": [
            29.232221603393555,
            24.143125534057617,
            60.211429595947266,
            58.497108459472656
        ],
        "mae_sr": 0.5714285969734192,
        "rmsd": 0.8031463027000427,
        "dihedral_counts": [
            126,
            91,
            27,
            13
        ],
        "seq_len": 190,
        "num_sc": 126,
        "clash_info": {
            "100": {
                "num_clashes": 16,
                "num_atom_pairs": 444447,
                "energy": 1.3927466869354248
            },
            "90": {
                "num_clashes": 1,
                "num_atom_pairs": 444447,
                "energy": 0.02655172348022461
            },
            "80": {
                "num_clashes": 0,
                "num_atom_pairs": 444447,
                "energy": 0.0
            }
        },
        "ca_rmsd": 24.96718978881836
    },
    "core": {
        "mean_mae": [
            15.578600883483887,
            8.296966552734375,
            17.11361312866211,
            5.950228691101074
        ],
        "mae_sr": 0.8518518805503845,
        "rmsd": 0.3681684732437134,
        "dihedral_counts": [
            27,
            15,
            5,
            1
        ],
        "seq_len": 77,
        "num_sc": 27
    },
    "surface": {
        "mean_mae": [
            41.609375,
            32.721004486083984,
            76.37644958496094,
            78.79107666015625
        ],
        "mae_sr": 0.37704917788505554,
        "rmsd": 1.10491943359375,
        "dihedral_counts": [
            61,
            48,
            16,
            8
        ],
        "seq_len": 73,
        "num_sc": 61
    }
}