{
    "all": {
        "mean_mae": [
            32.36993408203125,
            23.47119140625,
            67.810302734375,
            51.69904708862305
        ],
        "mae_sr": 0.5102040767669678,
        "rmsd": 0.8000734448432922,
        "dihedral_counts": [
            98,
            57,
            12,
            7
        ],
        "seq_len": 922,
        "num_sc": 98,
        "clash_info": {
            "100": {
                "num_clashes": 18,
                "num_atom_pairs": 308580,
                "energy": 2.3536152839660645
            },
            "90": {
                "num_clashes": 1,
                "num_atom_pairs": 308580,
                "energy": 0.02922224998474121
            },
            "80": {
                "num_clashes": 0,
                "num_atom_pairs": 308580,
                "energy": 0.0
            }
        },
        "ca_rmsd": 91.94886779785156
    },
    "core": {
        "mean_mae": [
            20.233318328857422,
            39.95647430419922,
            0.0,
            0.0
        ],
        "mae_sr": 0.5,
        "rmsd": 0.5569356083869934,
        "dihedral_counts": [
            8,
            5,
            0,
            0
        ],
        "seq_len": 800,
        "num_sc": 8
    },
    "surface": {
        "mean_mae": [
            35.814517974853516,
            22.7005615234375,
            43.038604736328125,
            55.64729309082031
        ],
        "mae_sr": 0.5070422291755676,
        "rmsd": 0.8412821888923645,
        "dihedral_counts": [
            71,
            38,
            8,
            4
        ],
        "seq_len": 99,
        "num_sc": 71
    }
}