{
    "all": {
        "mean_mae": [
            30.949745178222656,
            38.75613784790039,
            59.70708084106445,
            40.78293228149414
        ],
        "mae_sr": 0.4740484356880188,
        "rmsd": 1.1152822971343994,
        "dihedral_counts": [
            289,
            237,
            68,
            32
        ],
        "seq_len": 382,
        "num_sc": 289,
        "clash_info": {
            "100": {
                "num_clashes": 88,
                "num_atom_pairs": 3170435,
                "energy": 21.428251266479492
            },
            "90": {
                "num_clashes": 25,
                "num_atom_pairs": 3170435,
                "energy": 6.116177558898926
            },
            "80": {
                "num_clashes": 7,
                "num_atom_pairs": 3170435,
                "energy": 1.4409348964691162
            }
        },
        "ca_rmsd": 19.83690643310547
    },
    "core": {
        "mean_mae": [
            20.103179931640625,
            34.10904312133789,
            76.57857513427734,
            24.312137603759766
        ],
        "mae_sr": 0.5476190447807312,
        "rmsd": 0.8664405345916748,
        "dihedral_counts": [
            84,
            64,
            12,
            5
        ],
        "seq_len": 107,
        "num_sc": 84
    },
    "surface": {
        "mean_mae": [
            39.74618148803711,
            49.220943450927734,
            62.01915740966797,
            40.18462371826172
        ],
        "mae_sr": 0.33898305892944336,
        "rmsd": 1.4813371896743774,
        "dihedral_counts": [
            118,
            102,
            38,
            21
        ],
        "seq_len": 144,
        "num_sc": 118
    }
}