{
    "all": {
        "rmsd": 1.0435911417007446,
        "mae_sr": 0.43880072236061096,
        "mean_mae": [
            35.25946044921875,
            34.1142463684082,
            51.57191848754883,
            51.90497589111328
        ],
        "dihedral_counts": [
            14707,
            11279,
            3812,
            1806
        ],
        "num_sc": 14708,
        "mean_seq_len": 295.43939208984375,
        "ca_rmsd": 27.038503646850586,
        "clash_info": {
            "100": {
                "energy": 14.177763938903809,
                "num_atom_pairs": 2408216.0,
                "num_clashes": 62.3636360168457
            },
            "90": {
                "energy": 3.95363187789917,
                "num_atom_pairs": 2408216.0,
                "num_clashes": 14.28787899017334
            },
            "80": {
                "energy": 1.3667654991149902,
                "num_atom_pairs": 2408216.0,
                "num_clashes": 4.28787899017334
            }
        }
    },
    "core": {
        "rmsd": 0.6591469049453735,
        "mae_sr": 0.6368624567985535,
        "mean_mae": [
            20.612262725830078,
            24.868520736694336,
            42.83230209350586,
            36.44736099243164
        ],
        "dihedral_counts": [
            3867,
            2834,
            541,
            230
        ],
        "num_sc": 3867,
        "mean_seq_len": 105.54545593261719
    },
    "surface": {
        "rmsd": 1.2382105588912964,
        "mae_sr": 0.3445861041545868,
        "mean_mae": [
            42.58757400512695,
            38.60521697998047,
            51.34018325805664,
            53.61956787109375
        ],
        "dihedral_counts": [
            7341,
            5728,
            2428,
            1164
        ],
        "num_sc": 7342,
        "mean_seq_len": 128.56060791015625
    }
}