{
    "all": {
        "mean_mae": [
            51.61350631713867,
            46.116180419921875,
            43.981712341308594,
            24.154254913330078
        ],
        "mae_sr": 0.20529800653457642,
        "rmsd": 1.450143814086914,
        "dihedral_counts": [
            151,
            128,
            44,
            20
        ],
        "seq_len": 161,
        "num_sc": 151,
        "clash_info": {
            "100": {
                "num_clashes": 19,
                "num_atom_pairs": 683399,
                "energy": 2.334005832672119
            },
            "90": {
                "num_clashes": 1,
                "num_atom_pairs": 683399,
                "energy": 0.14114594459533691
            },
            "80": {
                "num_clashes": 0,
                "num_atom_pairs": 683399,
                "energy": 0.0
            }
        },
        "ca_rmsd": 17.636167526245117
    },
    "core": {
        "mean_mae": [
            45.47459030151367,
            43.98008728027344,
            50.091346740722656,
            58.85163497924805
        ],
        "mae_sr": 0.22857142984867096,
        "rmsd": 1.4277006387710571,
        "dihedral_counts": [
            35,
            32,
            5,
            2
        ],
        "seq_len": 40,
        "num_sc": 35
    },
    "surface": {
        "mean_mae": [
            58.007225036621094,
            36.659393310546875,
            30.107994079589844,
            21.86008644104004
        ],
        "mae_sr": 0.21621622145175934,
        "rmsd": 1.5658386945724487,
        "dihedral_counts": [
            74,
            62,
            26,
            14
        ],
        "seq_len": 77,
        "num_sc": 74
    }
}