{
    "all": {
        "mean_mae": [
            30.43108558654785,
            36.653228759765625,
            50.383888244628906,
            41.550594329833984
        ],
        "mae_sr": 0.4225352108478546,
        "rmsd": 0.9571855068206787,
        "dihedral_counts": [
            212,
            167,
            59,
            28
        ],
        "seq_len": 242,
        "num_sc": 213,
        "clash_info": {
            "100": {
                "num_clashes": 41,
                "num_atom_pairs": 1409892,
                "energy": 7.499686241149902
            },
            "90": {
                "num_clashes": 8,
                "num_atom_pairs": 1409892,
                "energy": 1.3903398513793945
            },
            "80": {
                "num_clashes": 2,
                "num_atom_pairs": 1409892,
                "energy": 0.13598847389221191
            }
        },
        "ca_rmsd": 1.667419672012329
    },
    "core": {
        "mean_mae": [
            19.156251907348633,
            22.34949493408203,
            61.94927215576172,
            27.744037628173828
        ],
        "mae_sr": 0.65625,
        "rmsd": 0.5755078196525574,
        "dihedral_counts": [
            64,
            47,
            5,
            1
        ],
        "seq_len": 77,
        "num_sc": 64
    },
    "surface": {
        "mean_mae": [
            36.740081787109375,
            44.0780143737793,
            45.531471252441406,
            52.198699951171875
        ],
        "mae_sr": 0.2680412232875824,
        "rmsd": 1.187813401222229,
        "dihedral_counts": [
            96,
            81,
            40,
            20
        ],
        "seq_len": 109,
        "num_sc": 97
    }
}