{
    "all": {
        "rmsd": 1.0256108045578003,
        "mae_sr": 0.44079864025115967,
        "mean_mae": [
            33.929039001464844,
            32.890350341796875,
            51.13203430175781,
            55.491188049316406
        ],
        "dihedral_counts": [
            14707,
            11279,
            3812,
            1806
        ],
        "num_sc": 14708,
        "mean_seq_len": 295.43939208984375,
        "ca_rmsd": 16.709564208984375,
        "clash_info": {
            "100": {
                "energy": 7.8104047775268555,
                "num_atom_pairs": 684447.0,
                "num_clashes": 52.0
            },
            "90": {
                "energy": 1.0076097249984741,
                "num_atom_pairs": 684447.0,
                "num_clashes": 7.5
            },
            "80": {
                "energy": 0.03843796253204346,
                "num_atom_pairs": 684447.0,
                "num_clashes": 1.0
            }
        }
    },
    "core": {
        "rmsd": 0.5747685432434082,
        "mae_sr": 0.7279245853424072,
        "mean_mae": [
            17.796546936035156,
            18.464672088623047,
            35.07341766357422,
            21.64189910888672
        ],
        "dihedral_counts": [
            3867,
            2834,
            541,
            230
        ],
        "num_sc": 3867,
        "mean_seq_len": 105.54545593261719
    },
    "surface": {
        "rmsd": 1.3357445001602173,
        "mae_sr": 0.3495749533176422,
        "mean_mae": [
            43.426422119140625,
            38.37108612060547,
            52.959171295166016,
            58.672027587890625
        ],
        "dihedral_counts": [
            7341,
            5728,
            2428,
            1164
        ],
        "num_sc": 7342,
        "mean_seq_len": 128.56060791015625
    }
}