{
    "all": {
        "mean_mae": [
            27.65781021118164,
            26.355365753173828,
            47.48783493041992,
            65.37541198730469
        ],
        "mae_sr": 0.6075268983840942,
        "rmsd": 0.9310600757598877,
        "dihedral_counts": [
            186,
            136,
            63,
            32
        ],
        "seq_len": 264,
        "num_sc": 186,
        "clash_info": {
            "100": {
                "num_clashes": 86,
                "num_atom_pairs": 1171742,
                "energy": 16.05744743347168
            },
            "90": {
                "num_clashes": 13,
                "num_atom_pairs": 1171742,
                "energy": 3.038390636444092
            },
            "80": {
                "num_clashes": 2,
                "num_atom_pairs": 1171742,
                "energy": 0.6972111463546753
            }
        },
        "ca_rmsd": 24.459426879882812
    },
    "core": {
        "mean_mae": [
            13.678565979003906,
            7.713712692260742,
            13.808473587036133,
            47.20033264160156
        ],
        "mae_sr": 0.890625,
        "rmsd": 0.38514548540115356,
        "dihedral_counts": [
            64,
            43,
            10,
            4
        ],
        "seq_len": 116,
        "num_sc": 64
    },
    "surface": {
        "mean_mae": [
            37.07452392578125,
            38.20753860473633,
            62.70634078979492,
            68.75685119628906
        ],
        "mae_sr": 0.4470588266849518,
        "rmsd": 1.3613864183425903,
        "dihedral_counts": [
            85,
            67,
            39,
            21
        ],
        "seq_len": 104,
        "num_sc": 85
    }
}