{
    "all": {
        "mean_mae": [
            46.314292907714844,
            40.38199234008789,
            55.78532791137695,
            67.86964416503906
        ],
        "mae_sr": 0.3333333432674408,
        "rmsd": 1.341637134552002,
        "dihedral_counts": [
            390,
            340,
            91,
            47
        ],
        "seq_len": 426,
        "num_sc": 390,
        "clash_info": {
            "100": {
                "num_clashes": 122,
                "num_atom_pairs": 4626885,
                "energy": 19.956205368041992
            },
            "90": {
                "num_clashes": 17,
                "num_atom_pairs": 4626885,
                "energy": 2.294823169708252
            },
            "80": {
                "num_clashes": 0,
                "num_atom_pairs": 4626885,
                "energy": 0.0
            }
        },
        "ca_rmsd": 2.409081220626831
    },
    "core": {
        "mean_mae": [
            20.900304794311523,
            29.543617248535156,
            37.553062438964844,
            31.925533294677734
        ],
        "mae_sr": 0.5714285969734192,
        "rmsd": 0.7549915909767151,
        "dihedral_counts": [
            35,
            32,
            4,
            1
        ],
        "seq_len": 39,
        "num_sc": 35
    },
    "surface": {
        "mean_mae": [
            53.4647331237793,
            41.93202590942383,
            57.357215881347656,
            65.54173278808594
        ],
        "mae_sr": 0.2804428040981293,
        "rmsd": 1.5106309652328491,
        "dihedral_counts": [
            271,
            238,
            78,
            42
        ],
        "seq_len": 293,
        "num_sc": 271
    }
}