{
    "all": {
        "mean_mae": [
            17.735239028930664,
            23.01026725769043,
            57.3160514831543,
            64.61923217773438
        ],
        "mae_sr": 0.6445783376693726,
        "rmsd": 0.8123695850372314,
        "dihedral_counts": [
            166,
            130,
            58,
            29
        ],
        "seq_len": 211,
        "num_sc": 166,
        "clash_info": {
            "100": {
                "num_clashes": 44,
                "num_atom_pairs": 863786,
                "energy": 7.03902006149292
            },
            "90": {
                "num_clashes": 6,
                "num_atom_pairs": 863786,
                "energy": 0.7270846366882324
            },
            "80": {
                "num_clashes": 1,
                "num_atom_pairs": 863786,
                "energy": 0.1290130615234375
            }
        },
        "ca_rmsd": 17.003887176513672
    },
    "core": {
        "mean_mae": [
            6.654378890991211,
            10.976054191589355,
            42.966033935546875,
            11.651626586914062
        ],
        "mae_sr": 0.914893627166748,
        "rmsd": 0.28947603702545166,
        "dihedral_counts": [
            47,
            31,
            7,
            3
        ],
        "seq_len": 82,
        "num_sc": 47
    },
    "surface": {
        "mean_mae": [
            26.886253356933594,
            31.510507583618164,
            63.63924026489258,
            75.76139831542969
        ],
        "mae_sr": 0.4597701132297516,
        "rmsd": 1.1659958362579346,
        "dihedral_counts": [
            87,
            71,
            39,
            20
        ],
        "seq_len": 95,
        "num_sc": 87
    }
}