{
    "all": {
        "mean_mae": [
            17.093982696533203,
            15.04755973815918,
            42.413848876953125,
            62.90182113647461
        ],
        "mae_sr": 0.7027027010917664,
        "rmsd": 0.7289207577705383,
        "dihedral_counts": [
            111,
            79,
            33,
            18
        ],
        "seq_len": 202,
        "num_sc": 111,
        "clash_info": {
            "100": {
                "num_clashes": 31,
                "num_atom_pairs": 379543,
                "energy": 5.037153720855713
            },
            "90": {
                "num_clashes": 3,
                "num_atom_pairs": 379543,
                "energy": 0.764045238494873
            },
            "80": {
                "num_clashes": 1,
                "num_atom_pairs": 379543,
                "energy": 0.1029202938079834
            }
        },
        "ca_rmsd": 21.903318405151367
    },
    "core": {
        "mean_mae": [
            7.512271881103516,
            3.905200719833374,
            3.705789566040039,
            3.176447868347168
        ],
        "mae_sr": 0.9583333134651184,
        "rmsd": 0.29689034819602966,
        "dihedral_counts": [
            24,
            13,
            3,
            1
        ],
        "seq_len": 101,
        "num_sc": 24
    },
    "surface": {
        "mean_mae": [
            27.044675827026367,
            22.56093978881836,
            46.93886947631836,
            64.03929138183594
        ],
        "mae_sr": 0.5178571343421936,
        "rmsd": 1.0876710414886475,
        "dihedral_counts": [
            56,
            45,
            23,
            13
        ],
        "seq_len": 67,
        "num_sc": 56
    }
}