{
    "all": {
        "mean_mae": [
            55.424007415771484,
            47.31658935546875,
            57.531124114990234,
            62.91087341308594
        ],
        "mae_sr": 0.21959459781646729,
        "rmsd": 1.5477591753005981,
        "dihedral_counts": [
            592,
            480,
            169,
            75
        ],
        "seq_len": 665,
        "num_sc": 592,
        "clash_info": {
            "100": {
                "num_clashes": 196,
                "num_atom_pairs": 10489017,
                "energy": 28.417865753173828
            },
            "90": {
                "num_clashes": 20,
                "num_atom_pairs": 10489017,
                "energy": 3.5438828468322754
            },
            "80": {
                "num_clashes": 4,
                "num_atom_pairs": 10489017,
                "energy": 0.38857388496398926
            }
        },
        "ca_rmsd": 32.92535400390625
    },
    "core": {
        "mean_mae": [
            38.80704879760742,
            36.13731002807617,
            64.35327911376953,
            41.9015998840332
        ],
        "mae_sr": 0.4117647111415863,
        "rmsd": 1.101826548576355,
        "dihedral_counts": [
            85,
            64,
            11,
            2
        ],
        "seq_len": 99,
        "num_sc": 85
    },
    "surface": {
        "mean_mae": [
            59.20793533325195,
            51.754661560058594,
            57.82099914550781,
            67.0414810180664
        ],
        "mae_sr": 0.16155989468097687,
        "rmsd": 1.716972827911377,
        "dihedral_counts": [
            359,
            300,
            124,
            55
        ],
        "seq_len": 389,
        "num_sc": 359
    }
}