{
    "all": {
        "mean_mae": [
            46.331912994384766,
            41.37788772583008,
            63.00422286987305,
            66.27201080322266
        ],
        "mae_sr": 0.32692307233810425,
        "rmsd": 1.3245381116867065,
        "dihedral_counts": [
            52,
            47,
            19,
            7
        ],
        "seq_len": 255,
        "num_sc": 52,
        "clash_info": {
            "100": {
                "num_clashes": 20,
                "num_atom_pairs": 89640,
                "energy": 3.8210737705230713
            },
            "90": {
                "num_clashes": 3,
                "num_atom_pairs": 89640,
                "energy": 0.5252206325531006
            },
            "80": {
                "num_clashes": 1,
                "num_atom_pairs": 89640,
                "energy": 0.023131370544433594
            }
        },
        "ca_rmsd": 47.12476348876953
    },
    "core": {
        "mean_mae": [
            50.571876525878906,
            13.494355201721191,
            0.0,
            0.0
        ],
        "mae_sr": 0.6000000238418579,
        "rmsd": 0.8550179600715637,
        "dihedral_counts": [
            5,
            3,
            0,
            0
        ],
        "seq_len": 201,
        "num_sc": 5
    },
    "surface": {
        "mean_mae": [
            54.26233673095703,
            48.23630905151367,
            63.11301803588867,
            68.57560729980469
        ],
        "mae_sr": 0.21052631735801697,
        "rmsd": 1.5714871883392334,
        "dihedral_counts": [
            38,
            35,
            16,
            6
        ],
        "seq_len": 43,
        "num_sc": 38
    }
}