{
    "all": {
        "mean_mae": [
            19.090591430664062,
            12.271430969238281,
            37.07733917236328,
            48.12565612792969
        ],
        "mae_sr": 0.6567164063453674,
        "rmsd": 0.6533274054527283,
        "dihedral_counts": [
            67,
            53,
            26,
            9
        ],
        "seq_len": 97,
        "num_sc": 67,
        "clash_info": {
            "100": {
                "num_clashes": 16,
                "num_atom_pairs": 137256,
                "energy": 2.0968871116638184
            },
            "90": {
                "num_clashes": 1,
                "num_atom_pairs": 137256,
                "energy": 0.03474760055541992
            },
            "80": {
                "num_clashes": 0,
                "num_atom_pairs": 137256,
                "energy": 0.0
            }
        },
        "ca_rmsd": 16.902929306030273
    },
    "core": {
        "mean_mae": [
            5.1989665031433105,
            5.225426197052002,
            0.0,
            0.0
        ],
        "mae_sr": 1.0,
        "rmsd": 0.1610957533121109,
        "dihedral_counts": [
            11,
            6,
            0,
            0
        ],
        "seq_len": 33,
        "num_sc": 11
    },
    "surface": {
        "mean_mae": [
            25.374956130981445,
            14.482989311218262,
            34.88286209106445,
            48.12565994262695
        ],
        "mae_sr": 0.5128205418586731,
        "rmsd": 0.8955395221710205,
        "dihedral_counts": [
            39,
            34,
            20,
            9
        ],
        "seq_len": 46,
        "num_sc": 39
    }
}