{
    "all": {
        "mean_mae": [
            21.52301788330078,
            35.643714904785156,
            49.22734832763672,
            58.217811584472656
        ],
        "mae_sr": 0.47058823704719543,
        "rmsd": 0.9785526394844055,
        "dihedral_counts": [
            68,
            59,
            30,
            11
        ],
        "seq_len": 93,
        "num_sc": 68,
        "clash_info": {
            "100": {
                "num_clashes": 15,
                "num_atom_pairs": 179859,
                "energy": 1.7618961334228516
            },
            "90": {
                "num_clashes": 1,
                "num_atom_pairs": 179859,
                "energy": 0.1511852741241455
            },
            "80": {
                "num_clashes": 0,
                "num_atom_pairs": 179859,
                "energy": 0.0
            }
        },
        "ca_rmsd": 2.576435089111328
    },
    "core": {
        "mean_mae": [
            4.381857395172119,
            6.004726409912109,
            4.178635597229004,
            0.0
        ],
        "mae_sr": 0.8999999761581421,
        "rmsd": 0.3125389516353607,
        "dihedral_counts": [
            10,
            9,
            2,
            0
        ],
        "seq_len": 17,
        "num_sc": 10
    },
    "surface": {
        "mean_mae": [
            27.94691276550293,
            39.56340408325195,
            52.622100830078125,
            56.11083221435547
        ],
        "mae_sr": 0.3888888955116272,
        "rmsd": 1.1283466815948486,
        "dihedral_counts": [
            36,
            30,
            16,
            7
        ],
        "seq_len": 48,
        "num_sc": 36
    }
}