{
    "all": {
        "mean_mae": [
            29.62120246887207,
            33.25090026855469,
            47.12150192260742,
            83.52174377441406
        ],
        "mae_sr": 0.4430379867553711,
        "rmsd": 1.2819417715072632,
        "dihedral_counts": [
            79,
            68,
            34,
            15
        ],
        "seq_len": 98,
        "num_sc": 79,
        "clash_info": {
            "100": {
                "num_clashes": 28,
                "num_atom_pairs": 224702,
                "energy": 6.777866363525391
            },
            "90": {
                "num_clashes": 6,
                "num_atom_pairs": 224702,
                "energy": 0.8309879302978516
            },
            "80": {
                "num_clashes": 1,
                "num_atom_pairs": 224702,
                "energy": 0.004541158676147461
            }
        },
        "ca_rmsd": 8.186396598815918
    },
    "core": {
        "mean_mae": [
            12.84930419921875,
            10.493979454040527,
            18.562213897705078,
            0.0
        ],
        "mae_sr": 0.75,
        "rmsd": 0.5508971214294434,
        "dihedral_counts": [
            12,
            9,
            1,
            0
        ],
        "seq_len": 13,
        "num_sc": 12
    },
    "surface": {
        "mean_mae": [
            39.49451446533203,
            45.35911560058594,
            49.63159942626953,
            75.07515716552734
        ],
        "mae_sr": 0.3333333432674408,
        "rmsd": 1.5887138843536377,
        "dihedral_counts": [
            51,
            44,
            26,
            12
        ],
        "seq_len": 61,
        "num_sc": 51
    }
}