{
    "all": {
        "mean_mae": [
            33.50248336791992,
            34.141483306884766,
            48.23109817504883,
            49.505489349365234
        ],
        "mae_sr": 0.4084506928920746,
        "rmsd": 1.0178812742233276,
        "dihedral_counts": [
            212,
            167,
            59,
            28
        ],
        "seq_len": 242,
        "num_sc": 213,
        "clash_info": {
            "100": {
                "num_clashes": 54,
                "num_atom_pairs": 1409892,
                "energy": 7.6967926025390625
            },
            "90": {
                "num_clashes": 6,
                "num_atom_pairs": 1409892,
                "energy": 0.5188109874725342
            },
            "80": {
                "num_clashes": 0,
                "num_atom_pairs": 1409892,
                "energy": 0.0
            }
        },
        "ca_rmsd": 1.6674200296401978
    },
    "core": {
        "mean_mae": [
            20.780527114868164,
            14.357891082763672,
            55.16814041137695,
            5.67431640625
        ],
        "mae_sr": 0.625,
        "rmsd": 0.5709202289581299,
        "dihedral_counts": [
            64,
            47,
            5,
            1
        ],
        "seq_len": 77,
        "num_sc": 64
    },
    "surface": {
        "mean_mae": [
            38.356441497802734,
            41.79153823852539,
            45.455352783203125,
            66.83586120605469
        ],
        "mae_sr": 0.2886597812175751,
        "rmsd": 1.2153453826904297,
        "dihedral_counts": [
            96,
            81,
            40,
            20
        ],
        "seq_len": 109,
        "num_sc": 97
    }
}