{
    "all": {
        "mean_mae": [
            47.608642578125,
            47.49360275268555,
            52.651893615722656,
            53.028987884521484
        ],
        "mae_sr": 0.30000001192092896,
        "rmsd": 1.4700120687484741,
        "dihedral_counts": [
            440,
            364,
            121,
            66
        ],
        "seq_len": 464,
        "num_sc": 440,
        "clash_info": {
            "100": {
                "num_clashes": 141,
                "num_atom_pairs": 5583048,
                "energy": 22.523183822631836
            },
            "90": {
                "num_clashes": 17,
                "num_atom_pairs": 5583048,
                "energy": 3.9136083126068115
            },
            "80": {
                "num_clashes": 3,
                "num_atom_pairs": 5583048,
                "energy": 0.6156742572784424
            }
        },
        "ca_rmsd": 36.9968376159668
    },
    "core": {
        "mean_mae": [
            27.49947166442871,
            43.74437713623047,
            112.75505065917969,
            98.93305969238281
        ],
        "mae_sr": 0.35555556416511536,
        "rmsd": 0.9327267408370972,
        "dihedral_counts": [
            45,
            40,
            5,
            2
        ],
        "seq_len": 48,
        "num_sc": 45
    },
    "surface": {
        "mean_mae": [
            53.304298400878906,
            47.04436111450195,
            47.32317352294922,
            53.95191192626953
        ],
        "mae_sr": 0.2596491277217865,
        "rmsd": 1.6541048288345337,
        "dihedral_counts": [
            285,
            234,
            98,
            55
        ],
        "seq_len": 303,
        "num_sc": 285
    }
}