{
    "all": {
        "mean_mae": [
            23.41507339477539,
            26.142736434936523,
            51.104618072509766,
            78.91327667236328
        ],
        "mae_sr": 0.5531914830207825,
        "rmsd": 0.8870845437049866,
        "dihedral_counts": [
            282,
            231,
            85,
            41
        ],
        "seq_len": 370,
        "num_sc": 282,
        "clash_info": {
            "100": {
                "num_clashes": 104,
                "num_atom_pairs": 2864125,
                "energy": 17.157560348510742
            },
            "90": {
                "num_clashes": 16,
                "num_atom_pairs": 2864125,
                "energy": 3.5480916500091553
            },
            "80": {
                "num_clashes": 3,
                "num_atom_pairs": 2864125,
                "energy": 0.7488975524902344
            }
        },
        "ca_rmsd": 7.159914493560791
    },
    "core": {
        "mean_mae": [
            16.603084564208984,
            18.259506225585938,
            35.891536712646484,
            81.2108383178711
        ],
        "mae_sr": 0.7155172228813171,
        "rmsd": 0.5859793424606323,
        "dihedral_counts": [
            116,
            87,
            22,
            12
        ],
        "seq_len": 170,
        "num_sc": 116
    },
    "surface": {
        "mean_mae": [
            32.405941009521484,
            31.639080047607422,
            54.720577239990234,
            70.47183990478516
        ],
        "mae_sr": 0.3958333432674408,
        "rmsd": 1.2271757125854492,
        "dihedral_counts": [
            96,
            85,
            43,
            19
        ],
        "seq_len": 118,
        "num_sc": 96
    }
}