{
    "all": {
        "mean_mae": [
            39.62916564941406,
            46.39557647705078,
            78.86740112304688,
            98.61418914794922
        ],
        "mae_sr": 0.4193548262119293,
        "rmsd": 1.3640198707580566,
        "dihedral_counts": [
            62,
            45,
            22,
            11
        ],
        "seq_len": 350,
        "num_sc": 62,
        "clash_info": {
            "100": {
                "num_clashes": 9,
                "num_atom_pairs": 110271,
                "energy": 1.7586209774017334
            },
            "90": {
                "num_clashes": 3,
                "num_atom_pairs": 110271,
                "energy": 0.5403721332550049
            },
            "80": {
                "num_clashes": 1,
                "num_atom_pairs": 110271,
                "energy": 0.08099794387817383
            }
        },
        "ca_rmsd": 94.49114990234375
    },
    "core": {
        "mean_mae": [
            4.6795196533203125,
            12.3280611038208,
            0.0,
            0.0
        ],
        "mae_sr": 1.0,
        "rmsd": 0.5760318040847778,
        "dihedral_counts": [
            3,
            2,
            0,
            0
        ],
        "seq_len": 283,
        "num_sc": 3
    },
    "surface": {
        "mean_mae": [
            47.4535026550293,
            52.664024353027344,
            78.86740112304688,
            98.61418914794922
        ],
        "mae_sr": 0.27659574151039124,
        "rmsd": 1.6447495222091675,
        "dihedral_counts": [
            47,
            36,
            22,
            11
        ],
        "seq_len": 55,
        "num_sc": 47
    }
}