{
    "all": {
        "mean_mae": [
            33.373470306396484,
            32.438419342041016,
            65.49971771240234,
            61.205326080322266
        ],
        "mae_sr": 0.5233160853385925,
        "rmsd": 0.9100123047828674,
        "dihedral_counts": [
            193,
            120,
            32,
            15
        ],
        "seq_len": 266,
        "num_sc": 193,
        "clash_info": {
            "100": {
                "num_clashes": 38,
                "num_atom_pairs": 1177355,
                "energy": 5.297748565673828
            },
            "90": {
                "num_clashes": 5,
                "num_atom_pairs": 1177355,
                "energy": 0.6422858238220215
            },
            "80": {
                "num_clashes": 1,
                "num_atom_pairs": 1177355,
                "energy": 0.1322035789489746
            }
        },
        "ca_rmsd": 112.43011474609375
    },
    "core": {
        "mean_mae": [
            22.995380401611328,
            27.14047622680664,
            25.49633026123047,
            19.03299903869629
        ],
        "mae_sr": 0.6388888955116272,
        "rmsd": 0.5759969353675842,
        "dihedral_counts": [
            72,
            37,
            6,
            3
        ],
        "seq_len": 97,
        "num_sc": 72
    },
    "surface": {
        "mean_mae": [
            48.80110549926758,
            37.04179382324219,
            82.49061584472656,
            75.63235473632812
        ],
        "mae_sr": 0.41558441519737244,
        "rmsd": 1.3278177976608276,
        "dihedral_counts": [
            77,
            51,
            17,
            11
        ],
        "seq_len": 112,
        "num_sc": 77
    }
}