{
    "all": {
        "rmsd": 0.9192599058151245,
        "mae_sr": 0.52173912525177,
        "mean_mae": [
            30.60700035095215,
            30.848175048828125,
            56.16569137573242,
            70.50592041015625
        ],
        "dihedral_counts": [
            17962,
            13381,
            4406,
            2035
        ],
        "num_sc": 17962,
        "mean_seq_len": 354.4507141113281,
        "ca_rmsd": 15.881302833557129,
        "clash_info": {
            "100": {
                "energy": 11.006343841552734,
                "num_atom_pairs": 1392006.0,
                "num_clashes": 64.0
            },
            "90": {
                "energy": 1.9522035121917725,
                "num_atom_pairs": 1392006.0,
                "num_clashes": 10.0
            },
            "80": {
                "energy": 0.29204320907592773,
                "num_atom_pairs": 1392006.0,
                "num_clashes": 2.0
            }
        }
    },
    "core": {
        "rmsd": 0.5635278820991516,
        "mae_sr": 0.7155172228813171,
        "mean_mae": [
            16.603084564208984,
            19.30938720703125,
            44.36296844482422,
            54.07012939453125
        ],
        "dihedral_counts": [
            5861,
            4211,
            841,
            355
        ],
        "num_sc": 5861,
        "mean_seq_len": 148.81689453125
    },
    "surface": {
        "rmsd": 1.1503275632858276,
        "mae_sr": 0.40229883790016174,
        "mean_mae": [
            38.1598014831543,
            35.6685791015625,
            59.03994369506836,
            71.3287124633789
        ],
        "dihedral_counts": [
            8380,
            6331,
            2647,
            1223
        ],
        "num_sc": 8380,
        "mean_seq_len": 143.7042236328125
    }
}