{
    "all": {
        "mean_mae": [
            24.271282196044922,
            24.96560287475586,
            60.02836608886719,
            70.72561645507812
        ],
        "mae_sr": 0.6083333492279053,
        "rmsd": 0.8537318706512451,
        "dihedral_counts": [
            240,
            186,
            63,
            34
        ],
        "seq_len": 310,
        "num_sc": 240,
        "clash_info": {
            "100": {
                "num_clashes": 80,
                "num_atom_pairs": 1863165,
                "energy": 15.683178901672363
            },
            "90": {
                "num_clashes": 13,
                "num_atom_pairs": 1863165,
                "energy": 4.4965057373046875
            },
            "80": {
                "num_clashes": 5,
                "num_atom_pairs": 1863165,
                "energy": 1.4696182012557983
            }
        },
        "ca_rmsd": 17.12224006652832
    },
    "core": {
        "mean_mae": [
            15.956975936889648,
            20.087417602539062,
            63.86478805541992,
            58.967742919921875
        ],
        "mae_sr": 0.782608687877655,
        "rmsd": 0.6268181204795837,
        "dihedral_counts": [
            92,
            68,
            15,
            7
        ],
        "seq_len": 135,
        "num_sc": 92
    },
    "surface": {
        "mean_mae": [
            29.124849319458008,
            27.85395050048828,
            55.28607177734375,
            67.04474639892578
        ],
        "mae_sr": 0.5,
        "rmsd": 0.9734891653060913,
        "dihedral_counts": [
            92,
            74,
            32,
            18
        ],
        "seq_len": 112,
        "num_sc": 92
    }
}