{
    "all": {
        "mean_mae": [
            28.941417694091797,
            31.779878616333008,
            54.16423797607422,
            96.84091186523438
        ],
        "mae_sr": 0.5147058963775635,
        "rmsd": 0.8730762004852295,
        "dihedral_counts": [
            204,
            136,
            39,
            12
        ],
        "seq_len": 289,
        "num_sc": 204,
        "clash_info": {
            "100": {
                "num_clashes": 54,
                "num_atom_pairs": 1392006,
                "energy": 7.8743743896484375
            },
            "90": {
                "num_clashes": 4,
                "num_atom_pairs": 1392006,
                "energy": 0.3318629264831543
            },
            "80": {
                "num_clashes": 0,
                "num_atom_pairs": 1392006,
                "energy": 0.0
            }
        },
        "ca_rmsd": 131.70045471191406
    },
    "core": {
        "mean_mae": [
            25.095937728881836,
            25.71990394592285,
            61.651344299316406,
            80.12433624267578
        ],
        "mae_sr": 0.6470588445663452,
        "rmsd": 0.6523767709732056,
        "dihedral_counts": [
            68,
            38,
            10,
            2
        ],
        "seq_len": 124,
        "num_sc": 68
    },
    "surface": {
        "mean_mae": [
            38.1598014831543,
            34.50029754638672,
            45.921295166015625,
            99.06078338623047
        ],
        "mae_sr": 0.3928571343421936,
        "rmsd": 1.0749340057373047,
        "dihedral_counts": [
            84,
            62,
            18,
            7
        ],
        "seq_len": 106,
        "num_sc": 84
    }
}