{
    "all": {
        "mean_mae": [
            26.742258071899414,
            28.17090606689453,
            57.123050689697266,
            78.4190444946289
        ],
        "mae_sr": 0.4417670667171478,
        "rmsd": 0.8955081105232239,
        "dihedral_counts": [
            249,
            188,
            59,
            28
        ],
        "seq_len": 317,
        "num_sc": 249,
        "clash_info": {
            "100": {
                "num_clashes": 64,
                "num_atom_pairs": 1879705,
                "energy": 8.439799308776855
            },
            "90": {
                "num_clashes": 8,
                "num_atom_pairs": 1879705,
                "energy": 1.2196400165557861
            },
            "80": {
                "num_clashes": 1,
                "num_atom_pairs": 1879705,
                "energy": 0.00922250747680664
            }
        },
        "ca_rmsd": 14.799988746643066
    },
    "core": {
        "mean_mae": [
            18.91791343688965,
            19.483989715576172,
            56.25132369995117,
            24.499454498291016
        ],
        "mae_sr": 0.6172839403152466,
        "rmsd": 0.5846746563911438,
        "dihedral_counts": [
            81,
            58,
            10,
            4
        ],
        "seq_len": 123,
        "num_sc": 81
    },
    "surface": {
        "mean_mae": [
            32.10577392578125,
            32.46652603149414,
            54.17652130126953,
            94.15583038330078
        ],
        "mae_sr": 0.31896552443504333,
        "rmsd": 1.0769673585891724,
        "dihedral_counts": [
            116,
            89,
            39,
            19
        ],
        "seq_len": 131,
        "num_sc": 116
    }
}