{
    "all": {
        "mean_mae": [
            24.28557777404785,
            28.343311309814453,
            51.73854446411133,
            63.046016693115234
        ],
        "mae_sr": 0.5663265585899353,
        "rmsd": 0.8787217140197754,
        "dihedral_counts": [
            392,
            298,
            112,
            61
        ],
        "seq_len": 460,
        "num_sc": 392,
        "clash_info": {
            "100": {
                "num_clashes": 154,
                "num_atom_pairs": 4660950,
                "energy": 25.180809020996094
            },
            "90": {
                "num_clashes": 22,
                "num_atom_pairs": 4660950,
                "energy": 4.704521656036377
            },
            "80": {
                "num_clashes": 6,
                "num_atom_pairs": 4660950,
                "energy": 0.5863626003265381
            }
        },
        "ca_rmsd": 3.2455966472625732
    },
    "core": {
        "mean_mae": [
            20.319196701049805,
            26.198518753051758,
            59.93386459350586,
            42.96458435058594
        ],
        "mae_sr": 0.6951219439506531,
        "rmsd": 0.6903382539749146,
        "dihedral_counts": [
            164,
            103,
            23,
            10
        ],
        "seq_len": 203,
        "num_sc": 164
    },
    "surface": {
        "mean_mae": [
            31.775766372680664,
            32.5644645690918,
            55.603492736816406,
            70.9818344116211
        ],
        "mae_sr": 0.3928571343421936,
        "rmsd": 1.186870813369751,
        "dihedral_counts": [
            140,
            123,
            61,
            34
        ],
        "seq_len": 152,
        "num_sc": 140
    }
}