{
    "all": {
        "mean_mae": [
            30.60700035095215,
            22.338224411010742,
            61.241844177246094,
            72.92815399169922
        ],
        "mae_sr": 0.5088757276535034,
        "rmsd": 1.0766113996505737,
        "dihedral_counts": [
            169,
            127,
            61,
            28
        ],
        "seq_len": 235,
        "num_sc": 169,
        "clash_info": {
            "100": {
                "num_clashes": 68,
                "num_atom_pairs": 1080169,
                "energy": 12.983413696289062
            },
            "90": {
                "num_clashes": 14,
                "num_atom_pairs": 1080169,
                "energy": 3.10188364982605
            },
            "80": {
                "num_clashes": 3,
                "num_atom_pairs": 1080169,
                "energy": 1.0443840026855469
            }
        },
        "ca_rmsd": 15.881302833557129
    },
    "core": {
        "mean_mae": [
            18.74146270751953,
            14.724652290344238,
            57.87751388549805,
            23.551651000976562
        ],
        "mae_sr": 0.7407407164573669,
        "rmsd": 0.5289356708526611,
        "dihedral_counts": [
            27,
            19,
            2,
            2
        ],
        "seq_len": 38,
        "num_sc": 27
    },
    "surface": {
        "mean_mae": [
            37.49164581298828,
            25.59498405456543,
            60.76611328125,
            86.43499755859375
        ],
        "mae_sr": 0.37254902720451355,
        "rmsd": 1.247498869895935,
        "dihedral_counts": [
            102,
            77,
            48,
            21
        ],
        "seq_len": 149,
        "num_sc": 102
    }
}