{
    "all": {
        "mean_mae": [
            28.989334106445312,
            32.870418548583984,
            59.77919006347656,
            83.38446044921875
        ],
        "mae_sr": 0.4842105209827423,
        "rmsd": 0.9160563945770264,
        "dihedral_counts": [
            95,
            71,
            32,
            12
        ],
        "seq_len": 117,
        "num_sc": 95,
        "clash_info": {
            "100": {
                "num_clashes": 27,
                "num_atom_pairs": 294373,
                "energy": 4.6702799797058105
            },
            "90": {
                "num_clashes": 3,
                "num_atom_pairs": 294373,
                "energy": 0.5883820056915283
            },
            "80": {
                "num_clashes": 1,
                "num_atom_pairs": 294373,
                "energy": 0.06823444366455078
            }
        },
        "ca_rmsd": 1.3023247718811035
    },
    "core": {
        "mean_mae": [
            13.35477066040039,
            14.420647621154785,
            93.80581665039062,
            4.162727355957031
        ],
        "mae_sr": 0.7599999904632568,
        "rmsd": 0.4372584819793701,
        "dihedral_counts": [
            25,
            18,
            3,
            1
        ],
        "seq_len": 35,
        "num_sc": 25
    },
    "surface": {
        "mean_mae": [
            41.86305236816406,
            47.30596923828125,
            58.75762939453125,
            95.83698272705078
        ],
        "mae_sr": 0.2978723347187042,
        "rmsd": 1.3453316688537598,
        "dihedral_counts": [
            47,
            37,
            24,
            9
        ],
        "seq_len": 58,
        "num_sc": 47
    }
}