{
    "all": {
        "mean_mae": [
            26.374404907226562,
            26.717025756835938,
            57.34653091430664,
            68.44827270507812
        ],
        "mae_sr": 0.568493127822876,
        "rmsd": 0.9268770813941956,
        "dihedral_counts": [
            292,
            222,
            75,
            33
        ],
        "seq_len": 384,
        "num_sc": 292,
        "clash_info": {
            "100": {
                "num_clashes": 117,
                "num_atom_pairs": 3090279,
                "energy": 19.256343841552734
            },
            "90": {
                "num_clashes": 17,
                "num_atom_pairs": 3090279,
                "energy": 3.2068943977355957
            },
            "80": {
                "num_clashes": 3,
                "num_atom_pairs": 3090279,
                "energy": 0.5848922729492188
            }
        },
        "ca_rmsd": 9.061741828918457
    },
    "core": {
        "mean_mae": [
            14.972777366638184,
            19.30938720703125,
            34.65087890625,
            66.9699935913086
        ],
        "mae_sr": 0.7525773048400879,
        "rmsd": 0.48874959349632263,
        "dihedral_counts": [
            97,
            75,
            11,
            3
        ],
        "seq_len": 124,
        "num_sc": 97
    },
    "surface": {
        "mean_mae": [
            38.27344512939453,
            31.087432861328125,
            61.218318939208984,
            74.28437042236328
        ],
        "mae_sr": 0.4480000138282776,
        "rmsd": 1.252250075340271,
        "dihedral_counts": [
            125,
            97,
            39,
            19
        ],
        "seq_len": 172,
        "num_sc": 125
    }
}