{
    "all": {
        "mean_mae": [
            30.252418518066406,
            32.314857482910156,
            54.2592658996582,
            56.214561462402344
        ],
        "mae_sr": 0.50772625207901,
        "rmsd": 0.9027533531188965,
        "dihedral_counts": [
            453,
            323,
            82,
            38
        ],
        "seq_len": 640,
        "num_sc": 453,
        "clash_info": {
            "100": {
                "num_clashes": 413,
                "num_atom_pairs": 6430869,
                "energy": 86.76424407958984
            },
            "90": {
                "num_clashes": 86,
                "num_atom_pairs": 6430869,
                "energy": 17.856159210205078
            },
            "80": {
                "num_clashes": 16,
                "num_atom_pairs": 6430869,
                "energy": 3.631143569946289
            }
        },
        "ca_rmsd": 123.52075958251953
    },
    "core": {
        "mean_mae": [
            25.143869400024414,
            28.388212203979492,
            55.15047073364258,
            48.7979621887207
        ],
        "mae_sr": 0.5719696879386902,
        "rmsd": 0.7767456769943237,
        "dihedral_counts": [
            264,
            187,
            51,
            24
        ],
        "seq_len": 396,
        "num_sc": 264
    },
    "surface": {
        "mean_mae": [
            44.396514892578125,
            39.5438232421875,
            46.432464599609375,
            47.29012680053711
        ],
        "mae_sr": 0.4117647111415863,
        "rmsd": 1.137987494468689,
        "dihedral_counts": [
            102,
            73,
            16,
            3
        ],
        "seq_len": 141,
        "num_sc": 102
    }
}