{
    "all": {
        "mean_mae": [
            36.43357467651367,
            35.66347122192383,
            51.44245910644531,
            82.45379638671875
        ],
        "mae_sr": 0.4055299460887909,
        "rmsd": 1.1189916133880615,
        "dihedral_counts": [
            217,
            159,
            55,
            23
        ],
        "seq_len": 280,
        "num_sc": 217,
        "clash_info": {
            "100": {
                "num_clashes": 124,
                "num_atom_pairs": 1353198,
                "energy": 27.125534057617188
            },
            "90": {
                "num_clashes": 27,
                "num_atom_pairs": 1353198,
                "energy": 5.5366315841674805
            },
            "80": {
                "num_clashes": 6,
                "num_atom_pairs": 1353198,
                "energy": 1.5007599592208862
            }
        },
        "ca_rmsd": 83.75133514404297
    },
    "core": {
        "mean_mae": [
            22.892942428588867,
            25.544477462768555,
            76.61769104003906,
            111.82344818115234
        ],
        "mae_sr": 0.5957446694374084,
        "rmsd": 0.6987564563751221,
        "dihedral_counts": [
            47,
            35,
            5,
            1
        ],
        "seq_len": 98,
        "num_sc": 47
    },
    "surface": {
        "mean_mae": [
            51.00820541381836,
            47.161102294921875,
            47.442230224609375,
            55.2328987121582
        ],
        "mae_sr": 0.2830188572406769,
        "rmsd": 1.437304973602295,
        "dihedral_counts": [
            106,
            78,
            32,
            14
        ],
        "seq_len": 115,
        "num_sc": 106
    }
}