{
    "all": {
        "mean_mae": [
            26.43732452392578,
            48.36023712158203,
            63.06226348876953,
            73.11260223388672
        ],
        "mae_sr": 0.45945945382118225,
        "rmsd": 1.1190968751907349,
        "dihedral_counts": [
            37,
            26,
            17,
            12
        ],
        "seq_len": 48,
        "num_sc": 37,
        "clash_info": {
            "100": {
                "num_clashes": 12,
                "num_atom_pairs": 45925,
                "energy": 1.1004352569580078
            },
            "90": {
                "num_clashes": 1,
                "num_atom_pairs": 45925,
                "energy": 0.018711090087890625
            },
            "80": {
                "num_clashes": 0,
                "num_atom_pairs": 45925,
                "energy": 0.0
            }
        },
        "ca_rmsd": 9.954249382019043
    },
    "core": {
        "mean_mae": [
            0.0,
            0.0,
            0.0,
            0.0
        ],
        "mae_sr": 1.0,
        "rmsd": 0.0,
        "dihedral_counts": [
            0,
            0,
            0,
            0
        ],
        "seq_len": 0,
        "num_sc": 0
    },
    "surface": {
        "mean_mae": [
            26.43732452392578,
            48.36023712158203,
            63.06226348876953,
            73.11260223388672
        ],
        "mae_sr": 0.45945945382118225,
        "rmsd": 1.1190968751907349,
        "dihedral_counts": [
            37,
            26,
            17,
            12
        ],
        "seq_len": 48,
        "num_sc": 37
    }
}