{
    "all": {
        "mean_mae": [
            34.90903854370117,
            28.702899932861328,
            53.89812469482422,
            63.04502868652344
        ],
        "mae_sr": 0.5078125,
        "rmsd": 1.0634503364562988,
        "dihedral_counts": [
            128,
            91,
            47,
            23
        ],
        "seq_len": 168,
        "num_sc": 128,
        "clash_info": {
            "100": {
                "num_clashes": 71,
                "num_atom_pairs": 535325,
                "energy": 10.536827087402344
            },
            "90": {
                "num_clashes": 9,
                "num_atom_pairs": 535325,
                "energy": 2.212344169616699
            },
            "80": {
                "num_clashes": 3,
                "num_atom_pairs": 535325,
                "energy": 0.5231351852416992
            }
        },
        "ca_rmsd": 9.260489463806152
    },
    "core": {
        "mean_mae": [
            18.750524520874023,
            24.16219139099121,
            59.9298095703125,
            33.157108306884766
        ],
        "mae_sr": 0.7631579041481018,
        "rmsd": 0.5922008752822876,
        "dihedral_counts": [
            38,
            23,
            5,
            3
        ],
        "seq_len": 51,
        "num_sc": 38
    },
    "surface": {
        "mean_mae": [
            46.917572021484375,
            41.17094802856445,
            49.0954704284668,
            65.94569396972656
        ],
        "mae_sr": 0.3207547068595886,
        "rmsd": 1.4198176860809326,
        "dihedral_counts": [
            53,
            37,
            28,
            11
        ],
        "seq_len": 76,
        "num_sc": 53
    }
}