{
    "all": {
        "mean_mae": [
            28.441844940185547,
            29.237062454223633,
            44.31752395629883,
            58.46592330932617
        ],
        "mae_sr": 0.5408163070678711,
        "rmsd": 0.978947103023529,
        "dihedral_counts": [
            392,
            298,
            112,
            61
        ],
        "seq_len": 460,
        "num_sc": 392,
        "clash_info": {
            "100": {
                "num_clashes": 208,
                "num_atom_pairs": 4660950,
                "energy": 36.7559928894043
            },
            "90": {
                "num_clashes": 38,
                "num_atom_pairs": 4660950,
                "energy": 5.617877960205078
            },
            "80": {
                "num_clashes": 3,
                "num_atom_pairs": 4660950,
                "energy": 0.17782926559448242
            }
        },
        "ca_rmsd": 3.2455966472625732
    },
    "core": {
        "mean_mae": [
            22.86810302734375,
            22.8328914642334,
            54.621482849121094,
            50.57182312011719
        ],
        "mae_sr": 0.6585366129875183,
        "rmsd": 0.7168431878089905,
        "dihedral_counts": [
            164,
            103,
            23,
            10
        ],
        "seq_len": 203,
        "num_sc": 164
    },
    "surface": {
        "mean_mae": [
            33.784263610839844,
            37.24065399169922,
            41.9650764465332,
            56.71955490112305
        ],
        "mae_sr": 0.4000000059604645,
        "rmsd": 1.232932209968567,
        "dihedral_counts": [
            140,
            123,
            61,
            34
        ],
        "seq_len": 152,
        "num_sc": 140
    }
}