{
    "all": {
        "mean_mae": [
            36.000465393066406,
            25.565715789794922,
            57.876461029052734,
            41.460323333740234
        ],
        "mae_sr": 0.5625,
        "rmsd": 0.8562382459640503,
        "dihedral_counts": [
            896,
            549,
            97,
            23
        ],
        "seq_len": 1424,
        "num_sc": 896,
        "clash_info": {
            "100": {
                "num_clashes": 577,
                "num_atom_pairs": 21968505,
                "energy": 115.4424057006836
            },
            "90": {
                "num_clashes": 104,
                "num_atom_pairs": 21968505,
                "energy": 22.44757080078125
            },
            "80": {
                "num_clashes": 22,
                "num_atom_pairs": 21968505,
                "energy": 4.648348808288574
            }
        },
        "ca_rmsd": 58.20412063598633
    },
    "core": {
        "mean_mae": [
            25.814912796020508,
            19.936725616455078,
            51.159976959228516,
            47.32699203491211
        ],
        "mae_sr": 0.6484149694442749,
        "rmsd": 0.6746821999549866,
        "dihedral_counts": [
            347,
            245,
            27,
            3
        ],
        "seq_len": 794,
        "num_sc": 347
    },
    "surface": {
        "mean_mae": [
            47.260406494140625,
            36.074886322021484,
            63.968727111816406,
            56.201141357421875
        ],
        "mae_sr": 0.46802327036857605,
        "rmsd": 1.050638198852539,
        "dihedral_counts": [
            344,
            174,
            44,
            12
        ],
        "seq_len": 395,
        "num_sc": 344
    }
}