{
    "all": {
        "mean_mae": [
            41.04600524902344,
            33.09745788574219,
            58.93128204345703,
            63.51779556274414
        ],
        "mae_sr": 0.4587458670139313,
        "rmsd": 1.1550021171569824,
        "dihedral_counts": [
            303,
            232,
            72,
            32
        ],
        "seq_len": 390,
        "num_sc": 303,
        "clash_info": {
            "100": {
                "num_clashes": 99,
                "num_atom_pairs": 2730574,
                "energy": 15.015106201171875
            },
            "90": {
                "num_clashes": 8,
                "num_atom_pairs": 2730574,
                "energy": 1.206407070159912
            },
            "80": {
                "num_clashes": 1,
                "num_atom_pairs": 2730574,
                "energy": 0.020922183990478516
            }
        },
        "ca_rmsd": 117.57958221435547
    },
    "core": {
        "mean_mae": [
            25.166461944580078,
            29.984575271606445,
            62.84635543823242,
            91.93317413330078
        ],
        "mae_sr": 0.6000000238418579,
        "rmsd": 0.7261226177215576,
        "dihedral_counts": [
            30,
            16,
            7,
            3
        ],
        "seq_len": 67,
        "num_sc": 30
    },
    "surface": {
        "mean_mae": [
            43.75144958496094,
            35.620365142822266,
            59.418888092041016,
            66.60015106201172
        ],
        "mae_sr": 0.4344262182712555,
        "rmsd": 1.2447131872177124,
        "dihedral_counts": [
            244,
            190,
            55,
            26
        ],
        "seq_len": 291,
        "num_sc": 244
    }
}