{
    "all": {
        "mean_mae": [
            41.53392028808594,
            41.5182991027832,
            63.197113037109375,
            84.14940643310547
        ],
        "mae_sr": 0.33030304312705994,
        "rmsd": 1.266845703125,
        "dihedral_counts": [
            990,
            745,
            256,
            122
        ],
        "seq_len": 1340,
        "num_sc": 990,
        "clash_info": {
            "100": {
                "num_clashes": 551,
                "num_atom_pairs": 30942128,
                "energy": 119.82798767089844
            },
            "90": {
                "num_clashes": 133,
                "num_atom_pairs": 30942128,
                "energy": 26.119304656982422
            },
            "80": {
                "num_clashes": 26,
                "num_atom_pairs": 30942128,
                "energy": 5.273951530456543
            }
        },
        "ca_rmsd": 89.2637939453125
    },
    "core": {
        "mean_mae": [
            28.178752899169922,
            31.23551368713379,
            61.86907196044922,
            87.06891632080078
        ],
        "mae_sr": 0.4615384638309479,
        "rmsd": 0.7952446341514587,
        "dihedral_counts": [
            299,
            211,
            42,
            20
        ],
        "seq_len": 553,
        "num_sc": 299
    },
    "surface": {
        "mean_mae": [
            54.85642623901367,
            50.33744430541992,
            63.35007095336914,
            86.48101043701172
        ],
        "mae_sr": 0.23019802570343018,
        "rmsd": 1.7140674591064453,
        "dihedral_counts": [
            404,
            323,
            148,
            74
        ],
        "seq_len": 457,
        "num_sc": 404
    }
}