{
    "all": {
        "mean_mae": [
            35.21335983276367,
            30.665042877197266,
            49.63988494873047,
            50.37234878540039
        ],
        "mae_sr": 0.4642857015132904,
        "rmsd": 1.0915040969848633,
        "dihedral_counts": [
            140,
            113,
            41,
            22
        ],
        "seq_len": 166,
        "num_sc": 140,
        "clash_info": {
            "100": {
                "num_clashes": 114,
                "num_atom_pairs": 664961,
                "energy": 27.544235229492188
            },
            "90": {
                "num_clashes": 29,
                "num_atom_pairs": 664961,
                "energy": 5.906542778015137
            },
            "80": {
                "num_clashes": 5,
                "num_atom_pairs": 664961,
                "energy": 0.9405193328857422
            }
        },
        "ca_rmsd": 6.354310989379883
    },
    "core": {
        "mean_mae": [
            16.66408348083496,
            25.653987884521484,
            48.24892807006836,
            39.926666259765625
        ],
        "mae_sr": 0.5952380895614624,
        "rmsd": 0.5873849987983704,
        "dihedral_counts": [
            42,
            31,
            7,
            3
        ],
        "seq_len": 50,
        "num_sc": 42
    },
    "surface": {
        "mean_mae": [
            44.483192443847656,
            36.62472915649414,
            53.85594940185547,
            58.335243225097656
        ],
        "mae_sr": 0.4054054021835327,
        "rmsd": 1.397655963897705,
        "dihedral_counts": [
            74,
            62,
            27,
            15
        ],
        "seq_len": 91,
        "num_sc": 74
    }
}