{
    "all": {
        "mean_mae": [
            24.75899887084961,
            25.325693130493164,
            52.187164306640625,
            60.363094329833984
        ],
        "mae_sr": 0.6404109597206116,
        "rmsd": 0.8435572981834412,
        "dihedral_counts": [
            292,
            222,
            75,
            33
        ],
        "seq_len": 384,
        "num_sc": 292,
        "clash_info": {
            "100": {
                "num_clashes": 122,
                "num_atom_pairs": 3090279,
                "energy": 28.854106903076172
            },
            "90": {
                "num_clashes": 31,
                "num_atom_pairs": 3090279,
                "energy": 7.30648946762085
            },
            "80": {
                "num_clashes": 6,
                "num_atom_pairs": 3090279,
                "energy": 2.2611727714538574
            }
        },
        "ca_rmsd": 8.908788681030273
    },
    "core": {
        "mean_mae": [
            14.932451248168945,
            16.908252716064453,
            38.26089859008789,
            64.71643829345703
        ],
        "mae_sr": 0.8144329786300659,
        "rmsd": 0.4898935556411743,
        "dihedral_counts": [
            97,
            75,
            11,
            3
        ],
        "seq_len": 124,
        "num_sc": 97
    },
    "surface": {
        "mean_mae": [
            34.4810905456543,
            27.8115291595459,
            59.40869903564453,
            68.68347930908203
        ],
        "mae_sr": 0.5360000133514404,
        "rmsd": 1.113986611366272,
        "dihedral_counts": [
            125,
            97,
            39,
            19
        ],
        "seq_len": 172,
        "num_sc": 125
    }
}