{
    "all": {
        "mean_mae": [
            43.338096618652344,
            35.089759826660156,
            55.98077392578125,
            80.38308715820312
        ],
        "mae_sr": 0.41719746589660645,
        "rmsd": 1.2412208318710327,
        "dihedral_counts": [
            314,
            240,
            66,
            30
        ],
        "seq_len": 409,
        "num_sc": 314,
        "clash_info": {
            "100": {
                "num_clashes": 96,
                "num_atom_pairs": 3145561,
                "energy": 20.847187042236328
            },
            "90": {
                "num_clashes": 20,
                "num_atom_pairs": 3145561,
                "energy": 4.71320915222168
            },
            "80": {
                "num_clashes": 5,
                "num_atom_pairs": 3145561,
                "energy": 1.4092638492584229
            }
        },
        "ca_rmsd": 100.17410278320312
    },
    "core": {
        "mean_mae": [
            29.650676727294922,
            19.263362884521484,
            72.8804702758789,
            102.90872955322266
        ],
        "mae_sr": 0.6499999761581421,
        "rmsd": 0.7823545336723328,
        "dihedral_counts": [
            20,
            13,
            2,
            1
        ],
        "seq_len": 24,
        "num_sc": 20
    },
    "surface": {
        "mean_mae": [
            46.15688705444336,
            36.45133972167969,
            59.42804718017578,
            77.89895629882812
        ],
        "mae_sr": 0.389090895652771,
        "rmsd": 1.3047767877578735,
        "dihedral_counts": [
            275,
            211,
            58,
            26
        ],
        "seq_len": 340,
        "num_sc": 275
    }
}