{
    "all": {
        "mean_mae": [
            30.77893829345703,
            35.8940544128418,
            41.73297119140625,
            66.03055572509766
        ],
        "mae_sr": 0.5392156839370728,
        "rmsd": 0.9268361926078796,
        "dihedral_counts": [
            204,
            136,
            39,
            12
        ],
        "seq_len": 289,
        "num_sc": 204,
        "clash_info": {
            "100": {
                "num_clashes": 85,
                "num_atom_pairs": 1392006,
                "energy": 19.5457763671875
            },
            "90": {
                "num_clashes": 17,
                "num_atom_pairs": 1392006,
                "energy": 6.742855072021484
            },
            "80": {
                "num_clashes": 7,
                "num_atom_pairs": 1392006,
                "energy": 2.902080774307251
            }
        },
        "ca_rmsd": 131.7042236328125
    },
    "core": {
        "mean_mae": [
            26.364059448242188,
            33.568695068359375,
            35.97007369995117,
            47.25590133666992
        ],
        "mae_sr": 0.6470588445663452,
        "rmsd": 0.664446234703064,
        "dihedral_counts": [
            68,
            38,
            10,
            2
        ],
        "seq_len": 124,
        "num_sc": 68
    },
    "surface": {
        "mean_mae": [
            39.76945114135742,
            35.70796585083008,
            42.42122268676758,
            84.84224700927734
        ],
        "mae_sr": 0.4166666567325592,
        "rmsd": 1.214242696762085,
        "dihedral_counts": [
            84,
            62,
            18,
            7
        ],
        "seq_len": 106,
        "num_sc": 84
    }
}