{
    "all": {
        "mean_mae": [
            23.495407104492188,
            13.85031795501709,
            41.40993118286133,
            59.868709564208984
        ],
        "mae_sr": 0.7236841917037964,
        "rmsd": 0.6513745188713074,
        "dihedral_counts": [
            76,
            48,
            13,
            6
        ],
        "seq_len": 103,
        "num_sc": 76,
        "clash_info": {
            "100": {
                "num_clashes": 24,
                "num_atom_pairs": 168800,
                "energy": 4.546374320983887
            },
            "90": {
                "num_clashes": 5,
                "num_atom_pairs": 168800,
                "energy": 0.7869281768798828
            },
            "80": {
                "num_clashes": 1,
                "num_atom_pairs": 168800,
                "energy": 0.10842227935791016
            }
        },
        "ca_rmsd": 24.735397338867188
    },
    "core": {
        "mean_mae": [
            9.434326171875,
            6.506463527679443,
            60.95425033569336,
            153.72305297851562
        ],
        "mae_sr": 0.8235294222831726,
        "rmsd": 0.3184923827648163,
        "dihedral_counts": [
            17,
            12,
            2,
            1
        ],
        "seq_len": 26,
        "num_sc": 17
    },
    "surface": {
        "mean_mae": [
            25.918941497802734,
            20.677610397338867,
            26.112638473510742,
            62.69871139526367
        ],
        "mae_sr": 0.692307710647583,
        "rmsd": 0.702763020992279,
        "dihedral_counts": [
            39,
            23,
            6,
            3
        ],
        "seq_len": 56,
        "num_sc": 39
    }
}