{
    "all": {
        "mean_mae": [
            57.710838317871094,
            48.93366241455078,
            72.37980651855469,
            68.06502532958984
        ],
        "mae_sr": 0.17977528274059296,
        "rmsd": 1.677588701248169,
        "dihedral_counts": [
            89,
            74,
            28,
            14
        ],
        "seq_len": 116,
        "num_sc": 89,
        "clash_info": {
            "100": {
                "num_clashes": 40,
                "num_atom_pairs": 247833,
                "energy": 5.7115478515625
            },
            "90": {
                "num_clashes": 5,
                "num_atom_pairs": 247833,
                "energy": 0.4649752378463745
            },
            "80": {
                "num_clashes": 0,
                "num_atom_pairs": 247833,
                "energy": 0.0
            }
        },
        "ca_rmsd": 8.874334335327148
    },
    "core": {
        "mean_mae": [
            45.51958084106445,
            35.261993408203125,
            92.59552764892578,
            72.19539642333984
        ],
        "mae_sr": 0.2800000011920929,
        "rmsd": 1.6665959358215332,
        "dihedral_counts": [
            25,
            23,
            6,
            6
        ],
        "seq_len": 41,
        "num_sc": 25
    },
    "surface": {
        "mean_mae": [
            69.45928955078125,
            55.566368103027344,
            67.3482666015625,
            70.74542236328125
        ],
        "mae_sr": 0.11363636702299118,
        "rmsd": 1.8359867334365845,
        "dihedral_counts": [
            44,
            37,
            20,
            7
        ],
        "seq_len": 50,
        "num_sc": 44
    }
}