{
    "all": {
        "mean_mae": [
            46.164241790771484,
            36.2989387512207,
            61.599334716796875,
            69.60755920410156
        ],
        "mae_sr": 0.4039735198020935,
        "rmsd": 1.2480581998825073,
        "dihedral_counts": [
            453,
            323,
            82,
            38
        ],
        "seq_len": 640,
        "num_sc": 453,
        "clash_info": {
            "100": {
                "num_clashes": 283,
                "num_atom_pairs": 6430869,
                "energy": 63.96669006347656
            },
            "90": {
                "num_clashes": 71,
                "num_atom_pairs": 6430869,
                "energy": 17.975446701049805
            },
            "80": {
                "num_clashes": 21,
                "num_atom_pairs": 6430869,
                "energy": 4.3213911056518555
            }
        },
        "ca_rmsd": 123.59959411621094
    },
    "core": {
        "mean_mae": [
            42.30392074584961,
            34.772010803222656,
            57.75518035888672,
            61.9237060546875
        ],
        "mae_sr": 0.4280303120613098,
        "rmsd": 1.1622552871704102,
        "dihedral_counts": [
            264,
            187,
            51,
            24
        ],
        "seq_len": 396,
        "num_sc": 264
    },
    "surface": {
        "mean_mae": [
            54.35515213012695,
            42.70978927612305,
            56.13269805908203,
            86.467529296875
        ],
        "mae_sr": 0.3235294222831726,
        "rmsd": 1.330656886100769,
        "dihedral_counts": [
            102,
            73,
            16,
            3
        ],
        "seq_len": 141,
        "num_sc": 102
    }
}