{
    "all": {
        "mean_mae": [
            41.918006896972656,
            36.86917495727539,
            71.58499145507812,
            54.95213317871094
        ],
        "mae_sr": 0.38695651292800903,
        "rmsd": 1.1703609228134155,
        "dihedral_counts": [
            230,
            160,
            50,
            18
        ],
        "seq_len": 306,
        "num_sc": 230,
        "clash_info": {
            "100": {
                "num_clashes": 88,
                "num_atom_pairs": 1684725,
                "energy": 12.567347526550293
            },
            "90": {
                "num_clashes": 9,
                "num_atom_pairs": 1684725,
                "energy": 1.3448700904846191
            },
            "80": {
                "num_clashes": 2,
                "num_atom_pairs": 1684725,
                "energy": 0.05227398872375488
            }
        },
        "ca_rmsd": 18.515527725219727
    },
    "core": {
        "mean_mae": [
            29.0209903717041,
            27.21904754638672,
            83.24211120605469,
            82.55164337158203
        ],
        "mae_sr": 0.5111111402511597,
        "rmsd": 0.9030992388725281,
        "dihedral_counts": [
            90,
            64,
            19,
            7
        ],
        "seq_len": 142,
        "num_sc": 90
    },
    "surface": {
        "mean_mae": [
            54.690574645996094,
            49.70148849487305,
            63.2303352355957,
            35.98980712890625
        ],
        "mae_sr": 0.24468085169792175,
        "rmsd": 1.4104048013687134,
        "dihedral_counts": [
            94,
            64,
            22,
            7
        ],
        "seq_len": 115,
        "num_sc": 94
    }
}