{
    "all": {
        "mean_mae": [
            24.38357162475586,
            28.707881927490234,
            39.06908416748047,
            39.773555755615234
        ],
        "mae_sr": 0.585106372833252,
        "rmsd": 0.8393814563751221,
        "dihedral_counts": [
            94,
            84,
            30,
            12
        ],
        "seq_len": 114,
        "num_sc": 94,
        "clash_info": {
            "100": {
                "num_clashes": 34,
                "num_atom_pairs": 306204,
                "energy": 7.797757625579834
            },
            "90": {
                "num_clashes": 7,
                "num_atom_pairs": 306204,
                "energy": 2.397554636001587
            },
            "80": {
                "num_clashes": 3,
                "num_atom_pairs": 306204,
                "energy": 0.8360464572906494
            }
        },
        "ca_rmsd": 9.44445514678955
    },
    "core": {
        "mean_mae": [
            8.56712818145752,
            20.08868980407715,
            23.20901870727539,
            35.233856201171875
        ],
        "mae_sr": 0.8799999952316284,
        "rmsd": 0.4335317611694336,
        "dihedral_counts": [
            25,
            21,
            7,
            4
        ],
        "seq_len": 34,
        "num_sc": 25
    },
    "surface": {
        "mean_mae": [
            34.709228515625,
            38.23826599121094,
            46.194786071777344,
            50.95845413208008
        ],
        "mae_sr": 0.41999998688697815,
        "rmsd": 1.1026934385299683,
        "dihedral_counts": [
            50,
            45,
            15,
            5
        ],
        "seq_len": 57,
        "num_sc": 50
    }
}