{
    "all": {
        "mean_mae": [
            39.2548713684082,
            42.80303192138672,
            66.4006576538086,
            80.30960083007812
        ],
        "mae_sr": 0.380952388048172,
        "rmsd": 1.538485050201416,
        "dihedral_counts": [
            21,
            14,
            12,
            9
        ],
        "seq_len": 48,
        "num_sc": 21,
        "clash_info": {
            "100": {
                "num_clashes": 5,
                "num_atom_pairs": 17640,
                "energy": 1.3630564212799072
            },
            "90": {
                "num_clashes": 2,
                "num_atom_pairs": 17640,
                "energy": 0.36256885528564453
            },
            "80": {
                "num_clashes": 0,
                "num_atom_pairs": 17640,
                "energy": 0.0
            }
        },
        "ca_rmsd": 12.113443374633789
    },
    "core": {
        "mean_mae": [
            18.300838470458984,
            42.92699432373047,
            57.22709274291992,
            32.98286056518555
        ],
        "mae_sr": 0.5,
        "rmsd": 1.2554916143417358,
        "dihedral_counts": [
            10,
            7,
            6,
            4
        ],
        "seq_len": 33,
        "num_sc": 10
    },
    "surface": {
        "mean_mae": [
            58.303993225097656,
            42.679073333740234,
            75.57422637939453,
            118.1709976196289
        ],
        "mae_sr": 0.27272728085517883,
        "rmsd": 1.7957514524459839,
        "dihedral_counts": [
            11,
            7,
            6,
            5
        ],
        "seq_len": 15,
        "num_sc": 11
    }
}