{
    "all": {
        "mean_mae": [
            21.11865234375,
            22.3326416015625,
            39.97787094116211,
            56.724327087402344
        ],
        "mae_sr": 0.6452241539955139,
        "rmsd": 0.624223530292511,
        "dihedral_counts": [
            513,
            365,
            109,
            47
        ],
        "seq_len": 635,
        "num_sc": 513,
        "clash_info": {
            "100": {
                "num_clashes": 261,
                "num_atom_pairs": 8358985,
                "energy": 43.36205291748047
            },
            "90": {
                "num_clashes": 37,
                "num_atom_pairs": 8358985,
                "energy": 6.28525447845459
            },
            "80": {
                "num_clashes": 6,
                "num_atom_pairs": 8358985,
                "energy": 0.5871126651763916
            }
        },
        "ca_rmsd": 6.7930426597595215
    },
    "core": {
        "mean_mae": [
            15.388933181762695,
            16.120288848876953,
            38.772499084472656,
            46.49140167236328
        ],
        "mae_sr": 0.7847533822059631,
        "rmsd": 0.47472742199897766,
        "dihedral_counts": [
            223,
            172,
            38,
            13
        ],
        "seq_len": 278,
        "num_sc": 223
    },
    "surface": {
        "mean_mae": [
            29.961530685424805,
            31.57731056213379,
            45.06143569946289,
            73.58462524414062
        ],
        "mae_sr": 0.44632768630981445,
        "rmsd": 0.8403528928756714,
        "dihedral_counts": [
            177,
            114,
            48,
            19
        ],
        "seq_len": 222,
        "num_sc": 177
    }
}