{
    "all": {
        "mean_mae": [
            28.9241886138916,
            37.14109420776367,
            47.36017608642578,
            62.55503845214844
        ],
        "mae_sr": 0.5263158082962036,
        "rmsd": 1.0122790336608887,
        "dihedral_counts": [
            95,
            71,
            32,
            12
        ],
        "seq_len": 117,
        "num_sc": 95,
        "clash_info": {
            "100": {
                "num_clashes": 26,
                "num_atom_pairs": 294373,
                "energy": 3.1669962406158447
            },
            "90": {
                "num_clashes": 2,
                "num_atom_pairs": 294373,
                "energy": 0.20529556274414062
            },
            "80": {
                "num_clashes": 0,
                "num_atom_pairs": 294373,
                "energy": 0.0
            }
        },
        "ca_rmsd": 1.6312503814697266
    },
    "core": {
        "mean_mae": [
            15.545100212097168,
            17.725421905517578,
            47.929508209228516,
            2.507143974304199
        ],
        "mae_sr": 0.7599999904632568,
        "rmsd": 0.5125278234481812,
        "dihedral_counts": [
            25,
            18,
            3,
            1
        ],
        "seq_len": 35,
        "num_sc": 25
    },
    "surface": {
        "mean_mae": [
            36.084293365478516,
            51.30861282348633,
            51.55540084838867,
            67.56371307373047
        ],
        "mae_sr": 0.2978723347187042,
        "rmsd": 1.3728479146957397,
        "dihedral_counts": [
            47,
            37,
            24,
            9
        ],
        "seq_len": 58,
        "num_sc": 47
    }
}