{
    "all": {
        "mean_mae": [
            15.246225357055664,
            19.877182006835938,
            50.49067687988281,
            67.39984130859375
        ],
        "mae_sr": 0.678787887096405,
        "rmsd": 0.5504193902015686,
        "dihedral_counts": [
            165,
            128,
            36,
            14
        ],
        "seq_len": 193,
        "num_sc": 165,
        "clash_info": {
            "100": {
                "num_clashes": 69,
                "num_atom_pairs": 846370,
                "energy": 12.870747566223145
            },
            "90": {
                "num_clashes": 11,
                "num_atom_pairs": 846370,
                "energy": 3.1161794662475586
            },
            "80": {
                "num_clashes": 3,
                "num_atom_pairs": 846370,
                "energy": 1.4759831428527832
            }
        },
        "ca_rmsd": 5.783807754516602
    },
    "core": {
        "mean_mae": [
            11.819586753845215,
            19.06892967224121,
            35.91905212402344,
            88.49613952636719
        ],
        "mae_sr": 0.8048780560493469,
        "rmsd": 0.46651655435562134,
        "dihedral_counts": [
            41,
            31,
            8,
            5
        ],
        "seq_len": 48,
        "num_sc": 41
    },
    "surface": {
        "mean_mae": [
            17.855819702148438,
            20.16728401184082,
            56.98883056640625,
            59.00049591064453
        ],
        "mae_sr": 0.5978260636329651,
        "rmsd": 0.5928761959075928,
        "dihedral_counts": [
            92,
            73,
            24,
            8
        ],
        "seq_len": 109,
        "num_sc": 92
    }
}