{
    "all": {
        "mean_mae": [
            22.302122116088867,
            36.58468246459961,
            54.53821563720703,
            64.1147689819336
        ],
        "mae_sr": 0.5177304744720459,
        "rmsd": 0.8354565501213074,
        "dihedral_counts": [
            141,
            106,
            39,
            15
        ],
        "seq_len": 156,
        "num_sc": 141,
        "clash_info": {
            "100": {
                "num_clashes": 35,
                "num_atom_pairs": 593764,
                "energy": 5.287478923797607
            },
            "90": {
                "num_clashes": 5,
                "num_atom_pairs": 593764,
                "energy": 0.5972609519958496
            },
            "80": {
                "num_clashes": 0,
                "num_atom_pairs": 593764,
                "energy": 0.0
            }
        },
        "ca_rmsd": 1.732922077178955
    },
    "core": {
        "mean_mae": [
            14.884486198425293,
            19.412761688232422,
            56.734344482421875,
            14.708239555358887
        ],
        "mae_sr": 0.7906976938247681,
        "rmsd": 0.5349768996238708,
        "dihedral_counts": [
            43,
            30,
            3,
            3
        ],
        "seq_len": 50,
        "num_sc": 43
    },
    "surface": {
        "mean_mae": [
            27.193727493286133,
            45.269039154052734,
            51.060699462890625,
            80.39688110351562
        ],
        "mae_sr": 0.30000001192092896,
        "rmsd": 0.9998371601104736,
        "dihedral_counts": [
            70,
            53,
            29,
            11
        ],
        "seq_len": 77,
        "num_sc": 70
    }
}