{
    "all": {
        "mean_mae": [
            33.327354431152344,
            32.17070007324219,
            57.97578811645508,
            78.3592300415039
        ],
        "mae_sr": 0.4885057508945465,
        "rmsd": 0.9097124934196472,
        "dihedral_counts": [
            174,
            118,
            36,
            20
        ],
        "seq_len": 199,
        "num_sc": 174,
        "clash_info": {
            "100": {
                "num_clashes": 47,
                "num_atom_pairs": 786891,
                "energy": 8.63729476928711
            },
            "90": {
                "num_clashes": 8,
                "num_atom_pairs": 786891,
                "energy": 1.5596323013305664
            },
            "80": {
                "num_clashes": 0,
                "num_atom_pairs": 786891,
                "energy": 0.0
            }
        },
        "ca_rmsd": 9.139511108398438
    },
    "core": {
        "mean_mae": [
            15.916094779968262,
            12.155105590820312,
            67.75235748291016,
            11.566000938415527
        ],
        "mae_sr": 0.782608687877655,
        "rmsd": 0.43546804785728455,
        "dihedral_counts": [
            46,
            26,
            6,
            3
        ],
        "seq_len": 50,
        "num_sc": 46
    },
    "surface": {
        "mean_mae": [
            47.22800064086914,
            40.81217575073242,
            53.47494888305664,
            91.89732360839844
        ],
        "mae_sr": 0.3186813294887543,
        "rmsd": 1.2482126951217651,
        "dihedral_counts": [
            91,
            67,
            24,
            13
        ],
        "seq_len": 106,
        "num_sc": 91
    }
}