{
    "all": {
        "mean_mae": [
            41.32292938232422,
            42.67095184326172,
            53.136314392089844,
            118.86463165283203
        ],
        "mae_sr": 0.3076923191547394,
        "rmsd": 1.3621474504470825,
        "dihedral_counts": [
            52,
            47,
            19,
            7
        ],
        "seq_len": 255,
        "num_sc": 52,
        "clash_info": {
            "100": {
                "num_clashes": 15,
                "num_atom_pairs": 89640,
                "energy": 3.595041036605835
            },
            "90": {
                "num_clashes": 5,
                "num_atom_pairs": 89640,
                "energy": 1.3485040664672852
            },
            "80": {
                "num_clashes": 1,
                "num_atom_pairs": 89640,
                "energy": 0.5675187110900879
            }
        },
        "ca_rmsd": 47.1247673034668
    },
    "core": {
        "mean_mae": [
            28.211711883544922,
            7.376768112182617,
            0.0,
            0.0
        ],
        "mae_sr": 0.800000011920929,
        "rmsd": 0.4371093213558197,
        "dihedral_counts": [
            5,
            3,
            0,
            0
        ],
        "seq_len": 201,
        "num_sc": 5
    },
    "surface": {
        "mean_mae": [
            50.3363151550293,
            52.20344161987305,
            54.172767639160156,
            109.69223022460938
        ],
        "mae_sr": 0.21052631735801697,
        "rmsd": 1.6760742664337158,
        "dihedral_counts": [
            38,
            35,
            16,
            6
        ],
        "seq_len": 43,
        "num_sc": 38
    }
}