{
    "all": {
        "mean_mae": [
            17.82994270324707,
            17.858983993530273,
            49.51328659057617,
            76.25640869140625
        ],
        "mae_sr": 0.6547619104385376,
        "rmsd": 0.7001616358757019,
        "dihedral_counts": [
            84,
            72,
            21,
            9
        ],
        "seq_len": 98,
        "num_sc": 84,
        "clash_info": {
            "100": {
                "num_clashes": 25,
                "num_atom_pairs": 231869,
                "energy": 2.007030963897705
            },
            "90": {
                "num_clashes": 0,
                "num_atom_pairs": 231869,
                "energy": 0.0
            },
            "80": {
                "num_clashes": 0,
                "num_atom_pairs": 231869,
                "energy": 0.0
            }
        },
        "ca_rmsd": 0.37883511185646057
    },
    "core": {
        "mean_mae": [
            4.7769575119018555,
            19.81007957458496,
            2.820396900177002,
            0.0
        ],
        "mae_sr": 0.8888888955116272,
        "rmsd": 0.31287774443626404,
        "dihedral_counts": [
            9,
            8,
            1,
            0
        ],
        "seq_len": 13,
        "num_sc": 9
    },
    "surface": {
        "mean_mae": [
            26.402576446533203,
            21.067907333374023,
            53.39815902709961,
            100.45806884765625
        ],
        "mae_sr": 0.5490196347236633,
        "rmsd": 0.9283943176269531,
        "dihedral_counts": [
            51,
            41,
            14,
            6
        ],
        "seq_len": 60,
        "num_sc": 51
    }
}