{
    "all": {
        "mean_mae": [
            58.938865661621094,
            57.22299575805664,
            71.32979583740234,
            88.97460174560547
        ],
        "mae_sr": 0.1666666716337204,
        "rmsd": 1.6202009916305542,
        "dihedral_counts": [
            138,
            106,
            44,
            24
        ],
        "seq_len": 168,
        "num_sc": 138,
        "clash_info": {
            "100": {
                "num_clashes": 98,
                "num_atom_pairs": 577822,
                "energy": 27.856151580810547
            },
            "90": {
                "num_clashes": 30,
                "num_atom_pairs": 577822,
                "energy": 9.772218704223633
            },
            "80": {
                "num_clashes": 12,
                "num_atom_pairs": 577822,
                "energy": 3.1485867500305176
            }
        },
        "ca_rmsd": 11.032862663269043
    },
    "core": {
        "mean_mae": [
            39.55094528198242,
            51.29833984375,
            90.44876861572266,
            61.351470947265625
        ],
        "mae_sr": 0.24242424964904785,
        "rmsd": 1.2720530033111572,
        "dihedral_counts": [
            33,
            21,
            7,
            2
        ],
        "seq_len": 37,
        "num_sc": 33
    },
    "surface": {
        "mean_mae": [
            70.3904037475586,
            64.14087677001953,
            61.925270080566406,
            97.51358032226562
        ],
        "mae_sr": 0.09589041024446487,
        "rmsd": 1.8528820276260376,
        "dihedral_counts": [
            73,
            61,
            29,
            16
        ],
        "seq_len": 96,
        "num_sc": 73
    }
}