{
    "all": {
        "mean_mae": [
            49.57743453979492,
            40.120765686035156,
            67.52922821044922,
            60.782169342041016
        ],
        "mae_sr": 0.3492647111415863,
        "rmsd": 1.295355200767517,
        "dihedral_counts": [
            272,
            205,
            57,
            27
        ],
        "seq_len": 298,
        "num_sc": 272,
        "clash_info": {
            "100": {
                "num_clashes": 95,
                "num_atom_pairs": 2207413,
                "energy": 19.479108810424805
            },
            "90": {
                "num_clashes": 20,
                "num_atom_pairs": 2207413,
                "energy": 4.31251335144043
            },
            "80": {
                "num_clashes": 5,
                "num_atom_pairs": 2207413,
                "energy": 0.7819451093673706
            }
        },
        "ca_rmsd": 26.3859920501709
    },
    "core": {
        "mean_mae": [
            26.093727111816406,
            22.52783203125,
            109.75962829589844,
            41.77198791503906
        ],
        "mae_sr": 0.581818163394928,
        "rmsd": 0.7170729637145996,
        "dihedral_counts": [
            55,
            42,
            7,
            1
        ],
        "seq_len": 64,
        "num_sc": 55
    },
    "surface": {
        "mean_mae": [
            60.989601135253906,
            44.38188552856445,
            60.817352294921875,
            62.1905632019043
        ],
        "mae_sr": 0.26760563254356384,
        "rmsd": 1.580693244934082,
        "dihedral_counts": [
            142,
            108,
            34,
            20
        ],
        "seq_len": 153,
        "num_sc": 142
    }
}