{
    "all": {
        "mean_mae": [
            35.28875732421875,
            37.823341369628906,
            64.11529541015625,
            58.90313720703125
        ],
        "mae_sr": 0.31640625,
        "rmsd": 1.1269184350967407,
        "dihedral_counts": [
            256,
            208,
            66,
            32
        ],
        "seq_len": 289,
        "num_sc": 256,
        "clash_info": {
            "100": {
                "num_clashes": 56,
                "num_atom_pairs": 1903305,
                "energy": 8.54118537902832
            },
            "90": {
                "num_clashes": 6,
                "num_atom_pairs": 1903305,
                "energy": 1.734818696975708
            },
            "80": {
                "num_clashes": 3,
                "num_atom_pairs": 1903305,
                "energy": 0.20769131183624268
            }
        },
        "ca_rmsd": 42.89719772338867
    },
    "core": {
        "mean_mae": [
            20.30555534362793,
            26.430105209350586,
            43.29169464111328,
            35.772586822509766
        ],
        "mae_sr": 0.4545454680919647,
        "rmsd": 0.7342671751976013,
        "dihedral_counts": [
            44,
            35,
            7,
            3
        ],
        "seq_len": 51,
        "num_sc": 44
    },
    "surface": {
        "mean_mae": [
            42.53841781616211,
            44.34982681274414,
            64.39717864990234,
            58.093082427978516
        ],
        "mae_sr": 0.2237762212753296,
        "rmsd": 1.3571852445602417,
        "dihedral_counts": [
            143,
            116,
            49,
            24
        ],
        "seq_len": 165,
        "num_sc": 143
    }
}