{
    "all": {
        "mean_mae": [
            30.404664993286133,
            28.50802993774414,
            55.9911994934082,
            60.28730773925781
        ],
        "mae_sr": 0.5194174647331238,
        "rmsd": 0.898844838142395,
        "dihedral_counts": [
            412,
            288,
            113,
            61
        ],
        "seq_len": 863,
        "num_sc": 412,
        "clash_info": {
            "100": {
                "num_clashes": 111,
                "num_atom_pairs": 4850685,
                "energy": 19.309669494628906
            },
            "90": {
                "num_clashes": 17,
                "num_atom_pairs": 4850685,
                "energy": 3.311330795288086
            },
            "80": {
                "num_clashes": 3,
                "num_atom_pairs": 4850685,
                "energy": 0.535285234451294
            }
        },
        "ca_rmsd": 43.293025970458984
    },
    "core": {
        "mean_mae": [
            20.35503387451172,
            19.204620361328125,
            59.80718994140625,
            54.5559196472168
        ],
        "mae_sr": 0.7102803587913513,
        "rmsd": 0.5344142317771912,
        "dihedral_counts": [
            107,
            74,
            9,
            6
        ],
        "seq_len": 519,
        "num_sc": 107
    },
    "surface": {
        "mean_mae": [
            37.388919830322266,
            35.313209533691406,
            57.49485778808594,
            61.7906608581543
        ],
        "mae_sr": 0.40487805008888245,
        "rmsd": 1.1226450204849243,
        "dihedral_counts": [
            205,
            143,
            73,
            37
        ],
        "seq_len": 235,
        "num_sc": 205
    }
}