{
    "all": {
        "mean_mae": [
            54.2823600769043,
            44.423702239990234,
            53.29724884033203,
            73.80645751953125
        ],
        "mae_sr": 0.23404255509376526,
        "rmsd": 1.4887148141860962,
        "dihedral_counts": [
            94,
            78,
            29,
            11
        ],
        "seq_len": 100,
        "num_sc": 94,
        "clash_info": {
            "100": {
                "num_clashes": 12,
                "num_atom_pairs": 266728,
                "energy": 0.9087462425231934
            },
            "90": {
                "num_clashes": 0,
                "num_atom_pairs": 266728,
                "energy": 0.0
            },
            "80": {
                "num_clashes": 0,
                "num_atom_pairs": 266728,
                "energy": 0.0
            }
        },
        "ca_rmsd": 16.51620101928711
    },
    "core": {
        "mean_mae": [
            40.7330436706543,
            47.644554138183594,
            65.29871368408203,
            0.0
        ],
        "mae_sr": 0.20000000298023224,
        "rmsd": 1.3915303945541382,
        "dihedral_counts": [
            10,
            10,
            1,
            0
        ],
        "seq_len": 10,
        "num_sc": 10
    },
    "surface": {
        "mean_mae": [
            60.371826171875,
            41.91898727416992,
            46.80453109741211,
            75.26695251464844
        ],
        "mae_sr": 0.18965516984462738,
        "rmsd": 1.5378841161727905,
        "dihedral_counts": [
            58,
            47,
            22,
            9
        ],
        "seq_len": 63,
        "num_sc": 58
    }
}