{
    "all": {
        "mean_mae": [
            23.413259506225586,
            25.87862205505371,
            60.36940002441406,
            81.7102279663086
        ],
        "mae_sr": 0.5903614163398743,
        "rmsd": 0.9521520137786865,
        "dihedral_counts": [
            166,
            130,
            58,
            29
        ],
        "seq_len": 211,
        "num_sc": 166,
        "clash_info": {
            "100": {
                "num_clashes": 43,
                "num_atom_pairs": 863786,
                "energy": 6.832863807678223
            },
            "90": {
                "num_clashes": 6,
                "num_atom_pairs": 863786,
                "energy": 1.0584800243377686
            },
            "80": {
                "num_clashes": 0,
                "num_atom_pairs": 863786,
                "energy": 0.0
            }
        },
        "ca_rmsd": 17.00388526916504
    },
    "core": {
        "mean_mae": [
            10.614398002624512,
            14.037190437316895,
            39.68105697631836,
            69.119140625
        ],
        "mae_sr": 0.8297872543334961,
        "rmsd": 0.3699358403682709,
        "dihedral_counts": [
            47,
            31,
            7,
            3
        ],
        "seq_len": 82,
        "num_sc": 47
    },
    "surface": {
        "mean_mae": [
            32.617095947265625,
            35.49528121948242,
            69.3878173828125,
            87.47917175292969
        ],
        "mae_sr": 0.4367816150188446,
        "rmsd": 1.3430204391479492,
        "dihedral_counts": [
            87,
            71,
            39,
            20
        ],
        "seq_len": 95,
        "num_sc": 87
    }
}