{
    "all": {
        "mean_mae": [
            17.12313461303711,
            19.861650466918945,
            60.76036834716797,
            90.9226303100586
        ],
        "mae_sr": 0.7403846383094788,
        "rmsd": 0.5005661845207214,
        "dihedral_counts": [
            104,
            60,
            15,
            7
        ],
        "seq_len": 138,
        "num_sc": 104,
        "clash_info": {
            "100": {
                "num_clashes": 24,
                "num_atom_pairs": 318855,
                "energy": 4.252376556396484
            },
            "90": {
                "num_clashes": 4,
                "num_atom_pairs": 318855,
                "energy": 0.16704463958740234
            },
            "80": {
                "num_clashes": 0,
                "num_atom_pairs": 318855,
                "energy": 0.0
            }
        },
        "ca_rmsd": 24.8691463470459
    },
    "core": {
        "mean_mae": [
            6.026154041290283,
            17.038122177124023,
            157.868896484375,
            44.60957717895508
        ],
        "mae_sr": 0.8518518805503845,
        "rmsd": 0.2477746158838272,
        "dihedral_counts": [
            27,
            15,
            1,
            1
        ],
        "seq_len": 30,
        "num_sc": 27
    },
    "surface": {
        "mean_mae": [
            24.55271339416504,
            26.755247116088867,
            57.99609375,
            111.08277893066406
        ],
        "mae_sr": 0.6538461446762085,
        "rmsd": 0.6683709621429443,
        "dihedral_counts": [
            52,
            32,
            9,
            4
        ],
        "seq_len": 76,
        "num_sc": 52
    }
}