{
    "all": {
        "mean_mae": [
            57.64131164550781,
            49.17471694946289,
            78.34796905517578,
            62.72494125366211
        ],
        "mae_sr": 0.16853933036327362,
        "rmsd": 1.6637852191925049,
        "dihedral_counts": [
            89,
            74,
            28,
            14
        ],
        "seq_len": 116,
        "num_sc": 89,
        "clash_info": {
            "100": {
                "num_clashes": 29,
                "num_atom_pairs": 247833,
                "energy": 5.009817123413086
            },
            "90": {
                "num_clashes": 3,
                "num_atom_pairs": 247833,
                "energy": 0.4227924346923828
            },
            "80": {
                "num_clashes": 0,
                "num_atom_pairs": 247833,
                "energy": 0.0
            }
        },
        "ca_rmsd": 8.874334335327148
    },
    "core": {
        "mean_mae": [
            47.917755126953125,
            46.07584762573242,
            85.06851196289062,
            55.997100830078125
        ],
        "mae_sr": 0.20000000298023224,
        "rmsd": 1.7174410820007324,
        "dihedral_counts": [
            25,
            23,
            6,
            6
        ],
        "seq_len": 41,
        "num_sc": 25
    },
    "surface": {
        "mean_mae": [
            68.12078094482422,
            47.00206756591797,
            79.47721099853516,
            73.94115447998047
        ],
        "mae_sr": 0.13636364042758942,
        "rmsd": 1.7623881101608276,
        "dihedral_counts": [
            44,
            37,
            20,
            7
        ],
        "seq_len": 50,
        "num_sc": 44
    }
}