{
    "all": {
        "mean_mae": [
            41.593841552734375,
            33.44097137451172,
            49.314823150634766,
            57.037376403808594
        ],
        "mae_sr": 0.4508196711540222,
        "rmsd": 1.1547406911849976,
        "dihedral_counts": [
            854,
            647,
            192,
            88
        ],
        "seq_len": 1029,
        "num_sc": 854,
        "clash_info": {
            "100": {
                "num_clashes": 343,
                "num_atom_pairs": 22727944,
                "energy": 63.17449951171875
            },
            "90": {
                "num_clashes": 55,
                "num_atom_pairs": 22727944,
                "energy": 12.340024948120117
            },
            "80": {
                "num_clashes": 12,
                "num_atom_pairs": 22727944,
                "energy": 3.8927736282348633
            }
        },
        "ca_rmsd": 39.79951858520508
    },
    "core": {
        "mean_mae": [
            29.5179500579834,
            25.280807495117188,
            33.3600959777832,
            34.416934967041016
        ],
        "mae_sr": 0.6164772510528564,
        "rmsd": 0.7976035475730896,
        "dihedral_counts": [
            352,
            260,
            56,
            19
        ],
        "seq_len": 446,
        "num_sc": 352
    },
    "surface": {
        "mean_mae": [
            52.902286529541016,
            39.89581298828125,
            61.619537353515625,
            58.872108459472656
        ],
        "mae_sr": 0.31683167815208435,
        "rmsd": 1.4590853452682495,
        "dihedral_counts": [
            303,
            228,
            81,
            44
        ],
        "seq_len": 349,
        "num_sc": 303
    }
}