{
    "all": {
        "mean_mae": [
            39.1220817565918,
            37.573524475097656,
            68.23104858398438,
            67.88455200195312
        ],
        "mae_sr": 0.3870967626571655,
        "rmsd": 1.2178705930709839,
        "dihedral_counts": [
            62,
            45,
            22,
            11
        ],
        "seq_len": 350,
        "num_sc": 62,
        "clash_info": {
            "100": {
                "num_clashes": 13,
                "num_atom_pairs": 110271,
                "energy": 1.8056282997131348
            },
            "90": {
                "num_clashes": 1,
                "num_atom_pairs": 110271,
                "energy": 0.13373088836669922
            },
            "80": {
                "num_clashes": 0,
                "num_atom_pairs": 110271,
                "energy": 0.0
            }
        },
        "ca_rmsd": 97.16217041015625
    },
    "core": {
        "mean_mae": [
            1.0810573101043701,
            10.829899787902832,
            0.0,
            0.0
        ],
        "mae_sr": 0.6666666865348816,
        "rmsd": 0.47528770565986633,
        "dihedral_counts": [
            3,
            2,
            0,
            0
        ],
        "seq_len": 283,
        "num_sc": 3
    },
    "surface": {
        "mean_mae": [
            45.817527770996094,
            45.39138412475586,
            68.23104858398438,
            67.88455200195312
        ],
        "mae_sr": 0.27659574151039124,
        "rmsd": 1.443539023399353,
        "dihedral_counts": [
            47,
            36,
            22,
            11
        ],
        "seq_len": 55,
        "num_sc": 47
    }
}