{
    "all": {
        "mean_mae": [
            39.9570426940918,
            32.578372955322266,
            59.27304458618164,
            58.766387939453125
        ],
        "mae_sr": 0.4323432445526123,
        "rmsd": 1.139589786529541,
        "dihedral_counts": [
            303,
            232,
            72,
            32
        ],
        "seq_len": 390,
        "num_sc": 303,
        "clash_info": {
            "100": {
                "num_clashes": 56,
                "num_atom_pairs": 2730574,
                "energy": 7.8179755210876465
            },
            "90": {
                "num_clashes": 5,
                "num_atom_pairs": 2730574,
                "energy": 0.8028597831726074
            },
            "80": {
                "num_clashes": 1,
                "num_atom_pairs": 2730574,
                "energy": 0.06016206741333008
            }
        },
        "ca_rmsd": 115.62577819824219
    },
    "core": {
        "mean_mae": [
            31.68338966369629,
            37.284202575683594,
            78.93404388427734,
            29.37529945373535
        ],
        "mae_sr": 0.5666666626930237,
        "rmsd": 0.8685920238494873,
        "dihedral_counts": [
            30,
            16,
            7,
            3
        ],
        "seq_len": 67,
        "num_sc": 30
    },
    "surface": {
        "mean_mae": [
            42.645042419433594,
            34.4089241027832,
            59.463890075683594,
            63.71928405761719
        ],
        "mae_sr": 0.39754098653793335,
        "rmsd": 1.2200645208358765,
        "dihedral_counts": [
            244,
            190,
            55,
            26
        ],
        "seq_len": 291,
        "num_sc": 244
    }
}