{
    "all": {
        "mean_mae": [
            22.79018211364746,
            23.424175262451172,
            48.485748291015625,
            51.23530960083008
        ],
        "mae_sr": 0.5881006717681885,
        "rmsd": 0.7273075580596924,
        "dihedral_counts": [
            437,
            344,
            121,
            67
        ],
        "seq_len": 544,
        "num_sc": 437,
        "clash_info": {
            "100": {
                "num_clashes": 245,
                "num_atom_pairs": 6459320,
                "energy": 43.31109619140625
            },
            "90": {
                "num_clashes": 41,
                "num_atom_pairs": 6459320,
                "energy": 8.085693359375
            },
            "80": {
                "num_clashes": 8,
                "num_atom_pairs": 6459320,
                "energy": 1.4281456470489502
            }
        },
        "ca_rmsd": 22.555171966552734
    },
    "core": {
        "mean_mae": [
            17.608766555786133,
            18.752796173095703,
            48.182960510253906,
            39.67530822753906
        ],
        "mae_sr": 0.7225130796432495,
        "rmsd": 0.5507688522338867,
        "dihedral_counts": [
            191,
            149,
            31,
            16
        ],
        "seq_len": 230,
        "num_sc": 191
    },
    "surface": {
        "mean_mae": [
            33.1353874206543,
            27.512760162353516,
            50.963993072509766,
            60.5958251953125
        ],
        "mae_sr": 0.4135338366031647,
        "rmsd": 1.0324478149414062,
        "dihedral_counts": [
            133,
            104,
            60,
            34
        ],
        "seq_len": 168,
        "num_sc": 133
    }
}