{
    "all": {
        "mean_mae": [
            26.849180221557617,
            26.48313331604004,
            49.50120162963867,
            44.00313949584961
        ],
        "mae_sr": 0.5977011322975159,
        "rmsd": 0.863691508769989,
        "dihedral_counts": [
            261,
            214,
            84,
            33
        ],
        "seq_len": 318,
        "num_sc": 261,
        "clash_info": {
            "100": {
                "num_clashes": 78,
                "num_atom_pairs": 2234157,
                "energy": 11.573236465454102
            },
            "90": {
                "num_clashes": 12,
                "num_atom_pairs": 2234157,
                "energy": 1.5255231857299805
            },
            "80": {
                "num_clashes": 0,
                "num_atom_pairs": 2234157,
                "energy": 0.0
            }
        },
        "ca_rmsd": 47.933799743652344
    },
    "core": {
        "mean_mae": [
            17.062915802001953,
            14.473406791687012,
            69.30804443359375,
            22.395126342773438
        ],
        "mae_sr": 0.7843137383460999,
        "rmsd": 0.4390418231487274,
        "dihedral_counts": [
            51,
            40,
            6,
            2
        ],
        "seq_len": 67,
        "num_sc": 51
    },
    "surface": {
        "mean_mae": [
            37.85404586791992,
            32.5725212097168,
            49.94905471801758,
            44.81640625
        ],
        "mae_sr": 0.4861111044883728,
        "rmsd": 1.190605878829956,
        "dihedral_counts": [
            144,
            121,
            60,
            25
        ],
        "seq_len": 175,
        "num_sc": 144
    }
}