{
    "all": {
        "mean_mae": [
            45.3398551940918,
            35.64101028442383,
            58.515296936035156,
            76.34564208984375
        ],
        "mae_sr": 0.4039735198020935,
        "rmsd": 1.235156774520874,
        "dihedral_counts": [
            453,
            323,
            82,
            38
        ],
        "seq_len": 640,
        "num_sc": 453,
        "clash_info": {
            "100": {
                "num_clashes": 270,
                "num_atom_pairs": 6430869,
                "energy": 55.99208068847656
            },
            "90": {
                "num_clashes": 61,
                "num_atom_pairs": 6430869,
                "energy": 14.756080627441406
            },
            "80": {
                "num_clashes": 16,
                "num_atom_pairs": 6430869,
                "energy": 3.7376887798309326
            }
        },
        "ca_rmsd": 123.59959411621094
    },
    "core": {
        "mean_mae": [
            42.19213104248047,
            34.054386138916016,
            56.8692741394043,
            70.76844024658203
        ],
        "mae_sr": 0.43560606241226196,
        "rmsd": 1.1657931804656982,
        "dihedral_counts": [
            264,
            187,
            51,
            24
        ],
        "seq_len": 396,
        "num_sc": 264
    },
    "surface": {
        "mean_mae": [
            53.40787887573242,
            39.44436264038086,
            48.833648681640625,
            87.2931137084961
        ],
        "mae_sr": 0.3137255012989044,
        "rmsd": 1.3103678226470947,
        "dihedral_counts": [
            102,
            73,
            16,
            3
        ],
        "seq_len": 141,
        "num_sc": 102
    }
}