{
    "all": {
        "mean_mae": [
            25.453107833862305,
            20.53482437133789,
            32.70403289794922,
            58.08404541015625
        ],
        "mae_sr": 0.6414141654968262,
        "rmsd": 0.8315451741218567,
        "dihedral_counts": [
            198,
            160,
            62,
            34
        ],
        "seq_len": 223,
        "num_sc": 198,
        "clash_info": {
            "100": {
                "num_clashes": 87,
                "num_atom_pairs": 1212729,
                "energy": 14.62883186340332
            },
            "90": {
                "num_clashes": 12,
                "num_atom_pairs": 1212729,
                "energy": 3.003450393676758
            },
            "80": {
                "num_clashes": 3,
                "num_atom_pairs": 1212729,
                "energy": 0.4276304244995117
            }
        },
        "ca_rmsd": 1.1909496784210205
    },
    "core": {
        "mean_mae": [
            13.288702011108398,
            10.365617752075195,
            21.785072326660156,
            29.132640838623047
        ],
        "mae_sr": 0.8405796885490417,
        "rmsd": 0.45217105746269226,
        "dihedral_counts": [
            69,
            50,
            12,
            5
        ],
        "seq_len": 80,
        "num_sc": 69
    },
    "surface": {
        "mean_mae": [
            37.20589828491211,
            29.362674713134766,
            37.57711410522461,
            66.20577239990234
        ],
        "mae_sr": 0.4526315927505493,
        "rmsd": 1.2039326429367065,
        "dihedral_counts": [
            95,
            79,
            40,
            24
        ],
        "seq_len": 105,
        "num_sc": 95
    }
}