{
    "all": {
        "mean_mae": [
            38.93252944946289,
            42.163734436035156,
            47.59109878540039,
            60.9243049621582
        ],
        "mae_sr": 0.4047619104385376,
        "rmsd": 1.1178733110427856,
        "dihedral_counts": [
            126,
            93,
            26,
            19
        ],
        "seq_len": 189,
        "num_sc": 126,
        "clash_info": {
            "100": {
                "num_clashes": 13,
                "num_atom_pairs": 522518,
                "energy": 1.0768423080444336
            },
            "90": {
                "num_clashes": 0,
                "num_atom_pairs": 522518,
                "energy": 0.0
            },
            "80": {
                "num_clashes": 0,
                "num_atom_pairs": 522518,
                "energy": 0.0
            }
        },
        "ca_rmsd": 70.91050720214844
    },
    "core": {
        "mean_mae": [
            0.0,
            0.0,
            0.0,
            0.0
        ],
        "mae_sr": 1.0,
        "rmsd": 0.0,
        "dihedral_counts": [
            0,
            0,
            0,
            0
        ],
        "seq_len": 0,
        "num_sc": 0
    },
    "surface": {
        "mean_mae": [
            38.36418533325195,
            42.163734436035156,
            47.59109878540039,
            60.92429733276367
        ],
        "mae_sr": 0.40799999237060547,
        "rmsd": 1.1119990348815918,
        "dihedral_counts": [
            125,
            93,
            26,
            19
        ],
        "seq_len": 169,
        "num_sc": 125
    }
}