{
    "all": {
        "mean_mae": [
            23.238100051879883,
            25.467119216918945,
            48.89212417602539,
            45.735374450683594
        ],
        "mae_sr": 0.6298342347145081,
        "rmsd": 0.8750541806221008,
        "dihedral_counts": [
            181,
            142,
            44,
            22
        ],
        "seq_len": 211,
        "num_sc": 181,
        "clash_info": {
            "100": {
                "num_clashes": 78,
                "num_atom_pairs": 1044501,
                "energy": 12.694761276245117
            },
            "90": {
                "num_clashes": 12,
                "num_atom_pairs": 1044501,
                "energy": 1.9247219562530518
            },
            "80": {
                "num_clashes": 3,
                "num_atom_pairs": 1044501,
                "energy": 0.27669739723205566
            }
        },
        "ca_rmsd": 11.992393493652344
    },
    "core": {
        "mean_mae": [
            4.27779483795166,
            12.729680061340332,
            28.655847549438477,
            43.2624397277832
        ],
        "mae_sr": 0.8888888955116272,
        "rmsd": 0.37220391631126404,
        "dihedral_counts": [
            36,
            27,
            5,
            3
        ],
        "seq_len": 41,
        "num_sc": 36
    },
    "surface": {
        "mean_mae": [
            35.468990325927734,
            32.673038482666016,
            57.64107894897461,
            43.488529205322266
        ],
        "mae_sr": 0.4909090995788574,
        "rmsd": 1.1556360721588135,
        "dihedral_counts": [
            110,
            83,
            31,
            16
        ],
        "seq_len": 130,
        "num_sc": 110
    }
}