{
    "all": {
        "mean_mae": [
            19.08519172668457,
            30.157602310180664,
            50.90097427368164,
            46.5450553894043
        ],
        "mae_sr": 0.6608186960220337,
        "rmsd": 0.7021433711051941,
        "dihedral_counts": [
            171,
            134,
            37,
            16
        ],
        "seq_len": 227,
        "num_sc": 171,
        "clash_info": {
            "100": {
                "num_clashes": 68,
                "num_atom_pairs": 1015040,
                "energy": 9.179303169250488
            },
            "90": {
                "num_clashes": 9,
                "num_atom_pairs": 1015040,
                "energy": 0.8865878582000732
            },
            "80": {
                "num_clashes": 0,
                "num_atom_pairs": 1015040,
                "energy": 0.0
            }
        },
        "ca_rmsd": 11.494638442993164
    },
    "core": {
        "mean_mae": [
            13.6383638381958,
            15.408720016479492,
            32.121131896972656,
            61.15803909301758
        ],
        "mae_sr": 0.8133333325386047,
        "rmsd": 0.4053114950656891,
        "dihedral_counts": [
            75,
            53,
            8,
            2
        ],
        "seq_len": 101,
        "num_sc": 75
    },
    "surface": {
        "mean_mae": [
            24.09908676147461,
            41.95884323120117,
            51.127803802490234,
            37.56680679321289
        ],
        "mae_sr": 0.5,
        "rmsd": 0.9967121481895447,
        "dihedral_counts": [
            70,
            59,
            22,
            11
        ],
        "seq_len": 91,
        "num_sc": 70
    }
}