{
    "all": {
        "mean_mae": [
            32.9986457824707,
            35.95203399658203,
            52.808067321777344,
            60.98830795288086
        ],
        "mae_sr": 0.5653846263885498,
        "rmsd": 0.9534714818000793,
        "dihedral_counts": [
            260,
            169,
            45,
            18
        ],
        "seq_len": 338,
        "num_sc": 260,
        "clash_info": {
            "100": {
                "num_clashes": 81,
                "num_atom_pairs": 2140880,
                "energy": 17.10753059387207
            },
            "90": {
                "num_clashes": 17,
                "num_atom_pairs": 2140880,
                "energy": 4.160515785217285
            },
            "80": {
                "num_clashes": 3,
                "num_atom_pairs": 2140880,
                "energy": 1.1370558738708496
            }
        },
        "ca_rmsd": 6.715993881225586
    },
    "core": {
        "mean_mae": [
            27.774465560913086,
            25.08602523803711,
            91.9810562133789,
            32.70813751220703
        ],
        "mae_sr": 0.6578947305679321,
        "rmsd": 0.7834033370018005,
        "dihedral_counts": [
            38,
            28,
            5,
            2
        ],
        "seq_len": 47,
        "num_sc": 38
    },
    "surface": {
        "mean_mae": [
            36.722476959228516,
            40.26265335083008,
            56.83108901977539,
            76.68778228759766
        ],
        "mae_sr": 0.5333333611488342,
        "rmsd": 1.0106734037399292,
        "dihedral_counts": [
            165,
            95,
            29,
            11
        ],
        "seq_len": 222,
        "num_sc": 165
    }
}