{
    "all": {
        "mean_mae": [
            40.9880256652832,
            37.446250915527344,
            72.39203643798828,
            66.98407745361328
        ],
        "mae_sr": 0.373913049697876,
        "rmsd": 1.1825042963027954,
        "dihedral_counts": [
            230,
            160,
            50,
            18
        ],
        "seq_len": 306,
        "num_sc": 230,
        "clash_info": {
            "100": {
                "num_clashes": 114,
                "num_atom_pairs": 1684725,
                "energy": 25.350902557373047
            },
            "90": {
                "num_clashes": 22,
                "num_atom_pairs": 1684725,
                "energy": 7.618844509124756
            },
            "80": {
                "num_clashes": 8,
                "num_atom_pairs": 1684725,
                "energy": 3.9052343368530273
            }
        },
        "ca_rmsd": 18.51552963256836
    },
    "core": {
        "mean_mae": [
            29.504226684570312,
            28.065317153930664,
            79.727783203125,
            78.53067779541016
        ],
        "mae_sr": 0.5111111402511597,
        "rmsd": 0.9405885338783264,
        "dihedral_counts": [
            90,
            64,
            19,
            7
        ],
        "seq_len": 142,
        "num_sc": 90
    },
    "surface": {
        "mean_mae": [
            51.623165130615234,
            50.76325988769531,
            70.52822875976562,
            55.49773025512695
        ],
        "mae_sr": 0.23404255509376526,
        "rmsd": 1.377564787864685,
        "dihedral_counts": [
            94,
            64,
            22,
            7
        ],
        "seq_len": 115,
        "num_sc": 94
    }
}