{
    "all": {
        "mean_mae": [
            29.52354621887207,
            38.57635498046875,
            48.706207275390625,
            79.72709655761719
        ],
        "mae_sr": 0.5263158082962036,
        "rmsd": 1.0240082740783691,
        "dihedral_counts": [
            95,
            71,
            32,
            12
        ],
        "seq_len": 117,
        "num_sc": 95,
        "clash_info": {
            "100": {
                "num_clashes": 25,
                "num_atom_pairs": 294373,
                "energy": 3.2042484283447266
            },
            "90": {
                "num_clashes": 1,
                "num_atom_pairs": 294373,
                "energy": 0.17123198509216309
            },
            "80": {
                "num_clashes": 0,
                "num_atom_pairs": 294373,
                "energy": 0.0
            }
        },
        "ca_rmsd": 1.6312505006790161
    },
    "core": {
        "mean_mae": [
            15.3877592086792,
            18.426610946655273,
            34.7714729309082,
            116.90425872802734
        ],
        "mae_sr": 0.7599999904632568,
        "rmsd": 0.5259304642677307,
        "dihedral_counts": [
            25,
            18,
            3,
            1
        ],
        "seq_len": 35,
        "num_sc": 25
    },
    "surface": {
        "mean_mae": [
            37.088191986083984,
            52.77499771118164,
            54.28032302856445,
            77.9132308959961
        ],
        "mae_sr": 0.3191489279270172,
        "rmsd": 1.3767940998077393,
        "dihedral_counts": [
            47,
            37,
            24,
            9
        ],
        "seq_len": 58,
        "num_sc": 47
    }
}