{
    "all": {
        "mean_mae": [
            39.59662628173828,
            35.660011291503906,
            63.50879669189453,
            45.22126770019531
        ],
        "mae_sr": 0.4307692348957062,
        "rmsd": 1.205620288848877,
        "dihedral_counts": [
            260,
            180,
            68,
            34
        ],
        "seq_len": 524,
        "num_sc": 260,
        "clash_info": {
            "100": {
                "num_clashes": 88,
                "num_atom_pairs": 2017035,
                "energy": 28.613561630249023
            },
            "90": {
                "num_clashes": 27,
                "num_atom_pairs": 2017035,
                "energy": 13.68463134765625
            },
            "80": {
                "num_clashes": 15,
                "num_atom_pairs": 2017035,
                "energy": 7.387112140655518
            }
        },
        "ca_rmsd": 207.8634033203125
    },
    "core": {
        "mean_mae": [
            8.10720443725586,
            13.617106437683105,
            0.0,
            0.0
        ],
        "mae_sr": 0.7894737124443054,
        "rmsd": 0.30564650893211365,
        "dihedral_counts": [
            19,
            14,
            0,
            0
        ],
        "seq_len": 234,
        "num_sc": 19
    },
    "surface": {
        "mean_mae": [
            43.50331497192383,
            38.963539123535156,
            62.262901306152344,
            46.38815689086914
        ],
        "mae_sr": 0.3909091055393219,
        "rmsd": 1.306146264076233,
        "dihedral_counts": [
            220,
            151,
            58,
            28
        ],
        "seq_len": 267,
        "num_sc": 220
    }
}