{
    "all": {
        "mean_mae": [
            20.982038497924805,
            32.514671325683594,
            38.903594970703125,
            49.45637893676758
        ],
        "mae_sr": 0.6171428561210632,
        "rmsd": 0.7613011002540588,
        "dihedral_counts": [
            175,
            135,
            46,
            23
        ],
        "seq_len": 200,
        "num_sc": 175,
        "clash_info": {
            "100": {
                "num_clashes": 68,
                "num_atom_pairs": 946761,
                "energy": 10.292312622070312
            },
            "90": {
                "num_clashes": 9,
                "num_atom_pairs": 946761,
                "energy": 1.0675876140594482
            },
            "80": {
                "num_clashes": 1,
                "num_atom_pairs": 946761,
                "energy": 0.09648513793945312
            }
        },
        "ca_rmsd": 8.94421672821045
    },
    "core": {
        "mean_mae": [
            10.3803129196167,
            16.78145980834961,
            29.753746032714844,
            55.886940002441406
        ],
        "mae_sr": 0.7868852615356445,
        "rmsd": 0.4202491343021393,
        "dihedral_counts": [
            61,
            44,
            3,
            2
        ],
        "seq_len": 73,
        "num_sc": 61
    },
    "surface": {
        "mean_mae": [
            27.61961555480957,
            39.23539733886719,
            42.46363067626953,
            50.41679382324219
        ],
        "mae_sr": 0.5,
        "rmsd": 1.0299853086471558,
        "dihedral_counts": [
            78,
            64,
            35,
            17
        ],
        "seq_len": 88,
        "num_sc": 78
    }
}