{
    "all": {
        "mean_mae": [
            26.63019371032715,
            25.446025848388672,
            54.59093475341797,
            49.668052673339844
        ],
        "mae_sr": 0.5642856955528259,
        "rmsd": 0.8893004059791565,
        "dihedral_counts": [
            140,
            113,
            41,
            22
        ],
        "seq_len": 166,
        "num_sc": 140,
        "clash_info": {
            "100": {
                "num_clashes": 91,
                "num_atom_pairs": 664961,
                "energy": 30.234357833862305
            },
            "90": {
                "num_clashes": 28,
                "num_atom_pairs": 664961,
                "energy": 12.466054916381836
            },
            "80": {
                "num_clashes": 11,
                "num_atom_pairs": 664961,
                "energy": 7.511940956115723
            }
        },
        "ca_rmsd": 6.034849166870117
    },
    "core": {
        "mean_mae": [
            16.816322326660156,
            19.56215476989746,
            54.364200592041016,
            46.385128021240234
        ],
        "mae_sr": 0.7857142686843872,
        "rmsd": 0.4808018207550049,
        "dihedral_counts": [
            42,
            31,
            7,
            3
        ],
        "seq_len": 50,
        "num_sc": 42
    },
    "surface": {
        "mean_mae": [
            32.233306884765625,
            31.14297103881836,
            55.32422637939453,
            61.55360794067383
        ],
        "mae_sr": 0.44594594836235046,
        "rmsd": 1.0741164684295654,
        "dihedral_counts": [
            74,
            62,
            27,
            15
        ],
        "seq_len": 91,
        "num_sc": 74
    }
}