{
    "all": {
        "mean_mae": [
            30.97922134399414,
            34.6927490234375,
            46.20883560180664,
            62.82711410522461
        ],
        "mae_sr": 0.4588235318660736,
        "rmsd": 0.979153037071228,
        "dihedral_counts": [
            255,
            198,
            78,
            36
        ],
        "seq_len": 653,
        "num_sc": 255,
        "clash_info": {
            "100": {
                "num_clashes": 126,
                "num_atom_pairs": 1935960,
                "energy": 31.11890411376953
            },
            "90": {
                "num_clashes": 32,
                "num_atom_pairs": 1935960,
                "energy": 10.750075340270996
            },
            "80": {
                "num_clashes": 13,
                "num_atom_pairs": 1935960,
                "energy": 3.8523902893066406
            }
        },
        "ca_rmsd": 264.4433288574219
    },
    "core": {
        "mean_mae": [
            16.521286010742188,
            29.68988609313965,
            38.01062774658203,
            70.84481048583984
        ],
        "mae_sr": 0.6701030731201172,
        "rmsd": 0.6167721152305603,
        "dihedral_counts": [
            97,
            71,
            17,
            10
        ],
        "seq_len": 467,
        "num_sc": 97
    },
    "surface": {
        "mean_mae": [
            46.12290573120117,
            43.95830154418945,
            53.22816467285156,
            48.56218719482422
        ],
        "mae_sr": 0.25925925374031067,
        "rmsd": 1.3680399656295776,
        "dihedral_counts": [
            108,
            83,
            44,
            17
        ],
        "seq_len": 125,
        "num_sc": 108
    }
}