{
    "all": {
        "mean_mae": [
            37.751163482666016,
            36.77140426635742,
            54.29598617553711,
            68.95075225830078
        ],
        "mae_sr": 0.4333333373069763,
        "rmsd": 1.215624213218689,
        "dihedral_counts": [
            270,
            205,
            78,
            33
        ],
        "seq_len": 376,
        "num_sc": 270,
        "clash_info": {
            "100": {
                "num_clashes": 107,
                "num_atom_pairs": 2236612,
                "energy": 27.27304458618164
            },
            "90": {
                "num_clashes": 24,
                "num_atom_pairs": 2236612,
                "energy": 11.882719039916992
            },
            "80": {
                "num_clashes": 8,
                "num_atom_pairs": 2236612,
                "energy": 7.025541305541992
            }
        },
        "ca_rmsd": 89.51297760009766
    },
    "core": {
        "mean_mae": [
            18.058568954467773,
            20.9216365814209,
            52.33879089355469,
            12.584076881408691
        ],
        "mae_sr": 0.7164179086685181,
        "rmsd": 0.6015737652778625,
        "dihedral_counts": [
            67,
            45,
            9,
            3
        ],
        "seq_len": 144,
        "num_sc": 67
    },
    "surface": {
        "mean_mae": [
            53.08425521850586,
            45.81844711303711,
            57.26930236816406,
            80.39617919921875
        ],
        "mae_sr": 0.28378379344940186,
        "rmsd": 1.6226290464401245,
        "dihedral_counts": [
            148,
            115,
            57,
            24
        ],
        "seq_len": 166,
        "num_sc": 148
    }
}