{
    "all": {
        "mean_mae": [
            34.57182693481445,
            25.087677001953125,
            50.97254943847656,
            43.997642517089844
        ],
        "mae_sr": 0.5848214030265808,
        "rmsd": 0.8259238004684448,
        "dihedral_counts": [
            896,
            549,
            97,
            23
        ],
        "seq_len": 1424,
        "num_sc": 896,
        "clash_info": {
            "100": {
                "num_clashes": 352,
                "num_atom_pairs": 21968505,
                "energy": 63.4901123046875
            },
            "90": {
                "num_clashes": 54,
                "num_atom_pairs": 21968505,
                "energy": 11.511951446533203
            },
            "80": {
                "num_clashes": 12,
                "num_atom_pairs": 21968505,
                "energy": 2.3776161670684814
            }
        },
        "ca_rmsd": 61.376426696777344
    },
    "core": {
        "mean_mae": [
            24.778724670410156,
            17.80828285217285,
            48.33279800415039,
            37.067626953125
        ],
        "mae_sr": 0.680115282535553,
        "rmsd": 0.6390334367752075,
        "dihedral_counts": [
            347,
            245,
            27,
            3
        ],
        "seq_len": 794,
        "num_sc": 347
    },
    "surface": {
        "mean_mae": [
            44.943931579589844,
            36.650211334228516,
            53.2220573425293,
            47.1695671081543
        ],
        "mae_sr": 0.48255813121795654,
        "rmsd": 1.0208851099014282,
        "dihedral_counts": [
            344,
            174,
            44,
            12
        ],
        "seq_len": 395,
        "num_sc": 344
    }
}