{
    "all": {
        "rmsd": 1.0020325183868408,
        "mae_sr": 0.5267496109008789,
        "mean_mae": [
            31.574552536010742,
            30.65191078186035,
            49.80620574951172,
            57.750675201416016
        ],
        "dihedral_counts": [
            17960,
            13380,
            4406,
            2035
        ],
        "num_sc": 17961,
        "mean_seq_len": 354.4507141113281,
        "ca_rmsd": 41.92422866821289,
        "clash_info": {
            "100": {
                "energy": 26.95807456970215,
                "num_atom_pairs": 3113309.75,
                "num_clashes": 115.69013977050781
            },
            "90": {
                "energy": 8.286480903625488,
                "num_atom_pairs": 3113309.75,
                "num_clashes": 26.478872299194336
            },
            "80": {
                "energy": 3.1774260997772217,
                "num_atom_pairs": 3113309.75,
                "num_clashes": 9.028168678283691
            }
        }
    },
    "core": {
        "rmsd": 0.6444177031517029,
        "mae_sr": 0.7052136063575745,
        "mean_mae": [
            19.561901092529297,
            21.669551849365234,
            43.10424041748047,
            47.95122528076172
        ],
        "dihedral_counts": [
            5861,
            4211,
            841,
            355
        ],
        "num_sc": 5861,
        "mean_seq_len": 148.81689453125
    },
    "surface": {
        "rmsd": 1.2232022285461426,
        "mae_sr": 0.41565605998039246,
        "mean_mae": [
            39.41535186767578,
            36.385337829589844,
            51.84976577758789,
            58.66472244262695
        ],
        "dihedral_counts": [
            8380,
            6331,
            2647,
            1223
        ],
        "num_sc": 8380,
        "mean_seq_len": 143.7042236328125
    }
}