{
    "all": {
        "mean_mae": [
            12.182337760925293,
            17.688974380493164,
            49.4655876159668,
            52.10303497314453
        ],
        "mae_sr": 0.75,
        "rmsd": 0.5969520807266235,
        "dihedral_counts": [
            292,
            222,
            75,
            33
        ],
        "seq_len": 378,
        "num_sc": 292,
        "clash_info": {
            "100": {
                "num_clashes": 97,
                "num_atom_pairs": 3090279,
                "energy": 19.652416229248047
            },
            "90": {
                "num_clashes": 21,
                "num_atom_pairs": 3090279,
                "energy": 4.633857727050781
            },
            "80": {
                "num_clashes": 6,
                "num_atom_pairs": 3090279,
                "energy": 1.0026638507843018
            }
        },
        "ca_rmsd": 5.860857072548242e-06
    },
    "core": {
        "mean_mae": [
            10.564770698547363,
            11.407328605651855,
            36.69223403930664,
            100.54988861083984
        ],
        "mae_sr": 0.876288652420044,
        "rmsd": 0.31778624653816223,
        "dihedral_counts": [
            97,
            75,
            11,
            3
        ],
        "seq_len": 124,
        "num_sc": 97
    },
    "surface": {
        "mean_mae": [
            13.742084503173828,
            25.088930130004883,
            56.57428741455078,
            56.24452590942383
        ],
        "mae_sr": 0.6639999747276306,
        "rmsd": 0.7982569336891174,
        "dihedral_counts": [
            125,
            97,
            39,
            19
        ],
        "seq_len": 166,
        "num_sc": 125
    }
}