{
    "all": {
        "mean_mae": [
            20.66785430908203,
            28.182764053344727,
            47.871402740478516,
            69.0419692993164
        ],
        "mae_sr": 0.7046632170677185,
        "rmsd": 0.6695467233657837,
        "dihedral_counts": [
            193,
            120,
            32,
            15
        ],
        "seq_len": 251,
        "num_sc": 193,
        "clash_info": {
            "100": {
                "num_clashes": 44,
                "num_atom_pairs": 1177355,
                "energy": 4.895678520202637
            },
            "90": {
                "num_clashes": 3,
                "num_atom_pairs": 1177355,
                "energy": 0.29657721519470215
            },
            "80": {
                "num_clashes": 0,
                "num_atom_pairs": 1177355,
                "energy": 0.0
            }
        },
        "ca_rmsd": 0.0
    },
    "core": {
        "mean_mae": [
            15.739981651306152,
            16.68592643737793,
            41.72952651977539,
            29.840682983398438
        ],
        "mae_sr": 0.8194444179534912,
        "rmsd": 0.3796343505382538,
        "dihedral_counts": [
            72,
            37,
            6,
            3
        ],
        "seq_len": 97,
        "num_sc": 72
    },
    "surface": {
        "mean_mae": [
            30.35240936279297,
            36.89279556274414,
            49.20490646362305,
            85.31319427490234
        ],
        "mae_sr": 0.5714285969734192,
        "rmsd": 1.0435279607772827,
        "dihedral_counts": [
            77,
            51,
            17,
            11
        ],
        "seq_len": 97,
        "num_sc": 77
    }
}