{
    "all": {
        "mean_mae": [
            15.823882102966309,
            21.543184280395508,
            38.34835433959961,
            58.381099700927734
        ],
        "mae_sr": 0.6635220050811768,
        "rmsd": 0.6375959515571594,
        "dihedral_counts": [
            318,
            240,
            109,
            49
        ],
        "seq_len": 381,
        "num_sc": 318,
        "clash_info": {
            "100": {
                "num_clashes": 97,
                "num_atom_pairs": 3251409,
                "energy": 18.280094146728516
            },
            "90": {
                "num_clashes": 15,
                "num_atom_pairs": 3251409,
                "energy": 4.50715446472168
            },
            "80": {
                "num_clashes": 4,
                "num_atom_pairs": 3251409,
                "energy": 1.9694750308990479
            }
        },
        "ca_rmsd": 3.827446107607102e-06
    },
    "core": {
        "mean_mae": [
            8.835676193237305,
            13.499346733093262,
            37.41558074951172,
            50.067832946777344
        ],
        "mae_sr": 0.8064516186714172,
        "rmsd": 0.3731553256511688,
        "dihedral_counts": [
            124,
            86,
            24,
            13
        ],
        "seq_len": 148,
        "num_sc": 124
    },
    "surface": {
        "mean_mae": [
            24.21787452697754,
            29.98346710205078,
            41.28355407714844,
            62.530399322509766
        ],
        "mae_sr": 0.5,
        "rmsd": 0.9251378178596497,
        "dihedral_counts": [
            126,
            104,
            63,
            26
        ],
        "seq_len": 150,
        "num_sc": 126
    }
}