{
    "all": {
        "mean_mae": [
            20.27823257446289,
            22.27481460571289,
            49.666534423828125,
            55.86772918701172
        ],
        "mae_sr": 0.5625,
        "rmsd": 0.7447324991226196,
        "dihedral_counts": [
            128,
            91,
            47,
            23
        ],
        "seq_len": 161,
        "num_sc": 128,
        "clash_info": {
            "100": {
                "num_clashes": 56,
                "num_atom_pairs": 535325,
                "energy": 12.617913246154785
            },
            "90": {
                "num_clashes": 16,
                "num_atom_pairs": 535325,
                "energy": 3.4497108459472656
            },
            "80": {
                "num_clashes": 4,
                "num_atom_pairs": 535325,
                "energy": 0.7137212753295898
            }
        },
        "ca_rmsd": 3.591612312447978e-06
    },
    "core": {
        "mean_mae": [
            8.482270240783691,
            24.217615127563477,
            54.61640548706055,
            38.433040618896484
        ],
        "mae_sr": 0.8421052694320679,
        "rmsd": 0.41925299167633057,
        "dihedral_counts": [
            38,
            23,
            5,
            3
        ],
        "seq_len": 51,
        "num_sc": 38
    },
    "surface": {
        "mean_mae": [
            24.919530868530273,
            29.346181869506836,
            41.592926025390625,
            55.52680969238281
        ],
        "mae_sr": 0.3962264060974121,
        "rmsd": 0.9115933775901794,
        "dihedral_counts": [
            53,
            37,
            28,
            11
        ],
        "seq_len": 69,
        "num_sc": 53
    }
}