{
    "all": {
        "mean_mae": [
            31.019332885742188,
            31.644887924194336,
            70.69866943359375,
            80.14114379882812
        ],
        "mae_sr": 0.47826087474823,
        "rmsd": 0.9307757019996643,
        "dihedral_counts": [
            230,
            160,
            50,
            18
        ],
        "seq_len": 270,
        "num_sc": 230,
        "clash_info": {
            "100": {
                "num_clashes": 177,
                "num_atom_pairs": 1684725,
                "energy": 36.58885192871094
            },
            "90": {
                "num_clashes": 40,
                "num_atom_pairs": 1684725,
                "energy": 8.095625877380371
            },
            "80": {
                "num_clashes": 7,
                "num_atom_pairs": 1684725,
                "energy": 2.0147743225097656
            }
        },
        "ca_rmsd": 2.8823585580539657e-06
    },
    "core": {
        "mean_mae": [
            15.306154251098633,
            20.629852294921875,
            68.2776870727539,
            59.411006927490234
        ],
        "mae_sr": 0.6666666865348816,
        "rmsd": 0.6729162931442261,
        "dihedral_counts": [
            78,
            56,
            16,
            6
        ],
        "seq_len": 94,
        "num_sc": 78
    },
    "surface": {
        "mean_mae": [
            45.287628173828125,
            41.84100341796875,
            76.33354187011719,
            63.55597686767578
        ],
        "mae_sr": 0.30693069100379944,
        "rmsd": 1.1951855421066284,
        "dihedral_counts": [
            101,
            67,
            23,
            7
        ],
        "seq_len": 122,
        "num_sc": 101
    }
}