{
    "all": {
        "mean_mae": [
            30.679304122924805,
            21.52806854248047,
            57.09886169433594,
            31.980051040649414
        ],
        "mae_sr": 0.6612903475761414,
        "rmsd": 0.9185107946395874,
        "dihedral_counts": [
            62,
            49,
            17,
            7
        ],
        "seq_len": 71,
        "num_sc": 62,
        "clash_info": {
            "100": {
                "num_clashes": 15,
                "num_atom_pairs": 121979,
                "energy": 2.3945512771606445
            },
            "90": {
                "num_clashes": 3,
                "num_atom_pairs": 121979,
                "energy": 0.35882115364074707
            },
            "80": {
                "num_clashes": 0,
                "num_atom_pairs": 121979,
                "energy": 0.0
            }
        },
        "ca_rmsd": 1.7173464357256307e-06
    },
    "core": {
        "mean_mae": [
            0.0,
            0.0,
            0.0,
            0.0
        ],
        "mae_sr": 1.0,
        "rmsd": 0.0,
        "dihedral_counts": [
            0,
            0,
            0,
            0
        ],
        "seq_len": 0,
        "num_sc": 0
    },
    "surface": {
        "mean_mae": [
            32.449806213378906,
            23.01235008239746,
            63.57689666748047,
            37.09096145629883
        ],
        "mae_sr": 0.6379310488700867,
        "rmsd": 0.9665462374687195,
        "dihedral_counts": [
            58,
            45,
            15,
            6
        ],
        "seq_len": 65,
        "num_sc": 58
    }
}