{
    "all": {
        "mean_mae": [
            14.652844429016113,
            21.387304306030273,
            32.60750198364258,
            61.875831604003906
        ],
        "mae_sr": 0.7587939500808716,
        "rmsd": 0.589323878288269,
        "dihedral_counts": [
            199,
            151,
            45,
            20
        ],
        "seq_len": 263,
        "num_sc": 199,
        "clash_info": {
            "100": {
                "num_clashes": 94,
                "num_atom_pairs": 1410345,
                "energy": 25.033370971679688
            },
            "90": {
                "num_clashes": 29,
                "num_atom_pairs": 1410345,
                "energy": 8.102397918701172
            },
            "80": {
                "num_clashes": 7,
                "num_atom_pairs": 1410345,
                "energy": 2.8225088119506836
            }
        },
        "ca_rmsd": 3.1034244329930516e-06
    },
    "core": {
        "mean_mae": [
            13.017611503601074,
            12.3108549118042,
            17.194995880126953,
            39.99067306518555
        ],
        "mae_sr": 0.8469387888908386,
        "rmsd": 0.367250919342041,
        "dihedral_counts": [
            98,
            73,
            13,
            5
        ],
        "seq_len": 120,
        "num_sc": 98
    },
    "surface": {
        "mean_mae": [
            17.90459442138672,
            33.87466812133789,
            35.0118293762207,
            61.94752502441406
        ],
        "mae_sr": 0.5909090638160706,
        "rmsd": 0.989029049873352,
        "dihedral_counts": [
            66,
            55,
            25,
            12
        ],
        "seq_len": 97,
        "num_sc": 66
    }
}