{
    "all": {
        "mean_mae": [
            14.884754180908203,
            15.811062812805176,
            34.39085006713867,
            27.360414505004883
        ],
        "mae_sr": 0.7658536434173584,
        "rmsd": 0.49384206533432007,
        "dihedral_counts": [
            205,
            148,
            39,
            17
        ],
        "seq_len": 252,
        "num_sc": 205,
        "clash_info": {
            "100": {
                "num_clashes": 90,
                "num_atom_pairs": 1501482,
                "energy": 11.299063682556152
            },
            "90": {
                "num_clashes": 9,
                "num_atom_pairs": 1501482,
                "energy": 1.101046085357666
            },
            "80": {
                "num_clashes": 0,
                "num_atom_pairs": 1501482,
                "energy": 0.0
            }
        },
        "ca_rmsd": 2.6872944545175415e-06
    },
    "core": {
        "mean_mae": [
            6.238773822784424,
            8.3756685256958,
            15.863203048706055,
            18.08022117614746
        ],
        "mae_sr": 0.9146341681480408,
        "rmsd": 0.26590532064437866,
        "dihedral_counts": [
            82,
            57,
            7,
            2
        ],
        "seq_len": 100,
        "num_sc": 82
    },
    "surface": {
        "mean_mae": [
            25.411529541015625,
            23.68259048461914,
            50.1478157043457,
            42.651702880859375
        ],
        "mae_sr": 0.604651153087616,
        "rmsd": 0.710995078086853,
        "dihedral_counts": [
            86,
            61,
            22,
            8
        ],
        "seq_len": 107,
        "num_sc": 86
    }
}