{
    "all": {
        "mean_mae": [
            27.301342010498047,
            32.883689880371094,
            46.46133804321289,
            57.80834197998047
        ],
        "mae_sr": 0.48148149251937866,
        "rmsd": 0.9666025638580322,
        "dihedral_counts": [
            270,
            205,
            78,
            33
        ],
        "seq_len": 312,
        "num_sc": 270,
        "clash_info": {
            "100": {
                "num_clashes": 98,
                "num_atom_pairs": 2236612,
                "energy": 13.315374374389648
            },
            "90": {
                "num_clashes": 10,
                "num_atom_pairs": 2236612,
                "energy": 1.627387523651123
            },
            "80": {
                "num_clashes": 2,
                "num_atom_pairs": 2236612,
                "energy": 0.05016016960144043
            }
        },
        "ca_rmsd": 1.6553225577808917e-05
    },
    "core": {
        "mean_mae": [
            9.7385892868042,
            17.630273818969727,
            33.96604537963867,
            9.713126182556152
        ],
        "mae_sr": 0.7164179086685181,
        "rmsd": 0.3741876184940338,
        "dihedral_counts": [
            67,
            45,
            9,
            3
        ],
        "seq_len": 80,
        "num_sc": 67
    },
    "surface": {
        "mean_mae": [
            41.32032775878906,
            40.70281982421875,
            50.83357238769531,
            69.5320053100586
        ],
        "mae_sr": 0.3310810923576355,
        "rmsd": 1.388481616973877,
        "dihedral_counts": [
            148,
            115,
            57,
            24
        ],
        "seq_len": 166,
        "num_sc": 148
    }
}