{
    "all": {
        "mean_mae": [
            11.848555564880371,
            14.06788158416748,
            14.04356575012207,
            27.330047607421875
        ],
        "mae_sr": 0.800000011920929,
        "rmsd": 0.44304361939430237,
        "dihedral_counts": [
            150,
            114,
            31,
            12
        ],
        "seq_len": 167,
        "num_sc": 150,
        "clash_info": {
            "100": {
                "num_clashes": 53,
                "num_atom_pairs": 678375,
                "energy": 6.551032066345215
            },
            "90": {
                "num_clashes": 2,
                "num_atom_pairs": 678375,
                "energy": 0.05940389633178711
            },
            "80": {
                "num_clashes": 0,
                "num_atom_pairs": 678375,
                "energy": 0.0
            }
        },
        "ca_rmsd": 6.205907993717119e-06
    },
    "core": {
        "mean_mae": [
            2.8397817611694336,
            4.06569766998291,
            6.446564674377441,
            0.0
        ],
        "mae_sr": 1.0,
        "rmsd": 0.16273246705532074,
        "dihedral_counts": [
            22,
            19,
            2,
            0
        ],
        "seq_len": 26,
        "num_sc": 22
    },
    "surface": {
        "mean_mae": [
            16.0770320892334,
            18.090545654296875,
            14.565160751342773,
            27.330047607421875
        ],
        "mae_sr": 0.7113401889801025,
        "rmsd": 0.5720721483230591,
        "dihedral_counts": [
            97,
            72,
            27,
            12
        ],
        "seq_len": 108,
        "num_sc": 97
    }
}