{
    "all": {
        "mean_mae": [
            22.1987247467041,
            21.87487030029297,
            41.93313217163086,
            27.30904769897461
        ],
        "mae_sr": 0.5702811479568481,
        "rmsd": 0.7401329278945923,
        "dihedral_counts": [
            249,
            188,
            59,
            28
        ],
        "seq_len": 295,
        "num_sc": 249,
        "clash_info": {
            "100": {
                "num_clashes": 64,
                "num_atom_pairs": 1879705,
                "energy": 9.922382354736328
            },
            "90": {
                "num_clashes": 6,
                "num_atom_pairs": 1879705,
                "energy": 1.821685791015625
            },
            "80": {
                "num_clashes": 3,
                "num_atom_pairs": 1879705,
                "energy": 0.6280422210693359
            }
        },
        "ca_rmsd": 8.361194886674639e-06
    },
    "core": {
        "mean_mae": [
            13.33299732208252,
            11.996907234191895,
            24.257509231567383,
            7.995716571807861
        ],
        "mae_sr": 0.7283950448036194,
        "rmsd": 0.4358893036842346,
        "dihedral_counts": [
            81,
            58,
            10,
            4
        ],
        "seq_len": 101,
        "num_sc": 81
    },
    "surface": {
        "mean_mae": [
            28.06602668762207,
            28.361328125,
            47.32609558105469,
            30.424959182739258
        ],
        "mae_sr": 0.4482758641242981,
        "rmsd": 0.9249764680862427,
        "dihedral_counts": [
            116,
            89,
            39,
            19
        ],
        "seq_len": 131,
        "num_sc": 116
    }
}