{
    "all": {
        "mean_mae": [
            12.4573335647583,
            15.75955867767334,
            33.115055084228516,
            40.25695037841797
        ],
        "mae_sr": 0.7876712083816528,
        "rmsd": 0.5470762848854065,
        "dihedral_counts": [
            292,
            222,
            75,
            33
        ],
        "seq_len": 378,
        "num_sc": 292,
        "clash_info": {
            "100": {
                "num_clashes": 103,
                "num_atom_pairs": 3090279,
                "energy": 15.47830581665039
            },
            "90": {
                "num_clashes": 9,
                "num_atom_pairs": 3090279,
                "energy": 2.273085594177246
            },
            "80": {
                "num_clashes": 3,
                "num_atom_pairs": 3090279,
                "energy": 0.6451388597488403
            }
        },
        "ca_rmsd": 6.04566048423294e-06
    },
    "core": {
        "mean_mae": [
            5.7145209312438965,
            4.628894329071045,
            19.645774841308594,
            13.034268379211426
        ],
        "mae_sr": 0.9484536051750183,
        "rmsd": 0.27306583523750305,
        "dihedral_counts": [
            97,
            75,
            11,
            3
        ],
        "seq_len": 124,
        "num_sc": 97
    },
    "surface": {
        "mean_mae": [
            20.189363479614258,
            23.66380500793457,
            35.69668960571289,
            45.576656341552734
        ],
        "mae_sr": 0.6480000019073486,
        "rmsd": 0.7578911781311035,
        "dihedral_counts": [
            125,
            97,
            39,
            19
        ],
        "seq_len": 166,
        "num_sc": 125
    }
}