{
    "all": {
        "mean_mae": [
            15.997888565063477,
            21.25428581237793,
            33.69026565551758,
            47.91764450073242
        ],
        "mae_sr": 0.6756756901741028,
        "rmsd": 0.9084481000900269,
        "dihedral_counts": [
            37,
            26,
            17,
            12
        ],
        "seq_len": 48,
        "num_sc": 37,
        "clash_info": {
            "100": {
                "num_clashes": 16,
                "num_atom_pairs": 45925,
                "energy": 1.7577056884765625
            },
            "90": {
                "num_clashes": 1,
                "num_atom_pairs": 45925,
                "energy": 0.08328461647033691
            },
            "80": {
                "num_clashes": 0,
                "num_atom_pairs": 45925,
                "energy": 0.0
            }
        },
        "ca_rmsd": 1.5457725339729222e-06
    },
    "core": {
        "mean_mae": [
            0.0,
            0.0,
            0.0,
            0.0
        ],
        "mae_sr": 1.0,
        "rmsd": 0.0,
        "dihedral_counts": [
            0,
            0,
            0,
            0
        ],
        "seq_len": 0,
        "num_sc": 0
    },
    "surface": {
        "mean_mae": [
            15.997888565063477,
            21.25428581237793,
            33.69026565551758,
            47.91764450073242
        ],
        "mae_sr": 0.6756756901741028,
        "rmsd": 0.9084481000900269,
        "dihedral_counts": [
            37,
            26,
            17,
            12
        ],
        "seq_len": 48,
        "num_sc": 37
    }
}