{
    "all": {
        "mean_mae": [
            25.95329475402832,
            32.26258087158203,
            57.36640930175781,
            68.49700927734375
        ],
        "mae_sr": 0.552173912525177,
        "rmsd": 0.8392447233200073,
        "dihedral_counts": [
            230,
            160,
            50,
            18
        ],
        "seq_len": 270,
        "num_sc": 230,
        "clash_info": {
            "100": {
                "num_clashes": 91,
                "num_atom_pairs": 1684725,
                "energy": 15.185681343078613
            },
            "90": {
                "num_clashes": 16,
                "num_atom_pairs": 1684725,
                "energy": 1.9904000759124756
            },
            "80": {
                "num_clashes": 1,
                "num_atom_pairs": 1684725,
                "energy": 0.059171438217163086
            }
        },
        "ca_rmsd": 2.695503553695744e-06
    },
    "core": {
        "mean_mae": [
            11.812742233276367,
            16.64351463317871,
            52.011390686035156,
            80.7841796875
        ],
        "mae_sr": 0.7179487347602844,
        "rmsd": 0.5202925205230713,
        "dihedral_counts": [
            78,
            56,
            16,
            6
        ],
        "seq_len": 94,
        "num_sc": 78
    },
    "surface": {
        "mean_mae": [
            38.8006706237793,
            47.33498764038086,
            67.03874206542969,
            87.5802001953125
        ],
        "mae_sr": 0.40594059228897095,
        "rmsd": 1.1687771081924438,
        "dihedral_counts": [
            101,
            67,
            23,
            7
        ],
        "seq_len": 122,
        "num_sc": 101
    }
}