{
    "all": {
        "mean_mae": [
            8.071854591369629,
            12.802940368652344,
            25.705812454223633,
            50.853240966796875
        ],
        "mae_sr": 0.8544601202011108,
        "rmsd": 0.3908799886703491,
        "dihedral_counts": [
            426,
            320,
            101,
            46
        ],
        "seq_len": 513,
        "num_sc": 426,
        "clash_info": {
            "100": {
                "num_clashes": 407,
                "num_atom_pairs": 6038304,
                "energy": 78.56060791015625
            },
            "90": {
                "num_clashes": 76,
                "num_atom_pairs": 6038304,
                "energy": 16.439998626708984
            },
            "80": {
                "num_clashes": 19,
                "num_atom_pairs": 6038304,
                "energy": 3.6276516914367676
            }
        },
        "ca_rmsd": 1.528947177575901e-05
    },
    "core": {
        "mean_mae": [
            4.773593425750732,
            7.076144695281982,
            19.03803825378418,
            21.157669067382812
        ],
        "mae_sr": 0.9429658055305481,
        "rmsd": 0.2429630607366562,
        "dihedral_counts": [
            263,
            188,
            46,
            19
        ],
        "seq_len": 317,
        "num_sc": 263
    },
    "surface": {
        "mean_mae": [
            17.870807647705078,
            23.16353416442871,
            35.443172454833984,
            76.22236633300781
        ],
        "mae_sr": 0.6601941585540771,
        "rmsd": 0.7723564505577087,
        "dihedral_counts": [
            103,
            82,
            40,
            18
        ],
        "seq_len": 120,
        "num_sc": 103
    }
}