{
    "all": {
        "mean_mae": [
            13.03983211517334,
            19.057239532470703,
            35.9550895690918,
            59.17206573486328
        ],
        "mae_sr": 0.7638190984725952,
        "rmsd": 0.5153387784957886,
        "dihedral_counts": [
            199,
            151,
            45,
            20
        ],
        "seq_len": 263,
        "num_sc": 199,
        "clash_info": {
            "100": {
                "num_clashes": 68,
                "num_atom_pairs": 1410345,
                "energy": 8.922063827514648
            },
            "90": {
                "num_clashes": 5,
                "num_atom_pairs": 1410345,
                "energy": 0.5041370391845703
            },
            "80": {
                "num_clashes": 0,
                "num_atom_pairs": 1410345,
                "energy": 0.0
            }
        },
        "ca_rmsd": 5.2862092161376495e-06
    },
    "core": {
        "mean_mae": [
            8.947649002075195,
            8.182790756225586,
            14.817239761352539,
            37.87404251098633
        ],
        "mae_sr": 0.8877550959587097,
        "rmsd": 0.25744324922561646,
        "dihedral_counts": [
            98,
            73,
            13,
            5
        ],
        "seq_len": 120,
        "num_sc": 98
    },
    "surface": {
        "mean_mae": [
            19.863740921020508,
            33.18818283081055,
            48.37379837036133,
            61.006717681884766
        ],
        "mae_sr": 0.560606062412262,
        "rmsd": 0.9594279527664185,
        "dihedral_counts": [
            66,
            55,
            25,
            12
        ],
        "seq_len": 97,
        "num_sc": 66
    }
}