{
    "all": {
        "mean_mae": [
            12.195114135742188,
            18.012781143188477,
            52.590065002441406,
            43.538116455078125
        ],
        "mae_sr": 0.6928571462631226,
        "rmsd": 0.5471073985099792,
        "dihedral_counts": [
            140,
            113,
            41,
            22
        ],
        "seq_len": 164,
        "num_sc": 140,
        "clash_info": {
            "100": {
                "num_clashes": 47,
                "num_atom_pairs": 664961,
                "energy": 6.587406158447266
            },
            "90": {
                "num_clashes": 7,
                "num_atom_pairs": 664961,
                "energy": 0.5743567943572998
            },
            "80": {
                "num_clashes": 0,
                "num_atom_pairs": 664961,
                "energy": 0.0
            }
        },
        "ca_rmsd": 3.026979811693309e-06
    },
    "core": {
        "mean_mae": [
            5.066463470458984,
            8.059703826904297,
            66.80316925048828,
            57.41157913208008
        ],
        "mae_sr": 0.8571428656578064,
        "rmsd": 0.2897615432739258,
        "dihedral_counts": [
            42,
            31,
            7,
            3
        ],
        "seq_len": 50,
        "num_sc": 42
    },
    "surface": {
        "mean_mae": [
            16.5452823638916,
            25.791372299194336,
            53.521461486816406,
            50.61940002441406
        ],
        "mae_sr": 0.6081081032752991,
        "rmsd": 0.7486323714256287,
        "dihedral_counts": [
            74,
            62,
            27,
            15
        ],
        "seq_len": 89,
        "num_sc": 74
    }
}