{
    "all": {
        "mean_mae": [
            16.065465927124023,
            20.40659523010254,
            39.94076919555664,
            50.819122314453125
        ],
        "mae_sr": 0.7326732873916626,
        "rmsd": 0.6021777391433716,
        "dihedral_counts": [
            202,
            154,
            36,
            20
        ],
        "seq_len": 230,
        "num_sc": 202,
        "clash_info": {
            "100": {
                "num_clashes": 48,
                "num_atom_pairs": 1256288,
                "energy": 6.9109649658203125
            },
            "90": {
                "num_clashes": 3,
                "num_atom_pairs": 1256288,
                "energy": 1.2563631534576416
            },
            "80": {
                "num_clashes": 2,
                "num_atom_pairs": 1256288,
                "energy": 0.4376814365386963
            }
        },
        "ca_rmsd": 3.0690571293234825e-06
    },
    "core": {
        "mean_mae": [
            3.9335436820983887,
            8.890554428100586,
            8.063200950622559,
            15.538228988647461
        ],
        "mae_sr": 0.9142857193946838,
        "rmsd": 0.1810206025838852,
        "dihedral_counts": [
            35,
            28,
            3,
            2
        ],
        "seq_len": 40,
        "num_sc": 35
    },
    "surface": {
        "mean_mae": [
            23.473878860473633,
            27.862686157226562,
            42.077362060546875,
            62.893096923828125
        ],
        "mae_sr": 0.6507936716079712,
        "rmsd": 0.8068189024925232,
        "dihedral_counts": [
            126,
            91,
            25,
            12
        ],
        "seq_len": 144,
        "num_sc": 126
    }
}