{
    "all": {
        "mean_mae": [
            26.374649047851562,
            27.922327041625977,
            57.12494659423828,
            87.8542251586914
        ],
        "mae_sr": 0.5454545617103577,
        "rmsd": 0.9241936802864075,
        "dihedral_counts": [
            264,
            215,
            81,
            39
        ],
        "seq_len": 318,
        "num_sc": 264,
        "clash_info": {
            "100": {
                "num_clashes": 90,
                "num_atom_pairs": 2142613,
                "energy": 17.339054107666016
            },
            "90": {
                "num_clashes": 17,
                "num_atom_pairs": 2142613,
                "energy": 4.037683010101318
            },
            "80": {
                "num_clashes": 6,
                "num_atom_pairs": 2142613,
                "energy": 1.0647594928741455
            }
        },
        "ca_rmsd": 6.587306022644043
    },
    "core": {
        "mean_mae": [
            17.31539535522461,
            15.564449310302734,
            57.110557556152344,
            131.92550659179688
        ],
        "mae_sr": 0.7222222089767456,
        "rmsd": 0.5564470887184143,
        "dihedral_counts": [
            90,
            69,
            11,
            4
        ],
        "seq_len": 123,
        "num_sc": 90
    },
    "surface": {
        "mean_mae": [
            36.870487213134766,
            38.1272087097168,
            61.86836242675781,
            85.14647674560547
        ],
        "mae_sr": 0.373913049697876,
        "rmsd": 1.317940354347229,
        "dihedral_counts": [
            115,
            101,
            52,
            25
        ],
        "seq_len": 129,
        "num_sc": 115
    }
}