{
    "all": {
        "mean_mae": [
            18.435693740844727,
            22.460233688354492,
            45.81559371948242,
            65.3114013671875
        ],
        "mae_sr": 0.6512194871902466,
        "rmsd": 0.6748327612876892,
        "dihedral_counts": [
            410,
            323,
            123,
            53
        ],
        "seq_len": 552,
        "num_sc": 410,
        "clash_info": {
            "100": {
                "num_clashes": 127,
                "num_atom_pairs": 5865615,
                "energy": 23.228343963623047
            },
            "90": {
                "num_clashes": 23,
                "num_atom_pairs": 5865615,
                "energy": 4.732729911804199
            },
            "80": {
                "num_clashes": 5,
                "num_atom_pairs": 5865615,
                "energy": 0.8521225452423096
            }
        },
        "ca_rmsd": 4.339626312255859
    },
    "core": {
        "mean_mae": [
            15.429333686828613,
            17.451597213745117,
            29.85477066040039,
            37.40670394897461
        ],
        "mae_sr": 0.7761194109916687,
        "rmsd": 0.44441255927085876,
        "dihedral_counts": [
            201,
            146,
            39,
            12
        ],
        "seq_len": 284,
        "num_sc": 201
    },
    "surface": {
        "mean_mae": [
            29.004478454589844,
            27.778337478637695,
            54.239654541015625,
            66.80253601074219
        ],
        "mae_sr": 0.47863247990608215,
        "rmsd": 1.032553791999817,
        "dihedral_counts": [
            117,
            104,
            50,
            26
        ],
        "seq_len": 151,
        "num_sc": 117
    }
}