{
    "all": {
        "mean_mae": [
            29.87687110900879,
            23.595258712768555,
            48.105125427246094,
            28.202106475830078
        ],
        "mae_sr": 0.602150559425354,
        "rmsd": 0.7952234148979187,
        "dihedral_counts": [
            93,
            68,
            29,
            14
        ],
        "seq_len": 127,
        "num_sc": 93,
        "clash_info": {
            "100": {
                "num_clashes": 18,
                "num_atom_pairs": 279891,
                "energy": 1.996098279953003
            },
            "90": {
                "num_clashes": 0,
                "num_atom_pairs": 279891,
                "energy": 0.0
            },
            "80": {
                "num_clashes": 0,
                "num_atom_pairs": 279891,
                "energy": 0.0
            }
        },
        "ca_rmsd": 15.494580268859863
    },
    "core": {
        "mean_mae": [
            11.861894607543945,
            18.0103759765625,
            73.456298828125,
            0.0
        ],
        "mae_sr": 0.782608687877655,
        "rmsd": 0.3768899440765381,
        "dihedral_counts": [
            23,
            15,
            3,
            0
        ],
        "seq_len": 29,
        "num_sc": 23
    },
    "surface": {
        "mean_mae": [
            51.187931060791016,
            32.64331817626953,
            46.49819564819336,
            30.67442512512207
        ],
        "mae_sr": 0.3913043439388275,
        "rmsd": 1.2456077337265015,
        "dihedral_counts": [
            46,
            36,
            22,
            12
        ],
        "seq_len": 67,
        "num_sc": 46
    }
}