{
    "all": {
        "mean_mae": [
            39.979896545410156,
            37.66469955444336,
            58.156734466552734,
            69.61457061767578
        ],
        "mae_sr": 0.3359375,
        "rmsd": 1.1399869918823242,
        "dihedral_counts": [
            256,
            208,
            66,
            32
        ],
        "seq_len": 289,
        "num_sc": 256,
        "clash_info": {
            "100": {
                "num_clashes": 67,
                "num_atom_pairs": 1903305,
                "energy": 10.060426712036133
            },
            "90": {
                "num_clashes": 8,
                "num_atom_pairs": 1903305,
                "energy": 2.12483549118042
            },
            "80": {
                "num_clashes": 3,
                "num_atom_pairs": 1903305,
                "energy": 0.6453361511230469
            }
        },
        "ca_rmsd": 45.276058197021484
    },
    "core": {
        "mean_mae": [
            22.892196655273438,
            34.22850799560547,
            38.3414306640625,
            8.68602466583252
        ],
        "mae_sr": 0.4545454680919647,
        "rmsd": 0.7685701251029968,
        "dihedral_counts": [
            44,
            35,
            7,
            3
        ],
        "seq_len": 51,
        "num_sc": 44
    },
    "surface": {
        "mean_mae": [
            44.446083068847656,
            39.53739547729492,
            58.67717742919922,
            68.2625503540039
        ],
        "mae_sr": 0.2657342553138733,
        "rmsd": 1.3008724451065063,
        "dihedral_counts": [
            143,
            116,
            49,
            24
        ],
        "seq_len": 165,
        "num_sc": 143
    }
}