{
    "all": {
        "mean_mae": [
            23.405166625976562,
            34.14262008666992,
            53.025001525878906,
            62.17341995239258
        ],
        "mae_sr": 0.4964539110660553,
        "rmsd": 0.8857725262641907,
        "dihedral_counts": [
            141,
            106,
            39,
            15
        ],
        "seq_len": 156,
        "num_sc": 141,
        "clash_info": {
            "100": {
                "num_clashes": 53,
                "num_atom_pairs": 593764,
                "energy": 8.383665084838867
            },
            "90": {
                "num_clashes": 10,
                "num_atom_pairs": 593764,
                "energy": 1.8417866230010986
            },
            "80": {
                "num_clashes": 2,
                "num_atom_pairs": 593764,
                "energy": 0.3561718463897705
            }
        },
        "ca_rmsd": 1.1510224342346191
    },
    "core": {
        "mean_mae": [
            23.338611602783203,
            22.57404899597168,
            54.18581008911133,
            32.123844146728516
        ],
        "mae_sr": 0.7209302186965942,
        "rmsd": 0.6908345818519592,
        "dihedral_counts": [
            43,
            30,
            3,
            3
        ],
        "seq_len": 50,
        "num_sc": 43
    },
    "surface": {
        "mean_mae": [
            27.009672164916992,
            41.528987884521484,
            54.427982330322266,
            73.84052276611328
        ],
        "mae_sr": 0.2857142984867096,
        "rmsd": 1.0430430173873901,
        "dihedral_counts": [
            70,
            53,
            29,
            11
        ],
        "seq_len": 77,
        "num_sc": 70
    }
}