{
    "all": {
        "mean_mae": [
            41.905494689941406,
            40.116146087646484,
            51.74850845336914,
            73.74166107177734
        ],
        "mae_sr": 0.29323309659957886,
        "rmsd": 1.2280604839324951,
        "dihedral_counts": [
            133,
            98,
            39,
            23
        ],
        "seq_len": 148,
        "num_sc": 133,
        "clash_info": {
            "100": {
                "num_clashes": 17,
                "num_atom_pairs": 531330,
                "energy": 3.884563684463501
            },
            "90": {
                "num_clashes": 6,
                "num_atom_pairs": 531330,
                "energy": 0.7870161533355713
            },
            "80": {
                "num_clashes": 0,
                "num_atom_pairs": 531330,
                "energy": 0.0
            }
        },
        "ca_rmsd": 2.4761550426483154
    },
    "core": {
        "mean_mae": [
            20.966684341430664,
            26.560043334960938,
            62.1638069152832,
            81.75836944580078
        ],
        "mae_sr": 0.5,
        "rmsd": 0.8650528192520142,
        "dihedral_counts": [
            28,
            19,
            5,
            4
        ],
        "seq_len": 32,
        "num_sc": 28
    },
    "surface": {
        "mean_mae": [
            47.666255950927734,
            42.2466926574707,
            48.714942932128906,
            80.7073745727539
        ],
        "mae_sr": 0.25,
        "rmsd": 1.3487099409103394,
        "dihedral_counts": [
            76,
            56,
            26,
            15
        ],
        "seq_len": 85,
        "num_sc": 76
    }
}