{
    "all": {
        "mean_mae": [
            28.115148544311523,
            31.558517456054688,
            45.71339797973633,
            102.69477844238281
        ],
        "mae_sr": 0.491909384727478,
        "rmsd": 0.867653489112854,
        "dihedral_counts": [
            309,
            229,
            52,
            20
        ],
        "seq_len": 408,
        "num_sc": 309,
        "clash_info": {
            "100": {
                "num_clashes": 133,
                "num_atom_pairs": 3183730,
                "energy": 32.13188552856445
            },
            "90": {
                "num_clashes": 31,
                "num_atom_pairs": 3183730,
                "energy": 11.356348991394043
            },
            "80": {
                "num_clashes": 9,
                "num_atom_pairs": 3183730,
                "energy": 5.572391033172607
            }
        },
        "ca_rmsd": 10.10430908203125
    },
    "core": {
        "mean_mae": [
            21.258506774902344,
            30.384916305541992,
            35.439170837402344,
            84.4682846069336
        ],
        "mae_sr": 0.5362318754196167,
        "rmsd": 0.7161074280738831,
        "dihedral_counts": [
            138,
            99,
            21,
            7
        ],
        "seq_len": 184,
        "num_sc": 138
    },
    "surface": {
        "mean_mae": [
            33.3181266784668,
            34.28395462036133,
            45.92830276489258,
            112.50902557373047
        ],
        "mae_sr": 0.4423076808452606,
        "rmsd": 1.0736918449401855,
        "dihedral_counts": [
            104,
            81,
            23,
            13
        ],
        "seq_len": 130,
        "num_sc": 104
    }
}