{
    "all": {
        "mean_mae": [
            27.80612564086914,
            27.371429443359375,
            44.95955276489258,
            65.11963653564453
        ],
        "mae_sr": 0.6192982196807861,
        "rmsd": 0.8268267512321472,
        "dihedral_counts": [
            570,
            392,
            109,
            47
        ],
        "seq_len": 688,
        "num_sc": 570,
        "clash_info": {
            "100": {
                "num_clashes": 211,
                "num_atom_pairs": 9972259,
                "energy": 34.231544494628906
            },
            "90": {
                "num_clashes": 31,
                "num_atom_pairs": 9972259,
                "energy": 4.9656982421875
            },
            "80": {
                "num_clashes": 6,
                "num_atom_pairs": 9972259,
                "energy": 0.49315106868743896
            }
        },
        "ca_rmsd": 9.110733985900879
    },
    "core": {
        "mean_mae": [
            17.223087310791016,
            17.218412399291992,
            42.805030822753906,
            48.00364685058594
        ],
        "mae_sr": 0.7615062594413757,
        "rmsd": 0.5501198172569275,
        "dihedral_counts": [
            239,
            166,
            33,
            11
        ],
        "seq_len": 288,
        "num_sc": 239
    },
    "surface": {
        "mean_mae": [
            41.29375076293945,
            39.087162017822266,
            46.51314163208008,
            56.75502395629883
        ],
        "mae_sr": 0.48677247762680054,
        "rmsd": 1.0823009014129639,
        "dihedral_counts": [
            189,
            123,
            36,
            14
        ],
        "seq_len": 229,
        "num_sc": 189
    }
}