{
    "all": {
        "mean_mae": [
            25.324983596801758,
            23.418394088745117,
            52.39485168457031,
            34.32310485839844
        ],
        "mae_sr": 0.5857142806053162,
        "rmsd": 0.8151636123657227,
        "dihedral_counts": [
            140,
            113,
            41,
            22
        ],
        "seq_len": 166,
        "num_sc": 140,
        "clash_info": {
            "100": {
                "num_clashes": 66,
                "num_atom_pairs": 664961,
                "energy": 11.78307056427002
            },
            "90": {
                "num_clashes": 12,
                "num_atom_pairs": 664961,
                "energy": 1.8638889789581299
            },
            "80": {
                "num_clashes": 3,
                "num_atom_pairs": 664961,
                "energy": 0.2543821334838867
            }
        },
        "ca_rmsd": 6.034847259521484
    },
    "core": {
        "mean_mae": [
            15.205402374267578,
            14.906281471252441,
            37.5562858581543,
            45.07224655151367
        ],
        "mae_sr": 0.7857142686843872,
        "rmsd": 0.4459311068058014,
        "dihedral_counts": [
            42,
            31,
            7,
            3
        ],
        "seq_len": 50,
        "num_sc": 42
    },
    "surface": {
        "mean_mae": [
            31.04094696044922,
            32.03620529174805,
            58.50917053222656,
            40.03845977783203
        ],
        "mae_sr": 0.45945945382118225,
        "rmsd": 1.0198370218276978,
        "dihedral_counts": [
            74,
            62,
            27,
            15
        ],
        "seq_len": 91,
        "num_sc": 74
    }
}