{
    "all": {
        "mean_mae": [
            27.119396209716797,
            24.016660690307617,
            58.98811340332031,
            69.89588928222656
        ],
        "mae_sr": 0.550000011920929,
        "rmsd": 0.9624560475349426,
        "dihedral_counts": [
            40,
            35,
            21,
            9
        ],
        "seq_len": 153,
        "num_sc": 40,
        "clash_info": {
            "100": {
                "num_clashes": 4,
                "num_atom_pairs": 57321,
                "energy": 0.7450592517852783
            },
            "90": {
                "num_clashes": 1,
                "num_atom_pairs": 57321,
                "energy": 0.0008463859558105469
            },
            "80": {
                "num_clashes": 0,
                "num_atom_pairs": 57321,
                "energy": 0.0
            }
        },
        "ca_rmsd": 16.799978256225586
    },
    "core": {
        "mean_mae": [
            39.24071502685547,
            7.7334747314453125,
            49.90683364868164,
            122.2129898071289
        ],
        "mae_sr": 0.6666666865348816,
        "rmsd": 1.2800744771957397,
        "dihedral_counts": [
            3,
            3,
            3,
            1
        ],
        "seq_len": 108,
        "num_sc": 3
    },
    "surface": {
        "mean_mae": [
            26.136587142944336,
            25.543210983276367,
            60.50165557861328,
            63.35624694824219
        ],
        "mae_sr": 0.5405405163764954,
        "rmsd": 0.9367033243179321,
        "dihedral_counts": [
            37,
            32,
            18,
            8
        ],
        "seq_len": 45,
        "num_sc": 37
    }
}