{
    "all": {
        "mean_mae": [
            32.55746841430664,
            36.50407791137695,
            50.43433380126953,
            53.86777877807617
        ],
        "mae_sr": 0.47058823704719543,
        "rmsd": 0.9725067019462585,
        "dihedral_counts": [
            255,
            198,
            78,
            36
        ],
        "seq_len": 653,
        "num_sc": 255,
        "clash_info": {
            "100": {
                "num_clashes": 97,
                "num_atom_pairs": 1935960,
                "energy": 13.553966522216797
            },
            "90": {
                "num_clashes": 11,
                "num_atom_pairs": 1935960,
                "energy": 2.000047206878662
            },
            "80": {
                "num_clashes": 2,
                "num_atom_pairs": 1935960,
                "energy": 0.25873231887817383
            }
        },
        "ca_rmsd": 264.44329833984375
    },
    "core": {
        "mean_mae": [
            17.73997688293457,
            26.7164363861084,
            43.844364166259766,
            80.36006164550781
        ],
        "mae_sr": 0.7010309100151062,
        "rmsd": 0.624937891960144,
        "dihedral_counts": [
            97,
            71,
            17,
            10
        ],
        "seq_len": 467,
        "num_sc": 97
    },
    "surface": {
        "mean_mae": [
            47.568599700927734,
            49.25288391113281,
            51.03679275512695,
            26.095375061035156
        ],
        "mae_sr": 0.2777777910232544,
        "rmsd": 1.331299066543579,
        "dihedral_counts": [
            108,
            83,
            44,
            17
        ],
        "seq_len": 125,
        "num_sc": 108
    }
}