{
    "all": {
        "mean_mae": [
            28.74088478088379,
            32.71635055541992,
            54.261260986328125,
            80.4295425415039
        ],
        "mae_sr": 0.563725471496582,
        "rmsd": 0.8286495804786682,
        "dihedral_counts": [
            204,
            136,
            39,
            12
        ],
        "seq_len": 289,
        "num_sc": 204,
        "clash_info": {
            "100": {
                "num_clashes": 66,
                "num_atom_pairs": 1392006,
                "energy": 7.151446342468262
            },
            "90": {
                "num_clashes": 0,
                "num_atom_pairs": 1392006,
                "energy": 0.0
            },
            "80": {
                "num_clashes": 0,
                "num_atom_pairs": 1392006,
                "energy": 0.0
            }
        },
        "ca_rmsd": 131.7042236328125
    },
    "core": {
        "mean_mae": [
            22.722448348999023,
            35.53740310668945,
            43.01887893676758,
            50.92820739746094
        ],
        "mae_sr": 0.6617646813392639,
        "rmsd": 0.6124472618103027,
        "dihedral_counts": [
            68,
            38,
            10,
            2
        ],
        "seq_len": 124,
        "num_sc": 68
    },
    "surface": {
        "mean_mae": [
            39.98542022705078,
            30.862545013427734,
            54.50779724121094,
            93.8385009765625
        ],
        "mae_sr": 0.4523809552192688,
        "rmsd": 1.0572248697280884,
        "dihedral_counts": [
            84,
            62,
            18,
            7
        ],
        "seq_len": 106,
        "num_sc": 84
    }
}