{
    "all": {
        "mean_mae": [
            42.152244567871094,
            35.37627410888672,
            60.674503326416016,
            53.23640823364258
        ],
        "mae_sr": 0.446153849363327,
        "rmsd": 1.211796760559082,
        "dihedral_counts": [
            260,
            180,
            68,
            34
        ],
        "seq_len": 524,
        "num_sc": 260,
        "clash_info": {
            "100": {
                "num_clashes": 59,
                "num_atom_pairs": 2017035,
                "energy": 10.169929504394531
            },
            "90": {
                "num_clashes": 11,
                "num_atom_pairs": 2017035,
                "energy": 2.718306303024292
            },
            "80": {
                "num_clashes": 4,
                "num_atom_pairs": 2017035,
                "energy": 0.5940201282501221
            }
        },
        "ca_rmsd": 207.8634033203125
    },
    "core": {
        "mean_mae": [
            7.4192304611206055,
            12.651106834411621,
            0.0,
            0.0
        ],
        "mae_sr": 0.8947368264198303,
        "rmsd": 0.28070032596588135,
        "dihedral_counts": [
            19,
            14,
            0,
            0
        ],
        "seq_len": 234,
        "num_sc": 19
    },
    "surface": {
        "mean_mae": [
            46.62886047363281,
            38.56949234008789,
            60.86808395385742,
            57.784793853759766
        ],
        "mae_sr": 0.4000000059604645,
        "rmsd": 1.326162338256836,
        "dihedral_counts": [
            220,
            151,
            58,
            28
        ],
        "seq_len": 267,
        "num_sc": 220
    }
}