{
    "all": {
        "mean_mae": [
            17.267467498779297,
            29.451108932495117,
            42.874778747558594,
            39.383705139160156
        ],
        "mae_sr": 0.699999988079071,
        "rmsd": 0.651278018951416,
        "dihedral_counts": [
            40,
            35,
            11,
            5
        ],
        "seq_len": 56,
        "num_sc": 40,
        "clash_info": {
            "100": {
                "num_clashes": 14,
                "num_atom_pairs": 48867,
                "energy": 1.6895699501037598
            },
            "90": {
                "num_clashes": 0,
                "num_atom_pairs": 48867,
                "energy": 0.0
            },
            "80": {
                "num_clashes": 0,
                "num_atom_pairs": 48867,
                "energy": 0.0
            }
        },
        "ca_rmsd": 9.649979591369629
    },
    "core": {
        "mean_mae": [
            35.25609588623047,
            46.200252532958984,
            167.84449768066406,
            0.0
        ],
        "mae_sr": 0.6666666865348816,
        "rmsd": 0.6253800392150879,
        "dihedral_counts": [
            3,
            3,
            1,
            0
        ],
        "seq_len": 3,
        "num_sc": 3
    },
    "surface": {
        "mean_mae": [
            14.8590087890625,
            23.69605255126953,
            30.3778076171875,
            39.383705139160156
        ],
        "mae_sr": 0.7142857313156128,
        "rmsd": 0.6236537098884583,
        "dihedral_counts": [
            28,
            24,
            10,
            5
        ],
        "seq_len": 43,
        "num_sc": 28
    }
}