{
    "all": {
        "mean_mae": [
            24.887557983398438,
            23.666906356811523,
            51.661346435546875,
            60.73331832885742
        ],
        "mae_sr": 0.6404109597206116,
        "rmsd": 0.8564707040786743,
        "dihedral_counts": [
            292,
            222,
            75,
            33
        ],
        "seq_len": 384,
        "num_sc": 292,
        "clash_info": {
            "100": {
                "num_clashes": 116,
                "num_atom_pairs": 3090279,
                "energy": 20.186996459960938
            },
            "90": {
                "num_clashes": 16,
                "num_atom_pairs": 3090279,
                "energy": 3.2348086833953857
            },
            "80": {
                "num_clashes": 3,
                "num_atom_pairs": 3090279,
                "energy": 0.8325412273406982
            }
        },
        "ca_rmsd": 8.908787727355957
    },
    "core": {
        "mean_mae": [
            14.691458702087402,
            12.652839660644531,
            30.261066436767578,
            50.467987060546875
        ],
        "mae_sr": 0.8350515365600586,
        "rmsd": 0.47335565090179443,
        "dihedral_counts": [
            97,
            75,
            11,
            3
        ],
        "seq_len": 124,
        "num_sc": 97
    },
    "surface": {
        "mean_mae": [
            37.30230712890625,
            28.131576538085938,
            58.456180572509766,
            77.55570220947266
        ],
        "mae_sr": 0.47200000286102295,
        "rmsd": 1.1993207931518555,
        "dihedral_counts": [
            125,
            97,
            39,
            19
        ],
        "seq_len": 172,
        "num_sc": 125
    }
}