{
    "all": {
        "mean_mae": [
            32.61712646484375,
            32.039710998535156,
            50.28338623046875,
            36.50635528564453
        ],
        "mae_sr": 0.560606062412262,
        "rmsd": 1.0240074396133423,
        "dihedral_counts": [
            66,
            47,
            20,
            12
        ],
        "seq_len": 116,
        "num_sc": 66,
        "clash_info": {
            "100": {
                "num_clashes": 17,
                "num_atom_pairs": 153348,
                "energy": 1.2466645240783691
            },
            "90": {
                "num_clashes": 0,
                "num_atom_pairs": 153348,
                "energy": 0.0
            },
            "80": {
                "num_clashes": 0,
                "num_atom_pairs": 153348,
                "energy": 0.0
            }
        },
        "ca_rmsd": 18.70526695251465
    },
    "core": {
        "mean_mae": [
            4.030720233917236,
            8.23160457611084,
            7.1347198486328125,
            4.047815799713135
        ],
        "mae_sr": 0.9333333373069763,
        "rmsd": 0.3135085105895996,
        "dihedral_counts": [
            15,
            10,
            3,
            3
        ],
        "seq_len": 55,
        "num_sc": 15
    },
    "surface": {
        "mean_mae": [
            40.390708923339844,
            33.40085983276367,
            50.77954864501953,
            43.56570053100586
        ],
        "mae_sr": 0.44999998807907104,
        "rmsd": 1.1804242134094238,
        "dihedral_counts": [
            40,
            28,
            14,
            6
        ],
        "seq_len": 47,
        "num_sc": 40
    }
}