{
    "all": {
        "mean_mae": [
            19.22661018371582,
            28.50871467590332,
            47.14795684814453,
            45.66975021362305
        ],
        "mae_sr": 0.6783625483512878,
        "rmsd": 0.7100716829299927,
        "dihedral_counts": [
            171,
            134,
            37,
            16
        ],
        "seq_len": 227,
        "num_sc": 171,
        "clash_info": {
            "100": {
                "num_clashes": 55,
                "num_atom_pairs": 1015040,
                "energy": 9.371856689453125
            },
            "90": {
                "num_clashes": 9,
                "num_atom_pairs": 1015040,
                "energy": 2.182027816772461
            },
            "80": {
                "num_clashes": 3,
                "num_atom_pairs": 1015040,
                "energy": 0.18521380424499512
            }
        },
        "ca_rmsd": 11.494638442993164
    },
    "core": {
        "mean_mae": [
            12.62402057647705,
            13.593424797058105,
            31.699872970581055,
            61.20711898803711
        ],
        "mae_sr": 0.8533333539962769,
        "rmsd": 0.39748427271842957,
        "dihedral_counts": [
            75,
            53,
            8,
            2
        ],
        "seq_len": 101,
        "num_sc": 75
    },
    "surface": {
        "mean_mae": [
            25.751415252685547,
            41.085838317871094,
            49.305782318115234,
            37.357994079589844
        ],
        "mae_sr": 0.48571428656578064,
        "rmsd": 1.072686791419983,
        "dihedral_counts": [
            70,
            59,
            22,
            11
        ],
        "seq_len": 91,
        "num_sc": 70
    }
}