{
    "all": {
        "rmsd": 0.9832699298858643,
        "mae_sr": 0.5397194027900696,
        "mean_mae": [
            31.546064376831055,
            30.267637252807617,
            49.22892761230469,
            56.573097229003906
        ],
        "dihedral_counts": [
            17962,
            13381,
            4406,
            2035
        ],
        "num_sc": 17962,
        "mean_seq_len": 354.4507141113281,
        "ca_rmsd": 41.92401885986328,
        "clash_info": {
            "100": {
                "energy": 15.355175018310547,
                "num_atom_pairs": 3113395.75,
                "num_clashes": 91.53520965576172
            },
            "90": {
                "energy": 2.5242207050323486,
                "num_atom_pairs": 3113395.75,
                "num_clashes": 13.492958068847656
            },
            "80": {
                "energy": 0.43149062991142273,
                "num_atom_pairs": 3113395.75,
                "num_clashes": 2.4225351810455322
            }
        }
    },
    "core": {
        "rmsd": 0.613937258720398,
        "mae_sr": 0.7268659472465515,
        "mean_mae": [
            19.461942672729492,
            19.795560836791992,
            40.44845962524414,
            45.63275909423828
        ],
        "dihedral_counts": [
            5861,
            4211,
            841,
            355
        ],
        "num_sc": 5861,
        "mean_seq_len": 148.81689453125
    },
    "surface": {
        "rmsd": 1.1995679140090942,
        "mae_sr": 0.4274892508983612,
        "mean_mae": [
            39.44482421875,
            36.21579360961914,
            51.95556640625,
            59.47956848144531
        ],
        "dihedral_counts": [
            8380,
            6331,
            2647,
            1223
        ],
        "num_sc": 8380,
        "mean_seq_len": 143.7042236328125
    }
}