{
    "all": {
        "mean_mae": [
            42.25006866455078,
            39.91073226928711,
            53.7529411315918,
            84.55469512939453
        ],
        "mae_sr": 0.3980891704559326,
        "rmsd": 1.2839337587356567,
        "dihedral_counts": [
            314,
            240,
            66,
            30
        ],
        "seq_len": 409,
        "num_sc": 314,
        "clash_info": {
            "100": {
                "num_clashes": 103,
                "num_atom_pairs": 3145561,
                "energy": 21.613813400268555
            },
            "90": {
                "num_clashes": 22,
                "num_atom_pairs": 3145561,
                "energy": 5.489218235015869
            },
            "80": {
                "num_clashes": 5,
                "num_atom_pairs": 3145561,
                "energy": 1.6287492513656616
            }
        },
        "ca_rmsd": 100.17410278320312
    },
    "core": {
        "mean_mae": [
            26.74505615234375,
            28.32295036315918,
            71.93586730957031,
            104.01528930664062
        ],
        "mae_sr": 0.6000000238418579,
        "rmsd": 0.6354913115501404,
        "dihedral_counts": [
            20,
            13,
            2,
            1
        ],
        "seq_len": 24,
        "num_sc": 20
    },
    "surface": {
        "mean_mae": [
            44.59666061401367,
            42.069664001464844,
            57.703983306884766,
            83.52952575683594
        ],
        "mae_sr": 0.37454545497894287,
        "rmsd": 1.3587020635604858,
        "dihedral_counts": [
            275,
            211,
            58,
            26
        ],
        "seq_len": 340,
        "num_sc": 275
    }
}