{
    "all": {
        "mean_mae": [
            25.105913162231445,
            23.708969116210938,
            44.933982849121094,
            55.830440521240234
        ],
        "mae_sr": 0.6353591084480286,
        "rmsd": 0.8986273407936096,
        "dihedral_counts": [
            181,
            142,
            44,
            22
        ],
        "seq_len": 211,
        "num_sc": 181,
        "clash_info": {
            "100": {
                "num_clashes": 78,
                "num_atom_pairs": 1044501,
                "energy": 15.524256706237793
            },
            "90": {
                "num_clashes": 15,
                "num_atom_pairs": 1044501,
                "energy": 4.120218753814697
            },
            "80": {
                "num_clashes": 5,
                "num_atom_pairs": 1044501,
                "energy": 0.9704947471618652
            }
        },
        "ca_rmsd": 11.992393493652344
    },
    "core": {
        "mean_mae": [
            4.201162815093994,
            8.65373420715332,
            28.41814613342285,
            47.27995300292969
        ],
        "mae_sr": 0.9166666865348816,
        "rmsd": 0.33662497997283936,
        "dihedral_counts": [
            36,
            27,
            5,
            3
        ],
        "seq_len": 41,
        "num_sc": 36
    },
    "surface": {
        "mean_mae": [
            37.60801696777344,
            32.266571044921875,
            50.398319244384766,
            58.24385070800781
        ],
        "mae_sr": 0.5,
        "rmsd": 1.1620274782180786,
        "dihedral_counts": [
            110,
            83,
            31,
            16
        ],
        "seq_len": 130,
        "num_sc": 110
    }
}