{
    "all": {
        "mean_mae": [
            14.109663963317871,
            18.547510147094727,
            31.841989517211914,
            47.12059020996094
        ],
        "mae_sr": 0.7010526061058044,
        "rmsd": 0.5366966128349304,
        "dihedral_counts": [
            475,
            363,
            120,
            57
        ],
        "seq_len": 630,
        "num_sc": 475,
        "clash_info": {
            "100": {
                "num_clashes": 171,
                "num_atom_pairs": 7237975,
                "energy": 24.284191131591797
            },
            "90": {
                "num_clashes": 21,
                "num_atom_pairs": 7237975,
                "energy": 2.8743882179260254
            },
            "80": {
                "num_clashes": 2,
                "num_atom_pairs": 7237975,
                "energy": 0.1552131175994873
            }
        },
        "ca_rmsd": 14.627685546875
    },
    "core": {
        "mean_mae": [
            8.536121368408203,
            16.55072021484375,
            26.80258560180664,
            39.60980224609375
        ],
        "mae_sr": 0.8141592741012573,
        "rmsd": 0.41716331243515015,
        "dihedral_counts": [
            226,
            178,
            41,
            19
        ],
        "seq_len": 343,
        "num_sc": 226
    },
    "surface": {
        "mean_mae": [
            21.690107345581055,
            24.42532730102539,
            34.2486457824707,
            64.97856140136719
        ],
        "mae_sr": 0.5428571701049805,
        "rmsd": 0.7264342308044434,
        "dihedral_counts": [
            140,
            100,
            51,
            26
        ],
        "seq_len": 164,
        "num_sc": 140
    }
}