{
    "all": {
        "mean_mae": [
            10.04824161529541,
            13.55932903289795,
            37.92991638183594,
            68.44993591308594
        ],
        "mae_sr": 0.7939698696136475,
        "rmsd": 0.4231618642807007,
        "dihedral_counts": [
            199,
            151,
            45,
            20
        ],
        "seq_len": 263,
        "num_sc": 199,
        "clash_info": {
            "100": {
                "num_clashes": 67,
                "num_atom_pairs": 1410345,
                "energy": 8.920549392700195
            },
            "90": {
                "num_clashes": 5,
                "num_atom_pairs": 1410345,
                "energy": 0.44109344482421875
            },
            "80": {
                "num_clashes": 0,
                "num_atom_pairs": 1410345,
                "energy": 0.0
            }
        },
        "ca_rmsd": 3.1131594369071536e-06
    },
    "core": {
        "mean_mae": [
            6.295392036437988,
            6.149561405181885,
            19.43293571472168,
            38.180458068847656
        ],
        "mae_sr": 0.8979591727256775,
        "rmsd": 0.23551088571548462,
        "dihedral_counts": [
            98,
            73,
            13,
            5
        ],
        "seq_len": 120,
        "num_sc": 98
    },
    "surface": {
        "mean_mae": [
            15.001628875732422,
            21.505144119262695,
            49.199981689453125,
            73.0164566040039
        ],
        "mae_sr": 0.6666666865348816,
        "rmsd": 0.7045028209686279,
        "dihedral_counts": [
            66,
            55,
            25,
            12
        ],
        "seq_len": 97,
        "num_sc": 66
    }
}