{
    "all": {
        "mean_mae": [
            12.615642547607422,
            16.94249153137207,
            42.504295349121094,
            61.57606506347656
        ],
        "mae_sr": 0.6914893388748169,
        "rmsd": 0.6545552015304565,
        "dihedral_counts": [
            282,
            231,
            85,
            41
        ],
        "seq_len": 349,
        "num_sc": 282,
        "clash_info": {
            "100": {
                "num_clashes": 145,
                "num_atom_pairs": 2864125,
                "energy": 33.53718948364258
            },
            "90": {
                "num_clashes": 40,
                "num_atom_pairs": 2864125,
                "energy": 9.295291900634766
            },
            "80": {
                "num_clashes": 9,
                "num_atom_pairs": 2864125,
                "energy": 3.104750394821167
            }
        },
        "ca_rmsd": 2.357604216740583e-06
    },
    "core": {
        "mean_mae": [
            5.4768452644348145,
            10.96751594543457,
            25.59038543701172,
            55.96818161010742
        ],
        "mae_sr": 0.8448275923728943,
        "rmsd": 0.38830626010894775,
        "dihedral_counts": [
            116,
            87,
            22,
            12
        ],
        "seq_len": 149,
        "num_sc": 116
    },
    "surface": {
        "mean_mae": [
            22.938650131225586,
            23.610607147216797,
            48.11899185180664,
            60.07592010498047
        ],
        "mae_sr": 0.53125,
        "rmsd": 0.9745116233825684,
        "dihedral_counts": [
            96,
            85,
            43,
            19
        ],
        "seq_len": 118,
        "num_sc": 96
    }
}