{
    "all": {
        "mean_mae": [
            14.593863487243652,
            21.833242416381836,
            47.58339309692383,
            49.94990921020508
        ],
        "mae_sr": 0.748633861541748,
        "rmsd": 0.5692712068557739,
        "dihedral_counts": [
            183,
            127,
            37,
            15
        ],
        "seq_len": 214,
        "num_sc": 183,
        "clash_info": {
            "100": {
                "num_clashes": 93,
                "num_atom_pairs": 1046100,
                "energy": 15.818456649780273
            },
            "90": {
                "num_clashes": 11,
                "num_atom_pairs": 1046100,
                "energy": 2.2351338863372803
            },
            "80": {
                "num_clashes": 2,
                "num_atom_pairs": 1046100,
                "energy": 0.2058711051940918
            }
        },
        "ca_rmsd": 2.076774990200647e-06
    },
    "core": {
        "mean_mae": [
            7.322373390197754,
            15.20527172088623,
            38.23356246948242,
            33.04371643066406
        ],
        "mae_sr": 0.875,
        "rmsd": 0.3869159519672394,
        "dihedral_counts": [
            72,
            48,
            10,
            2
        ],
        "seq_len": 83,
        "num_sc": 72
    },
    "surface": {
        "mean_mae": [
            24.314048767089844,
            29.634410858154297,
            54.78949737548828,
            49.84600830078125
        ],
        "mae_sr": 0.6111111044883728,
        "rmsd": 0.8285220861434937,
        "dihedral_counts": [
            72,
            53,
            18,
            9
        ],
        "seq_len": 87,
        "num_sc": 72
    }
}