{
    "all": {
        "mean_mae": [
            17.791719436645508,
            17.251371383666992,
            43.8350715637207,
            31.35720443725586
        ],
        "mae_sr": 0.7254464030265808,
        "rmsd": 0.5377875566482544,
        "dihedral_counts": [
            896,
            549,
            97,
            23
        ],
        "seq_len": 1040,
        "num_sc": 896,
        "clash_info": {
            "100": {
                "num_clashes": 320,
                "num_atom_pairs": 21968505,
                "energy": 49.189090728759766
            },
            "90": {
                "num_clashes": 40,
                "num_atom_pairs": 21968505,
                "energy": 5.298840522766113
            },
            "80": {
                "num_clashes": 3,
                "num_atom_pairs": 21968505,
                "energy": 0.377758264541626
            }
        },
        "ca_rmsd": 5.887167844775831e-06
    },
    "core": {
        "mean_mae": [
            11.348411560058594,
            13.00704288482666,
            42.74020004272461,
            51.83456039428711
        ],
        "mae_sr": 0.801152765750885,
        "rmsd": 0.42443883419036865,
        "dihedral_counts": [
            347,
            245,
            27,
            3
        ],
        "seq_len": 410,
        "num_sc": 347
    },
    "surface": {
        "mean_mae": [
            26.20124626159668,
            21.964040756225586,
            48.76513671875,
            29.243667602539062
        ],
        "mae_sr": 0.6337209343910217,
        "rmsd": 0.6681540012359619,
        "dihedral_counts": [
            344,
            174,
            44,
            12
        ],
        "seq_len": 395,
        "num_sc": 344
    }
}