{
    "all": {
        "mean_mae": [
            24.00775909423828,
            30.273088455200195,
            40.120391845703125,
            42.47416305541992
        ],
        "mae_sr": 0.5555555820465088,
        "rmsd": 0.90309739112854,
        "dihedral_counts": [
            162,
            127,
            46,
            21
        ],
        "seq_len": 170,
        "num_sc": 162,
        "clash_info": {
            "100": {
                "num_clashes": 56,
                "num_atom_pairs": 730331,
                "energy": 17.013328552246094
            },
            "90": {
                "num_clashes": 16,
                "num_atom_pairs": 730331,
                "energy": 7.834308624267578
            },
            "80": {
                "num_clashes": 8,
                "num_atom_pairs": 730331,
                "energy": 4.125115394592285
            }
        },
        "ca_rmsd": 3.841861598630203e-06
    },
    "core": {
        "mean_mae": [
            4.33738374710083,
            16.635881423950195,
            3.150383710861206,
            6.275550365447998
        ],
        "mae_sr": 0.9375,
        "rmsd": 0.2657431364059448,
        "dihedral_counts": [
            16,
            12,
            1,
            1
        ],
        "seq_len": 16,
        "num_sc": 16
    },
    "surface": {
        "mean_mae": [
            27.19187355041504,
            32.82768630981445,
            41.66245651245117,
            41.60137939453125
        ],
        "mae_sr": 0.4880000054836273,
        "rmsd": 0.9848759174346924,
        "dihedral_counts": [
            125,
            97,
            40,
            18
        ],
        "seq_len": 132,
        "num_sc": 125
    }
}