{
    "all": {
        "mean_mae": [
            10.491063117980957,
            14.254413604736328,
            27.0633602142334,
            36.772666931152344
        ],
        "mae_sr": 0.7831578850746155,
        "rmsd": 0.4594281017780304,
        "dihedral_counts": [
            475,
            363,
            120,
            57
        ],
        "seq_len": 573,
        "num_sc": 475,
        "clash_info": {
            "100": {
                "num_clashes": 209,
                "num_atom_pairs": 7237975,
                "energy": 37.742042541503906
            },
            "90": {
                "num_clashes": 33,
                "num_atom_pairs": 7237975,
                "energy": 8.602596282958984
            },
            "80": {
                "num_clashes": 7,
                "num_atom_pairs": 7237975,
                "energy": 3.6794795989990234
            }
        },
        "ca_rmsd": 4.5245460569276474e-06
    },
    "core": {
        "mean_mae": [
            5.740932464599609,
            11.149041175842285,
            21.80548667907715,
            26.817554473876953
        ],
        "mae_sr": 0.8904109597206116,
        "rmsd": 0.33476176857948303,
        "dihedral_counts": [
            219,
            172,
            37,
            17
        ],
        "seq_len": 278,
        "num_sc": 219
    },
    "surface": {
        "mean_mae": [
            18.97874641418457,
            20.518836975097656,
            28.216909408569336,
            46.963008880615234
        ],
        "mae_sr": 0.6363636255264282,
        "rmsd": 0.6888235807418823,
        "dihedral_counts": [
            143,
            103,
            53,
            26
        ],
        "seq_len": 168,
        "num_sc": 143
    }
}