{
    "all": {
        "mean_mae": [
            39.440773010253906,
            38.42283630371094,
            57.67659378051758,
            61.71000289916992
        ],
        "mae_sr": 0.39666667580604553,
        "rmsd": 1.2582273483276367,
        "dihedral_counts": [
            300,
            236,
            90,
            35
        ],
        "seq_len": 381,
        "num_sc": 300,
        "clash_info": {
            "100": {
                "num_clashes": 100,
                "num_atom_pairs": 3069180,
                "energy": 18.14763069152832
            },
            "90": {
                "num_clashes": 14,
                "num_atom_pairs": 3069180,
                "energy": 2.3243770599365234
            },
            "80": {
                "num_clashes": 1,
                "num_atom_pairs": 3069180,
                "energy": 0.27057552337646484
            }
        },
        "ca_rmsd": 50.46417999267578
    },
    "core": {
        "mean_mae": [
            20.724899291992188,
            29.417898178100586,
            89.0428237915039,
            7.190430641174316
        ],
        "mae_sr": 0.5660377144813538,
        "rmsd": 0.8055768013000488,
        "dihedral_counts": [
            53,
            41,
            6,
            2
        ],
        "seq_len": 69,
        "num_sc": 53
    },
    "surface": {
        "mean_mae": [
            51.88789749145508,
            42.90349578857422,
            60.563663482666016,
            65.63009643554688
        ],
        "mae_sr": 0.3076923191547394,
        "rmsd": 1.5809966325759888,
        "dihedral_counts": [
            156,
            119,
            64,
            25
        ],
        "seq_len": 212,
        "num_sc": 156
    }
}