{
    "all": {
        "mean_mae": [
            19.89814567565918,
            15.703225135803223,
            38.0675048828125,
            64.97711181640625
        ],
        "mae_sr": 0.7244094610214233,
        "rmsd": 0.6702837347984314,
        "dihedral_counts": [
            127,
            101,
            30,
            18
        ],
        "seq_len": 160,
        "num_sc": 127,
        "clash_info": {
            "100": {
                "num_clashes": 41,
                "num_atom_pairs": 568666,
                "energy": 3.8671538829803467
            },
            "90": {
                "num_clashes": 2,
                "num_atom_pairs": 568666,
                "energy": 0.019884109497070312
            },
            "80": {
                "num_clashes": 0,
                "num_atom_pairs": 568666,
                "energy": 0.0
            }
        },
        "ca_rmsd": 0.5842247605323792
    },
    "core": {
        "mean_mae": [
            11.232466697692871,
            10.254669189453125,
            12.726054191589355,
            40.262325286865234
        ],
        "mae_sr": 0.8775510191917419,
        "rmsd": 0.40441229939460754,
        "dihedral_counts": [
            49,
            40,
            6,
            3
        ],
        "seq_len": 61,
        "num_sc": 49
    },
    "surface": {
        "mean_mae": [
            27.55368995666504,
            20.143556594848633,
            46.41108703613281,
            74.49349212646484
        ],
        "mae_sr": 0.5666666626930237,
        "rmsd": 0.9495800137519836,
        "dihedral_counts": [
            60,
            49,
            22,
            14
        ],
        "seq_len": 72,
        "num_sc": 60
    }
}