{
    "all": {
        "mean_mae": [
            26.585338592529297,
            28.4392032623291,
            53.416038513183594,
            54.93601989746094
        ],
        "mae_sr": 0.5102974772453308,
        "rmsd": 0.8833611011505127,
        "dihedral_counts": [
            437,
            344,
            121,
            67
        ],
        "seq_len": 544,
        "num_sc": 437,
        "clash_info": {
            "100": {
                "num_clashes": 246,
                "num_atom_pairs": 6459320,
                "energy": 39.41931915283203
            },
            "90": {
                "num_clashes": 29,
                "num_atom_pairs": 6459320,
                "energy": 6.132422924041748
            },
            "80": {
                "num_clashes": 5,
                "num_atom_pairs": 6459320,
                "energy": 1.044755220413208
            }
        },
        "ca_rmsd": 15.502172470092773
    },
    "core": {
        "mean_mae": [
            21.710439682006836,
            26.337316513061523,
            49.36650848388672,
            37.589202880859375
        ],
        "mae_sr": 0.6230366230010986,
        "rmsd": 0.7172448635101318,
        "dihedral_counts": [
            191,
            149,
            31,
            16
        ],
        "seq_len": 230,
        "num_sc": 191
    },
    "surface": {
        "mean_mae": [
            38.09468460083008,
            33.18017578125,
            61.40537643432617,
            70.03917694091797
        ],
        "mae_sr": 0.33834585547447205,
        "rmsd": 1.2142165899276733,
        "dihedral_counts": [
            133,
            104,
            60,
            34
        ],
        "seq_len": 168,
        "num_sc": 133
    }
}