{
    "all": {
        "mean_mae": [
            36.829288482666016,
            26.83860969543457,
            56.110836029052734,
            39.58931350708008
        ],
        "mae_sr": 0.5725446343421936,
        "rmsd": 0.8475123643875122,
        "dihedral_counts": [
            896,
            549,
            97,
            23
        ],
        "seq_len": 1424,
        "num_sc": 896,
        "clash_info": {
            "100": {
                "num_clashes": 359,
                "num_atom_pairs": 21968505,
                "energy": 52.494747161865234
            },
            "90": {
                "num_clashes": 31,
                "num_atom_pairs": 21968505,
                "energy": 5.629863739013672
            },
            "80": {
                "num_clashes": 6,
                "num_atom_pairs": 21968505,
                "energy": 1.7208188772201538
            }
        },
        "ca_rmsd": 58.20412063598633
    },
    "core": {
        "mean_mae": [
            25.9367733001709,
            20.068857192993164,
            52.441097259521484,
            36.459381103515625
        ],
        "mae_sr": 0.680115282535553,
        "rmsd": 0.6551896333694458,
        "dihedral_counts": [
            347,
            245,
            27,
            3
        ],
        "seq_len": 794,
        "num_sc": 347
    },
    "surface": {
        "mean_mae": [
            49.79484176635742,
            38.64384841918945,
            64.40104675292969,
            48.03629684448242
        ],
        "mae_sr": 0.44476744532585144,
        "rmsd": 1.0635367631912231,
        "dihedral_counts": [
            344,
            174,
            44,
            12
        ],
        "seq_len": 395,
        "num_sc": 344
    }
}