{
    "all": {
        "mean_mae": [
            42.813480377197266,
            34.38461685180664,
            51.609737396240234,
            59.159420013427734
        ],
        "mae_sr": 0.4379391074180603,
        "rmsd": 1.2070629596710205,
        "dihedral_counts": [
            854,
            647,
            192,
            88
        ],
        "seq_len": 1029,
        "num_sc": 854,
        "clash_info": {
            "100": {
                "num_clashes": 348,
                "num_atom_pairs": 22727944,
                "energy": 54.479637145996094
            },
            "90": {
                "num_clashes": 40,
                "num_atom_pairs": 22727944,
                "energy": 6.613073825836182
            },
            "80": {
                "num_clashes": 6,
                "num_atom_pairs": 22727944,
                "energy": 0.8049592971801758
            }
        },
        "ca_rmsd": 43.70073699951172
    },
    "core": {
        "mean_mae": [
            31.8109130859375,
            28.344676971435547,
            41.35429000854492,
            47.48995590209961
        ],
        "mae_sr": 0.5539772510528564,
        "rmsd": 0.9003700017929077,
        "dihedral_counts": [
            352,
            260,
            56,
            19
        ],
        "seq_len": 446,
        "num_sc": 352
    },
    "surface": {
        "mean_mae": [
            51.78242111206055,
            37.22947692871094,
            58.74214553833008,
            60.195743560791016
        ],
        "mae_sr": 0.3531353175640106,
        "rmsd": 1.4399429559707642,
        "dihedral_counts": [
            303,
            228,
            81,
            44
        ],
        "seq_len": 349,
        "num_sc": 303
    }
}