{
    "all": {
        "rmsd": 0.9911152720451355,
        "mae_sr": 0.5249999761581421,
        "mean_mae": [
            31.114500045776367,
            31.939468383789062,
            53.199974060058594,
            59.346580505371094
        ],
        "dihedral_counts": [
            17962,
            13381,
            4406,
            2035
        ],
        "num_sc": 17962,
        "mean_seq_len": 354.4507141113281,
        "ca_rmsd": 15.881302833557129,
        "clash_info": {
            "100": {
                "energy": 9.71595573425293,
                "num_atom_pairs": 1392006.0,
                "num_clashes": 73.0
            },
            "90": {
                "energy": 0.9601125717163086,
                "num_atom_pairs": 1392006.0,
                "num_clashes": 7.0
            },
            "80": {
                "energy": 0.009984254837036133,
                "num_atom_pairs": 1392006.0,
                "num_clashes": 1.0
            }
        }
    },
    "core": {
        "rmsd": 0.5776344537734985,
        "mae_sr": 0.7014925479888916,
        "mean_mae": [
            19.215795516967773,
            20.984424591064453,
            44.594661712646484,
            43.71259307861328
        ],
        "dihedral_counts": [
            5861,
            4211,
            841,
            355
        ],
        "num_sc": 5861,
        "mean_seq_len": 148.81689453125
    },
    "surface": {
        "rmsd": 1.2339717149734497,
        "mae_sr": 0.42213115096092224,
        "mean_mae": [
            39.74406051635742,
            37.22947692871094,
            54.48833084106445,
            61.31480026245117
        ],
        "dihedral_counts": [
            8380,
            6331,
            2647,
            1223
        ],
        "num_sc": 8380,
        "mean_seq_len": 143.7042236328125
    }
}