{
    "all": {
        "mean_mae": [
            33.2654914855957,
            32.25016784667969,
            53.41377639770508,
            67.5905532836914
        ],
        "mae_sr": 0.48785871267318726,
        "rmsd": 0.9139853715896606,
        "dihedral_counts": [
            453,
            323,
            82,
            38
        ],
        "seq_len": 640,
        "num_sc": 453,
        "clash_info": {
            "100": {
                "num_clashes": 236,
                "num_atom_pairs": 6430869,
                "energy": 37.88951110839844
            },
            "90": {
                "num_clashes": 33,
                "num_atom_pairs": 6430869,
                "energy": 5.431710243225098
            },
            "80": {
                "num_clashes": 6,
                "num_atom_pairs": 6430869,
                "energy": 0.9276447296142578
            }
        },
        "ca_rmsd": 123.52075958251953
    },
    "core": {
        "mean_mae": [
            27.540748596191406,
            24.61579132080078,
            55.10271453857422,
            67.02995300292969
        ],
        "mae_sr": 0.5719696879386902,
        "rmsd": 0.7587924003601074,
        "dihedral_counts": [
            264,
            187,
            51,
            24
        ],
        "seq_len": 396,
        "num_sc": 264
    },
    "surface": {
        "mean_mae": [
            48.783424377441406,
            39.519893646240234,
            37.93257522583008,
            87.57540130615234
        ],
        "mae_sr": 0.36274510622024536,
        "rmsd": 1.1932134628295898,
        "dihedral_counts": [
            102,
            73,
            16,
            3
        ],
        "seq_len": 141,
        "num_sc": 102
    }
}