{
    "all": {
        "mean_mae": [
            40.17171859741211,
            30.569618225097656,
            44.89815902709961,
            56.93620681762695
        ],
        "mae_sr": 0.4682539701461792,
        "rmsd": 1.1592825651168823,
        "dihedral_counts": [
            252,
            195,
            64,
            37
        ],
        "seq_len": 312,
        "num_sc": 252,
        "clash_info": {
            "100": {
                "num_clashes": 70,
                "num_atom_pairs": 1768206,
                "energy": 7.59662389755249
            },
            "90": {
                "num_clashes": 4,
                "num_atom_pairs": 1768206,
                "energy": 0.41438984870910645
            },
            "80": {
                "num_clashes": 0,
                "num_atom_pairs": 1768206,
                "energy": 0.0
            }
        },
        "ca_rmsd": 19.33502960205078
    },
    "core": {
        "mean_mae": [
            18.031986236572266,
            20.453733444213867,
            28.876373291015625,
            17.603015899658203
        ],
        "mae_sr": 0.7746478915214539,
        "rmsd": 0.4653959274291992,
        "dihedral_counts": [
            71,
            46,
            2,
            1
        ],
        "seq_len": 126,
        "num_sc": 71
    },
    "surface": {
        "mean_mae": [
            55.52836608886719,
            41.65543746948242,
            47.583518981933594,
            50.651954650878906
        ],
        "mae_sr": 0.2330097109079361,
        "rmsd": 1.6631927490234375,
        "dihedral_counts": [
            103,
            89,
            42,
            22
        ],
        "seq_len": 106,
        "num_sc": 103
    }
}