{
    "all": {
        "mean_mae": [
            29.50806427001953,
            25.591293334960938,
            35.1376838684082,
            43.21674728393555
        ],
        "mae_sr": 0.5555555820465088,
        "rmsd": 0.9349299073219299,
        "dihedral_counts": [
            198,
            160,
            62,
            34
        ],
        "seq_len": 223,
        "num_sc": 198,
        "clash_info": {
            "100": {
                "num_clashes": 73,
                "num_atom_pairs": 1212729,
                "energy": 10.723967552185059
            },
            "90": {
                "num_clashes": 9,
                "num_atom_pairs": 1212729,
                "energy": 1.0939855575561523
            },
            "80": {
                "num_clashes": 1,
                "num_atom_pairs": 1212729,
                "energy": 0.11348867416381836
            }
        },
        "ca_rmsd": 1.0928893089294434
    },
    "core": {
        "mean_mae": [
            17.65425682067871,
            21.44647789001465,
            19.713973999023438,
            25.987436294555664
        ],
        "mae_sr": 0.739130437374115,
        "rmsd": 0.5353966355323792,
        "dihedral_counts": [
            69,
            50,
            12,
            5
        ],
        "seq_len": 80,
        "num_sc": 69
    },
    "surface": {
        "mean_mae": [
            38.59515380859375,
            29.513078689575195,
            41.92290115356445,
            45.97468566894531
        ],
        "mae_sr": 0.42105263471603394,
        "rmsd": 1.2341898679733276,
        "dihedral_counts": [
            95,
            79,
            40,
            24
        ],
        "seq_len": 105,
        "num_sc": 95
    }
}