{
    "all": {
        "mean_mae": [
            20.09583282470703,
            23.37342643737793,
            47.781185150146484,
            29.0184383392334
        ],
        "mae_sr": 0.7034883499145508,
        "rmsd": 0.6842241287231445,
        "dihedral_counts": [
            172,
            135,
            37,
            16
        ],
        "seq_len": 227,
        "num_sc": 172,
        "clash_info": {
            "100": {
                "num_clashes": 61,
                "num_atom_pairs": 1020074,
                "energy": 8.748562812805176
            },
            "90": {
                "num_clashes": 8,
                "num_atom_pairs": 1020074,
                "energy": 0.812110424041748
            },
            "80": {
                "num_clashes": 0,
                "num_atom_pairs": 1020074,
                "energy": 0.0
            }
        },
        "ca_rmsd": 5.334877967834473
    },
    "core": {
        "mean_mae": [
            12.256609916687012,
            15.563000679016113,
            44.43466567993164,
            8.886922836303711
        ],
        "mae_sr": 0.8500000238418579,
        "rmsd": 0.3898536264896393,
        "dihedral_counts": [
            80,
            55,
            8,
            1
        ],
        "seq_len": 101,
        "num_sc": 80
    },
    "surface": {
        "mean_mae": [
            28.857669830322266,
            28.118444442749023,
            59.7789306640625,
            23.90748405456543
        ],
        "mae_sr": 0.5322580933570862,
        "rmsd": 1.0547192096710205,
        "dihedral_counts": [
            62,
            55,
            22,
            11
        ],
        "seq_len": 87,
        "num_sc": 62
    }
}