{
    "all": {
        "mean_mae": [
            49.617218017578125,
            47.512203216552734,
            63.44954299926758,
            85.94807434082031
        ],
        "mae_sr": 0.3465346395969391,
        "rmsd": 1.5540715456008911,
        "dihedral_counts": [
            202,
            154,
            36,
            20
        ],
        "seq_len": 241,
        "num_sc": 202,
        "clash_info": {
            "100": {
                "num_clashes": 90,
                "num_atom_pairs": 1256288,
                "energy": 25.21409797668457
            },
            "90": {
                "num_clashes": 27,
                "num_atom_pairs": 1256288,
                "energy": 9.426799774169922
            },
            "80": {
                "num_clashes": 9,
                "num_atom_pairs": 1256288,
                "energy": 4.2091145515441895
            }
        },
        "ca_rmsd": 22.669713973999023
    },
    "core": {
        "mean_mae": [
            41.27619171142578,
            37.48683547973633,
            62.297237396240234,
            115.09693908691406
        ],
        "mae_sr": 0.4571428596973419,
        "rmsd": 1.185281753540039,
        "dihedral_counts": [
            35,
            28,
            3,
            2
        ],
        "seq_len": 40,
        "num_sc": 35
    },
    "surface": {
        "mean_mae": [
            55.715240478515625,
            56.78728103637695,
            65.29630279541016,
            64.56285858154297
        ],
        "mae_sr": 0.2936508059501648,
        "rmsd": 1.69003164768219,
        "dihedral_counts": [
            126,
            91,
            25,
            12
        ],
        "seq_len": 155,
        "num_sc": 126
    }
}