{
    "all": {
        "mean_mae": [
            39.499229431152344,
            34.19832992553711,
            57.49894714355469,
            62.06177520751953
        ],
        "mae_sr": 0.4430379867553711,
        "rmsd": 1.0907498598098755,
        "dihedral_counts": [
            316,
            238,
            71,
            31
        ],
        "seq_len": 518,
        "num_sc": 316,
        "clash_info": {
            "100": {
                "num_clashes": 77,
                "num_atom_pairs": 3186781,
                "energy": 9.42904281616211
            },
            "90": {
                "num_clashes": 4,
                "num_atom_pairs": 3186781,
                "energy": 0.3674890995025635
            },
            "80": {
                "num_clashes": 0,
                "num_atom_pairs": 3186781,
                "energy": 0.0
            }
        },
        "ca_rmsd": 155.99964904785156
    },
    "core": {
        "mean_mae": [
            41.51913070678711,
            37.52335739135742,
            79.31388092041016,
            63.435970306396484
        ],
        "mae_sr": 0.47999998927116394,
        "rmsd": 0.9080837368965149,
        "dihedral_counts": [
            25,
            17,
            4,
            2
        ],
        "seq_len": 151,
        "num_sc": 25
    },
    "surface": {
        "mean_mae": [
            40.528465270996094,
            34.73867416381836,
            58.72932052612305,
            58.21238327026367
        ],
        "mae_sr": 0.43968871235847473,
        "rmsd": 1.1397830247879028,
        "dihedral_counts": [
            257,
            197,
            61,
            26
        ],
        "seq_len": 326,
        "num_sc": 257
    }
}