{
    "all": {
        "mean_mae": [
            25.667755126953125,
            30.28337287902832,
            55.730255126953125,
            55.38314437866211
        ],
        "mae_sr": 0.6095890402793884,
        "rmsd": 0.9451868534088135,
        "dihedral_counts": [
            292,
            222,
            75,
            33
        ],
        "seq_len": 384,
        "num_sc": 292,
        "clash_info": {
            "100": {
                "num_clashes": 105,
                "num_atom_pairs": 3090279,
                "energy": 13.696905136108398
            },
            "90": {
                "num_clashes": 9,
                "num_atom_pairs": 3090279,
                "energy": 1.655369758605957
            },
            "80": {
                "num_clashes": 2,
                "num_atom_pairs": 3090279,
                "energy": 0.21011590957641602
            }
        },
        "ca_rmsd": 9.061741828918457
    },
    "core": {
        "mean_mae": [
            14.595023155212402,
            19.46510124206543,
            42.07981872558594,
            76.86767578125
        ],
        "mae_sr": 0.8041236996650696,
        "rmsd": 0.5185981392860413,
        "dihedral_counts": [
            97,
            75,
            11,
            3
        ],
        "seq_len": 124,
        "num_sc": 97
    },
    "surface": {
        "mean_mae": [
            37.79478454589844,
            31.202476501464844,
            55.35945129394531,
            54.942779541015625
        ],
        "mae_sr": 0.4959999918937683,
        "rmsd": 1.2570844888687134,
        "dihedral_counts": [
            125,
            97,
            39,
            19
        ],
        "seq_len": 172,
        "num_sc": 125
    }
}