{
    "all": {
        "mean_mae": [
            28.707326889038086,
            28.816598892211914,
            46.67030334472656,
            44.47970962524414
        ],
        "mae_sr": 0.47791165113449097,
        "rmsd": 0.9499253034591675,
        "dihedral_counts": [
            249,
            188,
            59,
            28
        ],
        "seq_len": 317,
        "num_sc": 249,
        "clash_info": {
            "100": {
                "num_clashes": 88,
                "num_atom_pairs": 1879705,
                "energy": 27.83974266052246
            },
            "90": {
                "num_clashes": 23,
                "num_atom_pairs": 1879705,
                "energy": 14.204177856445312
            },
            "80": {
                "num_clashes": 17,
                "num_atom_pairs": 1879705,
                "energy": 7.760563850402832
            }
        },
        "ca_rmsd": 14.799988746643066
    },
    "core": {
        "mean_mae": [
            20.804616928100586,
            19.956958770751953,
            46.081443786621094,
            30.89060401916504
        ],
        "mae_sr": 0.6666666865348816,
        "rmsd": 0.6879060864448547,
        "dihedral_counts": [
            81,
            58,
            10,
            4
        ],
        "seq_len": 123,
        "num_sc": 81
    },
    "surface": {
        "mean_mae": [
            35.852752685546875,
            32.98194885253906,
            43.198604583740234,
            47.161460876464844
        ],
        "mae_sr": 0.3448275923728943,
        "rmsd": 1.112701654434204,
        "dihedral_counts": [
            116,
            89,
            39,
            19
        ],
        "seq_len": 131,
        "num_sc": 116
    }
}