{
    "all": {
        "mean_mae": [
            16.15654182434082,
            22.504261016845703,
            40.64563751220703,
            57.158626556396484
        ],
        "mae_sr": 0.6492146849632263,
        "rmsd": 0.6397784352302551,
        "dihedral_counts": [
            191,
            160,
            52,
            24
        ],
        "seq_len": 230,
        "num_sc": 191,
        "clash_info": {
            "100": {
                "num_clashes": 51,
                "num_atom_pairs": 1146495,
                "energy": 5.953692436218262
            },
            "90": {
                "num_clashes": 1,
                "num_atom_pairs": 1146495,
                "energy": 0.07004380226135254
            },
            "80": {
                "num_clashes": 0,
                "num_atom_pairs": 1146495,
                "energy": 0.0
            }
        },
        "ca_rmsd": 5.583727836608887
    },
    "core": {
        "mean_mae": [
            13.18846321105957,
            15.32813835144043,
            13.653207778930664,
            92.0097885131836
        ],
        "mae_sr": 0.8333333134651184,
        "rmsd": 0.42080193758010864,
        "dihedral_counts": [
            72,
            56,
            9,
            2
        ],
        "seq_len": 87,
        "num_sc": 72
    },
    "surface": {
        "mean_mae": [
            17.434490203857422,
            24.703405380249023,
            46.31295394897461,
            58.94330596923828
        ],
        "mae_sr": 0.54666668176651,
        "rmsd": 0.781093418598175,
        "dihedral_counts": [
            75,
            65,
            28,
            14
        ],
        "seq_len": 90,
        "num_sc": 75
    }
}