{
    "all": {
        "mean_mae": [
            33.82586669921875,
            41.09416198730469,
            43.20882034301758,
            53.10419845581055
        ],
        "mae_sr": 0.45945945382118225,
        "rmsd": 1.2663097381591797,
        "dihedral_counts": [
            37,
            26,
            17,
            12
        ],
        "seq_len": 48,
        "num_sc": 37,
        "clash_info": {
            "100": {
                "num_clashes": 6,
                "num_atom_pairs": 45925,
                "energy": 0.33887648582458496
            },
            "90": {
                "num_clashes": 0,
                "num_atom_pairs": 45925,
                "energy": 0.0
            },
            "80": {
                "num_clashes": 0,
                "num_atom_pairs": 45925,
                "energy": 0.0
            }
        },
        "ca_rmsd": 9.954249382019043
    },
    "core": {
        "mean_mae": [
            0.0,
            0.0,
            0.0,
            0.0
        ],
        "mae_sr": 1.0,
        "rmsd": 0.0,
        "dihedral_counts": [
            0,
            0,
            0,
            0
        ],
        "seq_len": 0,
        "num_sc": 0
    },
    "surface": {
        "mean_mae": [
            33.82586669921875,
            41.09416198730469,
            43.20882034301758,
            53.10419845581055
        ],
        "mae_sr": 0.45945945382118225,
        "rmsd": 1.2663097381591797,
        "dihedral_counts": [
            37,
            26,
            17,
            12
        ],
        "seq_len": 48,
        "num_sc": 37
    }
}