{
    "all": {
        "mean_mae": [
            37.25179672241211,
            36.86570358276367,
            35.886070251464844,
            61.31480026245117
        ],
        "mae_sr": 0.4920634925365448,
        "rmsd": 1.0454272031784058,
        "dihedral_counts": [
            126,
            93,
            26,
            19
        ],
        "seq_len": 189,
        "num_sc": 126,
        "clash_info": {
            "100": {
                "num_clashes": 27,
                "num_atom_pairs": 522518,
                "energy": 2.6153016090393066
            },
            "90": {
                "num_clashes": 1,
                "num_atom_pairs": 522518,
                "energy": 0.09193849563598633
            },
            "80": {
                "num_clashes": 0,
                "num_atom_pairs": 522518,
                "energy": 0.0
            }
        },
        "ca_rmsd": 64.72467803955078
    },
    "core": {
        "mean_mae": [
            0.0,
            0.0,
            0.0,
            0.0
        ],
        "mae_sr": 1.0,
        "rmsd": 0.0,
        "dihedral_counts": [
            0,
            0,
            0,
            0
        ],
        "seq_len": 0,
        "num_sc": 0
    },
    "surface": {
        "mean_mae": [
            37.532981872558594,
            36.86570358276367,
            35.886070251464844,
            61.31480026245117
        ],
        "mae_sr": 0.4880000054836273,
        "rmsd": 1.0525360107421875,
        "dihedral_counts": [
            125,
            93,
            26,
            19
        ],
        "seq_len": 169,
        "num_sc": 125
    }
}