{
    "all": {
        "mean_mae": [
            29.979427337646484,
            26.24044418334961,
            24.464462280273438,
            31.92877960205078
        ],
        "mae_sr": 0.5666666626930237,
        "rmsd": 0.9099109768867493,
        "dihedral_counts": [
            150,
            114,
            31,
            12
        ],
        "seq_len": 193,
        "num_sc": 150,
        "clash_info": {
            "100": {
                "num_clashes": 56,
                "num_atom_pairs": 678375,
                "energy": 9.249547004699707
            },
            "90": {
                "num_clashes": 7,
                "num_atom_pairs": 678375,
                "energy": 1.0326075553894043
            },
            "80": {
                "num_clashes": 1,
                "num_atom_pairs": 678375,
                "energy": 0.021571874618530273
            }
        },
        "ca_rmsd": 17.768455505371094
    },
    "core": {
        "mean_mae": [
            11.941617012023926,
            12.74508285522461,
            1.5002697706222534,
            0.0
        ],
        "mae_sr": 0.8181818127632141,
        "rmsd": 0.3390818238258362,
        "dihedral_counts": [
            22,
            19,
            2,
            0
        ],
        "seq_len": 52,
        "num_sc": 22
    },
    "surface": {
        "mean_mae": [
            37.11880874633789,
            30.204912185668945,
            23.879470825195312,
            31.92877960205078
        ],
        "mae_sr": 0.4536082446575165,
        "rmsd": 1.1358948945999146,
        "dihedral_counts": [
            97,
            72,
            27,
            12
        ],
        "seq_len": 108,
        "num_sc": 97
    }
}