{
    "all": {
        "mean_mae": [
            29.102275848388672,
            23.287260055541992,
            34.40364074707031,
            44.866943359375
        ],
        "mae_sr": 0.6013985872268677,
        "rmsd": 0.8076403141021729,
        "dihedral_counts": [
            143,
            97,
            36,
            16
        ],
        "seq_len": 191,
        "num_sc": 143,
        "clash_info": {
            "100": {
                "num_clashes": 45,
                "num_atom_pairs": 636051,
                "energy": 4.85554838180542
            },
            "90": {
                "num_clashes": 0,
                "num_atom_pairs": 636051,
                "energy": 0.0
            },
            "80": {
                "num_clashes": 0,
                "num_atom_pairs": 636051,
                "energy": 0.0
            }
        },
        "ca_rmsd": 5.490935325622559
    },
    "core": {
        "mean_mae": [
            29.63339614868164,
            7.8159708976745605,
            28.689346313476562,
            27.708606719970703
        ],
        "mae_sr": 0.7200000286102295,
        "rmsd": 0.6273698210716248,
        "dihedral_counts": [
            50,
            30,
            6,
            4
        ],
        "seq_len": 64,
        "num_sc": 50
    },
    "surface": {
        "mean_mae": [
            36.28129196166992,
            40.30382537841797,
            27.841876983642578,
            44.25708770751953
        ],
        "mae_sr": 0.4385964870452881,
        "rmsd": 1.072852611541748,
        "dihedral_counts": [
            57,
            38,
            22,
            8
        ],
        "seq_len": 88,
        "num_sc": 57
    }
}