{
    "all": {
        "mean_mae": [
            35.9385986328125,
            34.64900588989258,
            61.48423385620117,
            65.72772979736328
        ],
        "mae_sr": 0.44262295961380005,
        "rmsd": 1.0296074151992798,
        "dihedral_counts": [
            854,
            647,
            192,
            88
        ],
        "seq_len": 1008,
        "num_sc": 854,
        "clash_info": {
            "100": {
                "num_clashes": 530,
                "num_atom_pairs": 22727944,
                "energy": 122.62350463867188
            },
            "90": {
                "num_clashes": 121,
                "num_atom_pairs": 22727944,
                "energy": 35.6388053894043
            },
            "80": {
                "num_clashes": 42,
                "num_atom_pairs": 22727944,
                "energy": 11.91727352142334
            }
        },
        "ca_rmsd": 8.509588951710612e-06
    },
    "core": {
        "mean_mae": [
            27.3364315032959,
            26.791196823120117,
            50.8704833984375,
            49.545745849609375
        ],
        "mae_sr": 0.5482954382896423,
        "rmsd": 0.7715057730674744,
        "dihedral_counts": [
            352,
            260,
            56,
            19
        ],
        "seq_len": 425,
        "num_sc": 352
    },
    "surface": {
        "mean_mae": [
            46.51909637451172,
            43.477386474609375,
            70.85746002197266,
            67.56388854980469
        ],
        "mae_sr": 0.33003300428390503,
        "rmsd": 1.272181510925293,
        "dihedral_counts": [
            303,
            228,
            81,
            44
        ],
        "seq_len": 349,
        "num_sc": 303
    }
}