{
    "all": {
        "mean_mae": [
            21.868024826049805,
            19.984704971313477,
            54.59099197387695,
            56.203182220458984
        ],
        "mae_sr": 0.6841517686843872,
        "rmsd": 0.5569440722465515,
        "dihedral_counts": [
            896,
            549,
            97,
            23
        ],
        "seq_len": 1040,
        "num_sc": 896,
        "clash_info": {
            "100": {
                "num_clashes": 186,
                "num_atom_pairs": 21968505,
                "energy": 28.981718063354492
            },
            "90": {
                "num_clashes": 23,
                "num_atom_pairs": 21968505,
                "energy": 4.366422653198242
            },
            "80": {
                "num_clashes": 5,
                "num_atom_pairs": 21968505,
                "energy": 1.2361332178115845
            }
        },
        "ca_rmsd": 5.887167844775831e-06
    },
    "core": {
        "mean_mae": [
            14.305123329162598,
            15.61649227142334,
            40.71456527709961,
            39.453453063964844
        ],
        "mae_sr": 0.7579250931739807,
        "rmsd": 0.42028042674064636,
        "dihedral_counts": [
            347,
            245,
            27,
            3
        ],
        "seq_len": 410,
        "num_sc": 347
    },
    "surface": {
        "mean_mae": [
            29.376300811767578,
            25.128101348876953,
            57.147682189941406,
            46.99993896484375
        ],
        "mae_sr": 0.6220930218696594,
        "rmsd": 0.6653095483779907,
        "dihedral_counts": [
            344,
            174,
            44,
            12
        ],
        "seq_len": 395,
        "num_sc": 344
    }
}