{
    "all": {
        "mean_mae": [
            22.83049964904785,
            22.202489852905273,
            37.27110290527344,
            38.89676284790039
        ],
        "mae_sr": 0.653333306312561,
        "rmsd": 0.73827064037323,
        "dihedral_counts": [
            150,
            114,
            31,
            12
        ],
        "seq_len": 167,
        "num_sc": 150,
        "clash_info": {
            "100": {
                "num_clashes": 32,
                "num_atom_pairs": 678375,
                "energy": 5.405665397644043
            },
            "90": {
                "num_clashes": 7,
                "num_atom_pairs": 678375,
                "energy": 1.0382258892059326
            },
            "80": {
                "num_clashes": 1,
                "num_atom_pairs": 678375,
                "energy": 0.2205948829650879
            }
        },
        "ca_rmsd": 2.2251354039326543e-06
    },
    "core": {
        "mean_mae": [
            5.295470714569092,
            10.312393188476562,
            21.09854507446289,
            0.0
        ],
        "mae_sr": 0.9545454382896423,
        "rmsd": 0.34275001287460327,
        "dihedral_counts": [
            22,
            19,
            2,
            0
        ],
        "seq_len": 26,
        "num_sc": 22
    },
    "surface": {
        "mean_mae": [
            28.459228515625,
            24.551599502563477,
            34.827999114990234,
            38.896759033203125
        ],
        "mae_sr": 0.5360824465751648,
        "rmsd": 0.9180124998092651,
        "dihedral_counts": [
            97,
            72,
            27,
            12
        ],
        "seq_len": 108,
        "num_sc": 97
    }
}