{
    "all": {
        "mean_mae": [
            17.57916259765625,
            24.309181213378906,
            50.431617736816406,
            47.1591796875
        ],
        "mae_sr": 0.6000000238418579,
        "rmsd": 0.7307307720184326,
        "dihedral_counts": [
            95,
            71,
            32,
            12
        ],
        "seq_len": 117,
        "num_sc": 95,
        "clash_info": {
            "100": {
                "num_clashes": 46,
                "num_atom_pairs": 294373,
                "energy": 12.14604377746582
            },
            "90": {
                "num_clashes": 16,
                "num_atom_pairs": 294373,
                "energy": 2.7747020721435547
            },
            "80": {
                "num_clashes": 2,
                "num_atom_pairs": 294373,
                "energy": 0.3500852584838867
            }
        },
        "ca_rmsd": 2.383475248279865e-06
    },
    "core": {
        "mean_mae": [
            15.103665351867676,
            21.81089973449707,
            108.87109375,
            11.168179512023926
        ],
        "mae_sr": 0.7599999904632568,
        "rmsd": 0.5991281270980835,
        "dihedral_counts": [
            25,
            18,
            3,
            1
        ],
        "seq_len": 35,
        "num_sc": 25
    },
    "surface": {
        "mean_mae": [
            24.186731338500977,
            32.22721481323242,
            46.30158615112305,
            48.21040725708008
        ],
        "mae_sr": 0.42553192377090454,
        "rmsd": 0.9850306510925293,
        "dihedral_counts": [
            47,
            37,
            24,
            9
        ],
        "seq_len": 58,
        "num_sc": 47
    }
}