{
    "all": {
        "mean_mae": [
            35.535194396972656,
            36.31197738647461,
            52.276832580566406,
            87.1177749633789
        ],
        "mae_sr": 0.44700461626052856,
        "rmsd": 1.0227575302124023,
        "dihedral_counts": [
            217,
            159,
            55,
            23
        ],
        "seq_len": 234,
        "num_sc": 217,
        "clash_info": {
            "100": {
                "num_clashes": 65,
                "num_atom_pairs": 1353198,
                "energy": 8.749530792236328
            },
            "90": {
                "num_clashes": 6,
                "num_atom_pairs": 1353198,
                "energy": 1.0552408695220947
            },
            "80": {
                "num_clashes": 1,
                "num_atom_pairs": 1353198,
                "energy": 0.30706191062927246
            }
        },
        "ca_rmsd": 4.987491593055893e-07
    },
    "core": {
        "mean_mae": [
            27.641334533691406,
            25.86580467224121,
            87.74432373046875,
            135.87509155273438
        ],
        "mae_sr": 0.5744680762290955,
        "rmsd": 0.7020686268806458,
        "dihedral_counts": [
            47,
            35,
            5,
            1
        ],
        "seq_len": 52,
        "num_sc": 47
    },
    "surface": {
        "mean_mae": [
            44.182411193847656,
            47.7209587097168,
            53.00553894042969,
            84.06743621826172
        ],
        "mae_sr": 0.3396226465702057,
        "rmsd": 1.2839293479919434,
        "dihedral_counts": [
            106,
            78,
            32,
            14
        ],
        "seq_len": 115,
        "num_sc": 106
    }
}