{
    "all": {
        "mean_mae": [
            15.393041610717773,
            19.874101638793945,
            42.99918746948242,
            67.04529571533203
        ],
        "mae_sr": 0.7018779516220093,
        "rmsd": 0.5826863050460815,
        "dihedral_counts": [
            426,
            320,
            101,
            46
        ],
        "seq_len": 513,
        "num_sc": 426,
        "clash_info": {
            "100": {
                "num_clashes": 362,
                "num_atom_pairs": 6038304,
                "energy": 74.95439910888672
            },
            "90": {
                "num_clashes": 72,
                "num_atom_pairs": 6038304,
                "energy": 18.459264755249023
            },
            "80": {
                "num_clashes": 18,
                "num_atom_pairs": 6038304,
                "energy": 5.970520496368408
            }
        },
        "ca_rmsd": 1.6502016251251916e-06
    },
    "core": {
        "mean_mae": [
            13.650232315063477,
            18.30453872680664,
            43.58935546875,
            48.8543586730957
        ],
        "mae_sr": 0.7680608630180359,
        "rmsd": 0.48108500242233276,
        "dihedral_counts": [
            263,
            188,
            46,
            19
        ],
        "seq_len": 317,
        "num_sc": 263
    },
    "surface": {
        "mean_mae": [
            23.415977478027344,
            24.45447540283203,
            42.4495964050293,
            85.97206115722656
        ],
        "mae_sr": 0.5048543810844421,
        "rmsd": 0.8706110119819641,
        "dihedral_counts": [
            103,
            82,
            40,
            18
        ],
        "seq_len": 120,
        "num_sc": 103
    }
}