{
    "all": {
        "mean_mae": [
            18.241432189941406,
            19.03371238708496,
            41.774600982666016,
            62.04539489746094
        ],
        "mae_sr": 0.5714285969734192,
        "rmsd": 0.6854600310325623,
        "dihedral_counts": [
            140,
            113,
            41,
            22
        ],
        "seq_len": 164,
        "num_sc": 140,
        "clash_info": {
            "100": {
                "num_clashes": 41,
                "num_atom_pairs": 664961,
                "energy": 7.400170803070068
            },
            "90": {
                "num_clashes": 4,
                "num_atom_pairs": 664961,
                "energy": 1.267545223236084
            },
            "80": {
                "num_clashes": 1,
                "num_atom_pairs": 664961,
                "energy": 0.38312554359436035
            }
        },
        "ca_rmsd": 1.5664664942960371e-06
    },
    "core": {
        "mean_mae": [
            7.920078277587891,
            13.9348783493042,
            55.1132698059082,
            21.664207458496094
        ],
        "mae_sr": 0.7857142686843872,
        "rmsd": 0.3278363347053528,
        "dihedral_counts": [
            42,
            31,
            7,
            3
        ],
        "seq_len": 50,
        "num_sc": 42
    },
    "surface": {
        "mean_mae": [
            26.200010299682617,
            23.441822052001953,
            40.88331985473633,
            74.60047912597656
        ],
        "mae_sr": 0.47297295928001404,
        "rmsd": 0.9580081105232239,
        "dihedral_counts": [
            74,
            62,
            27,
            15
        ],
        "seq_len": 89,
        "num_sc": 74
    }
}