{
    "all": {
        "mean_mae": [
            19.127967834472656,
            18.482158660888672,
            32.5078239440918,
            59.449310302734375
        ],
        "mae_sr": 0.6565656661987305,
        "rmsd": 0.6512161493301392,
        "dihedral_counts": [
            198,
            160,
            62,
            34
        ],
        "seq_len": 223,
        "num_sc": 198,
        "clash_info": {
            "100": {
                "num_clashes": 69,
                "num_atom_pairs": 1212729,
                "energy": 11.683553695678711
            },
            "90": {
                "num_clashes": 8,
                "num_atom_pairs": 1212729,
                "energy": 1.7820297479629517
            },
            "80": {
                "num_clashes": 1,
                "num_atom_pairs": 1212729,
                "energy": 0.39506006240844727
            }
        },
        "ca_rmsd": 5.537498054764001e-06
    },
    "core": {
        "mean_mae": [
            9.129114151000977,
            13.37680435180664,
            14.030472755432129,
            34.576759338378906
        ],
        "mae_sr": 0.8260869383811951,
        "rmsd": 0.364665150642395,
        "dihedral_counts": [
            69,
            50,
            12,
            5
        ],
        "seq_len": 80,
        "num_sc": 69
    },
    "surface": {
        "mean_mae": [
            27.924318313598633,
            24.53838348388672,
            38.61362838745117,
            67.3625717163086
        ],
        "mae_sr": 0.5473684072494507,
        "rmsd": 0.9128873944282532,
        "dihedral_counts": [
            95,
            79,
            40,
            24
        ],
        "seq_len": 105,
        "num_sc": 95
    }
}