{
    "all": {
        "mean_mae": [
            13.820934295654297,
            30.03957748413086,
            43.43098831176758,
            57.44953155517578
        ],
        "mae_sr": 0.6865671873092651,
        "rmsd": 0.7683066129684448,
        "dihedral_counts": [
            67,
            52,
            24,
            8
        ],
        "seq_len": 72,
        "num_sc": 67,
        "clash_info": {
            "100": {
                "num_clashes": 35,
                "num_atom_pairs": 135982,
                "energy": 7.447286605834961
            },
            "90": {
                "num_clashes": 9,
                "num_atom_pairs": 135982,
                "energy": 1.678140640258789
            },
            "80": {
                "num_clashes": 2,
                "num_atom_pairs": 135982,
                "energy": 0.37073659896850586
            }
        },
        "ca_rmsd": 2.770316086753155e-06
    },
    "core": {
        "mean_mae": [
            2.320237398147583,
            5.225916385650635,
            7.383214473724365,
            69.91471099853516
        ],
        "mae_sr": 0.9166666865348816,
        "rmsd": 0.2991969585418701,
        "dihedral_counts": [
            12,
            9,
            5,
            2
        ],
        "seq_len": 15,
        "num_sc": 12
    },
    "surface": {
        "mean_mae": [
            20.431133270263672,
            42.13505935668945,
            52.60848617553711,
            53.29446792602539
        ],
        "mae_sr": 0.5581395626068115,
        "rmsd": 1.0269405841827393,
        "dihedral_counts": [
            43,
            33,
            18,
            6
        ],
        "seq_len": 43,
        "num_sc": 43
    }
}