{
    "all": {
        "mean_mae": [
            15.883413314819336,
            23.384355545043945,
            35.81010818481445,
            37.52262496948242
        ],
        "mae_sr": 0.6278316974639893,
        "rmsd": 0.638900637626648,
        "dihedral_counts": [
            309,
            229,
            52,
            20
        ],
        "seq_len": 391,
        "num_sc": 309,
        "clash_info": {
            "100": {
                "num_clashes": 200,
                "num_atom_pairs": 3183730,
                "energy": 60.10395812988281
            },
            "90": {
                "num_clashes": 48,
                "num_atom_pairs": 3183730,
                "energy": 26.275524139404297
            },
            "80": {
                "num_clashes": 21,
                "num_atom_pairs": 3183730,
                "energy": 16.714962005615234
            }
        },
        "ca_rmsd": 3.1561542073177407e-06
    },
    "core": {
        "mean_mae": [
            11.865226745605469,
            20.37527847290039,
            42.788230895996094,
            24.322378158569336
        ],
        "mae_sr": 0.6911764740943909,
        "rmsd": 0.5597816705703735,
        "dihedral_counts": [
            136,
            98,
            21,
            7
        ],
        "seq_len": 182,
        "num_sc": 136
    },
    "surface": {
        "mean_mae": [
            19.41080665588379,
            29.916690826416016,
            21.963035583496094,
            44.63044738769531
        ],
        "mae_sr": 0.5523809790611267,
        "rmsd": 0.7785424590110779,
        "dihedral_counts": [
            105,
            82,
            23,
            13
        ],
        "seq_len": 131,
        "num_sc": 105
    }
}