{
    "all": {
        "mean_mae": [
            15.808636665344238,
            25.91743278503418,
            38.79222106933594,
            52.181522369384766
        ],
        "mae_sr": 0.5416666865348816,
        "rmsd": 0.7176830768585205,
        "dihedral_counts": [
            240,
            188,
            94,
            47
        ],
        "seq_len": 273,
        "num_sc": 240,
        "clash_info": {
            "100": {
                "num_clashes": 67,
                "num_atom_pairs": 1731717,
                "energy": 9.970876693725586
            },
            "90": {
                "num_clashes": 4,
                "num_atom_pairs": 1731717,
                "energy": 0.8077373504638672
            },
            "80": {
                "num_clashes": 1,
                "num_atom_pairs": 1731717,
                "energy": 0.11528897285461426
            }
        },
        "ca_rmsd": 7.703303708694875e-06
    },
    "core": {
        "mean_mae": [
            5.112455368041992,
            10.53851318359375,
            33.387638092041016,
            14.573802947998047
        ],
        "mae_sr": 0.8679245114326477,
        "rmsd": 0.27444443106651306,
        "dihedral_counts": [
            53,
            41,
            6,
            3
        ],
        "seq_len": 63,
        "num_sc": 53
    },
    "surface": {
        "mean_mae": [
            22.01107406616211,
            33.060733795166016,
            39.86927795410156,
            53.99178695678711
        ],
        "mae_sr": 0.40909090638160706,
        "rmsd": 0.9480237364768982,
        "dihedral_counts": [
            132,
            105,
            67,
            32
        ],
        "seq_len": 146,
        "num_sc": 132
    }
}