{
    "all": {
        "mean_mae": [
            11.383960723876953,
            17.057878494262695,
            31.67017364501953,
            60.582176208496094
        ],
        "mae_sr": 0.6972476840019226,
        "rmsd": 0.5544160604476929,
        "dihedral_counts": [
            436,
            341,
            124,
            64
        ],
        "seq_len": 482,
        "num_sc": 436,
        "clash_info": {
            "100": {
                "num_clashes": 239,
                "num_atom_pairs": 5878583,
                "energy": 57.52159881591797
            },
            "90": {
                "num_clashes": 56,
                "num_atom_pairs": 5878583,
                "energy": 16.151750564575195
            },
            "80": {
                "num_clashes": 18,
                "num_atom_pairs": 5878583,
                "energy": 4.624429702758789
            }
        },
        "ca_rmsd": 4.363062089396408e-06
    },
    "core": {
        "mean_mae": [
            5.4729743003845215,
            10.954793930053711,
            17.1353759765625,
            39.80335235595703
        ],
        "mae_sr": 0.8620689511299133,
        "rmsd": 0.3213116228580475,
        "dihedral_counts": [
            145,
            114,
            30,
            11
        ],
        "seq_len": 157,
        "num_sc": 145
    },
    "surface": {
        "mean_mae": [
            15.752664566040039,
            22.79520034790039,
            36.33610153198242,
            76.0953369140625
        ],
        "mae_sr": 0.5744680762290955,
        "rmsd": 0.7043885588645935,
        "dihedral_counts": [
            188,
            146,
            62,
            33
        ],
        "seq_len": 211,
        "num_sc": 188
    }
}