{
    "all": {
        "mean_mae": [
            22.244796752929688,
            25.653831481933594,
            48.76835632324219,
            37.83933639526367
        ],
        "mae_sr": 0.5235849022865295,
        "rmsd": 0.7830095291137695,
        "dihedral_counts": [
            212,
            166,
            59,
            28
        ],
        "seq_len": 241,
        "num_sc": 212,
        "clash_info": {
            "100": {
                "num_clashes": 113,
                "num_atom_pairs": 1399249,
                "energy": 17.18211555480957
            },
            "90": {
                "num_clashes": 14,
                "num_atom_pairs": 1399249,
                "energy": 1.6120262145996094
            },
            "80": {
                "num_clashes": 1,
                "num_atom_pairs": 1399249,
                "energy": 0.3310730457305908
            }
        },
        "ca_rmsd": 1.7548364894537372e-06
    },
    "core": {
        "mean_mae": [
            18.111268997192383,
            13.764002799987793,
            54.859901428222656,
            6.078786373138428
        ],
        "mae_sr": 0.671875,
        "rmsd": 0.45935124158859253,
        "dihedral_counts": [
            64,
            47,
            5,
            1
        ],
        "seq_len": 77,
        "num_sc": 64
    },
    "surface": {
        "mean_mae": [
            23.491497039794922,
            30.669403076171875,
            49.43320083618164,
            50.49956512451172
        ],
        "mae_sr": 0.44329896569252014,
        "rmsd": 0.9648191332817078,
        "dihedral_counts": [
            97,
            81,
            40,
            20
        ],
        "seq_len": 109,
        "num_sc": 97
    }
}