{
    "all": {
        "mean_mae": [
            46.47694396972656,
            48.52705764770508,
            49.61228942871094,
            47.01858139038086
        ],
        "mae_sr": 0.30000001192092896,
        "rmsd": 1.4472672939300537,
        "dihedral_counts": [
            440,
            364,
            121,
            66
        ],
        "seq_len": 464,
        "num_sc": 440,
        "clash_info": {
            "100": {
                "num_clashes": 109,
                "num_atom_pairs": 5583048,
                "energy": 14.067575454711914
            },
            "90": {
                "num_clashes": 9,
                "num_atom_pairs": 5583048,
                "energy": 1.382538080215454
            },
            "80": {
                "num_clashes": 1,
                "num_atom_pairs": 5583048,
                "energy": 0.1896810531616211
            }
        },
        "ca_rmsd": 34.16825485229492
    },
    "core": {
        "mean_mae": [
            24.966291427612305,
            44.27653884887695,
            101.3882827758789,
            101.24483489990234
        ],
        "mae_sr": 0.35555556416511536,
        "rmsd": 0.881549060344696,
        "dihedral_counts": [
            45,
            40,
            5,
            2
        ],
        "seq_len": 48,
        "num_sc": 45
    },
    "surface": {
        "mean_mae": [
            52.34962463378906,
            48.09088134765625,
            46.910736083984375,
            44.79733657836914
        ],
        "mae_sr": 0.27017542719841003,
        "rmsd": 1.6441724300384521,
        "dihedral_counts": [
            285,
            234,
            98,
            55
        ],
        "seq_len": 303,
        "num_sc": 285
    }
}