{
    "all": {
        "mean_mae": [
            19.94440460205078,
            23.955554962158203,
            41.66138458251953,
            71.62406158447266
        ],
        "mae_sr": 0.6341463327407837,
        "rmsd": 0.7708863019943237,
        "dihedral_counts": [
            410,
            323,
            123,
            53
        ],
        "seq_len": 552,
        "num_sc": 410,
        "clash_info": {
            "100": {
                "num_clashes": 150,
                "num_atom_pairs": 5865615,
                "energy": 46.173484802246094
            },
            "90": {
                "num_clashes": 46,
                "num_atom_pairs": 5865615,
                "energy": 19.70393180847168
            },
            "80": {
                "num_clashes": 21,
                "num_atom_pairs": 5865615,
                "energy": 9.326507568359375
            }
        },
        "ca_rmsd": 4.339626312255859
    },
    "core": {
        "mean_mae": [
            16.094804763793945,
            17.322011947631836,
            35.063758850097656,
            44.83052444458008
        ],
        "mae_sr": 0.7412935495376587,
        "rmsd": 0.5239143371582031,
        "dihedral_counts": [
            201,
            146,
            39,
            12
        ],
        "seq_len": 284,
        "num_sc": 201
    },
    "surface": {
        "mean_mae": [
            30.940433502197266,
            32.82283020019531,
            45.419898986816406,
            79.38667297363281
        ],
        "mae_sr": 0.470085471868515,
        "rmsd": 1.2337087392807007,
        "dihedral_counts": [
            117,
            104,
            50,
            26
        ],
        "seq_len": 151,
        "num_sc": 117
    }
}