{
    "all": {
        "mean_mae": [
            36.611297607421875,
            41.31733322143555,
            46.495216369628906,
            79.17501068115234
        ],
        "mae_sr": 0.40506330132484436,
        "rmsd": 1.4198895692825317,
        "dihedral_counts": [
            79,
            68,
            34,
            15
        ],
        "seq_len": 98,
        "num_sc": 79,
        "clash_info": {
            "100": {
                "num_clashes": 11,
                "num_atom_pairs": 224702,
                "energy": 1.4753444194793701
            },
            "90": {
                "num_clashes": 0,
                "num_atom_pairs": 224702,
                "energy": 0.0
            },
            "80": {
                "num_clashes": 0,
                "num_atom_pairs": 224702,
                "energy": 0.0
            }
        },
        "ca_rmsd": 8.35849666595459
    },
    "core": {
        "mean_mae": [
            13.21056079864502,
            13.497157096862793,
            8.870903015136719,
            0.0
        ],
        "mae_sr": 0.75,
        "rmsd": 0.5264741778373718,
        "dihedral_counts": [
            12,
            9,
            1,
            0
        ],
        "seq_len": 13,
        "num_sc": 12
    },
    "surface": {
        "mean_mae": [
            49.543792724609375,
            56.07157897949219,
            53.46072006225586,
            73.52998352050781
        ],
        "mae_sr": 0.27450981736183167,
        "rmsd": 1.839577078819275,
        "dihedral_counts": [
            51,
            44,
            26,
            12
        ],
        "seq_len": 61,
        "num_sc": 51
    }
}