{
    "all": {
        "mean_mae": [
            22.099252700805664,
            27.115427017211914,
            64.13485717773438,
            40.653587341308594
        ],
        "mae_sr": 0.692307710647583,
        "rmsd": 0.6830459237098694,
        "dihedral_counts": [
            104,
            60,
            15,
            7
        ],
        "seq_len": 138,
        "num_sc": 104,
        "clash_info": {
            "100": {
                "num_clashes": 32,
                "num_atom_pairs": 318855,
                "energy": 10.071163177490234
            },
            "90": {
                "num_clashes": 12,
                "num_atom_pairs": 318855,
                "energy": 3.4908287525177
            },
            "80": {
                "num_clashes": 5,
                "num_atom_pairs": 318855,
                "energy": 1.1619348526000977
            }
        },
        "ca_rmsd": 22.056325912475586
    },
    "core": {
        "mean_mae": [
            4.91089391708374,
            30.800113677978516,
            2.9735569953918457,
            2.042281150817871
        ],
        "mae_sr": 0.8518518805503845,
        "rmsd": 0.3854067623615265,
        "dihedral_counts": [
            27,
            15,
            1,
            1
        ],
        "seq_len": 30,
        "num_sc": 27
    },
    "surface": {
        "mean_mae": [
            35.441932678222656,
            32.55693054199219,
            78.60787963867188,
            66.49112701416016
        ],
        "mae_sr": 0.5384615659713745,
        "rmsd": 0.954473078250885,
        "dihedral_counts": [
            52,
            32,
            9,
            4
        ],
        "seq_len": 76,
        "num_sc": 52
    }
}