{
    "all": {
        "mean_mae": [
            22.83272933959961,
            23.727588653564453,
            34.257503509521484,
            74.40267944335938
        ],
        "mae_sr": 0.6041666865348816,
        "rmsd": 0.7903639078140259,
        "dihedral_counts": [
            144,
            115,
            34,
            18
        ],
        "seq_len": 186,
        "num_sc": 144,
        "clash_info": {
            "100": {
                "num_clashes": 75,
                "num_atom_pairs": 685126,
                "energy": 22.855636596679688
            },
            "90": {
                "num_clashes": 22,
                "num_atom_pairs": 685126,
                "energy": 9.122443199157715
            },
            "80": {
                "num_clashes": 9,
                "num_atom_pairs": 685126,
                "energy": 4.716708183288574
            }
        },
        "ca_rmsd": 14.660300254821777
    },
    "core": {
        "mean_mae": [
            23.26129913330078,
            22.665250778198242,
            38.635162353515625,
            78.82047271728516
        ],
        "mae_sr": 0.6800000071525574,
        "rmsd": 0.6717343330383301,
        "dihedral_counts": [
            50,
            36,
            8,
            3
        ],
        "seq_len": 62,
        "num_sc": 50
    },
    "surface": {
        "mean_mae": [
            29.10316276550293,
            30.6785888671875,
            39.78439712524414,
            86.8768539428711
        ],
        "mae_sr": 0.4107142984867096,
        "rmsd": 1.0628918409347534,
        "dihedral_counts": [
            56,
            47,
            18,
            12
        ],
        "seq_len": 65,
        "num_sc": 56
    }
}