{
    "all": {
        "mean_mae": [
            32.254493713378906,
            35.78813934326172,
            57.46205520629883,
            72.65479278564453
        ],
        "mae_sr": 0.5373134613037109,
        "rmsd": 1.2096515893936157,
        "dihedral_counts": [
            67,
            52,
            24,
            8
        ],
        "seq_len": 74,
        "num_sc": 67,
        "clash_info": {
            "100": {
                "num_clashes": 19,
                "num_atom_pairs": 135982,
                "energy": 3.27756404876709
            },
            "90": {
                "num_clashes": 4,
                "num_atom_pairs": 135982,
                "energy": 0.5814802646636963
            },
            "80": {
                "num_clashes": 0,
                "num_atom_pairs": 135982,
                "energy": 0.0
            }
        },
        "ca_rmsd": 7.851142883300781
    },
    "core": {
        "mean_mae": [
            3.9552652835845947,
            18.808025360107422,
            89.20744323730469,
            109.5300064086914
        ],
        "mae_sr": 0.5833333134651184,
        "rmsd": 0.8384215235710144,
        "dihedral_counts": [
            12,
            9,
            5,
            2
        ],
        "seq_len": 15,
        "num_sc": 12
    },
    "surface": {
        "mean_mae": [
            45.24641799926758,
            43.08023452758789,
            50.99913024902344,
            60.3630485534668
        ],
        "mae_sr": 0.4651162922382355,
        "rmsd": 1.5262799263000488,
        "dihedral_counts": [
            43,
            33,
            18,
            6
        ],
        "seq_len": 45,
        "num_sc": 43
    }
}