{
    "all": {
        "mean_mae": [
            43.19818115234375,
            40.99073028564453,
            68.4129638671875,
            58.78116226196289
        ],
        "mae_sr": 0.27710843086242676,
        "rmsd": 1.3432303667068481,
        "dihedral_counts": [
            166,
            138,
            44,
            21
        ],
        "seq_len": 262,
        "num_sc": 166,
        "clash_info": {
            "100": {
                "num_clashes": 57,
                "num_atom_pairs": 919649,
                "energy": 12.165504455566406
            },
            "90": {
                "num_clashes": 12,
                "num_atom_pairs": 919649,
                "energy": 4.232683181762695
            },
            "80": {
                "num_clashes": 5,
                "num_atom_pairs": 919649,
                "energy": 1.375087857246399
            }
        },
        "ca_rmsd": 185.1322784423828
    },
    "core": {
        "mean_mae": [
            18.664127349853516,
            38.988224029541016,
            24.098222732543945,
            36.0682487487793
        ],
        "mae_sr": 0.3636363744735718,
        "rmsd": 0.836863100528717,
        "dihedral_counts": [
            22,
            18,
            2,
            1
        ],
        "seq_len": 103,
        "num_sc": 22
    },
    "surface": {
        "mean_mae": [
            48.6950569152832,
            41.300655364990234,
            64.85185241699219,
            55.904388427734375
        ],
        "mae_sr": 0.23529411852359772,
        "rmsd": 1.456549048423767,
        "dihedral_counts": [
            102,
            85,
            32,
            12
        ],
        "seq_len": 113,
        "num_sc": 102
    }
}