{
    "all": {
        "mean_mae": [
            38.903358459472656,
            37.56473159790039,
            54.192108154296875,
            41.809383392333984
        ],
        "mae_sr": 0.3671875,
        "rmsd": 1.1643210649490356,
        "dihedral_counts": [
            256,
            208,
            66,
            32
        ],
        "seq_len": 289,
        "num_sc": 256,
        "clash_info": {
            "100": {
                "num_clashes": 95,
                "num_atom_pairs": 1903305,
                "energy": 13.118570327758789
            },
            "90": {
                "num_clashes": 9,
                "num_atom_pairs": 1903305,
                "energy": 1.5752220153808594
            },
            "80": {
                "num_clashes": 2,
                "num_atom_pairs": 1903305,
                "energy": 0.18172228336334229
            }
        },
        "ca_rmsd": 45.27606964111328
    },
    "core": {
        "mean_mae": [
            24.387123107910156,
            30.713577270507812,
            27.903839111328125,
            1.826775074005127
        ],
        "mae_sr": 0.5,
        "rmsd": 0.7283332943916321,
        "dihedral_counts": [
            44,
            35,
            7,
            3
        ],
        "seq_len": 51,
        "num_sc": 44
    },
    "surface": {
        "mean_mae": [
            45.65257263183594,
            40.3668327331543,
            52.25096130371094,
            46.524871826171875
        ],
        "mae_sr": 0.27272728085517883,
        "rmsd": 1.405482530593872,
        "dihedral_counts": [
            143,
            116,
            49,
            24
        ],
        "seq_len": 165,
        "num_sc": 143
    }
}