{
    "all": {
        "mean_mae": [
            24.6157169342041,
            26.386215209960938,
            48.18008041381836,
            70.0826187133789
        ],
        "mae_sr": 0.5177304744720459,
        "rmsd": 0.8680433034896851,
        "dihedral_counts": [
            141,
            106,
            39,
            15
        ],
        "seq_len": 156,
        "num_sc": 141,
        "clash_info": {
            "100": {
                "num_clashes": 65,
                "num_atom_pairs": 593764,
                "energy": 12.37800407409668
            },
            "90": {
                "num_clashes": 13,
                "num_atom_pairs": 593764,
                "energy": 1.5902800559997559
            },
            "80": {
                "num_clashes": 1,
                "num_atom_pairs": 593764,
                "energy": 0.16951537132263184
            }
        },
        "ca_rmsd": 1.1510225534439087
    },
    "core": {
        "mean_mae": [
            25.965539932250977,
            16.027734756469727,
            29.879180908203125,
            50.14205551147461
        ],
        "mae_sr": 0.7209302186965942,
        "rmsd": 0.7466857433319092,
        "dihedral_counts": [
            43,
            30,
            3,
            3
        ],
        "seq_len": 50,
        "num_sc": 43
    },
    "surface": {
        "mean_mae": [
            28.07345962524414,
            34.47458267211914,
            43.54408264160156,
            81.36565399169922
        ],
        "mae_sr": 0.34285715222358704,
        "rmsd": 1.0188274383544922,
        "dihedral_counts": [
            70,
            53,
            29,
            11
        ],
        "seq_len": 77,
        "num_sc": 70
    }
}