{
    "all": {
        "mean_mae": [
            45.67650604248047,
            43.08494186401367,
            61.648155212402344,
            79.28643798828125
        ],
        "mae_sr": 0.3451327383518219,
        "rmsd": 1.2948213815689087,
        "dihedral_counts": [
            113,
            84,
            30,
            17
        ],
        "seq_len": 148,
        "num_sc": 113,
        "clash_info": {
            "100": {
                "num_clashes": 46,
                "num_atom_pairs": 360882,
                "energy": 7.427794456481934
            },
            "90": {
                "num_clashes": 6,
                "num_atom_pairs": 360882,
                "energy": 0.7198224067687988
            },
            "80": {
                "num_clashes": 0,
                "num_atom_pairs": 360882,
                "energy": 0.0
            }
        },
        "ca_rmsd": 7.821869373321533
    },
    "core": {
        "mean_mae": [
            31.495481491088867,
            38.80059814453125,
            45.43840026855469,
            92.3403549194336
        ],
        "mae_sr": 0.5,
        "rmsd": 0.936314046382904,
        "dihedral_counts": [
            48,
            33,
            8,
            3
        ],
        "seq_len": 76,
        "num_sc": 48
    },
    "surface": {
        "mean_mae": [
            59.09876251220703,
            47.841529846191406,
            71.39045715332031,
            78.17051696777344
        ],
        "mae_sr": 0.1860465109348297,
        "rmsd": 1.5860427618026733,
        "dihedral_counts": [
            43,
            36,
            13,
            7
        ],
        "seq_len": 49,
        "num_sc": 43
    }
}