{
    "all": {
        "mean_mae": [
            32.31082534790039,
            35.05861282348633,
            50.41868591308594,
            57.69076156616211
        ],
        "mae_sr": 0.4124999940395355,
        "rmsd": 1.0878537893295288,
        "dihedral_counts": [
            240,
            188,
            94,
            47
        ],
        "seq_len": 273,
        "num_sc": 240,
        "clash_info": {
            "100": {
                "num_clashes": 61,
                "num_atom_pairs": 1731717,
                "energy": 8.804826736450195
            },
            "90": {
                "num_clashes": 9,
                "num_atom_pairs": 1731717,
                "energy": 0.6984412670135498
            },
            "80": {
                "num_clashes": 0,
                "num_atom_pairs": 1731717,
                "energy": 0.0
            }
        },
        "ca_rmsd": 4.333862781524658
    },
    "core": {
        "mean_mae": [
            16.7739315032959,
            20.544811248779297,
            47.831485748291016,
            31.260116577148438
        ],
        "mae_sr": 0.6792452931404114,
        "rmsd": 0.5701696872711182,
        "dihedral_counts": [
            53,
            41,
            6,
            3
        ],
        "seq_len": 63,
        "num_sc": 53
    },
    "surface": {
        "mean_mae": [
            44.149169921875,
            42.04033279418945,
            53.98788070678711,
            63.883941650390625
        ],
        "mae_sr": 0.31060606241226196,
        "rmsd": 1.4253809452056885,
        "dihedral_counts": [
            132,
            105,
            67,
            32
        ],
        "seq_len": 146,
        "num_sc": 132
    }
}