{
    "all": {
        "mean_mae": [
            16.022275924682617,
            20.996198654174805,
            41.87526321411133,
            37.46340560913086
        ],
        "mae_sr": 0.7596153616905212,
        "rmsd": 0.5310691595077515,
        "dihedral_counts": [
            104,
            60,
            15,
            7
        ],
        "seq_len": 138,
        "num_sc": 104,
        "clash_info": {
            "100": {
                "num_clashes": 35,
                "num_atom_pairs": 318855,
                "energy": 6.301076889038086
            },
            "90": {
                "num_clashes": 5,
                "num_atom_pairs": 318855,
                "energy": 1.1836440563201904
            },
            "80": {
                "num_clashes": 1,
                "num_atom_pairs": 318855,
                "energy": 0.2941477298736572
            }
        },
        "ca_rmsd": 22.056331634521484
    },
    "core": {
        "mean_mae": [
            9.38408374786377,
            15.672764778137207,
            0.7626110911369324,
            5.696897029876709
        ],
        "mae_sr": 0.8888888955116272,
        "rmsd": 0.34837719798088074,
        "dihedral_counts": [
            27,
            15,
            1,
            1
        ],
        "seq_len": 30,
        "num_sc": 27
    },
    "surface": {
        "mean_mae": [
            23.005958557128906,
            26.14513397216797,
            53.58999252319336,
            63.05657196044922
        ],
        "mae_sr": 0.6346153616905212,
        "rmsd": 0.6985512375831604,
        "dihedral_counts": [
            52,
            32,
            9,
            4
        ],
        "seq_len": 76,
        "num_sc": 52
    }
}