{
    "all": {
        "mean_mae": [
            20.211685180664062,
            18.143585205078125,
            33.86937713623047,
            50.102787017822266
        ],
        "mae_sr": 0.6785714030265808,
        "rmsd": 0.7621858716011047,
        "dihedral_counts": [
            84,
            72,
            21,
            9
        ],
        "seq_len": 98,
        "num_sc": 84,
        "clash_info": {
            "100": {
                "num_clashes": 23,
                "num_atom_pairs": 231869,
                "energy": 4.37171745300293
            },
            "90": {
                "num_clashes": 6,
                "num_atom_pairs": 231869,
                "energy": 1.0294358730316162
            },
            "80": {
                "num_clashes": 1,
                "num_atom_pairs": 231869,
                "energy": 0.01079702377319336
            }
        },
        "ca_rmsd": 0.5972998738288879
    },
    "core": {
        "mean_mae": [
            2.1088342666625977,
            3.5681145191192627,
            0.6527338624000549,
            0.0
        ],
        "mae_sr": 1.0,
        "rmsd": 0.13048698008060455,
        "dihedral_counts": [
            9,
            8,
            1,
            0
        ],
        "seq_len": 13,
        "num_sc": 9
    },
    "surface": {
        "mean_mae": [
            28.73688507080078,
            22.71879768371582,
            36.69786834716797,
            72.46601867675781
        ],
        "mae_sr": 0.529411792755127,
        "rmsd": 1.0092898607254028,
        "dihedral_counts": [
            51,
            41,
            14,
            6
        ],
        "seq_len": 60,
        "num_sc": 51
    }
}