{
    "all": {
        "mean_mae": [
            19.568830490112305,
            24.961061477661133,
            53.27401351928711,
            46.85737228393555
        ],
        "mae_sr": 0.6116207838058472,
        "rmsd": 0.7777392864227295,
        "dihedral_counts": [
            654,
            493,
            154,
            76
        ],
        "seq_len": 761,
        "num_sc": 654,
        "clash_info": {
            "100": {
                "num_clashes": 451,
                "num_atom_pairs": 13781900,
                "energy": 111.58280944824219
            },
            "90": {
                "num_clashes": 118,
                "num_atom_pairs": 13781900,
                "energy": 32.10747146606445
            },
            "80": {
                "num_clashes": 37,
                "num_atom_pairs": 13781900,
                "energy": 10.67563247680664
            }
        },
        "ca_rmsd": 1.0178024240303785e-05
    },
    "core": {
        "mean_mae": [
            9.872424125671387,
            13.938375473022461,
            46.827857971191406,
            50.297725677490234
        ],
        "mae_sr": 0.7781955003738403,
        "rmsd": 0.4446985423564911,
        "dihedral_counts": [
            266,
            193,
            31,
            11
        ],
        "seq_len": 308,
        "num_sc": 266
    },
    "surface": {
        "mean_mae": [
            33.73522186279297,
            39.88664627075195,
            56.762813568115234,
            51.26136779785156
        ],
        "mae_sr": 0.4188034236431122,
        "rmsd": 1.2455812692642212,
        "dihedral_counts": [
            234,
            178,
            83,
            43
        ],
        "seq_len": 282,
        "num_sc": 234
    }
}