{
    "all": {
        "mean_mae": [
            22.287723541259766,
            26.955631256103516,
            43.35197067260742,
            55.55561447143555
        ],
        "mae_sr": 0.5714285969734192,
        "rmsd": 0.8947004675865173,
        "dihedral_counts": [
            147,
            119,
            36,
            22
        ],
        "seq_len": 170,
        "num_sc": 147,
        "clash_info": {
            "100": {
                "num_clashes": 126,
                "num_atom_pairs": 683768,
                "energy": 41.02873992919922
            },
            "90": {
                "num_clashes": 50,
                "num_atom_pairs": 683768,
                "energy": 16.052532196044922
            },
            "80": {
                "num_clashes": 22,
                "num_atom_pairs": 683768,
                "energy": 5.49979829788208
            }
        },
        "ca_rmsd": 1.8904441958511597e-06
    },
    "core": {
        "mean_mae": [
            12.553726196289062,
            24.924631118774414,
            67.18814849853516,
            89.12892150878906
        ],
        "mae_sr": 0.7368420958518982,
        "rmsd": 0.6320220232009888,
        "dihedral_counts": [
            38,
            26,
            6,
            4
        ],
        "seq_len": 49,
        "num_sc": 38
    },
    "surface": {
        "mean_mae": [
            28.66343116760254,
            33.74607849121094,
            39.94744110107422,
            48.5139274597168
        ],
        "mae_sr": 0.4025973975658417,
        "rmsd": 1.1187902688980103,
        "dihedral_counts": [
            77,
            65,
            27,
            16
        ],
        "seq_len": 84,
        "num_sc": 77
    }
}