{
    "all": {
        "mean_mae": [
            27.462352752685547,
            27.869741439819336,
            65.0892105102539,
            69.30158996582031
        ],
        "mae_sr": 0.4955752193927765,
        "rmsd": 0.9769320487976074,
        "dihedral_counts": [
            113,
            84,
            30,
            17
        ],
        "seq_len": 122,
        "num_sc": 113,
        "clash_info": {
            "100": {
                "num_clashes": 139,
                "num_atom_pairs": 360882,
                "energy": 47.735740661621094
            },
            "90": {
                "num_clashes": 49,
                "num_atom_pairs": 360882,
                "energy": 19.60887336730957
            },
            "80": {
                "num_clashes": 21,
                "num_atom_pairs": 360882,
                "energy": 9.131763458251953
            }
        },
        "ca_rmsd": 1.0094280469274963e-06
    },
    "core": {
        "mean_mae": [
            14.935805320739746,
            18.58245086669922,
            66.0637435913086,
            77.6708984375
        ],
        "mae_sr": 0.6511628031730652,
        "rmsd": 0.6083303093910217,
        "dihedral_counts": [
            43,
            29,
            6,
            2
        ],
        "seq_len": 45,
        "num_sc": 43
    },
    "surface": {
        "mean_mae": [
            33.96434020996094,
            37.6594352722168,
            53.690250396728516,
            60.77073287963867
        ],
        "mae_sr": 0.4000000059604645,
        "rmsd": 1.0581060647964478,
        "dihedral_counts": [
            45,
            37,
            13,
            7
        ],
        "seq_len": 51,
        "num_sc": 45
    }
}