{
    "all": {
        "mean_mae": [
            15.449305534362793,
            22.40422248840332,
            38.35203170776367,
            60.55479431152344
        ],
        "mae_sr": 0.6241135001182556,
        "rmsd": 0.5907108783721924,
        "dihedral_counts": [
            141,
            106,
            39,
            15
        ],
        "seq_len": 156,
        "num_sc": 141,
        "clash_info": {
            "100": {
                "num_clashes": 68,
                "num_atom_pairs": 593764,
                "energy": 10.277581214904785
            },
            "90": {
                "num_clashes": 9,
                "num_atom_pairs": 593764,
                "energy": 0.9913673400878906
            },
            "80": {
                "num_clashes": 0,
                "num_atom_pairs": 593764,
                "energy": 0.0
            }
        },
        "ca_rmsd": 1.7260296090171323e-06
    },
    "core": {
        "mean_mae": [
            7.8809709548950195,
            7.589332103729248,
            20.05620002746582,
            11.473769187927246
        ],
        "mae_sr": 0.9069767594337463,
        "rmsd": 0.32335391640663147,
        "dihedral_counts": [
            43,
            30,
            3,
            3
        ],
        "seq_len": 50,
        "num_sc": 43
    },
    "surface": {
        "mean_mae": [
            22.90584945678711,
            31.00853157043457,
            42.31624221801758,
            70.29035186767578
        ],
        "mae_sr": 0.41428571939468384,
        "rmsd": 0.8363505005836487,
        "dihedral_counts": [
            70,
            53,
            29,
            11
        ],
        "seq_len": 77,
        "num_sc": 70
    }
}