{
    "all": {
        "mean_mae": [
            10.437225341796875,
            17.56644058227539,
            45.2273063659668,
            43.28594970703125
        ],
        "mae_sr": 0.7279999852180481,
        "rmsd": 0.4983340799808502,
        "dihedral_counts": [
            125,
            97,
            28,
            14
        ],
        "seq_len": 141,
        "num_sc": 125,
        "clash_info": {
            "100": {
                "num_clashes": 59,
                "num_atom_pairs": 499612,
                "energy": 10.339927673339844
            },
            "90": {
                "num_clashes": 11,
                "num_atom_pairs": 499612,
                "energy": 1.4115809202194214
            },
            "80": {
                "num_clashes": 1,
                "num_atom_pairs": 499612,
                "energy": 0.05110788345336914
            }
        },
        "ca_rmsd": 3.0776948278798955e-06
    },
    "core": {
        "mean_mae": [
            4.077482223510742,
            6.133091449737549,
            42.66965103149414,
            0.0
        ],
        "mae_sr": 0.9090909361839294,
        "rmsd": 0.22941264510154724,
        "dihedral_counts": [
            44,
            33,
            4,
            0
        ],
        "seq_len": 53,
        "num_sc": 44
    },
    "surface": {
        "mean_mae": [
            13.544565200805664,
            25.91051483154297,
            48.330970764160156,
            45.573604583740234
        ],
        "mae_sr": 0.5666666626930237,
        "rmsd": 0.6800624132156372,
        "dihedral_counts": [
            60,
            50,
            21,
            13
        ],
        "seq_len": 65,
        "num_sc": 60
    }
}