{
    "all": {
        "rmsd": 0.8307433724403381,
        "mae_sr": 0.5552337765693665,
        "mean_mae": [
            22.05824851989746,
            26.280029296875,
            43.39207458496094,
            50.840675354003906
        ],
        "dihedral_counts": [
            14703,
            11277,
            3812,
            1806
        ],
        "num_sc": 14703,
        "mean_seq_len": 256.01513671875,
        "ca_rmsd": 2.99549560622836e-06,
        "clash_info": {
            "100": {
                "energy": 18.006053924560547,
                "num_atom_pairs": 684447.0,
                "num_clashes": 85.0
            },
            "90": {
                "energy": 4.747931003570557,
                "num_atom_pairs": 684447.0,
                "num_clashes": 18.5
            },
            "80": {
                "energy": 1.2580870389938354,
                "num_atom_pairs": 684447.0,
                "num_clashes": 4.5
            }
        }
    },
    "core": {
        "rmsd": 0.38530445098876953,
        "mae_sr": 0.8202564120292664,
        "mean_mae": [
            9.518701553344727,
            12.957048416137695,
            28.748849868774414,
            25.066146850585938
        ],
        "dihedral_counts": [
            3810,
            2791,
            529,
            225
        ],
        "num_sc": 3810,
        "mean_seq_len": 68.68181610107422
    },
    "surface": {
        "rmsd": 1.0516462326049805,
        "mae_sr": 0.4378660321235657,
        "mean_mae": [
            28.39651107788086,
            31.421438217163086,
            42.48241424560547,
            52.38700866699219
        ],
        "dihedral_counts": [
            7372,
            5748,
            2433,
            1168
        ],
        "num_sc": 7372,
        "mean_seq_len": 126.8787841796875
    }
}