{
    "all": {
        "mean_mae": [
            24.789356231689453,
            26.689395904541016,
            46.590938568115234,
            52.745208740234375
        ],
        "mae_sr": 0.5021186470985413,
        "rmsd": 0.8500503897666931,
        "dihedral_counts": [
            472,
            372,
            136,
            61
        ],
        "seq_len": 520,
        "num_sc": 472,
        "clash_info": {
            "100": {
                "num_clashes": 298,
                "num_atom_pairs": 6977790,
                "energy": 96.09672546386719
            },
            "90": {
                "num_clashes": 98,
                "num_atom_pairs": 6977790,
                "energy": 41.33390808105469
            },
            "80": {
                "num_clashes": 43,
                "num_atom_pairs": 6977790,
                "energy": 20.491931915283203
            }
        },
        "ca_rmsd": 1.0899375411099754e-05
    },
    "core": {
        "mean_mae": [
            15.036259651184082,
            20.56043815612793,
            39.67265319824219,
            46.2797737121582
        ],
        "mae_sr": 0.6301369667053223,
        "rmsd": 0.5771473050117493,
        "dihedral_counts": [
            146,
            120,
            29,
            14
        ],
        "seq_len": 169,
        "num_sc": 146
    },
    "surface": {
        "mean_mae": [
            36.79716110229492,
            35.33938217163086,
            41.779212951660156,
            51.51064682006836
        ],
        "mae_sr": 0.3641025722026825,
        "rmsd": 1.1610794067382812,
        "dihedral_counts": [
            195,
            147,
            77,
            33
        ],
        "seq_len": 209,
        "num_sc": 195
    }
}