{
    "all": {
        "mean_mae": [
            29.237136840820312,
            33.138404846191406,
            48.5391845703125,
            42.62600326538086
        ],
        "mae_sr": 0.4453125,
        "rmsd": 0.9322376251220703,
        "dihedral_counts": [
            256,
            208,
            66,
            32
        ],
        "seq_len": 276,
        "num_sc": 256,
        "clash_info": {
            "100": {
                "num_clashes": 116,
                "num_atom_pairs": 1903305,
                "energy": 23.642641067504883
            },
            "90": {
                "num_clashes": 24,
                "num_atom_pairs": 1903305,
                "energy": 4.984666347503662
            },
            "80": {
                "num_clashes": 4,
                "num_atom_pairs": 1903305,
                "energy": 1.137944221496582
            }
        },
        "ca_rmsd": 1.452230435461388e-06
    },
    "core": {
        "mean_mae": [
            10.723074913024902,
            24.818750381469727,
            37.20654296875,
            2.0221140384674072
        ],
        "mae_sr": 0.6818181872367859,
        "rmsd": 0.4704490602016449,
        "dihedral_counts": [
            44,
            35,
            7,
            3
        ],
        "seq_len": 51,
        "num_sc": 44
    },
    "surface": {
        "mean_mae": [
            38.49849319458008,
            37.56296157836914,
            42.648590087890625,
            39.98799514770508
        ],
        "mae_sr": 0.32867133617401123,
        "rmsd": 1.1879431009292603,
        "dihedral_counts": [
            143,
            116,
            49,
            24
        ],
        "seq_len": 152,
        "num_sc": 143
    }
}