{
    "all": {
        "mean_mae": [
            5.531418800354004,
            7.087536811828613,
            21.537046432495117,
            37.3978271484375
        ],
        "mae_sr": 0.9038461446762085,
        "rmsd": 0.2938185930252075,
        "dihedral_counts": [
            104,
            60,
            15,
            7
        ],
        "seq_len": 129,
        "num_sc": 104,
        "clash_info": {
            "100": {
                "num_clashes": 40,
                "num_atom_pairs": 318855,
                "energy": 7.698558807373047
            },
            "90": {
                "num_clashes": 9,
                "num_atom_pairs": 318855,
                "energy": 0.6660332679748535
            },
            "80": {
                "num_clashes": 0,
                "num_atom_pairs": 318855,
                "energy": 0.0
            }
        },
        "ca_rmsd": 2.6817911020771135e-06
    },
    "core": {
        "mean_mae": [
            3.2211198806762695,
            3.540189504623413,
            4.382208347320557,
            9.03344440460205
        ],
        "mae_sr": 0.9629629850387573,
        "rmsd": 0.20507527887821198,
        "dihedral_counts": [
            27,
            15,
            1,
            1
        ],
        "seq_len": 30,
        "num_sc": 27
    },
    "surface": {
        "mean_mae": [
            7.7240495681762695,
            6.227306365966797,
            25.762861251831055,
            61.01011276245117
        ],
        "mae_sr": 0.8653846383094788,
        "rmsd": 0.3445965349674225,
        "dihedral_counts": [
            52,
            32,
            9,
            4
        ],
        "seq_len": 67,
        "num_sc": 52
    }
}