{
    "all": {
        "mean_mae": [
            33.96367645263672,
            38.695457458496094,
            43.43218231201172,
            23.19063377380371
        ],
        "mae_sr": 0.36781609058380127,
        "rmsd": 1.0613346099853516,
        "dihedral_counts": [
            87,
            75,
            29,
            15
        ],
        "seq_len": 95,
        "num_sc": 87,
        "clash_info": {
            "100": {
                "num_clashes": 45,
                "num_atom_pairs": 237281,
                "energy": 9.705037117004395
            },
            "90": {
                "num_clashes": 10,
                "num_atom_pairs": 237281,
                "energy": 1.7813737392425537
            },
            "80": {
                "num_clashes": 1,
                "num_atom_pairs": 237281,
                "energy": 0.08846139907836914
            }
        },
        "ca_rmsd": 1.64891184795124e-06
    },
    "core": {
        "mean_mae": [
            13.842057228088379,
            12.852333068847656,
            39.40609359741211,
            0.0
        ],
        "mae_sr": 0.4545454680919647,
        "rmsd": 0.5005667209625244,
        "dihedral_counts": [
            11,
            10,
            1,
            0
        ],
        "seq_len": 13,
        "num_sc": 11
    },
    "surface": {
        "mean_mae": [
            39.97164535522461,
            42.453983306884766,
            45.528018951416016,
            24.683589935302734
        ],
        "mae_sr": 0.3333333432674408,
        "rmsd": 1.2166938781738281,
        "dihedral_counts": [
            54,
            45,
            24,
            13
        ],
        "seq_len": 58,
        "num_sc": 54
    }
}