{
    "all": {
        "mean_mae": [
            26.04400634765625,
            31.50745391845703,
            52.8777961730957,
            85.31076049804688
        ],
        "mae_sr": 0.5179283022880554,
        "rmsd": 0.890846848487854,
        "dihedral_counts": [
            251,
            165,
            65,
            22
        ],
        "seq_len": 304,
        "num_sc": 251,
        "clash_info": {
            "100": {
                "num_clashes": 121,
                "num_atom_pairs": 1755541,
                "energy": 25.63599395751953
            },
            "90": {
                "num_clashes": 26,
                "num_atom_pairs": 1755541,
                "energy": 7.016622543334961
            },
            "80": {
                "num_clashes": 8,
                "num_atom_pairs": 1755541,
                "energy": 2.5804948806762695
            }
        },
        "ca_rmsd": 3.063030362682184e-06
    },
    "core": {
        "mean_mae": [
            10.667506217956543,
            17.039608001708984,
            38.101593017578125,
            0.0
        ],
        "mae_sr": 0.7755101919174194,
        "rmsd": 0.3810594379901886,
        "dihedral_counts": [
            49,
            32,
            5,
            0
        ],
        "seq_len": 67,
        "num_sc": 49
    },
    "surface": {
        "mean_mae": [
            30.277873992919922,
            36.6473503112793,
            53.17538833618164,
            82.88351440429688
        ],
        "mae_sr": 0.43624159693717957,
        "rmsd": 1.0505367517471313,
        "dihedral_counts": [
            149,
            97,
            43,
            16
        ],
        "seq_len": 174,
        "num_sc": 149
    }
}