{
    "all": {
        "mean_mae": [
            14.555562973022461,
            14.0377779006958,
            34.26017761230469,
            35.048912048339844
        ],
        "mae_sr": 0.7402597665786743,
        "rmsd": 0.5062785744667053,
        "dihedral_counts": [
            308,
            224,
            77,
            39
        ],
        "seq_len": 377,
        "num_sc": 308,
        "clash_info": {
            "100": {
                "num_clashes": 183,
                "num_atom_pairs": 3073073,
                "energy": 38.51188659667969
            },
            "90": {
                "num_clashes": 40,
                "num_atom_pairs": 3073073,
                "energy": 9.24181842803955
            },
            "80": {
                "num_clashes": 10,
                "num_atom_pairs": 3073073,
                "energy": 1.9057810306549072
            }
        },
        "ca_rmsd": 3.1239030704455217e-06
    },
    "core": {
        "mean_mae": [
            9.473872184753418,
            10.061697959899902,
            40.86785125732422,
            34.8432731628418
        ],
        "mae_sr": 0.8402777910232544,
        "rmsd": 0.375436931848526,
        "dihedral_counts": [
            144,
            104,
            31,
            14
        ],
        "seq_len": 181,
        "num_sc": 144
    },
    "surface": {
        "mean_mae": [
            22.604328155517578,
            18.594236373901367,
            34.34634780883789,
            38.566532135009766
        ],
        "mae_sr": 0.6310679316520691,
        "rmsd": 0.6762241721153259,
        "dihedral_counts": [
            103,
            75,
            28,
            15
        ],
        "seq_len": 121,
        "num_sc": 103
    }
}