{
    "all": {
        "mean_mae": [
            23.5035343170166,
            25.30091094970703,
            55.35301208496094,
            80.93540954589844
        ],
        "mae_sr": 0.5354330539703369,
        "rmsd": 0.8934454917907715,
        "dihedral_counts": [
            127,
            81,
            36,
            19
        ],
        "seq_len": 146,
        "num_sc": 127,
        "clash_info": {
            "100": {
                "num_clashes": 84,
                "num_atom_pairs": 456404,
                "energy": 18.331239700317383
            },
            "90": {
                "num_clashes": 21,
                "num_atom_pairs": 456404,
                "energy": 3.7006335258483887
            },
            "80": {
                "num_clashes": 1,
                "num_atom_pairs": 456404,
                "energy": 0.28554439544677734
            }
        },
        "ca_rmsd": 0.0
    },
    "core": {
        "mean_mae": [
            9.228524208068848,
            14.856781959533691,
            51.667327880859375,
            11.949962615966797
        ],
        "mae_sr": 0.8205128312110901,
        "rmsd": 0.38954949378967285,
        "dihedral_counts": [
            39,
            25,
            3,
            1
        ],
        "seq_len": 41,
        "num_sc": 39
    },
    "surface": {
        "mean_mae": [
            35.66355895996094,
            36.64417266845703,
            58.30403137207031,
            98.16206359863281
        ],
        "mae_sr": 0.40740740299224854,
        "rmsd": 1.2184242010116577,
        "dihedral_counts": [
            54,
            31,
            19,
            10
        ],
        "seq_len": 68,
        "num_sc": 54
    }
}