{
    "all": {
        "mean_mae": [
            11.202329635620117,
            16.71834945678711,
            31.150484085083008,
            64.57339477539062
        ],
        "mae_sr": 0.7087156176567078,
        "rmsd": 0.54087233543396,
        "dihedral_counts": [
            436,
            341,
            124,
            64
        ],
        "seq_len": 482,
        "num_sc": 436,
        "clash_info": {
            "100": {
                "num_clashes": 243,
                "num_atom_pairs": 5878583,
                "energy": 49.971988677978516
            },
            "90": {
                "num_clashes": 57,
                "num_atom_pairs": 5878583,
                "energy": 9.372455596923828
            },
            "80": {
                "num_clashes": 8,
                "num_atom_pairs": 5878583,
                "energy": 1.3782298564910889
            }
        },
        "ca_rmsd": 4.37094786320813e-06
    },
    "core": {
        "mean_mae": [
            5.427135467529297,
            11.206698417663574,
            16.698558807373047,
            25.267839431762695
        ],
        "mae_sr": 0.8896551728248596,
        "rmsd": 0.3177165389060974,
        "dihedral_counts": [
            145,
            114,
            30,
            11
        ],
        "seq_len": 157,
        "num_sc": 145
    },
    "surface": {
        "mean_mae": [
            14.910090446472168,
            21.38017463684082,
            34.73363494873047,
            78.82865905761719
        ],
        "mae_sr": 0.5797872543334961,
        "rmsd": 0.6768848299980164,
        "dihedral_counts": [
            188,
            146,
            62,
            33
        ],
        "seq_len": 211,
        "num_sc": 188
    }
}