{
    "all": {
        "mean_mae": [
            17.512292861938477,
            13.377400398254395,
            33.90385055541992,
            65.15695190429688
        ],
        "mae_sr": 0.7096773982048035,
        "rmsd": 0.6661977171897888,
        "dihedral_counts": [
            186,
            136,
            63,
            32
        ],
        "seq_len": 221,
        "num_sc": 186,
        "clash_info": {
            "100": {
                "num_clashes": 87,
                "num_atom_pairs": 1171742,
                "energy": 21.741207122802734
            },
            "90": {
                "num_clashes": 19,
                "num_atom_pairs": 1171742,
                "energy": 8.108612060546875
            },
            "80": {
                "num_clashes": 10,
                "num_atom_pairs": 1171742,
                "energy": 3.6649532318115234
            }
        },
        "ca_rmsd": 3.3727217214618577e-06
    },
    "core": {
        "mean_mae": [
            4.691936492919922,
            4.059098720550537,
            14.010869026184082,
            77.22962951660156
        ],
        "mae_sr": 0.953125,
        "rmsd": 0.22821994125843048,
        "dihedral_counts": [
            64,
            43,
            10,
            4
        ],
        "seq_len": 73,
        "num_sc": 64
    },
    "surface": {
        "mean_mae": [
            27.712339401245117,
            21.704570770263672,
            37.70471954345703,
            53.035888671875
        ],
        "mae_sr": 0.5647059082984924,
        "rmsd": 1.0081634521484375,
        "dihedral_counts": [
            85,
            67,
            39,
            21
        ],
        "seq_len": 104,
        "num_sc": 85
    }
}