{
    "all": {
        "mean_mae": [
            29.75980567932129,
            37.496829986572266,
            59.06222915649414,
            58.17256164550781
        ],
        "mae_sr": 0.45098039507865906,
        "rmsd": 0.9240031838417053,
        "dihedral_counts": [
            255,
            198,
            78,
            36
        ],
        "seq_len": 653,
        "num_sc": 255,
        "clash_info": {
            "100": {
                "num_clashes": 54,
                "num_atom_pairs": 1935960,
                "energy": 9.119890213012695
            },
            "90": {
                "num_clashes": 9,
                "num_atom_pairs": 1935960,
                "energy": 0.9299935102462769
            },
            "80": {
                "num_clashes": 1,
                "num_atom_pairs": 1935960,
                "energy": 0.06555604934692383
            }
        },
        "ca_rmsd": 264.4433288574219
    },
    "core": {
        "mean_mae": [
            15.084447860717773,
            32.69776916503906,
            40.383567810058594,
            61.76911544799805
        ],
        "mae_sr": 0.7010309100151062,
        "rmsd": 0.57521653175354,
        "dihedral_counts": [
            97,
            71,
            17,
            10
        ],
        "seq_len": 467,
        "num_sc": 97
    },
    "surface": {
        "mean_mae": [
            42.50243377685547,
            47.02727127075195,
            66.44700622558594,
            41.27728271484375
        ],
        "mae_sr": 0.24074074625968933,
        "rmsd": 1.2340638637542725,
        "dihedral_counts": [
            108,
            83,
            44,
            17
        ],
        "seq_len": 125,
        "num_sc": 108
    }
}