{
    "all": {
        "mean_mae": [
            25.557443618774414,
            23.36947250366211,
            37.494346618652344,
            43.97903060913086
        ],
        "mae_sr": 0.5707070827484131,
        "rmsd": 0.8339967131614685,
        "dihedral_counts": [
            198,
            160,
            62,
            34
        ],
        "seq_len": 223,
        "num_sc": 198,
        "clash_info": {
            "100": {
                "num_clashes": 33,
                "num_atom_pairs": 1212729,
                "energy": 6.187733173370361
            },
            "90": {
                "num_clashes": 5,
                "num_atom_pairs": 1212729,
                "energy": 1.083288550376892
            },
            "80": {
                "num_clashes": 2,
                "num_atom_pairs": 1212729,
                "energy": 0.3052501678466797
            }
        },
        "ca_rmsd": 1.1909499168395996
    },
    "core": {
        "mean_mae": [
            14.930730819702148,
            15.289023399353027,
            38.474647521972656,
            29.089773178100586
        ],
        "mae_sr": 0.782608687877655,
        "rmsd": 0.46556970477104187,
        "dihedral_counts": [
            69,
            50,
            12,
            5
        ],
        "seq_len": 80,
        "num_sc": 69
    },
    "surface": {
        "mean_mae": [
            36.41752243041992,
            28.62685775756836,
            40.869407653808594,
            44.91432571411133
        ],
        "mae_sr": 0.38947367668151855,
        "rmsd": 1.1721389293670654,
        "dihedral_counts": [
            95,
            79,
            40,
            24
        ],
        "seq_len": 105,
        "num_sc": 95
    }
}