{
    "all": {
        "mean_mae": [
            37.87445831298828,
            44.36368179321289,
            71.29694366455078,
            50.1656379699707
        ],
        "mae_sr": 0.4193548262119293,
        "rmsd": 1.1965818405151367,
        "dihedral_counts": [
            62,
            45,
            22,
            11
        ],
        "seq_len": 350,
        "num_sc": 62,
        "clash_info": {
            "100": {
                "num_clashes": 6,
                "num_atom_pairs": 110271,
                "energy": 1.1847326755523682
            },
            "90": {
                "num_clashes": 1,
                "num_atom_pairs": 110271,
                "energy": 0.12251424789428711
            },
            "80": {
                "num_clashes": 0,
                "num_atom_pairs": 110271,
                "energy": 0.0
            }
        },
        "ca_rmsd": 97.16218566894531
    },
    "core": {
        "mean_mae": [
            3.5751874446868896,
            68.72746276855469,
            0.0,
            0.0
        ],
        "mae_sr": 0.6666666865348816,
        "rmsd": 0.5831436514854431,
        "dihedral_counts": [
            3,
            2,
            0,
            0
        ],
        "seq_len": 283,
        "num_sc": 3
    },
    "surface": {
        "mean_mae": [
            44.077110290527344,
            50.557411193847656,
            71.29694366455078,
            50.1656379699707
        ],
        "mae_sr": 0.3191489279270172,
        "rmsd": 1.4105089902877808,
        "dihedral_counts": [
            47,
            36,
            22,
            11
        ],
        "seq_len": 55,
        "num_sc": 47
    }
}