{
    "all": {
        "mean_mae": [
            25.36552619934082,
            31.73143196105957,
            54.15623092651367,
            44.89543151855469
        ],
        "mae_sr": 0.5142857432365417,
        "rmsd": 0.8791317343711853,
        "dihedral_counts": [
            140,
            113,
            41,
            22
        ],
        "seq_len": 166,
        "num_sc": 140,
        "clash_info": {
            "100": {
                "num_clashes": 60,
                "num_atom_pairs": 664961,
                "energy": 17.30537986755371
            },
            "90": {
                "num_clashes": 16,
                "num_atom_pairs": 664961,
                "energy": 5.989175796508789
            },
            "80": {
                "num_clashes": 6,
                "num_atom_pairs": 664961,
                "energy": 2.5850701332092285
            }
        },
        "ca_rmsd": 6.034849166870117
    },
    "core": {
        "mean_mae": [
            13.877163887023926,
            23.95488929748535,
            52.205421447753906,
            29.940099716186523
        ],
        "mae_sr": 0.738095223903656,
        "rmsd": 0.4884806275367737,
        "dihedral_counts": [
            42,
            31,
            7,
            3
        ],
        "seq_len": 50,
        "num_sc": 42
    },
    "surface": {
        "mean_mae": [
            31.26014518737793,
            42.68480682373047,
            54.960811614990234,
            55.67994689941406
        ],
        "mae_sr": 0.3918918967247009,
        "rmsd": 1.1064403057098389,
        "dihedral_counts": [
            74,
            62,
            27,
            15
        ],
        "seq_len": 91,
        "num_sc": 74
    }
}