{
    "all": {
        "mean_mae": [
            23.560909271240234,
            26.845901489257812,
            55.97705841064453,
            57.44328689575195
        ],
        "mae_sr": 0.5377574563026428,
        "rmsd": 0.7505491971969604,
        "dihedral_counts": [
            437,
            344,
            121,
            67
        ],
        "seq_len": 544,
        "num_sc": 437,
        "clash_info": {
            "100": {
                "num_clashes": 185,
                "num_atom_pairs": 6459320,
                "energy": 42.45249557495117
            },
            "90": {
                "num_clashes": 48,
                "num_atom_pairs": 6459320,
                "energy": 13.359338760375977
            },
            "80": {
                "num_clashes": 11,
                "num_atom_pairs": 6459320,
                "energy": 4.888322830200195
            }
        },
        "ca_rmsd": 22.555171966552734
    },
    "core": {
        "mean_mae": [
            19.021013259887695,
            20.78827667236328,
            67.32762145996094,
            51.800933837890625
        ],
        "mae_sr": 0.6596858501434326,
        "rmsd": 0.592557966709137,
        "dihedral_counts": [
            191,
            149,
            31,
            16
        ],
        "seq_len": 230,
        "num_sc": 191
    },
    "surface": {
        "mean_mae": [
            31.982576370239258,
            33.02315139770508,
            50.50748825073242,
            67.97021484375
        ],
        "mae_sr": 0.3834586441516876,
        "rmsd": 0.9722763895988464,
        "dihedral_counts": [
            133,
            104,
            60,
            34
        ],
        "seq_len": 168,
        "num_sc": 133
    }
}