{
    "all": {
        "mean_mae": [
            25.502853393554688,
            30.906164169311523,
            42.50120544433594,
            62.565101623535156
        ],
        "mae_sr": 0.6022099256515503,
        "rmsd": 0.8528194427490234,
        "dihedral_counts": [
            181,
            142,
            44,
            22
        ],
        "seq_len": 211,
        "num_sc": 181,
        "clash_info": {
            "100": {
                "num_clashes": 65,
                "num_atom_pairs": 1044501,
                "energy": 16.591686248779297
            },
            "90": {
                "num_clashes": 21,
                "num_atom_pairs": 1044501,
                "energy": 4.641545295715332
            },
            "80": {
                "num_clashes": 5,
                "num_atom_pairs": 1044501,
                "energy": 1.311706781387329
            }
        },
        "ca_rmsd": 11.992393493652344
    },
    "core": {
        "mean_mae": [
            6.98118257522583,
            21.614900588989258,
            65.37743377685547,
            27.214292526245117
        ],
        "mae_sr": 0.8055555820465088,
        "rmsd": 0.3681222200393677,
        "dihedral_counts": [
            36,
            27,
            5,
            3
        ],
        "seq_len": 41,
        "num_sc": 36
    },
    "surface": {
        "mean_mae": [
            37.124263763427734,
            37.9085693359375,
            43.84033966064453,
            58.034584045410156
        ],
        "mae_sr": 0.4909090995788574,
        "rmsd": 1.0760282278060913,
        "dihedral_counts": [
            110,
            83,
            31,
            16
        ],
        "seq_len": 130,
        "num_sc": 110
    }
}