{
    "all": {
        "mean_mae": [
            56.058074951171875,
            49.531490325927734,
            73.82676696777344,
            75.83978271484375
        ],
        "mae_sr": 0.2450331151485443,
        "rmsd": 1.5386134386062622,
        "dihedral_counts": [
            151,
            118,
            43,
            20
        ],
        "seq_len": 198,
        "num_sc": 151,
        "clash_info": {
            "100": {
                "num_clashes": 26,
                "num_atom_pairs": 676545,
                "energy": 6.290818214416504
            },
            "90": {
                "num_clashes": 7,
                "num_atom_pairs": 676545,
                "energy": 1.0750207901000977
            },
            "80": {
                "num_clashes": 1,
                "num_atom_pairs": 676545,
                "energy": 0.28583335876464844
            }
        },
        "ca_rmsd": 20.144977569580078
    },
    "core": {
        "mean_mae": [
            50.325260162353516,
            41.50977325439453,
            48.27852249145508,
            64.20701599121094
        ],
        "mae_sr": 0.3333333432674408,
        "rmsd": 1.4786887168884277,
        "dihedral_counts": [
            39,
            30,
            5,
            3
        ],
        "seq_len": 84,
        "num_sc": 39
    },
    "surface": {
        "mean_mae": [
            64.09686279296875,
            48.93013000488281,
            80.83625030517578,
            78.10892486572266
        ],
        "mae_sr": 0.18421052396297455,
        "rmsd": 1.6074979305267334,
        "dihedral_counts": [
            76,
            62,
            30,
            12
        ],
        "seq_len": 77,
        "num_sc": 76
    }
}