{
    "all": {
        "mean_mae": [
            22.583988189697266,
            27.92244529724121,
            41.100860595703125,
            67.01393127441406
        ],
        "mae_sr": 0.5460993051528931,
        "rmsd": 0.8199256062507629,
        "dihedral_counts": [
            282,
            231,
            85,
            41
        ],
        "seq_len": 370,
        "num_sc": 282,
        "clash_info": {
            "100": {
                "num_clashes": 129,
                "num_atom_pairs": 2864125,
                "energy": 30.218677520751953
            },
            "90": {
                "num_clashes": 32,
                "num_atom_pairs": 2864125,
                "energy": 8.344996452331543
            },
            "80": {
                "num_clashes": 9,
                "num_atom_pairs": 2864125,
                "energy": 2.7941105365753174
            }
        },
        "ca_rmsd": 7.255064964294434
    },
    "core": {
        "mean_mae": [
            17.387012481689453,
            20.170757293701172,
            31.692018508911133,
            61.815185546875
        ],
        "mae_sr": 0.6724137663841248,
        "rmsd": 0.573261022567749,
        "dihedral_counts": [
            116,
            87,
            22,
            12
        ],
        "seq_len": 170,
        "num_sc": 116
    },
    "surface": {
        "mean_mae": [
            31.78160858154297,
            34.85242462158203,
            48.86481475830078,
            66.14561462402344
        ],
        "mae_sr": 0.4166666567325592,
        "rmsd": 1.1211045980453491,
        "dihedral_counts": [
            96,
            85,
            43,
            19
        ],
        "seq_len": 118,
        "num_sc": 96
    }
}