{
    "all": {
        "rmsd": 0.9132498502731323,
        "mae_sr": 0.5249999761581421,
        "mean_mae": [
            29.75980567932129,
            31.151596069335938,
            53.56069564819336,
            56.758907318115234
        ],
        "dihedral_counts": [
            17962,
            13381,
            4406,
            2035
        ],
        "num_sc": 17962,
        "mean_seq_len": 354.4507141113281,
        "ca_rmsd": 18.51552963256836,
        "clash_info": {
            "100": {
                "energy": 11.914458274841309,
                "num_atom_pairs": 1392006.0,
                "num_clashes": 53.0
            },
            "90": {
                "energy": 2.5456037521362305,
                "num_atom_pairs": 1392006.0,
                "num_clashes": 14.0
            },
            "80": {
                "energy": 0.4416670799255371,
                "num_atom_pairs": 1392006.0,
                "num_clashes": 3.0
            }
        }
    },
    "core": {
        "rmsd": 0.5652272701263428,
        "mae_sr": 0.6820083856582642,
        "mean_mae": [
            16.829238891601562,
            23.233304977416992,
            44.8613166809082,
            44.2703857421875
        ],
        "dihedral_counts": [
            5861,
            4211,
            841,
            355
        ],
        "num_sc": 5861,
        "mean_seq_len": 148.81689453125
    },
    "surface": {
        "rmsd": 1.1264266967773438,
        "mae_sr": 0.3957597315311432,
        "mean_mae": [
            38.4760856628418,
            37.9085693359375,
            54.960811614990234,
            56.040557861328125
        ],
        "dihedral_counts": [
            8380,
            6331,
            2647,
            1223
        ],
        "num_sc": 8380,
        "mean_seq_len": 143.7042236328125
    }
}