{
    "all": {
        "mean_mae": [
            17.379344940185547,
            19.57177734375,
            45.75084686279297,
            84.3275375366211
        ],
        "mae_sr": 0.7403846383094788,
        "rmsd": 0.5179855823516846,
        "dihedral_counts": [
            104,
            60,
            15,
            7
        ],
        "seq_len": 138,
        "num_sc": 104,
        "clash_info": {
            "100": {
                "num_clashes": 23,
                "num_atom_pairs": 318855,
                "energy": 4.189344882965088
            },
            "90": {
                "num_clashes": 5,
                "num_atom_pairs": 318855,
                "energy": 0.4844057559967041
            },
            "80": {
                "num_clashes": 0,
                "num_atom_pairs": 318855,
                "energy": 0.0
            }
        },
        "ca_rmsd": 24.8691463470459
    },
    "core": {
        "mean_mae": [
            5.0386433601379395,
            12.621380805969238,
            3.0450077056884766,
            11.731820106506348
        ],
        "mae_sr": 0.8888888955116272,
        "rmsd": 0.2745250165462494,
        "dihedral_counts": [
            27,
            15,
            1,
            1
        ],
        "seq_len": 30,
        "num_sc": 27
    },
    "surface": {
        "mean_mae": [
            25.23023223876953,
            26.812204360961914,
            54.25214767456055,
            111.07479858398438
        ],
        "mae_sr": 0.6346153616905212,
        "rmsd": 0.6871358156204224,
        "dihedral_counts": [
            52,
            32,
            9,
            4
        ],
        "seq_len": 76,
        "num_sc": 52
    }
}