{
    "all": {
        "mean_mae": [
            22.437768936157227,
            32.43367385864258,
            55.163612365722656,
            64.81188201904297
        ],
        "mae_sr": 0.5035461187362671,
        "rmsd": 0.8208426833152771,
        "dihedral_counts": [
            141,
            106,
            39,
            15
        ],
        "seq_len": 156,
        "num_sc": 141,
        "clash_info": {
            "100": {
                "num_clashes": 43,
                "num_atom_pairs": 593764,
                "energy": 6.700837135314941
            },
            "90": {
                "num_clashes": 6,
                "num_atom_pairs": 593764,
                "energy": 0.6459102630615234
            },
            "80": {
                "num_clashes": 0,
                "num_atom_pairs": 593764,
                "energy": 0.0
            }
        },
        "ca_rmsd": 1.732922077178955
    },
    "core": {
        "mean_mae": [
            16.329391479492188,
            18.608848571777344,
            56.738525390625,
            14.708239555358887
        ],
        "mae_sr": 0.7441860437393188,
        "rmsd": 0.5369041562080383,
        "dihedral_counts": [
            43,
            30,
            3,
            3
        ],
        "seq_len": 50,
        "num_sc": 43
    },
    "surface": {
        "mean_mae": [
            26.73464584350586,
            39.92583465576172,
            56.66471862792969,
            76.47914123535156
        ],
        "mae_sr": 0.3142857253551483,
        "rmsd": 0.9990840554237366,
        "dihedral_counts": [
            70,
            53,
            29,
            11
        ],
        "seq_len": 77,
        "num_sc": 70
    }
}