{
    "all": {
        "mean_mae": [
            52.58332443237305,
            45.02164840698242,
            71.06002044677734,
            57.28278732299805
        ],
        "mae_sr": 0.3959537446498871,
        "rmsd": 1.5607634782791138,
        "dihedral_counts": [
            346,
            244,
            56,
            27
        ],
        "seq_len": 538,
        "num_sc": 346,
        "clash_info": {
            "100": {
                "num_clashes": 116,
                "num_atom_pairs": 3827750,
                "energy": 26.93767738342285
            },
            "90": {
                "num_clashes": 20,
                "num_atom_pairs": 3827750,
                "energy": 8.556180000305176
            },
            "80": {
                "num_clashes": 12,
                "num_atom_pairs": 3827750,
                "energy": 3.9513535499572754
            }
        },
        "ca_rmsd": 34.15681457519531
    },
    "core": {
        "mean_mae": [
            52.015750885009766,
            53.86671829223633,
            93.99166870117188,
            95.48847961425781
        ],
        "mae_sr": 0.3799999952316284,
        "rmsd": 1.492779016494751,
        "dihedral_counts": [
            150,
            98,
            17,
            2
        ],
        "seq_len": 293,
        "num_sc": 150
    },
    "surface": {
        "mean_mae": [
            54.188961029052734,
            45.260616302490234,
            45.182613372802734,
            56.29841613769531
        ],
        "mae_sr": 0.3679245412349701,
        "rmsd": 1.6727330684661865,
        "dihedral_counts": [
            106,
            82,
            24,
            15
        ],
        "seq_len": 131,
        "num_sc": 106
    }
}