{
    "all": {
        "mean_mae": [
            37.76812744140625,
            34.06483459472656,
            54.1697883605957,
            56.35233688354492
        ],
        "mae_sr": 0.45075756311416626,
        "rmsd": 0.9474655389785767,
        "dihedral_counts": [
            264,
            173,
            44,
            14
        ],
        "seq_len": 335,
        "num_sc": 264,
        "clash_info": {
            "100": {
                "num_clashes": 54,
                "num_atom_pairs": 2044441,
                "energy": 7.293631553649902
            },
            "90": {
                "num_clashes": 3,
                "num_atom_pairs": 2044441,
                "energy": 0.5544660091400146
            },
            "80": {
                "num_clashes": 0,
                "num_atom_pairs": 2044441,
                "energy": 0.0
            }
        },
        "ca_rmsd": 21.64443016052246
    },
    "core": {
        "mean_mae": [
            18.934528350830078,
            24.82024383544922,
            55.90530776977539,
            72.4766616821289
        ],
        "mae_sr": 0.6792452931404114,
        "rmsd": 0.6630075573921204,
        "dihedral_counts": [
            53,
            37,
            4,
            3
        ],
        "seq_len": 62,
        "num_sc": 53
    },
    "surface": {
        "mean_mae": [
            48.77934646606445,
            41.1732063293457,
            54.16126251220703,
            62.82520294189453
        ],
        "mae_sr": 0.3400000035762787,
        "rmsd": 1.1169919967651367,
        "dihedral_counts": [
            150,
            92,
            30,
            9
        ],
        "seq_len": 201,
        "num_sc": 150
    }
}