{
    "all": {
        "mean_mae": [
            28.32365608215332,
            29.169675827026367,
            54.736236572265625,
            63.51769256591797
        ],
        "mae_sr": 0.5920000076293945,
        "rmsd": 0.8785866498947144,
        "dihedral_counts": [
            125,
            97,
            28,
            14
        ],
        "seq_len": 142,
        "num_sc": 125,
        "clash_info": {
            "100": {
                "num_clashes": 55,
                "num_atom_pairs": 499612,
                "energy": 9.572471618652344
            },
            "90": {
                "num_clashes": 9,
                "num_atom_pairs": 499612,
                "energy": 2.115532398223877
            },
            "80": {
                "num_clashes": 2,
                "num_atom_pairs": 499612,
                "energy": 0.48966550827026367
            }
        },
        "ca_rmsd": 2.0966341495513916
    },
    "core": {
        "mean_mae": [
            20.572877883911133,
            16.688461303710938,
            13.974729537963867,
            0.0
        ],
        "mae_sr": 0.7954545617103577,
        "rmsd": 0.5875200629234314,
        "dihedral_counts": [
            44,
            33,
            4,
            0
        ],
        "seq_len": 53,
        "num_sc": 44
    },
    "surface": {
        "mean_mae": [
            37.12788391113281,
            38.570831298828125,
            59.61682891845703,
            54.839111328125
        ],
        "mae_sr": 0.4333333373069763,
        "rmsd": 1.1439704895019531,
        "dihedral_counts": [
            60,
            50,
            21,
            13
        ],
        "seq_len": 66,
        "num_sc": 60
    }
}