{
    "all": {
        "mean_mae": [
            20.446006774902344,
            23.85209846496582,
            50.73719024658203,
            43.19065475463867
        ],
        "mae_sr": 0.6216216087341309,
        "rmsd": 0.8137826323509216,
        "dihedral_counts": [
            111,
            79,
            33,
            18
        ],
        "seq_len": 202,
        "num_sc": 111,
        "clash_info": {
            "100": {
                "num_clashes": 18,
                "num_atom_pairs": 379543,
                "energy": 3.427666425704956
            },
            "90": {
                "num_clashes": 1,
                "num_atom_pairs": 379543,
                "energy": 0.43685317039489746
            },
            "80": {
                "num_clashes": 1,
                "num_atom_pairs": 379543,
                "energy": 0.09185338020324707
            }
        },
        "ca_rmsd": 21.903318405151367
    },
    "core": {
        "mean_mae": [
            6.330286502838135,
            19.964111328125,
            35.61191940307617,
            35.84129333496094
        ],
        "mae_sr": 0.875,
        "rmsd": 0.345759779214859,
        "dihedral_counts": [
            24,
            13,
            3,
            1
        ],
        "seq_len": 101,
        "num_sc": 24
    },
    "surface": {
        "mean_mae": [
            32.48626708984375,
            32.60182189941406,
            49.34833908081055,
            50.901588439941406
        ],
        "mae_sr": 0.4107142984867096,
        "rmsd": 1.200823426246643,
        "dihedral_counts": [
            56,
            45,
            23,
            13
        ],
        "seq_len": 67,
        "num_sc": 56
    }
}