{
    "all": {
        "mean_mae": [
            21.810771942138672,
            20.75580406188965,
            49.05298614501953,
            46.70862579345703
        ],
        "mae_sr": 0.6567164063453674,
        "rmsd": 0.7387165427207947,
        "dihedral_counts": [
            67,
            53,
            26,
            9
        ],
        "seq_len": 97,
        "num_sc": 67,
        "clash_info": {
            "100": {
                "num_clashes": 19,
                "num_atom_pairs": 137256,
                "energy": 3.05812668800354
            },
            "90": {
                "num_clashes": 2,
                "num_atom_pairs": 137256,
                "energy": 0.27042675018310547
            },
            "80": {
                "num_clashes": 0,
                "num_atom_pairs": 137256,
                "energy": 0.0
            }
        },
        "ca_rmsd": 16.902931213378906
    },
    "core": {
        "mean_mae": [
            6.814483165740967,
            5.615111827850342,
            0.0,
            0.0
        ],
        "mae_sr": 1.0,
        "rmsd": 0.23270177841186523,
        "dihedral_counts": [
            11,
            6,
            0,
            0
        ],
        "seq_len": 33,
        "num_sc": 11
    },
    "surface": {
        "mean_mae": [
            29.168785095214844,
            26.202665328979492,
            47.62358856201172,
            46.70862579345703
        ],
        "mae_sr": 0.5128205418586731,
        "rmsd": 0.9937250018119812,
        "dihedral_counts": [
            39,
            34,
            20,
            9
        ],
        "seq_len": 46,
        "num_sc": 39
    }
}