{
    "all": {
        "mean_mae": [
            64.63420104980469,
            43.67633056640625,
            57.41082000732422,
            75.95043182373047
        ],
        "mae_sr": 0.18796992301940918,
        "rmsd": 1.8138893842697144,
        "dihedral_counts": [
            133,
            98,
            39,
            23
        ],
        "seq_len": 148,
        "num_sc": 133,
        "clash_info": {
            "100": {
                "num_clashes": 22,
                "num_atom_pairs": 531330,
                "energy": 2.7688984870910645
            },
            "90": {
                "num_clashes": 2,
                "num_atom_pairs": 531330,
                "energy": 0.13984012603759766
            },
            "80": {
                "num_clashes": 0,
                "num_atom_pairs": 531330,
                "energy": 0.0
            }
        },
        "ca_rmsd": 17.07390022277832
    },
    "core": {
        "mean_mae": [
            55.62184524536133,
            37.867523193359375,
            53.545692443847656,
            44.8474235534668
        ],
        "mae_sr": 0.3571428656578064,
        "rmsd": 1.7025467157363892,
        "dihedral_counts": [
            28,
            19,
            5,
            4
        ],
        "seq_len": 32,
        "num_sc": 28
    },
    "surface": {
        "mean_mae": [
            66.37295532226562,
            44.97237014770508,
            58.841392517089844,
            84.29299926757812
        ],
        "mae_sr": 0.14473684132099152,
        "rmsd": 1.8760086297988892,
        "dihedral_counts": [
            76,
            56,
            26,
            15
        ],
        "seq_len": 85,
        "num_sc": 76
    }
}