{
    "all": {
        "mean_mae": [
            46.508724212646484,
            43.1302375793457,
            60.63444519042969,
            78.51241302490234
        ],
        "mae_sr": 0.3153846263885498,
        "rmsd": 1.3827794790267944,
        "dihedral_counts": [
            390,
            340,
            91,
            47
        ],
        "seq_len": 426,
        "num_sc": 390,
        "clash_info": {
            "100": {
                "num_clashes": 115,
                "num_atom_pairs": 4626885,
                "energy": 16.881866455078125
            },
            "90": {
                "num_clashes": 13,
                "num_atom_pairs": 4626885,
                "energy": 1.8215241432189941
            },
            "80": {
                "num_clashes": 1,
                "num_atom_pairs": 4626885,
                "energy": 0.09288573265075684
            }
        },
        "ca_rmsd": 2.4090800285339355
    },
    "core": {
        "mean_mae": [
            22.696035385131836,
            36.55429458618164,
            62.39140319824219,
            61.184425354003906
        ],
        "mae_sr": 0.48571428656578064,
        "rmsd": 0.8278887271881104,
        "dihedral_counts": [
            35,
            32,
            4,
            1
        ],
        "seq_len": 39,
        "num_sc": 35
    },
    "surface": {
        "mean_mae": [
            53.441741943359375,
            45.63751220703125,
            62.21478271484375,
            80.63072204589844
        ],
        "mae_sr": 0.26937270164489746,
        "rmsd": 1.5662161111831665,
        "dihedral_counts": [
            271,
            238,
            78,
            42
        ],
        "seq_len": 293,
        "num_sc": 271
    }
}