{
    "all": {
        "mean_mae": [
            50.18315887451172,
            51.124359130859375,
            71.81739807128906,
            91.1438217163086
        ],
        "mae_sr": 0.32743361592292786,
        "rmsd": 1.373003363609314,
        "dihedral_counts": [
            113,
            84,
            30,
            17
        ],
        "seq_len": 148,
        "num_sc": 113,
        "clash_info": {
            "100": {
                "num_clashes": 38,
                "num_atom_pairs": 360882,
                "energy": 8.501556396484375
            },
            "90": {
                "num_clashes": 8,
                "num_atom_pairs": 360882,
                "energy": 2.8094685077667236
            },
            "80": {
                "num_clashes": 3,
                "num_atom_pairs": 360882,
                "energy": 1.1190670728683472
            }
        },
        "ca_rmsd": 8.034574508666992
    },
    "core": {
        "mean_mae": [
            34.055789947509766,
            46.6768684387207,
            85.47267150878906,
            92.38165283203125
        ],
        "mae_sr": 0.5,
        "rmsd": 1.0112528800964355,
        "dihedral_counts": [
            48,
            33,
            8,
            3
        ],
        "seq_len": 76,
        "num_sc": 48
    },
    "surface": {
        "mean_mae": [
            66.1846694946289,
            58.13980484008789,
            60.32160186767578,
            85.54851531982422
        ],
        "mae_sr": 0.13953489065170288,
        "rmsd": 1.6762229204177856,
        "dihedral_counts": [
            43,
            36,
            13,
            7
        ],
        "seq_len": 49,
        "num_sc": 43
    }
}