{
    "all": {
        "mean_mae": [
            29.322847366333008,
            30.784820556640625,
            48.26060485839844,
            35.57172393798828
        ],
        "mae_sr": 0.5824176073074341,
        "rmsd": 0.8506904244422913,
        "dihedral_counts": [
            91,
            63,
            17,
            7
        ],
        "seq_len": 106,
        "num_sc": 91,
        "clash_info": {
            "100": {
                "num_clashes": 36,
                "num_atom_pairs": 244617,
                "energy": 6.9405107498168945
            },
            "90": {
                "num_clashes": 8,
                "num_atom_pairs": 244617,
                "energy": 1.2531139850616455
            },
            "80": {
                "num_clashes": 0,
                "num_atom_pairs": 244617,
                "energy": 0.0
            }
        },
        "ca_rmsd": 25.60463523864746
    },
    "core": {
        "mean_mae": [
            7.738160133361816,
            19.477022171020508,
            12.456120491027832,
            44.527069091796875
        ],
        "mae_sr": 0.8666666746139526,
        "rmsd": 0.5697045922279358,
        "dihedral_counts": [
            15,
            11,
            1,
            1
        ],
        "seq_len": 15,
        "num_sc": 15
    },
    "surface": {
        "mean_mae": [
            42.13636016845703,
            35.46357727050781,
            50.01655960083008,
            34.92070388793945
        ],
        "mae_sr": 0.48076921701431274,
        "rmsd": 1.0593459606170654,
        "dihedral_counts": [
            52,
            39,
            12,
            3
        ],
        "seq_len": 66,
        "num_sc": 52
    }
}