{
    "all": {
        "mean_mae": [
            34.164886474609375,
            36.50734329223633,
            56.386783599853516,
            52.50307083129883
        ],
        "mae_sr": 0.4084506928920746,
        "rmsd": 1.0561553239822388,
        "dihedral_counts": [
            212,
            167,
            59,
            28
        ],
        "seq_len": 242,
        "num_sc": 213,
        "clash_info": {
            "100": {
                "num_clashes": 59,
                "num_atom_pairs": 1409892,
                "energy": 6.625002384185791
            },
            "90": {
                "num_clashes": 2,
                "num_atom_pairs": 1409892,
                "energy": 0.46126341819763184
            },
            "80": {
                "num_clashes": 0,
                "num_atom_pairs": 1409892,
                "energy": 0.0
            }
        },
        "ca_rmsd": 1.667419672012329
    },
    "core": {
        "mean_mae": [
            21.055009841918945,
            13.866800308227539,
            82.35755920410156,
            14.838790893554688
        ],
        "mae_sr": 0.640625,
        "rmsd": 0.5877532958984375,
        "dihedral_counts": [
            64,
            47,
            5,
            1
        ],
        "seq_len": 77,
        "num_sc": 64
    },
    "surface": {
        "mean_mae": [
            41.57468795776367,
            44.49797439575195,
            55.9127311706543,
            68.70487213134766
        ],
        "mae_sr": 0.2680412232875824,
        "rmsd": 1.3214364051818848,
        "dihedral_counts": [
            96,
            81,
            40,
            20
        ],
        "seq_len": 109,
        "num_sc": 97
    }
}