{
    "all": {
        "mean_mae": [
            23.094846725463867,
            28.624876022338867,
            48.69501495361328,
            73.01860809326172
        ],
        "mae_sr": 0.5177993774414062,
        "rmsd": 0.7426225543022156,
        "dihedral_counts": [
            309,
            229,
            52,
            20
        ],
        "seq_len": 408,
        "num_sc": 309,
        "clash_info": {
            "100": {
                "num_clashes": 92,
                "num_atom_pairs": 3183730,
                "energy": 10.519868850708008
            },
            "90": {
                "num_clashes": 4,
                "num_atom_pairs": 3183730,
                "energy": 0.18430423736572266
            },
            "80": {
                "num_clashes": 0,
                "num_atom_pairs": 3183730,
                "energy": 0.0
            }
        },
        "ca_rmsd": 8.774669647216797
    },
    "core": {
        "mean_mae": [
            15.293405532836914,
            24.15704917907715,
            34.71925735473633,
            59.28513717651367
        ],
        "mae_sr": 0.6231883764266968,
        "rmsd": 0.5484819412231445,
        "dihedral_counts": [
            138,
            99,
            21,
            7
        ],
        "seq_len": 184,
        "num_sc": 138
    },
    "surface": {
        "mean_mae": [
            34.277618408203125,
            39.920196533203125,
            53.77873992919922,
            80.41354370117188
        ],
        "mae_sr": 0.3461538553237915,
        "rmsd": 1.083620548248291,
        "dihedral_counts": [
            104,
            81,
            23,
            13
        ],
        "seq_len": 130,
        "num_sc": 104
    }
}