{
    "all": {
        "rmsd": 1.1480952501296997,
        "mae_sr": 0.4197269082069397,
        "mean_mae": [
            37.08354187011719,
            34.2277717590332,
            52.480987548828125,
            58.342994689941406
        ],
        "dihedral_counts": [
            14707,
            11279,
            3812,
            1806
        ],
        "num_sc": 14708,
        "mean_seq_len": 295.43939208984375,
        "ca_rmsd": 16.709564208984375,
        "clash_info": {
            "100": {
                "energy": 7.541506767272949,
                "num_atom_pairs": 684447.0,
                "num_clashes": 41.0
            },
            "90": {
                "energy": 0.9853644371032715,
                "num_atom_pairs": 684447.0,
                "num_clashes": 8.0
            },
            "80": {
                "energy": 0.14945578575134277,
                "num_atom_pairs": 684447.0,
                "num_clashes": 1.5
            }
        }
    },
    "core": {
        "rmsd": 0.674993634223938,
        "mae_sr": 0.6731572151184082,
        "mean_mae": [
            20.613567352294922,
            19.91742706298828,
            43.905067443847656,
            31.279930114746094
        ],
        "dihedral_counts": [
            3867,
            2834,
            541,
            230
        ],
        "num_sc": 3867,
        "mean_seq_len": 105.54545593261719
    },
    "surface": {
        "rmsd": 1.4157150983810425,
        "mae_sr": 0.3245949149131775,
        "mean_mae": [
            46.152671813964844,
            40.58867645263672,
            53.57637023925781,
            58.89342498779297
        ],
        "dihedral_counts": [
            7341,
            5728,
            2428,
            1164
        ],
        "num_sc": 7342,
        "mean_seq_len": 128.56060791015625
    }
}