{
    "all": {
        "mean_mae": [
            46.97188949584961,
            42.75754165649414,
            63.54473114013672,
            63.43719482421875
        ],
        "mae_sr": 0.3095238208770752,
        "rmsd": 1.3832882642745972,
        "dihedral_counts": [
            588,
            477,
            154,
            78
        ],
        "seq_len": 631,
        "num_sc": 588,
        "clash_info": {
            "100": {
                "num_clashes": 157,
                "num_atom_pairs": 9951011,
                "energy": 31.96775245666504
            },
            "90": {
                "num_clashes": 26,
                "num_atom_pairs": 9951011,
                "energy": 8.470178604125977
            },
            "80": {
                "num_clashes": 9,
                "num_atom_pairs": 9951011,
                "energy": 3.8718700408935547
            }
        },
        "ca_rmsd": 10.893617630004883
    },
    "core": {
        "mean_mae": [
            38.97406005859375,
            37.54692840576172,
            67.39727783203125,
            112.21493530273438
        ],
        "mae_sr": 0.4683544337749481,
        "rmsd": 0.9699831604957581,
        "dihedral_counts": [
            79,
            55,
            7,
            4
        ],
        "seq_len": 84,
        "num_sc": 79
    },
    "surface": {
        "mean_mae": [
            53.04656982421875,
            44.321685791015625,
            57.149879455566406,
            58.760276794433594
        ],
        "mae_sr": 0.24057970941066742,
        "rmsd": 1.5873322486877441,
        "dihedral_counts": [
            345,
            286,
            111,
            56
        ],
        "seq_len": 372,
        "num_sc": 345
    }
}