{
    "all": {
        "mean_mae": [
            36.29288101196289,
            29.187833786010742,
            52.57099533081055,
            58.17988586425781
        ],
        "mae_sr": 0.4088982939720154,
        "rmsd": 1.0750291347503662,
        "dihedral_counts": [
            472,
            372,
            136,
            61
        ],
        "seq_len": 580,
        "num_sc": 472,
        "clash_info": {
            "100": {
                "num_clashes": 185,
                "num_atom_pairs": 6977790,
                "energy": 47.20744323730469
            },
            "90": {
                "num_clashes": 55,
                "num_atom_pairs": 6977790,
                "energy": 13.417445182800293
            },
            "80": {
                "num_clashes": 16,
                "num_atom_pairs": 6977790,
                "energy": 3.7270829677581787
            }
        },
        "ca_rmsd": 33.010623931884766
    },
    "core": {
        "mean_mae": [
            26.0296688079834,
            25.03294563293457,
            53.052520751953125,
            60.0447998046875
        ],
        "mae_sr": 0.534246563911438,
        "rmsd": 0.8090763092041016,
        "dihedral_counts": [
            146,
            120,
            29,
            14
        ],
        "seq_len": 229,
        "num_sc": 146
    },
    "surface": {
        "mean_mae": [
            43.25347900390625,
            37.3740234375,
            45.9423828125,
            58.592079162597656
        ],
        "mae_sr": 0.2974359095096588,
        "rmsd": 1.307172417640686,
        "dihedral_counts": [
            195,
            147,
            77,
            33
        ],
        "seq_len": 209,
        "num_sc": 195
    }
}