{
    "all": {
        "mean_mae": [
            39.420955657958984,
            36.33074951171875,
            52.026771545410156,
            57.214744567871094
        ],
        "mae_sr": 0.38749998807907104,
        "rmsd": 1.204042911529541,
        "dihedral_counts": [
            240,
            188,
            94,
            47
        ],
        "seq_len": 273,
        "num_sc": 240,
        "clash_info": {
            "100": {
                "num_clashes": 50,
                "num_atom_pairs": 1731717,
                "energy": 6.495719909667969
            },
            "90": {
                "num_clashes": 5,
                "num_atom_pairs": 1731717,
                "energy": 0.5298120975494385
            },
            "80": {
                "num_clashes": 0,
                "num_atom_pairs": 1731717,
                "energy": 0.0
            }
        },
        "ca_rmsd": 2.9445269107818604
    },
    "core": {
        "mean_mae": [
            14.072543144226074,
            14.833494186401367,
            57.84921646118164,
            34.72282409667969
        ],
        "mae_sr": 0.7169811129570007,
        "rmsd": 0.4647825360298157,
        "dihedral_counts": [
            53,
            41,
            6,
            3
        ],
        "seq_len": 63,
        "num_sc": 53
    },
    "surface": {
        "mean_mae": [
            54.65991973876953,
            44.39548873901367,
            53.86629104614258,
            62.757781982421875
        ],
        "mae_sr": 0.25757575035095215,
        "rmsd": 1.6173439025878906,
        "dihedral_counts": [
            132,
            105,
            67,
            32
        ],
        "seq_len": 146,
        "num_sc": 132
    }
}