{
    "all": {
        "mean_mae": [
            61.79646301269531,
            55.154266357421875,
            61.085872650146484,
            64.4504165649414
        ],
        "mae_sr": 0.15217390656471252,
        "rmsd": 1.7107746601104736,
        "dihedral_counts": [
            138,
            106,
            44,
            24
        ],
        "seq_len": 168,
        "num_sc": 138,
        "clash_info": {
            "100": {
                "num_clashes": 117,
                "num_atom_pairs": 577822,
                "energy": 31.00890350341797
            },
            "90": {
                "num_clashes": 36,
                "num_atom_pairs": 577822,
                "energy": 9.27956771850586
            },
            "80": {
                "num_clashes": 9,
                "num_atom_pairs": 577822,
                "energy": 3.043663263320923
            }
        },
        "ca_rmsd": 11.03286361694336
    },
    "core": {
        "mean_mae": [
            34.98107147216797,
            47.11014938354492,
            47.91777801513672,
            108.84386444091797
        ],
        "mae_sr": 0.27272728085517883,
        "rmsd": 1.1826852560043335,
        "dihedral_counts": [
            33,
            21,
            7,
            2
        ],
        "seq_len": 37,
        "num_sc": 33
    },
    "surface": {
        "mean_mae": [
            77.11741638183594,
            59.02345275878906,
            62.31254959106445,
            59.32350158691406
        ],
        "mae_sr": 0.06849315017461777,
        "rmsd": 2.018876791000366,
        "dihedral_counts": [
            73,
            61,
            29,
            16
        ],
        "seq_len": 96,
        "num_sc": 73
    }
}