{
    "all": {
        "mean_mae": [
            22.166955947875977,
            25.885194778442383,
            37.89167785644531,
            70.80439758300781
        ],
        "mae_sr": 0.6219512224197388,
        "rmsd": 0.7810573577880859,
        "dihedral_counts": [
            410,
            323,
            123,
            53
        ],
        "seq_len": 552,
        "num_sc": 410,
        "clash_info": {
            "100": {
                "num_clashes": 131,
                "num_atom_pairs": 5865615,
                "energy": 31.763477325439453
            },
            "90": {
                "num_clashes": 30,
                "num_atom_pairs": 5865615,
                "energy": 10.260335922241211
            },
            "80": {
                "num_clashes": 11,
                "num_atom_pairs": 5865615,
                "energy": 4.09340238571167
            }
        },
        "ca_rmsd": 4.3804168701171875
    },
    "core": {
        "mean_mae": [
            17.725975036621094,
            18.824996948242188,
            28.056245803833008,
            58.289886474609375
        ],
        "mae_sr": 0.7412935495376587,
        "rmsd": 0.5000676512718201,
        "dihedral_counts": [
            201,
            146,
            39,
            12
        ],
        "seq_len": 284,
        "num_sc": 201
    },
    "surface": {
        "mean_mae": [
            31.730266571044922,
            36.10063171386719,
            44.72148132324219,
            79.29186248779297
        ],
        "mae_sr": 0.4444444477558136,
        "rmsd": 1.3014377355575562,
        "dihedral_counts": [
            117,
            104,
            50,
            26
        ],
        "seq_len": 151,
        "num_sc": 117
    }
}