{
    "all": {
        "mean_mae": [
            43.02397155761719,
            35.52757263183594,
            52.635215759277344,
            63.43794250488281
        ],
        "mae_sr": 0.3758043646812439,
        "rmsd": 1.235852837562561,
        "dihedral_counts": [
            777,
            591,
            189,
            97
        ],
        "seq_len": 949,
        "num_sc": 777,
        "clash_info": {
            "100": {
                "num_clashes": 300,
                "num_atom_pairs": 18478325,
                "energy": 69.988037109375
            },
            "90": {
                "num_clashes": 73,
                "num_atom_pairs": 18478325,
                "energy": 18.90382194519043
            },
            "80": {
                "num_clashes": 18,
                "num_atom_pairs": 18478325,
                "energy": 6.049121379852295
            }
        },
        "ca_rmsd": 85.07666015625
    },
    "core": {
        "mean_mae": [
            29.927753448486328,
            31.623157501220703,
            55.390380859375,
            51.94227981567383
        ],
        "mae_sr": 0.5019454956054688,
        "rmsd": 0.9700498580932617,
        "dihedral_counts": [
            257,
            199,
            41,
            24
        ],
        "seq_len": 364,
        "num_sc": 257
    },
    "surface": {
        "mean_mae": [
            55.26593017578125,
            39.95838165283203,
            53.28645324707031,
            62.52290344238281
        ],
        "mae_sr": 0.28260868787765503,
        "rmsd": 1.4674125909805298,
        "dihedral_counts": [
            322,
            238,
            88,
            48
        ],
        "seq_len": 362,
        "num_sc": 322
    }
}