{
    "all": {
        "mean_mae": [
            22.870779037475586,
            22.098846435546875,
            42.825374603271484,
            43.09569549560547
        ],
        "mae_sr": 0.5974025726318359,
        "rmsd": 0.7441298365592957,
        "dihedral_counts": [
            308,
            224,
            77,
            39
        ],
        "seq_len": 404,
        "num_sc": 308,
        "clash_info": {
            "100": {
                "num_clashes": 302,
                "num_atom_pairs": 3073073,
                "energy": 122.11489868164062
            },
            "90": {
                "num_clashes": 113,
                "num_atom_pairs": 3073073,
                "energy": 60.881710052490234
            },
            "80": {
                "num_clashes": 68,
                "num_atom_pairs": 3073073,
                "energy": 33.968135833740234
            }
        },
        "ca_rmsd": 13.802140235900879
    },
    "core": {
        "mean_mae": [
            19.89027976989746,
            20.337255477905273,
            35.46129608154297,
            26.503368377685547
        ],
        "mae_sr": 0.6554054021835327,
        "rmsd": 0.6980071663856506,
        "dihedral_counts": [
            148,
            107,
            33,
            15
        ],
        "seq_len": 213,
        "num_sc": 148
    },
    "surface": {
        "mean_mae": [
            26.176576614379883,
            23.285062789916992,
            39.09809494018555,
            46.29637908935547
        ],
        "mae_sr": 0.5544554591178894,
        "rmsd": 0.797296941280365,
        "dihedral_counts": [
            101,
            74,
            27,
            14
        ],
        "seq_len": 118,
        "num_sc": 101
    }
}