{
    "all": {
        "mean_mae": [
            31.3917236328125,
            25.262866973876953,
            49.02308654785156,
            59.965789794921875
        ],
        "mae_sr": 0.5340909361839294,
        "rmsd": 1.004177212715149,
        "dihedral_counts": [
            264,
            215,
            81,
            39
        ],
        "seq_len": 318,
        "num_sc": 264,
        "clash_info": {
            "100": {
                "num_clashes": 64,
                "num_atom_pairs": 2142613,
                "energy": 9.243707656860352
            },
            "90": {
                "num_clashes": 9,
                "num_atom_pairs": 2142613,
                "energy": 0.731600284576416
            },
            "80": {
                "num_clashes": 0,
                "num_atom_pairs": 2142613,
                "energy": 0.0
            }
        },
        "ca_rmsd": 6.7573652267456055
    },
    "core": {
        "mean_mae": [
            16.572528839111328,
            11.923455238342285,
            47.490055084228516,
            60.48713684082031
        ],
        "mae_sr": 0.7666666507720947,
        "rmsd": 0.5514649152755737,
        "dihedral_counts": [
            90,
            69,
            11,
            4
        ],
        "seq_len": 123,
        "num_sc": 90
    },
    "surface": {
        "mean_mae": [
            47.06523513793945,
            36.306968688964844,
            50.94856262207031,
            62.42911148071289
        ],
        "mae_sr": 0.3391304314136505,
        "rmsd": 1.4799331426620483,
        "dihedral_counts": [
            115,
            101,
            52,
            25
        ],
        "seq_len": 129,
        "num_sc": 115
    }
}