{
    "all": {
        "mean_mae": [
            24.693483352661133,
            28.766977310180664,
            38.36625671386719,
            33.097572326660156
        ],
        "mae_sr": 0.5566343069076538,
        "rmsd": 0.7625933885574341,
        "dihedral_counts": [
            309,
            229,
            52,
            20
        ],
        "seq_len": 408,
        "num_sc": 309,
        "clash_info": {
            "100": {
                "num_clashes": 96,
                "num_atom_pairs": 3183730,
                "energy": 15.047985076904297
            },
            "90": {
                "num_clashes": 12,
                "num_atom_pairs": 3183730,
                "energy": 2.4520273208618164
            },
            "80": {
                "num_clashes": 2,
                "num_atom_pairs": 3183730,
                "energy": 0.3739302158355713
            }
        },
        "ca_rmsd": 8.774669647216797
    },
    "core": {
        "mean_mae": [
            17.61383628845215,
            23.205181121826172,
            50.914363861083984,
            22.7060489654541
        ],
        "mae_sr": 0.6304348111152649,
        "rmsd": 0.5889530777931213,
        "dihedral_counts": [
            138,
            99,
            21,
            7
        ],
        "seq_len": 184,
        "num_sc": 138
    },
    "surface": {
        "mean_mae": [
            34.40940475463867,
            41.44252014160156,
            25.61974334716797,
            38.69301223754883
        ],
        "mae_sr": 0.4038461446762085,
        "rmsd": 1.0687659978866577,
        "dihedral_counts": [
            104,
            81,
            23,
            13
        ],
        "seq_len": 130,
        "num_sc": 104
    }
}