{
    "all": {
        "mean_mae": [
            29.745447158813477,
            31.400123596191406,
            49.58545684814453,
            48.09151840209961
        ],
        "mae_sr": 0.5324074029922485,
        "rmsd": 1.0043202638626099,
        "dihedral_counts": [
            216,
            186,
            67,
            34
        ],
        "seq_len": 287,
        "num_sc": 216,
        "clash_info": {
            "100": {
                "num_clashes": 117,
                "num_atom_pairs": 1606354,
                "energy": 55.99959182739258
            },
            "90": {
                "num_clashes": 63,
                "num_atom_pairs": 1606354,
                "energy": 27.655466079711914
            },
            "80": {
                "num_clashes": 30,
                "num_atom_pairs": 1606354,
                "energy": 12.472780227661133
            }
        },
        "ca_rmsd": 17.837106704711914
    },
    "core": {
        "mean_mae": [
            19.4172306060791,
            19.309507369995117,
            21.971092224121094,
            32.051883697509766
        ],
        "mae_sr": 0.7352941036224365,
        "rmsd": 0.6647005081176758,
        "dihedral_counts": [
            68,
            57,
            11,
            7
        ],
        "seq_len": 117,
        "num_sc": 68
    },
    "surface": {
        "mean_mae": [
            40.06476593017578,
            40.74041748046875,
            55.4394416809082,
            57.2838134765625
        ],
        "mae_sr": 0.3510638177394867,
        "rmsd": 1.308480143547058,
        "dihedral_counts": [
            94,
            82,
            41,
            19
        ],
        "seq_len": 108,
        "num_sc": 94
    }
}