{
    "all": {
        "mean_mae": [
            33.562747955322266,
            34.192474365234375,
            56.11305236816406,
            53.64320373535156
        ],
        "mae_sr": 0.5423076748847961,
        "rmsd": 0.9841769933700562,
        "dihedral_counts": [
            260,
            169,
            45,
            18
        ],
        "seq_len": 338,
        "num_sc": 260,
        "clash_info": {
            "100": {
                "num_clashes": 59,
                "num_atom_pairs": 2140880,
                "energy": 12.014851570129395
            },
            "90": {
                "num_clashes": 15,
                "num_atom_pairs": 2140880,
                "energy": 1.9416000843048096
            },
            "80": {
                "num_clashes": 1,
                "num_atom_pairs": 2140880,
                "energy": 0.04105496406555176
            }
        },
        "ca_rmsd": 6.7159953117370605
    },
    "core": {
        "mean_mae": [
            28.622278213500977,
            25.997451782226562,
            68.10899353027344,
            43.211151123046875
        ],
        "mae_sr": 0.6052631735801697,
        "rmsd": 0.7259600758552551,
        "dihedral_counts": [
            38,
            28,
            5,
            2
        ],
        "seq_len": 47,
        "num_sc": 38
    },
    "surface": {
        "mean_mae": [
            36.71400833129883,
            36.440582275390625,
            65.35724639892578,
            66.00263214111328
        ],
        "mae_sr": 0.5151515007019043,
        "rmsd": 1.045854926109314,
        "dihedral_counts": [
            165,
            95,
            29,
            11
        ],
        "seq_len": 222,
        "num_sc": 165
    }
}