{
    "all": {
        "mean_mae": [
            26.35215950012207,
            24.679458618164062,
            42.52633285522461,
            42.57915115356445
        ],
        "mae_sr": 0.6170212626457214,
        "rmsd": 0.8653948903083801,
        "dihedral_counts": [
            94,
            84,
            30,
            12
        ],
        "seq_len": 114,
        "num_sc": 94,
        "clash_info": {
            "100": {
                "num_clashes": 29,
                "num_atom_pairs": 306204,
                "energy": 4.34079647064209
            },
            "90": {
                "num_clashes": 3,
                "num_atom_pairs": 306204,
                "energy": 0.5457761287689209
            },
            "80": {
                "num_clashes": 0,
                "num_atom_pairs": 306204,
                "energy": 0.0
            }
        },
        "ca_rmsd": 9.44445514678955
    },
    "core": {
        "mean_mae": [
            12.688074111938477,
            18.580942153930664,
            23.11539649963379,
            29.872440338134766
        ],
        "mae_sr": 0.8799999952316284,
        "rmsd": 0.6031941771507263,
        "dihedral_counts": [
            25,
            21,
            7,
            4
        ],
        "seq_len": 34,
        "num_sc": 25
    },
    "surface": {
        "mean_mae": [
            36.838958740234375,
            29.33771514892578,
            45.74481201171875,
            60.05095672607422
        ],
        "mae_sr": 0.5,
        "rmsd": 1.0322446823120117,
        "dihedral_counts": [
            50,
            45,
            15,
            5
        ],
        "seq_len": 57,
        "num_sc": 50
    }
}