{
    "all": {
        "mean_mae": [
            18.037689208984375,
            22.04230499267578,
            47.04546356201172,
            56.313209533691406
        ],
        "mae_sr": 0.6934673190116882,
        "rmsd": 0.6315208077430725,
        "dihedral_counts": [
            199,
            151,
            45,
            20
        ],
        "seq_len": 299,
        "num_sc": 199,
        "clash_info": {
            "100": {
                "num_clashes": 68,
                "num_atom_pairs": 1410345,
                "energy": 7.974483489990234
            },
            "90": {
                "num_clashes": 6,
                "num_atom_pairs": 1410345,
                "energy": 0.6847751140594482
            },
            "80": {
                "num_clashes": 1,
                "num_atom_pairs": 1410345,
                "energy": 0.10111594200134277
            }
        },
        "ca_rmsd": 12.744388580322266
    },
    "core": {
        "mean_mae": [
            11.102352142333984,
            10.238359451293945,
            16.342037200927734,
            37.63599395751953
        ],
        "mae_sr": 0.795918345451355,
        "rmsd": 0.3559906482696533,
        "dihedral_counts": [
            98,
            73,
            13,
            5
        ],
        "seq_len": 156,
        "num_sc": 98
    },
    "surface": {
        "mean_mae": [
            31.046598434448242,
            37.992584228515625,
            69.2149429321289,
            52.72310256958008
        ],
        "mae_sr": 0.5,
        "rmsd": 1.1331770420074463,
        "dihedral_counts": [
            66,
            55,
            25,
            12
        ],
        "seq_len": 97,
        "num_sc": 66
    }
}