{
    "all": {
        "mean_mae": [
            14.69290542602539,
            14.952792167663574,
            27.631505966186523,
            62.89329147338867
        ],
        "mae_sr": 0.7560975551605225,
        "rmsd": 0.5714600086212158,
        "dihedral_counts": [
            82,
            69,
            23,
            10
        ],
        "seq_len": 102,
        "num_sc": 82,
        "clash_info": {
            "100": {
                "num_clashes": 28,
                "num_atom_pairs": 247779,
                "energy": 5.057675838470459
            },
            "90": {
                "num_clashes": 5,
                "num_atom_pairs": 247779,
                "energy": 0.6348876953125
            },
            "80": {
                "num_clashes": 0,
                "num_atom_pairs": 247779,
                "energy": 0.0
            }
        },
        "ca_rmsd": 14.840470314025879
    },
    "core": {
        "mean_mae": [
            5.932668685913086,
            8.214226722717285,
            27.73928451538086,
            0.0
        ],
        "mae_sr": 0.800000011920929,
        "rmsd": 0.22666145861148834,
        "dihedral_counts": [
            15,
            11,
            1,
            0
        ],
        "seq_len": 19,
        "num_sc": 15
    },
    "surface": {
        "mean_mae": [
            19.376506805419922,
            19.40924072265625,
            34.12050247192383,
            77.30077362060547
        ],
        "mae_sr": 0.695652186870575,
        "rmsd": 0.7896993160247803,
        "dihedral_counts": [
            46,
            41,
            16,
            8
        ],
        "seq_len": 58,
        "num_sc": 46
    }
}