{
    "all": {
        "mean_mae": [
            21.522003173828125,
            24.918920516967773,
            49.54100036621094,
            57.63447570800781
        ],
        "mae_sr": 0.6018306612968445,
        "rmsd": 0.749267578125,
        "dihedral_counts": [
            437,
            344,
            121,
            67
        ],
        "seq_len": 544,
        "num_sc": 437,
        "clash_info": {
            "100": {
                "num_clashes": 224,
                "num_atom_pairs": 6459320,
                "energy": 36.66021728515625
            },
            "90": {
                "num_clashes": 27,
                "num_atom_pairs": 6459320,
                "energy": 5.724430084228516
            },
            "80": {
                "num_clashes": 6,
                "num_atom_pairs": 6459320,
                "energy": 1.4724912643432617
            }
        },
        "ca_rmsd": 22.555171966552734
    },
    "core": {
        "mean_mae": [
            16.247211456298828,
            19.452728271484375,
            51.63822555541992,
            39.074851989746094
        ],
        "mae_sr": 0.717277467250824,
        "rmsd": 0.5634267330169678,
        "dihedral_counts": [
            191,
            149,
            31,
            16
        ],
        "seq_len": 230,
        "num_sc": 191
    },
    "surface": {
        "mean_mae": [
            30.922931671142578,
            30.44586181640625,
            51.28422927856445,
            68.69986724853516
        ],
        "mae_sr": 0.4661654233932495,
        "rmsd": 1.053229808807373,
        "dihedral_counts": [
            133,
            104,
            60,
            34
        ],
        "seq_len": 168,
        "num_sc": 133
    }
}