{
    "all": {
        "mean_mae": [
            23.858991622924805,
            24.706893920898438,
            57.52545928955078,
            42.638893127441406
        ],
        "mae_sr": 0.6416666507720947,
        "rmsd": 0.7862139940261841,
        "dihedral_counts": [
            240,
            186,
            63,
            34
        ],
        "seq_len": 310,
        "num_sc": 240,
        "clash_info": {
            "100": {
                "num_clashes": 90,
                "num_atom_pairs": 1863165,
                "energy": 13.517744064331055
            },
            "90": {
                "num_clashes": 7,
                "num_atom_pairs": 1863165,
                "energy": 1.438429594039917
            },
            "80": {
                "num_clashes": 2,
                "num_atom_pairs": 1863165,
                "energy": 0.273970365524292
            }
        },
        "ca_rmsd": 16.497669219970703
    },
    "core": {
        "mean_mae": [
            13.764034271240234,
            16.502788543701172,
            37.98616027832031,
            39.16450119018555
        ],
        "mae_sr": 0.804347813129425,
        "rmsd": 0.5099325776100159,
        "dihedral_counts": [
            92,
            68,
            15,
            7
        ],
        "seq_len": 135,
        "num_sc": 92
    },
    "surface": {
        "mean_mae": [
            30.59428596496582,
            31.362756729125977,
            71.05304718017578,
            37.199188232421875
        ],
        "mae_sr": 0.489130437374115,
        "rmsd": 0.9584944248199463,
        "dihedral_counts": [
            92,
            74,
            32,
            18
        ],
        "seq_len": 112,
        "num_sc": 92
    }
}