{
    "all": {
        "mean_mae": [
            32.00349044799805,
            25.209348678588867,
            49.7391357421875,
            51.95785140991211
        ],
        "mae_sr": 0.6113989353179932,
        "rmsd": 0.8276236653327942,
        "dihedral_counts": [
            193,
            120,
            32,
            15
        ],
        "seq_len": 266,
        "num_sc": 193,
        "clash_info": {
            "100": {
                "num_clashes": 68,
                "num_atom_pairs": 1177355,
                "energy": 7.094315528869629
            },
            "90": {
                "num_clashes": 3,
                "num_atom_pairs": 1177355,
                "energy": 0.6906473636627197
            },
            "80": {
                "num_clashes": 1,
                "num_atom_pairs": 1177355,
                "energy": 0.2668423652648926
            }
        },
        "ca_rmsd": 112.44182586669922
    },
    "core": {
        "mean_mae": [
            27.364913940429688,
            22.934175491333008,
            17.279531478881836,
            6.028869152069092
        ],
        "mae_sr": 0.6666666865348816,
        "rmsd": 0.6620280742645264,
        "dihedral_counts": [
            72,
            37,
            6,
            3
        ],
        "seq_len": 97,
        "num_sc": 72
    },
    "surface": {
        "mean_mae": [
            46.43391036987305,
            29.765649795532227,
            64.86622619628906,
            69.04695129394531
        ],
        "mae_sr": 0.5064935088157654,
        "rmsd": 1.1456706523895264,
        "dihedral_counts": [
            77,
            51,
            17,
            11
        ],
        "seq_len": 112,
        "num_sc": 77
    }
}