{
    "all": {
        "mean_mae": [
            36.51487731933594,
            36.859169006347656,
            53.40142822265625,
            65.79829406738281
        ],
        "mae_sr": 0.43703705072402954,
        "rmsd": 1.1545501947402954,
        "dihedral_counts": [
            270,
            205,
            78,
            33
        ],
        "seq_len": 376,
        "num_sc": 270,
        "clash_info": {
            "100": {
                "num_clashes": 97,
                "num_atom_pairs": 2236612,
                "energy": 13.030664443969727
            },
            "90": {
                "num_clashes": 9,
                "num_atom_pairs": 2236612,
                "energy": 1.4464151859283447
            },
            "80": {
                "num_clashes": 1,
                "num_atom_pairs": 2236612,
                "energy": 0.2845287322998047
            }
        },
        "ca_rmsd": 89.51296997070312
    },
    "core": {
        "mean_mae": [
            17.40880584716797,
            20.132017135620117,
            34.70793533325195,
            25.55851173400879
        ],
        "mae_sr": 0.6865671873092651,
        "rmsd": 0.584384024143219,
        "dihedral_counts": [
            67,
            45,
            9,
            3
        ],
        "seq_len": 144,
        "num_sc": 67
    },
    "surface": {
        "mean_mae": [
            49.84331130981445,
            45.22916793823242,
            56.286075592041016,
            68.39435577392578
        ],
        "mae_sr": 0.31081080436706543,
        "rmsd": 1.5253751277923584,
        "dihedral_counts": [
            148,
            115,
            57,
            24
        ],
        "seq_len": 166,
        "num_sc": 148
    }
}