{
    "all": {
        "mean_mae": [
            25.98801612854004,
            23.359386444091797,
            43.57316970825195,
            46.48072052001953
        ],
        "mae_sr": 0.6176470518112183,
        "rmsd": 0.7748761177062988,
        "dihedral_counts": [
            204,
            158,
            55,
            30
        ],
        "seq_len": 313,
        "num_sc": 204,
        "clash_info": {
            "100": {
                "num_clashes": 88,
                "num_atom_pairs": 1480803,
                "energy": 10.764592170715332
            },
            "90": {
                "num_clashes": 3,
                "num_atom_pairs": 1480803,
                "energy": 0.7240402698516846
            },
            "80": {
                "num_clashes": 1,
                "num_atom_pairs": 1480803,
                "energy": 0.0871572494506836
            }
        },
        "ca_rmsd": 29.822599411010742
    },
    "core": {
        "mean_mae": [
            13.486989974975586,
            15.477944374084473,
            44.85253143310547,
            28.697723388671875
        ],
        "mae_sr": 0.7831325531005859,
        "rmsd": 0.47635453939437866,
        "dihedral_counts": [
            83,
            64,
            17,
            8
        ],
        "seq_len": 150,
        "num_sc": 83
    },
    "surface": {
        "mean_mae": [
            36.34197235107422,
            32.21757888793945,
            39.41449737548828,
            60.80965042114258
        ],
        "mae_sr": 0.4597701132297516,
        "rmsd": 1.0370649099349976,
        "dihedral_counts": [
            87,
            67,
            31,
            16
        ],
        "seq_len": 116,
        "num_sc": 87
    }
}