{
    "all": {
        "mean_mae": [
            36.152992248535156,
            44.250022888183594,
            72.79949188232422,
            54.29751968383789
        ],
        "mae_sr": 0.4032258093357086,
        "rmsd": 1.2657101154327393,
        "dihedral_counts": [
            62,
            45,
            22,
            11
        ],
        "seq_len": 350,
        "num_sc": 62,
        "clash_info": {
            "100": {
                "num_clashes": 8,
                "num_atom_pairs": 110271,
                "energy": 0.9201931953430176
            },
            "90": {
                "num_clashes": 0,
                "num_atom_pairs": 110271,
                "energy": 0.0
            },
            "80": {
                "num_clashes": 0,
                "num_atom_pairs": 110271,
                "energy": 0.0
            }
        },
        "ca_rmsd": 94.49114990234375
    },
    "core": {
        "mean_mae": [
            1.6698287725448608,
            11.078600883483887,
            0.0,
            0.0
        ],
        "mae_sr": 0.6666666865348816,
        "rmsd": 0.516110897064209,
        "dihedral_counts": [
            3,
            2,
            0,
            0
        ],
        "seq_len": 283,
        "num_sc": 3
    },
    "surface": {
        "mean_mae": [
            43.19106674194336,
            50.573081970214844,
            72.79949188232422,
            54.29751968383789
        ],
        "mae_sr": 0.2978723347187042,
        "rmsd": 1.5244536399841309,
        "dihedral_counts": [
            47,
            36,
            22,
            11
        ],
        "seq_len": 55,
        "num_sc": 47
    }
}