{
    "all": {
        "mean_mae": [
            28.385080337524414,
            27.882783889770508,
            59.47380828857422,
            82.1912841796875
        ],
        "mae_sr": 0.5719178318977356,
        "rmsd": 0.9802948236465454,
        "dihedral_counts": [
            292,
            222,
            75,
            33
        ],
        "seq_len": 384,
        "num_sc": 292,
        "clash_info": {
            "100": {
                "num_clashes": 112,
                "num_atom_pairs": 3090279,
                "energy": 24.61719512939453
            },
            "90": {
                "num_clashes": 25,
                "num_atom_pairs": 3090279,
                "energy": 5.506583213806152
            },
            "80": {
                "num_clashes": 6,
                "num_atom_pairs": 3090279,
                "energy": 1.5744352340698242
            }
        },
        "ca_rmsd": 9.061741828918457
    },
    "core": {
        "mean_mae": [
            13.70971393585205,
            20.735965728759766,
            46.490840911865234,
            69.53996276855469
        ],
        "mae_sr": 0.7938144207000732,
        "rmsd": 0.5296507477760315,
        "dihedral_counts": [
            97,
            75,
            11,
            3
        ],
        "seq_len": 124,
        "num_sc": 97
    },
    "surface": {
        "mean_mae": [
            43.29987716674805,
            31.31877899169922,
            61.2116813659668,
            78.90399169921875
        ],
        "mae_sr": 0.4320000112056732,
        "rmsd": 1.2992783784866333,
        "dihedral_counts": [
            125,
            97,
            39,
            19
        ],
        "seq_len": 172,
        "num_sc": 125
    }
}