{
    "all": {
        "mean_mae": [
            52.19043731689453,
            51.48941421508789,
            56.29459762573242,
            59.612178802490234
        ],
        "mae_sr": 0.3100775182247162,
        "rmsd": 1.5390273332595825,
        "dihedral_counts": [
            387,
            301,
            120,
            60
        ],
        "seq_len": 495,
        "num_sc": 387,
        "clash_info": {
            "100": {
                "num_clashes": 122,
                "num_atom_pairs": 4832570,
                "energy": 23.526689529418945
            },
            "90": {
                "num_clashes": 22,
                "num_atom_pairs": 4832570,
                "energy": 3.988339424133301
            },
            "80": {
                "num_clashes": 4,
                "num_atom_pairs": 4832570,
                "energy": 0.4106619358062744
            }
        },
        "ca_rmsd": 47.10734939575195
    },
    "core": {
        "mean_mae": [
            31.88421058654785,
            32.760250091552734,
            16.958133697509766,
            115.37618255615234
        ],
        "mae_sr": 0.5,
        "rmsd": 0.9124603271484375,
        "dihedral_counts": [
            92,
            66,
            7,
            3
        ],
        "seq_len": 144,
        "num_sc": 92
    },
    "surface": {
        "mean_mae": [
            62.488372802734375,
            57.757450103759766,
            57.36576461791992,
            63.13248825073242
        ],
        "mae_sr": 0.21463415026664734,
        "rmsd": 1.8528066873550415,
        "dihedral_counts": [
            205,
            169,
            93,
            45
        ],
        "seq_len": 245,
        "num_sc": 205
    }
}