{
    "all": {
        "mean_mae": [
            40.71180725097656,
            35.61178207397461,
            58.42496871948242,
            72.32028198242188
        ],
        "mae_sr": 0.42307692766189575,
        "rmsd": 1.191089391708374,
        "dihedral_counts": [
            260,
            180,
            68,
            34
        ],
        "seq_len": 524,
        "num_sc": 260,
        "clash_info": {
            "100": {
                "num_clashes": 34,
                "num_atom_pairs": 2017035,
                "energy": 3.718863010406494
            },
            "90": {
                "num_clashes": 1,
                "num_atom_pairs": 2017035,
                "energy": 0.11662411689758301
            },
            "80": {
                "num_clashes": 0,
                "num_atom_pairs": 2017035,
                "energy": 0.0
            }
        },
        "ca_rmsd": 162.35595703125
    },
    "core": {
        "mean_mae": [
            10.30224323272705,
            13.448359489440918,
            0.0,
            0.0
        ],
        "mae_sr": 0.8947368264198303,
        "rmsd": 0.35062649846076965,
        "dihedral_counts": [
            19,
            14,
            0,
            0
        ],
        "seq_len": 234,
        "num_sc": 19
    },
    "surface": {
        "mean_mae": [
            44.618900299072266,
            38.91663360595703,
            59.05375289916992,
            71.80840301513672
        ],
        "mae_sr": 0.37727272510528564,
        "rmsd": 1.2726328372955322,
        "dihedral_counts": [
            220,
            151,
            58,
            28
        ],
        "seq_len": 267,
        "num_sc": 220
    }
}