{
    "all": {
        "mean_mae": [
            42.73897171020508,
            38.52302169799805,
            48.42636489868164,
            49.48274612426758
        ],
        "mae_sr": 0.42592594027519226,
        "rmsd": 1.2258868217468262,
        "dihedral_counts": [
            162,
            127,
            46,
            21
        ],
        "seq_len": 170,
        "num_sc": 162,
        "clash_info": {
            "100": {
                "num_clashes": 89,
                "num_atom_pairs": 730331,
                "energy": 26.35500717163086
            },
            "90": {
                "num_clashes": 28,
                "num_atom_pairs": 730331,
                "energy": 9.057586669921875
            },
            "80": {
                "num_clashes": 13,
                "num_atom_pairs": 730331,
                "energy": 2.4632465839385986
            }
        },
        "ca_rmsd": 20.50541114807129
    },
    "core": {
        "mean_mae": [
            18.76975440979004,
            11.989567756652832,
            6.756532669067383,
            7.530747890472412
        ],
        "mae_sr": 0.8125,
        "rmsd": 0.46114885807037354,
        "dihedral_counts": [
            16,
            12,
            1,
            1
        ],
        "seq_len": 16,
        "num_sc": 16
    },
    "surface": {
        "mean_mae": [
            45.89910888671875,
            41.04376983642578,
            47.28267288208008,
            53.07992935180664
        ],
        "mae_sr": 0.36800000071525574,
        "rmsd": 1.3320744037628174,
        "dihedral_counts": [
            125,
            97,
            40,
            18
        ],
        "seq_len": 132,
        "num_sc": 125
    }
}