{
    "all": {
        "mean_mae": [
            17.954238891601562,
            18.903507232666016,
            46.03153991699219,
            37.688987731933594
        ],
        "mae_sr": 0.6806282997131348,
        "rmsd": 0.6708144545555115,
        "dihedral_counts": [
            191,
            160,
            52,
            24
        ],
        "seq_len": 230,
        "num_sc": 191,
        "clash_info": {
            "100": {
                "num_clashes": 77,
                "num_atom_pairs": 1146495,
                "energy": 26.791217803955078
            },
            "90": {
                "num_clashes": 27,
                "num_atom_pairs": 1146495,
                "energy": 11.730993270874023
            },
            "80": {
                "num_clashes": 13,
                "num_atom_pairs": 1146495,
                "energy": 5.418248653411865
            }
        },
        "ca_rmsd": 5.583727836608887
    },
    "core": {
        "mean_mae": [
            12.683798789978027,
            10.762417793273926,
            17.997516632080078,
            3.897688388824463
        ],
        "mae_sr": 0.875,
        "rmsd": 0.3851620852947235,
        "dihedral_counts": [
            72,
            56,
            9,
            2
        ],
        "seq_len": 87,
        "num_sc": 72
    },
    "surface": {
        "mean_mae": [
            25.752721786499023,
            25.67323875427246,
            56.17075729370117,
            48.448116302490234
        ],
        "mae_sr": 0.47999998927116394,
        "rmsd": 0.9648345112800598,
        "dihedral_counts": [
            75,
            65,
            28,
            14
        ],
        "seq_len": 90,
        "num_sc": 75
    }
}