{
    "all": {
        "mean_mae": [
            37.80131530761719,
            35.8568000793457,
            51.26377868652344,
            56.47688674926758
        ],
        "mae_sr": 0.45352113246917725,
        "rmsd": 1.1296123266220093,
        "dihedral_counts": [
            355,
            270,
            79,
            30
        ],
        "seq_len": 547,
        "num_sc": 355,
        "clash_info": {
            "100": {
                "num_clashes": 48,
                "num_atom_pairs": 3806270,
                "energy": 7.061572074890137
            },
            "90": {
                "num_clashes": 8,
                "num_atom_pairs": 3806270,
                "energy": 0.5897433757781982
            },
            "80": {
                "num_clashes": 0,
                "num_atom_pairs": 3806270,
                "energy": 0.0
            }
        },
        "ca_rmsd": 190.32086181640625
    },
    "core": {
        "mean_mae": [
            15.236004829406738,
            15.762795448303223,
            42.377567291259766,
            0.0
        ],
        "mae_sr": 0.8235294222831726,
        "rmsd": 0.4639720916748047,
        "dihedral_counts": [
            34,
            21,
            4,
            0
        ],
        "seq_len": 162,
        "num_sc": 34
    },
    "surface": {
        "mean_mae": [
            41.52311325073242,
            39.2801399230957,
            53.54450988769531,
            62.12839889526367
        ],
        "mae_sr": 0.4063604176044464,
        "rmsd": 1.249570369720459,
        "dihedral_counts": [
            283,
            221,
            66,
            25
        ],
        "seq_len": 345,
        "num_sc": 283
    }
}