{
    "all": {
        "mean_mae": [
            42.898468017578125,
            29.61056137084961,
            67.13054656982422,
            63.4036865234375
        ],
        "mae_sr": 0.3499999940395355,
        "rmsd": 1.4216694831848145,
        "dihedral_counts": [
            40,
            35,
            21,
            9
        ],
        "seq_len": 153,
        "num_sc": 40,
        "clash_info": {
            "100": {
                "num_clashes": 30,
                "num_atom_pairs": 57321,
                "energy": 16.018016815185547
            },
            "90": {
                "num_clashes": 17,
                "num_atom_pairs": 57321,
                "energy": 8.914886474609375
            },
            "80": {
                "num_clashes": 10,
                "num_atom_pairs": 57321,
                "energy": 4.429621696472168
            }
        },
        "ca_rmsd": 16.629140853881836
    },
    "core": {
        "mean_mae": [
            5.340907573699951,
            52.28120422363281,
            70.30496978759766,
            124.45478820800781
        ],
        "mae_sr": 0.3333333432674408,
        "rmsd": 1.649308204650879,
        "dihedral_counts": [
            3,
            3,
            3,
            1
        ],
        "seq_len": 108,
        "num_sc": 3
    },
    "surface": {
        "mean_mae": [
            45.94367980957031,
            27.485187530517578,
            66.60147094726562,
            55.77229309082031
        ],
        "mae_sr": 0.3513513505458832,
        "rmsd": 1.403212308883667,
        "dihedral_counts": [
            37,
            32,
            18,
            8
        ],
        "seq_len": 45,
        "num_sc": 37
    }
}