{
    "all": {
        "mean_mae": [
            33.138916015625,
            41.63801193237305,
            38.206546783447266,
            42.290771484375
        ],
        "mae_sr": 0.5,
        "rmsd": 0.984975278377533,
        "dihedral_counts": [
            126,
            93,
            26,
            19
        ],
        "seq_len": 189,
        "num_sc": 126,
        "clash_info": {
            "100": {
                "num_clashes": 8,
                "num_atom_pairs": 522518,
                "energy": 0.615795373916626
            },
            "90": {
                "num_clashes": 1,
                "num_atom_pairs": 522518,
                "energy": 0.005108356475830078
            },
            "80": {
                "num_clashes": 0,
                "num_atom_pairs": 522518,
                "energy": 0.0
            }
        },
        "ca_rmsd": 64.72467803955078
    },
    "core": {
        "mean_mae": [
            0.0,
            0.0,
            0.0,
            0.0
        ],
        "mae_sr": 1.0,
        "rmsd": 0.0,
        "dihedral_counts": [
            0,
            0,
            0,
            0
        ],
        "seq_len": 0,
        "num_sc": 0
    },
    "surface": {
        "mean_mae": [
            33.36101531982422,
            41.638004302978516,
            38.206546783447266,
            42.290771484375
        ],
        "mae_sr": 0.4959999918937683,
        "rmsd": 0.991937518119812,
        "dihedral_counts": [
            125,
            93,
            26,
            19
        ],
        "seq_len": 169,
        "num_sc": 125
    }
}