{
    "all": {
        "mean_mae": [
            30.071260452270508,
            25.27359390258789,
            40.49527359008789,
            42.50798416137695
        ],
        "mae_sr": 0.523809552192688,
        "rmsd": 1.2908674478530884,
        "dihedral_counts": [
            21,
            14,
            12,
            9
        ],
        "seq_len": 48,
        "num_sc": 21,
        "clash_info": {
            "100": {
                "num_clashes": 1,
                "num_atom_pairs": 17640,
                "energy": 0.005255937576293945
            },
            "90": {
                "num_clashes": 0,
                "num_atom_pairs": 17640,
                "energy": 0.0
            },
            "80": {
                "num_clashes": 0,
                "num_atom_pairs": 17640,
                "energy": 0.0
            }
        },
        "ca_rmsd": 12.194258689880371
    },
    "core": {
        "mean_mae": [
            29.64764976501465,
            36.57212448120117,
            20.599477767944336,
            48.394222259521484
        ],
        "mae_sr": 0.5,
        "rmsd": 1.396567463874817,
        "dihedral_counts": [
            10,
            7,
            6,
            4
        ],
        "seq_len": 33,
        "num_sc": 10
    },
    "surface": {
        "mean_mae": [
            30.45635986328125,
            13.975067138671875,
            60.39106750488281,
            37.79900360107422
        ],
        "mae_sr": 0.5454545617103577,
        "rmsd": 1.1947764158248901,
        "dihedral_counts": [
            11,
            7,
            6,
            5
        ],
        "seq_len": 15,
        "num_sc": 11
    }
}