{
    "all": {
        "mean_mae": [
            55.96903610229492,
            46.51995086669922,
            47.323604583740234,
            29.0401554107666
        ],
        "mae_sr": 0.17218543589115143,
        "rmsd": 1.6087663173675537,
        "dihedral_counts": [
            151,
            128,
            44,
            20
        ],
        "seq_len": 161,
        "num_sc": 151,
        "clash_info": {
            "100": {
                "num_clashes": 48,
                "num_atom_pairs": 683399,
                "energy": 11.374445915222168
            },
            "90": {
                "num_clashes": 9,
                "num_atom_pairs": 683399,
                "energy": 3.5951833724975586
            },
            "80": {
                "num_clashes": 6,
                "num_atom_pairs": 683399,
                "energy": 1.265689730644226
            }
        },
        "ca_rmsd": 17.636167526245117
    },
    "core": {
        "mean_mae": [
            50.95069122314453,
            46.34162139892578,
            53.03656005859375,
            58.86559295654297
        ],
        "mae_sr": 0.20000000298023224,
        "rmsd": 1.6842337846755981,
        "dihedral_counts": [
            35,
            32,
            5,
            2
        ],
        "seq_len": 40,
        "num_sc": 35
    },
    "surface": {
        "mean_mae": [
            58.762542724609375,
            41.3724479675293,
            33.341651916503906,
            29.783756256103516
        ],
        "mae_sr": 0.18918919563293457,
        "rmsd": 1.6817492246627808,
        "dihedral_counts": [
            74,
            62,
            26,
            14
        ],
        "seq_len": 77,
        "num_sc": 74
    }
}