{
    "all": {
        "mean_mae": [
            46.65798568725586,
            47.516502380371094,
            41.35376739501953,
            56.87275314331055
        ],
        "mae_sr": 0.2526315748691559,
        "rmsd": 1.267470121383667,
        "dihedral_counts": [
            95,
            75,
            24,
            11
        ],
        "seq_len": 102,
        "num_sc": 95,
        "clash_info": {
            "100": {
                "num_clashes": 41,
                "num_atom_pairs": 256048,
                "energy": 4.954348564147949
            },
            "90": {
                "num_clashes": 3,
                "num_atom_pairs": 256048,
                "energy": 0.6585297584533691
            },
            "80": {
                "num_clashes": 1,
                "num_atom_pairs": 256048,
                "energy": 0.26800990104675293
            }
        },
        "ca_rmsd": 3.4377448558807373
    },
    "core": {
        "mean_mae": [
            25.20722198486328,
            39.59182357788086,
            122.30609130859375,
            93.10478973388672
        ],
        "mae_sr": 0.3333333432674408,
        "rmsd": 0.8451241850852966,
        "dihedral_counts": [
            12,
            11,
            2,
            1
        ],
        "seq_len": 12,
        "num_sc": 12
    },
    "surface": {
        "mean_mae": [
            49.530601501464844,
            51.166011810302734,
            38.60297393798828,
            45.27071762084961
        ],
        "mae_sr": 0.26229506731033325,
        "rmsd": 1.4117939472198486,
        "dihedral_counts": [
            61,
            47,
            16,
            6
        ],
        "seq_len": 65,
        "num_sc": 61
    }
}