{
    "all": {
        "mean_mae": [
            50.98046875,
            41.5131950378418,
            57.3197021484375,
            34.62165069580078
        ],
        "mae_sr": 0.43063583970069885,
        "rmsd": 1.5168107748031616,
        "dihedral_counts": [
            346,
            244,
            56,
            27
        ],
        "seq_len": 538,
        "num_sc": 346,
        "clash_info": {
            "100": {
                "num_clashes": 156,
                "num_atom_pairs": 3827750,
                "energy": 34.369380950927734
            },
            "90": {
                "num_clashes": 33,
                "num_atom_pairs": 3827750,
                "energy": 9.038619995117188
            },
            "80": {
                "num_clashes": 9,
                "num_atom_pairs": 3827750,
                "energy": 2.9242069721221924
            }
        },
        "ca_rmsd": 34.15681457519531
    },
    "core": {
        "mean_mae": [
            50.53029251098633,
            53.919471740722656,
            81.37626647949219,
            135.00978088378906
        ],
        "mae_sr": 0.41999998688697815,
        "rmsd": 1.4750643968582153,
        "dihedral_counts": [
            150,
            98,
            17,
            2
        ],
        "seq_len": 293,
        "num_sc": 150
    },
    "surface": {
        "mean_mae": [
            51.68503952026367,
            35.89010238647461,
            27.179601669311523,
            27.351314544677734
        ],
        "mae_sr": 0.4150943458080292,
        "rmsd": 1.586443543434143,
        "dihedral_counts": [
            106,
            82,
            24,
            15
        ],
        "seq_len": 131,
        "num_sc": 106
    }
}