{
    "all": {
        "mean_mae": [
            40.19820785522461,
            34.91608428955078,
            40.870059967041016,
            51.66867446899414
        ],
        "mae_sr": 0.3888888955116272,
        "rmsd": 1.2489688396453857,
        "dihedral_counts": [
            90,
            74,
            34,
            15
        ],
        "seq_len": 101,
        "num_sc": 90,
        "clash_info": {
            "100": {
                "num_clashes": 14,
                "num_atom_pairs": 232470,
                "energy": 3.0050594806671143
            },
            "90": {
                "num_clashes": 3,
                "num_atom_pairs": 232470,
                "energy": 1.218160629272461
            },
            "80": {
                "num_clashes": 2,
                "num_atom_pairs": 232470,
                "energy": 0.47959399223327637
            }
        },
        "ca_rmsd": 21.208328247070312
    },
    "core": {
        "mean_mae": [
            0.0,
            0.0,
            0.0,
            0.0
        ],
        "mae_sr": 1.0,
        "rmsd": 0.0,
        "dihedral_counts": [
            0,
            0,
            0,
            0
        ],
        "seq_len": 0,
        "num_sc": 0
    },
    "surface": {
        "mean_mae": [
            40.19820785522461,
            34.91608428955078,
            40.870059967041016,
            51.66867446899414
        ],
        "mae_sr": 0.3888888955116272,
        "rmsd": 1.2489688396453857,
        "dihedral_counts": [
            90,
            74,
            34,
            15
        ],
        "seq_len": 101,
        "num_sc": 90
    }
}