{
    "all": {
        "mean_mae": [
            13.38148021697998,
            12.850362777709961,
            28.86983299255371,
            38.10895919799805
        ],
        "mae_sr": 0.8365384340286255,
        "rmsd": 0.48877203464508057,
        "dihedral_counts": [
            104,
            60,
            15,
            7
        ],
        "seq_len": 138,
        "num_sc": 104,
        "clash_info": {
            "100": {
                "num_clashes": 39,
                "num_atom_pairs": 318855,
                "energy": 8.816307067871094
            },
            "90": {
                "num_clashes": 11,
                "num_atom_pairs": 318855,
                "energy": 2.3901920318603516
            },
            "80": {
                "num_clashes": 3,
                "num_atom_pairs": 318855,
                "energy": 0.49672722816467285
            }
        },
        "ca_rmsd": 24.8691463470459
    },
    "core": {
        "mean_mae": [
            4.7463812828063965,
            7.259252071380615,
            4.444820880889893,
            8.931346893310547
        ],
        "mae_sr": 1.0,
        "rmsd": 0.26867935061454773,
        "dihedral_counts": [
            27,
            15,
            1,
            1
        ],
        "seq_len": 30,
        "num_sc": 27
    },
    "surface": {
        "mean_mae": [
            20.158058166503906,
            18.329347610473633,
            44.64707946777344,
            62.28029251098633
        ],
        "mae_sr": 0.692307710647583,
        "rmsd": 0.6779977083206177,
        "dihedral_counts": [
            52,
            32,
            9,
            4
        ],
        "seq_len": 76,
        "num_sc": 52
    }
}