{
    "all": {
        "mean_mae": [
            16.364267349243164,
            19.557926177978516,
            30.005155563354492,
            50.70071792602539
        ],
        "mae_sr": 0.726190447807312,
        "rmsd": 0.6805928945541382,
        "dihedral_counts": [
            84,
            72,
            21,
            9
        ],
        "seq_len": 98,
        "num_sc": 84,
        "clash_info": {
            "100": {
                "num_clashes": 24,
                "num_atom_pairs": 231869,
                "energy": 3.3315393924713135
            },
            "90": {
                "num_clashes": 1,
                "num_atom_pairs": 231869,
                "energy": 0.7134966850280762
            },
            "80": {
                "num_clashes": 1,
                "num_atom_pairs": 231869,
                "energy": 0.3964967727661133
            }
        },
        "ca_rmsd": 0.37883511185646057
    },
    "core": {
        "mean_mae": [
            2.6524012088775635,
            17.245162963867188,
            2.355534315109253,
            0.0
        ],
        "mae_sr": 0.8888888955116272,
        "rmsd": 0.24612492322921753,
        "dihedral_counts": [
            9,
            8,
            1,
            0
        ],
        "seq_len": 13,
        "num_sc": 9
    },
    "surface": {
        "mean_mae": [
            24.412506103515625,
            21.86679458618164,
            32.6612663269043,
            73.3232650756836
        ],
        "mae_sr": 0.6274510025978088,
        "rmsd": 0.8712615370750427,
        "dihedral_counts": [
            51,
            41,
            14,
            6
        ],
        "seq_len": 60,
        "num_sc": 51
    }
}