{
    "all": {
        "mean_mae": [
            17.8145809173584,
            20.185354232788086,
            40.5355339050293,
            59.08407974243164
        ],
        "mae_sr": 0.6458333134651184,
        "rmsd": 0.6446760296821594,
        "dihedral_counts": [
            144,
            115,
            34,
            18
        ],
        "seq_len": 186,
        "num_sc": 144,
        "clash_info": {
            "100": {
                "num_clashes": 65,
                "num_atom_pairs": 685126,
                "energy": 13.934650421142578
            },
            "90": {
                "num_clashes": 10,
                "num_atom_pairs": 685126,
                "energy": 3.461564064025879
            },
            "80": {
                "num_clashes": 3,
                "num_atom_pairs": 685126,
                "energy": 1.664983868598938
            }
        },
        "ca_rmsd": 14.453522682189941
    },
    "core": {
        "mean_mae": [
            10.426457405090332,
            10.339789390563965,
            42.48192596435547,
            24.49122428894043
        ],
        "mae_sr": 0.8199999928474426,
        "rmsd": 0.39740830659866333,
        "dihedral_counts": [
            50,
            36,
            8,
            3
        ],
        "seq_len": 62,
        "num_sc": 50
    },
    "surface": {
        "mean_mae": [
            27.92642593383789,
            32.177330017089844,
            38.71516036987305,
            77.53704833984375
        ],
        "mae_sr": 0.4464285671710968,
        "rmsd": 1.0076042413711548,
        "dihedral_counts": [
            56,
            47,
            18,
            12
        ],
        "seq_len": 65,
        "num_sc": 56
    }
}