{
    "all": {
        "mean_mae": [
            48.306312561035156,
            48.092227935791016,
            51.23849868774414,
            48.20751953125
        ],
        "mae_sr": 0.290909081697464,
        "rmsd": 1.4789845943450928,
        "dihedral_counts": [
            440,
            364,
            121,
            66
        ],
        "seq_len": 464,
        "num_sc": 440,
        "clash_info": {
            "100": {
                "num_clashes": 151,
                "num_atom_pairs": 5583048,
                "energy": 30.47490692138672
            },
            "90": {
                "num_clashes": 24,
                "num_atom_pairs": 5583048,
                "energy": 10.117325782775879
            },
            "80": {
                "num_clashes": 10,
                "num_atom_pairs": 5583048,
                "energy": 5.176290512084961
            }
        },
        "ca_rmsd": 36.99684524536133
    },
    "core": {
        "mean_mae": [
            28.012893676757812,
            44.164207458496094,
            97.6670913696289,
            101.44276428222656
        ],
        "mae_sr": 0.31111112236976624,
        "rmsd": 0.9416001439094543,
        "dihedral_counts": [
            45,
            40,
            5,
            2
        ],
        "seq_len": 48,
        "num_sc": 45
    },
    "surface": {
        "mean_mae": [
            54.05551528930664,
            48.082523345947266,
            46.619510650634766,
            47.090118408203125
        ],
        "mae_sr": 0.2666666805744171,
        "rmsd": 1.6646192073822021,
        "dihedral_counts": [
            285,
            234,
            98,
            55
        ],
        "seq_len": 303,
        "num_sc": 285
    }
}