{
    "all": {
        "mean_mae": [
            46.9142951965332,
            43.040992736816406,
            58.59510040283203,
            62.05914306640625
        ],
        "mae_sr": 0.3146258592605591,
        "rmsd": 1.3638352155685425,
        "dihedral_counts": [
            588,
            477,
            154,
            78
        ],
        "seq_len": 631,
        "num_sc": 588,
        "clash_info": {
            "100": {
                "num_clashes": 217,
                "num_atom_pairs": 9951011,
                "energy": 48.215885162353516
            },
            "90": {
                "num_clashes": 47,
                "num_atom_pairs": 9951011,
                "energy": 13.663344383239746
            },
            "80": {
                "num_clashes": 20,
                "num_atom_pairs": 9951011,
                "energy": 4.29735803604126
            }
        },
        "ca_rmsd": 10.893617630004883
    },
    "core": {
        "mean_mae": [
            37.68504333496094,
            38.156124114990234,
            60.56954574584961,
            138.8845672607422
        ],
        "mae_sr": 0.49367088079452515,
        "rmsd": 0.9440532922744751,
        "dihedral_counts": [
            79,
            55,
            7,
            4
        ],
        "seq_len": 84,
        "num_sc": 79
    },
    "surface": {
        "mean_mae": [
            52.749664306640625,
            43.947086334228516,
            53.14852523803711,
            57.49708938598633
        ],
        "mae_sr": 0.25217390060424805,
        "rmsd": 1.5496307611465454,
        "dihedral_counts": [
            345,
            286,
            111,
            56
        ],
        "seq_len": 372,
        "num_sc": 345
    }
}