{
    "all": {
        "rmsd": 1.0792611837387085,
        "mae_sr": 0.46575024724006653,
        "mean_mae": [
            35.17559814453125,
            32.382938385009766,
            50.01797866821289,
            52.41867446899414
        ],
        "dihedral_counts": [
            14707,
            11279,
            3812,
            1806
        ],
        "num_sc": 14708,
        "mean_seq_len": 295.43939208984375,
        "ca_rmsd": 27.038503646850586,
        "clash_info": {
            "100": {
                "energy": 20.51650047302246,
                "num_atom_pairs": 2408173.5,
                "num_clashes": 95.13636016845703
            },
            "90": {
                "energy": 5.659128665924072,
                "num_atom_pairs": 2408173.5,
                "num_clashes": 19.454545974731445
            },
            "80": {
                "energy": 2.0063343048095703,
                "num_atom_pairs": 2408173.5,
                "num_clashes": 6.348484992980957
            }
        }
    },
    "core": {
        "rmsd": 0.6717119812965393,
        "mae_sr": 0.6620946526527405,
        "mean_mae": [
            20.571956634521484,
            22.429790496826172,
            38.58102798461914,
            36.82643508911133
        ],
        "dihedral_counts": [
            3867,
            2834,
            541,
            230
        ],
        "num_sc": 3867,
        "mean_seq_len": 105.54545593261719
    },
    "surface": {
        "rmsd": 1.2851333618164062,
        "mae_sr": 0.37050387263298035,
        "mean_mae": [
            42.22848129272461,
            37.5244255065918,
            50.31105041503906,
            54.516292572021484
        ],
        "dihedral_counts": [
            7341,
            5728,
            2428,
            1164
        ],
        "num_sc": 7342,
        "mean_seq_len": 128.56060791015625
    }
}