{
    "all": {
        "mean_mae": [
            26.65283203125,
            35.88341522216797,
            47.04829025268555,
            70.24626159667969
        ],
        "mae_sr": 0.529411792755127,
        "rmsd": 0.8579279780387878,
        "dihedral_counts": [
            204,
            136,
            39,
            12
        ],
        "seq_len": 289,
        "num_sc": 204,
        "clash_info": {
            "100": {
                "num_clashes": 20,
                "num_atom_pairs": 1392006,
                "energy": 1.019989252090454
            },
            "90": {
                "num_clashes": 0,
                "num_atom_pairs": 1392006,
                "energy": 0.0
            },
            "80": {
                "num_clashes": 0,
                "num_atom_pairs": 1392006,
                "energy": 0.0
            }
        },
        "ca_rmsd": 131.70045471191406
    },
    "core": {
        "mean_mae": [
            22.829450607299805,
            32.93021774291992,
            64.2116470336914,
            57.95684051513672
        ],
        "mae_sr": 0.5882353186607361,
        "rmsd": 0.6368250846862793,
        "dihedral_counts": [
            68,
            38,
            10,
            2
        ],
        "seq_len": 124,
        "num_sc": 68
    },
    "surface": {
        "mean_mae": [
            32.029457092285156,
            37.07205581665039,
            47.90435028076172,
            71.53794860839844
        ],
        "mae_sr": 0.4285714328289032,
        "rmsd": 1.0860868692398071,
        "dihedral_counts": [
            84,
            62,
            18,
            7
        ],
        "seq_len": 106,
        "num_sc": 84
    }
}