{
    "all": {
        "mean_mae": [
            20.328495025634766,
            24.57584571838379,
            41.429630279541016,
            64.39161682128906
        ],
        "mae_sr": 0.5780141949653625,
        "rmsd": 0.8105467557907104,
        "dihedral_counts": [
            282,
            231,
            85,
            41
        ],
        "seq_len": 370,
        "num_sc": 282,
        "clash_info": {
            "100": {
                "num_clashes": 76,
                "num_atom_pairs": 2864125,
                "energy": 7.753371715545654
            },
            "90": {
                "num_clashes": 1,
                "num_atom_pairs": 2864125,
                "energy": 0.06864213943481445
            },
            "80": {
                "num_clashes": 0,
                "num_atom_pairs": 2864125,
                "energy": 0.0
            }
        },
        "ca_rmsd": 7.159914493560791
    },
    "core": {
        "mean_mae": [
            14.186668395996094,
            15.605095863342285,
            27.289213180541992,
            52.32268142700195
        ],
        "mae_sr": 0.7586206793785095,
        "rmsd": 0.5080541372299194,
        "dihedral_counts": [
            116,
            87,
            22,
            12
        ],
        "seq_len": 170,
        "num_sc": 116
    },
    "surface": {
        "mean_mae": [
            27.769994735717773,
            31.771329879760742,
            46.05604553222656,
            64.62007141113281
        ],
        "mae_sr": 0.4270833432674408,
        "rmsd": 1.119618535041809,
        "dihedral_counts": [
            96,
            85,
            43,
            19
        ],
        "seq_len": 118,
        "num_sc": 96
    }
}