{
    "all": {
        "mean_mae": [
            18.882612228393555,
            37.17635726928711,
            56.36299133300781,
            57.58824157714844
        ],
        "mae_sr": 0.5135135054588318,
        "rmsd": 1.033774971961975,
        "dihedral_counts": [
            37,
            26,
            17,
            12
        ],
        "seq_len": 48,
        "num_sc": 37,
        "clash_info": {
            "100": {
                "num_clashes": 6,
                "num_atom_pairs": 45925,
                "energy": 0.5424578189849854
            },
            "90": {
                "num_clashes": 0,
                "num_atom_pairs": 45925,
                "energy": 0.0
            },
            "80": {
                "num_clashes": 0,
                "num_atom_pairs": 45925,
                "energy": 0.0
            }
        },
        "ca_rmsd": 9.954249382019043
    },
    "core": {
        "mean_mae": [
            0.0,
            0.0,
            0.0,
            0.0
        ],
        "mae_sr": 1.0,
        "rmsd": 0.0,
        "dihedral_counts": [
            0,
            0,
            0,
            0
        ],
        "seq_len": 0,
        "num_sc": 0
    },
    "surface": {
        "mean_mae": [
            18.882612228393555,
            37.17635726928711,
            56.36299133300781,
            57.58824157714844
        ],
        "mae_sr": 0.5135135054588318,
        "rmsd": 1.033774971961975,
        "dihedral_counts": [
            37,
            26,
            17,
            12
        ],
        "seq_len": 48,
        "num_sc": 37
    }
}