{
    "all": {
        "mean_mae": [
            34.08740997314453,
            30.421247482299805,
            53.89945983886719,
            53.03636169433594
        ],
        "mae_sr": 0.4554455578327179,
        "rmsd": 0.9295477867126465,
        "dihedral_counts": [
            303,
            232,
            72,
            32
        ],
        "seq_len": 390,
        "num_sc": 303,
        "clash_info": {
            "100": {
                "num_clashes": 27,
                "num_atom_pairs": 2730574,
                "energy": 2.2017643451690674
            },
            "90": {
                "num_clashes": 1,
                "num_atom_pairs": 2730574,
                "energy": 0.03555941581726074
            },
            "80": {
                "num_clashes": 0,
                "num_atom_pairs": 2730574,
                "energy": 0.0
            }
        },
        "ca_rmsd": 117.57958221435547
    },
    "core": {
        "mean_mae": [
            35.214351654052734,
            30.824472427368164,
            59.70753860473633,
            40.145259857177734
        ],
        "mae_sr": 0.5,
        "rmsd": 0.866567075252533,
        "dihedral_counts": [
            30,
            16,
            7,
            3
        ],
        "seq_len": 67,
        "num_sc": 30
    },
    "surface": {
        "mean_mae": [
            33.93778991699219,
            31.459007263183594,
            56.43461608886719,
            58.91054916381836
        ],
        "mae_sr": 0.43852460384368896,
        "rmsd": 0.9390429258346558,
        "dihedral_counts": [
            244,
            190,
            55,
            26
        ],
        "seq_len": 291,
        "num_sc": 244
    }
}