{
    "all": {
        "mean_mae": [
            42.46398162841797,
            38.27849197387695,
            56.333885192871094,
            61.93882369995117
        ],
        "mae_sr": 0.36138615012168884,
        "rmsd": 1.3677228689193726,
        "dihedral_counts": [
            202,
            154,
            36,
            20
        ],
        "seq_len": 241,
        "num_sc": 202,
        "clash_info": {
            "100": {
                "num_clashes": 58,
                "num_atom_pairs": 1256288,
                "energy": 7.059059143066406
            },
            "90": {
                "num_clashes": 2,
                "num_atom_pairs": 1256288,
                "energy": 0.2166304588317871
            },
            "80": {
                "num_clashes": 0,
                "num_atom_pairs": 1256288,
                "energy": 0.0
            }
        },
        "ca_rmsd": 22.669713973999023
    },
    "core": {
        "mean_mae": [
            40.253562927246094,
            31.6220760345459,
            59.16890335083008,
            74.6380844116211
        ],
        "mae_sr": 0.5142857432365417,
        "rmsd": 1.1776212453842163,
        "dihedral_counts": [
            35,
            28,
            3,
            2
        ],
        "seq_len": 40,
        "num_sc": 35
    },
    "surface": {
        "mean_mae": [
            44.582584381103516,
            45.258644104003906,
            59.60847091674805,
            47.72685623168945
        ],
        "mae_sr": 0.30158731341362,
        "rmsd": 1.418604850769043,
        "dihedral_counts": [
            126,
            91,
            25,
            12
        ],
        "seq_len": 155,
        "num_sc": 126
    }
}