{
    "all": {
        "mean_mae": [
            31.871097564697266,
            28.61717987060547,
            52.43561935424805,
            61.22509765625
        ],
        "mae_sr": 0.503164529800415,
        "rmsd": 0.8800363540649414,
        "dihedral_counts": [
            316,
            238,
            71,
            31
        ],
        "seq_len": 518,
        "num_sc": 316,
        "clash_info": {
            "100": {
                "num_clashes": 29,
                "num_atom_pairs": 3186781,
                "energy": 3.5712320804595947
            },
            "90": {
                "num_clashes": 4,
                "num_atom_pairs": 3186781,
                "energy": 0.35675787925720215
            },
            "80": {
                "num_clashes": 0,
                "num_atom_pairs": 3186781,
                "energy": 0.0
            }
        },
        "ca_rmsd": 155.99964904785156
    },
    "core": {
        "mean_mae": [
            29.77035140991211,
            33.926124572753906,
            42.390663146972656,
            55.26936721801758
        ],
        "mae_sr": 0.5600000023841858,
        "rmsd": 0.6848947405815125,
        "dihedral_counts": [
            25,
            17,
            4,
            2
        ],
        "seq_len": 151,
        "num_sc": 25
    },
    "surface": {
        "mean_mae": [
            33.249027252197266,
            28.06010627746582,
            54.98899459838867,
            56.668983459472656
        ],
        "mae_sr": 0.49805447459220886,
        "rmsd": 0.9149825572967529,
        "dihedral_counts": [
            257,
            197,
            61,
            26
        ],
        "seq_len": 326,
        "num_sc": 257
    }
}