{
    "all": {
        "mean_mae": [
            27.486114501953125,
            21.049598693847656,
            64.69081115722656,
            26.022024154663086
        ],
        "mae_sr": 0.6060606241226196,
        "rmsd": 0.8298305869102478,
        "dihedral_counts": [
            66,
            47,
            20,
            12
        ],
        "seq_len": 116,
        "num_sc": 66,
        "clash_info": {
            "100": {
                "num_clashes": 12,
                "num_atom_pairs": 153348,
                "energy": 1.502877950668335
            },
            "90": {
                "num_clashes": 1,
                "num_atom_pairs": 153348,
                "energy": 0.12822937965393066
            },
            "80": {
                "num_clashes": 0,
                "num_atom_pairs": 153348,
                "energy": 0.0
            }
        },
        "ca_rmsd": 20.16042709350586
    },
    "core": {
        "mean_mae": [
            5.584568500518799,
            7.514651298522949,
            7.5018696784973145,
            8.356038093566895
        ],
        "mae_sr": 1.0,
        "rmsd": 0.3131452798843384,
        "dihedral_counts": [
            15,
            10,
            3,
            3
        ],
        "seq_len": 55,
        "num_sc": 15
    },
    "surface": {
        "mean_mae": [
            34.0062370300293,
            29.247135162353516,
            70.89518737792969,
            41.67038345336914
        ],
        "mae_sr": 0.42500001192092896,
        "rmsd": 0.9871125221252441,
        "dihedral_counts": [
            40,
            28,
            14,
            6
        ],
        "seq_len": 47,
        "num_sc": 40
    }
}