{
    "all": {
        "mean_mae": [
            23.692522048950195,
            23.752843856811523,
            53.67032241821289,
            65.40462493896484
        ],
        "mae_sr": 0.6164383292198181,
        "rmsd": 0.8241850733757019,
        "dihedral_counts": [
            292,
            222,
            75,
            33
        ],
        "seq_len": 384,
        "num_sc": 292,
        "clash_info": {
            "100": {
                "num_clashes": 63,
                "num_atom_pairs": 3090279,
                "energy": 5.86119270324707
            },
            "90": {
                "num_clashes": 2,
                "num_atom_pairs": 3090279,
                "energy": 0.006941556930541992
            },
            "80": {
                "num_clashes": 0,
                "num_atom_pairs": 3090279,
                "energy": 0.0
            }
        },
        "ca_rmsd": 9.061741828918457
    },
    "core": {
        "mean_mae": [
            13.301068305969238,
            17.11945915222168,
            31.061647415161133,
            56.05802536010742
        ],
        "mae_sr": 0.8247422575950623,
        "rmsd": 0.44669708609580994,
        "dihedral_counts": [
            97,
            75,
            11,
            3
        ],
        "seq_len": 124,
        "num_sc": 97
    },
    "surface": {
        "mean_mae": [
            35.590782165527344,
            26.74370574951172,
            56.01594543457031,
            67.71162414550781
        ],
        "mae_sr": 0.46399998664855957,
        "rmsd": 1.1009141206741333,
        "dihedral_counts": [
            125,
            97,
            39,
            19
        ],
        "seq_len": 172,
        "num_sc": 125
    }
}