{
    "all": {
        "mean_mae": [
            30.420684814453125,
            34.74365234375,
            52.69049072265625,
            56.92601776123047
        ],
        "mae_sr": 0.43529412150382996,
        "rmsd": 0.999109148979187,
        "dihedral_counts": [
            255,
            198,
            78,
            36
        ],
        "seq_len": 653,
        "num_sc": 255,
        "clash_info": {
            "100": {
                "num_clashes": 44,
                "num_atom_pairs": 1935960,
                "energy": 3.0297417640686035
            },
            "90": {
                "num_clashes": 0,
                "num_atom_pairs": 1935960,
                "energy": 0.0
            },
            "80": {
                "num_clashes": 0,
                "num_atom_pairs": 1935960,
                "energy": 0.0
            }
        },
        "ca_rmsd": 257.85565185546875
    },
    "core": {
        "mean_mae": [
            17.382200241088867,
            25.876750946044922,
            41.63223648071289,
            59.47809982299805
        ],
        "mae_sr": 0.6597937941551208,
        "rmsd": 0.6668307185173035,
        "dihedral_counts": [
            97,
            71,
            17,
            10
        ],
        "seq_len": 467,
        "num_sc": 97
    },
    "surface": {
        "mean_mae": [
            44.06765365600586,
            47.46546173095703,
            58.89801025390625,
            39.23921203613281
        ],
        "mae_sr": 0.24074074625968933,
        "rmsd": 1.336963176727295,
        "dihedral_counts": [
            108,
            83,
            44,
            17
        ],
        "seq_len": 125,
        "num_sc": 108
    }
}