{
    "all": {
        "mean_mae": [
            55.60171890258789,
            44.823917388916016,
            70.91138458251953,
            60.512847900390625
        ],
        "mae_sr": 0.16393442451953888,
        "rmsd": 1.550703525543213,
        "dihedral_counts": [
            61,
            54,
            30,
            6
        ],
        "seq_len": 109,
        "num_sc": 61,
        "clash_info": {
            "100": {
                "num_clashes": 3,
                "num_atom_pairs": 121380,
                "energy": 0.8991601467132568
            },
            "90": {
                "num_clashes": 2,
                "num_atom_pairs": 121380,
                "energy": 0.24716877937316895
            },
            "80": {
                "num_clashes": 0,
                "num_atom_pairs": 121380,
                "energy": 0.0
            }
        },
        "ca_rmsd": 111.30352020263672
    },
    "core": {
        "mean_mae": [
            0.0,
            0.0,
            0.0,
            0.0
        ],
        "mae_sr": 1.0,
        "rmsd": 0.0,
        "dihedral_counts": [
            0,
            0,
            0,
            0
        ],
        "seq_len": 40,
        "num_sc": 0
    },
    "surface": {
        "mean_mae": [
            55.601722717285156,
            44.82392120361328,
            70.91138458251953,
            60.51285171508789
        ],
        "mae_sr": 0.16393442451953888,
        "rmsd": 1.550703525543213,
        "dihedral_counts": [
            61,
            54,
            30,
            6
        ],
        "seq_len": 69,
        "num_sc": 61
    }
}