{
    "all": {
        "mean_mae": [
            22.505861282348633,
            18.43655014038086,
            46.65763854980469,
            32.50447463989258
        ],
        "mae_sr": 0.6038960814476013,
        "rmsd": 0.6486204266548157,
        "dihedral_counts": [
            308,
            224,
            77,
            39
        ],
        "seq_len": 404,
        "num_sc": 308,
        "clash_info": {
            "100": {
                "num_clashes": 141,
                "num_atom_pairs": 3073073,
                "energy": 26.60791778564453
            },
            "90": {
                "num_clashes": 33,
                "num_atom_pairs": 3073073,
                "energy": 6.447458744049072
            },
            "80": {
                "num_clashes": 9,
                "num_atom_pairs": 3073073,
                "energy": 0.7971851825714111
            }
        },
        "ca_rmsd": 13.834365844726562
    },
    "core": {
        "mean_mae": [
            19.820602416992188,
            18.218097686767578,
            54.48464584350586,
            30.326923370361328
        ],
        "mae_sr": 0.6554054021835327,
        "rmsd": 0.6147472262382507,
        "dihedral_counts": [
            148,
            107,
            33,
            15
        ],
        "seq_len": 213,
        "num_sc": 148
    },
    "surface": {
        "mean_mae": [
            27.446210861206055,
            21.45062828063965,
            41.961883544921875,
            34.30294418334961
        ],
        "mae_sr": 0.5544554591178894,
        "rmsd": 0.7147612571716309,
        "dihedral_counts": [
            101,
            74,
            27,
            14
        ],
        "seq_len": 118,
        "num_sc": 101
    }
}