{
    "all": {
        "mean_mae": [
            27.048885345458984,
            36.38428497314453,
            51.790645599365234,
            45.21023178100586
        ],
        "mae_sr": 0.43911439180374146,
        "rmsd": 0.8585656881332397,
        "dihedral_counts": [
            271,
            200,
            76,
            29
        ],
        "seq_len": 338,
        "num_sc": 271,
        "clash_info": {
            "100": {
                "num_clashes": 64,
                "num_atom_pairs": 2357222,
                "energy": 12.256138801574707
            },
            "90": {
                "num_clashes": 12,
                "num_atom_pairs": 2357222,
                "energy": 2.0590147972106934
            },
            "80": {
                "num_clashes": 3,
                "num_atom_pairs": 2357222,
                "energy": 0.1297593116760254
            }
        },
        "ca_rmsd": 21.210905075073242
    },
    "core": {
        "mean_mae": [
            15.631617546081543,
            27.40264892578125,
            32.37718963623047,
            21.38550567626953
        ],
        "mae_sr": 0.6000000238418579,
        "rmsd": 0.5837079286575317,
        "dihedral_counts": [
            50,
            31,
            4,
            4
        ],
        "seq_len": 64,
        "num_sc": 50
    },
    "surface": {
        "mean_mae": [
            35.73154067993164,
            42.32762908935547,
            54.01593780517578,
            57.572181701660156
        ],
        "mae_sr": 0.337579607963562,
        "rmsd": 1.0664421319961548,
        "dihedral_counts": [
            157,
            119,
            57,
            19
        ],
        "seq_len": 197,
        "num_sc": 157
    }
}