{
    "all": {
        "mean_mae": [
            24.469396591186523,
            26.801992416381836,
            62.895015716552734,
            45.827796936035156
        ],
        "mae_sr": 0.5519999861717224,
        "rmsd": 0.7498539686203003,
        "dihedral_counts": [
            125,
            97,
            28,
            14
        ],
        "seq_len": 142,
        "num_sc": 125,
        "clash_info": {
            "100": {
                "num_clashes": 68,
                "num_atom_pairs": 499612,
                "energy": 14.807623863220215
            },
            "90": {
                "num_clashes": 19,
                "num_atom_pairs": 499612,
                "energy": 3.140556812286377
            },
            "80": {
                "num_clashes": 3,
                "num_atom_pairs": 499612,
                "energy": 0.2162494659423828
            }
        },
        "ca_rmsd": 2.15934681892395
    },
    "core": {
        "mean_mae": [
            19.92200469970703,
            15.237781524658203,
            50.132137298583984,
            0.0
        ],
        "mae_sr": 0.75,
        "rmsd": 0.5574325919151306,
        "dihedral_counts": [
            44,
            33,
            4,
            0
        ],
        "seq_len": 53,
        "num_sc": 44
    },
    "surface": {
        "mean_mae": [
            30.620342254638672,
            39.52252197265625,
            63.724212646484375,
            48.125423431396484
        ],
        "mae_sr": 0.3166666626930237,
        "rmsd": 1.009252905845642,
        "dihedral_counts": [
            60,
            50,
            21,
            13
        ],
        "seq_len": 66,
        "num_sc": 60
    }
}