{
    "all": {
        "mean_mae": [
            28.885435104370117,
            18.636150360107422,
            36.30820083618164,
            70.4955825805664
        ],
        "mae_sr": 0.5373134613037109,
        "rmsd": 0.8539746999740601,
        "dihedral_counts": [
            67,
            53,
            26,
            9
        ],
        "seq_len": 97,
        "num_sc": 67,
        "clash_info": {
            "100": {
                "num_clashes": 10,
                "num_atom_pairs": 137256,
                "energy": 1.3746919631958008
            },
            "90": {
                "num_clashes": 0,
                "num_atom_pairs": 137256,
                "energy": 0.0
            },
            "80": {
                "num_clashes": 0,
                "num_atom_pairs": 137256,
                "energy": 0.0
            }
        },
        "ca_rmsd": 16.720014572143555
    },
    "core": {
        "mean_mae": [
            19.146942138671875,
            6.316802978515625,
            0.0,
            0.0
        ],
        "mae_sr": 0.8181818127632141,
        "rmsd": 0.41496947407722473,
        "dihedral_counts": [
            11,
            6,
            0,
            0
        ],
        "seq_len": 33,
        "num_sc": 11
    },
    "surface": {
        "mean_mae": [
            34.398895263671875,
            22.829078674316406,
            34.27798080444336,
            70.49559020996094
        ],
        "mae_sr": 0.41025641560554504,
        "rmsd": 1.0771726369857788,
        "dihedral_counts": [
            39,
            34,
            20,
            9
        ],
        "seq_len": 46,
        "num_sc": 39
    }
}