{
    "all": {
        "mean_mae": [
            34.03168869018555,
            29.979434967041016,
            34.324344635009766,
            32.09145736694336
        ],
        "mae_sr": 0.5384615659713745,
        "rmsd": 0.9108821153640747,
        "dihedral_counts": [
            91,
            63,
            17,
            7
        ],
        "seq_len": 106,
        "num_sc": 91,
        "clash_info": {
            "100": {
                "num_clashes": 27,
                "num_atom_pairs": 244617,
                "energy": 6.230231285095215
            },
            "90": {
                "num_clashes": 7,
                "num_atom_pairs": 244617,
                "energy": 0.9354848861694336
            },
            "80": {
                "num_clashes": 1,
                "num_atom_pairs": 244617,
                "energy": 0.06982564926147461
            }
        },
        "ca_rmsd": 26.351072311401367
    },
    "core": {
        "mean_mae": [
            29.508625030517578,
            26.001081466674805,
            125.45978546142578,
            46.95703125
        ],
        "mae_sr": 0.7333333492279053,
        "rmsd": 0.8722856640815735,
        "dihedral_counts": [
            15,
            11,
            1,
            1
        ],
        "seq_len": 15,
        "num_sc": 15
    },
    "surface": {
        "mean_mae": [
            40.082759857177734,
            33.963504791259766,
            32.51068115234375,
            42.515167236328125
        ],
        "mae_sr": 0.4423076808452606,
        "rmsd": 1.007548213005066,
        "dihedral_counts": [
            52,
            39,
            12,
            3
        ],
        "seq_len": 66,
        "num_sc": 52
    }
}