{
    "all": {
        "mean_mae": [
            21.269182205200195,
            38.447723388671875,
            38.004066467285156,
            68.40050506591797
        ],
        "mae_sr": 0.4375,
        "rmsd": 1.0891103744506836,
        "dihedral_counts": [
            48,
            47,
            20,
            7
        ],
        "seq_len": 73,
        "num_sc": 48,
        "clash_info": {
            "100": {
                "num_clashes": 15,
                "num_atom_pairs": 117455,
                "energy": 2.0489723682403564
            },
            "90": {
                "num_clashes": 1,
                "num_atom_pairs": 117455,
                "energy": 0.04150509834289551
            },
            "80": {
                "num_clashes": 0,
                "num_atom_pairs": 117455,
                "energy": 0.0
            }
        },
        "ca_rmsd": 4.60778284072876
    },
    "core": {
        "mean_mae": [
            4.563940525054932,
            4.738595485687256,
            0.0,
            0.0
        ],
        "mae_sr": 1.0,
        "rmsd": 0.2186845988035202,
        "dihedral_counts": [
            5,
            5,
            0,
            0
        ],
        "seq_len": 10,
        "num_sc": 5
    },
    "surface": {
        "mean_mae": [
            30.024320602416992,
            49.9099235534668,
            34.74739456176758,
            62.30659866333008
        ],
        "mae_sr": 0.23333333432674408,
        "rmsd": 1.41453218460083,
        "dihedral_counts": [
            30,
            30,
            17,
            6
        ],
        "seq_len": 44,
        "num_sc": 30
    }
}