{
    "all": {
        "mean_mae": [
            32.44096374511719,
            32.38808059692383,
            49.59853744506836,
            57.07640075683594
        ],
        "mae_sr": 0.4000000059604645,
        "rmsd": 1.024105191230774,
        "dihedral_counts": [
            240,
            188,
            94,
            47
        ],
        "seq_len": 273,
        "num_sc": 240,
        "clash_info": {
            "100": {
                "num_clashes": 37,
                "num_atom_pairs": 1731717,
                "energy": 7.444953441619873
            },
            "90": {
                "num_clashes": 8,
                "num_atom_pairs": 1731717,
                "energy": 1.5733628273010254
            },
            "80": {
                "num_clashes": 2,
                "num_atom_pairs": 1731717,
                "energy": 0.08097255229949951
            }
        },
        "ca_rmsd": 4.333864212036133
    },
    "core": {
        "mean_mae": [
            16.355371475219727,
            17.973392486572266,
            56.92523193359375,
            33.855045318603516
        ],
        "mae_sr": 0.6603773832321167,
        "rmsd": 0.517449676990509,
        "dihedral_counts": [
            53,
            41,
            6,
            3
        ],
        "seq_len": 63,
        "num_sc": 53
    },
    "surface": {
        "mean_mae": [
            45.86668395996094,
            38.246192932128906,
            51.24591827392578,
            62.73949432373047
        ],
        "mae_sr": 0.27272728085517883,
        "rmsd": 1.3494516611099243,
        "dihedral_counts": [
            132,
            105,
            67,
            32
        ],
        "seq_len": 146,
        "num_sc": 132
    }
}