{
    "all": {
        "mean_mae": [
            25.104997634887695,
            28.69528579711914,
            50.529022216796875,
            47.732704162597656
        ],
        "mae_sr": 0.5370370149612427,
        "rmsd": 0.7930102348327637,
        "dihedral_counts": [
            216,
            186,
            67,
            34
        ],
        "seq_len": 287,
        "num_sc": 216,
        "clash_info": {
            "100": {
                "num_clashes": 73,
                "num_atom_pairs": 1606354,
                "energy": 13.436485290527344
            },
            "90": {
                "num_clashes": 15,
                "num_atom_pairs": 1606354,
                "energy": 2.363832950592041
            },
            "80": {
                "num_clashes": 1,
                "num_atom_pairs": 1606354,
                "energy": 0.3242015838623047
            }
        },
        "ca_rmsd": 18.326541900634766
    },
    "core": {
        "mean_mae": [
            9.946087837219238,
            16.95545196533203,
            39.804264068603516,
            46.92870330810547
        ],
        "mae_sr": 0.7352941036224365,
        "rmsd": 0.41958338022232056,
        "dihedral_counts": [
            68,
            57,
            11,
            7
        ],
        "seq_len": 117,
        "num_sc": 68
    },
    "surface": {
        "mean_mae": [
            39.29884719848633,
            38.446067810058594,
            56.26078796386719,
            47.53650665283203
        ],
        "mae_sr": 0.3191489279270172,
        "rmsd": 1.1313762664794922,
        "dihedral_counts": [
            94,
            82,
            41,
            19
        ],
        "seq_len": 108,
        "num_sc": 94
    }
}