{
    "all": {
        "mean_mae": [
            49.12747573852539,
            42.09604263305664,
            62.147953033447266,
            71.73023986816406
        ],
        "mae_sr": 0.2808988690376282,
        "rmsd": 1.4266563653945923,
        "dihedral_counts": [
            89,
            74,
            28,
            14
        ],
        "seq_len": 104,
        "num_sc": 89,
        "clash_info": {
            "100": {
                "num_clashes": 114,
                "num_atom_pairs": 247833,
                "energy": 43.41114044189453
            },
            "90": {
                "num_clashes": 42,
                "num_atom_pairs": 247833,
                "energy": 20.384275436401367
            },
            "80": {
                "num_clashes": 20,
                "num_atom_pairs": 247833,
                "energy": 11.114156723022461
            }
        },
        "ca_rmsd": 1.8528498912928626e-06
    },
    "core": {
        "mean_mae": [
            33.11832046508789,
            28.128448486328125,
            74.693115234375,
            92.4137954711914
        ],
        "mae_sr": 0.25,
        "rmsd": 1.0086137056350708,
        "dihedral_counts": [
            16,
            14,
            3,
            3
        ],
        "seq_len": 19,
        "num_sc": 16
    },
    "surface": {
        "mean_mae": [
            61.5588264465332,
            49.83873748779297,
            59.96978759765625,
            67.08312225341797
        ],
        "mae_sr": 0.23999999463558197,
        "rmsd": 1.672203779220581,
        "dihedral_counts": [
            50,
            42,
            22,
            9
        ],
        "seq_len": 57,
        "num_sc": 50
    }
}