{
    "all": {
        "mean_mae": [
            15.628854751586914,
            21.146780014038086,
            29.629549026489258,
            57.47428512573242
        ],
        "mae_sr": 0.7269230484962463,
        "rmsd": 0.5713396668434143,
        "dihedral_counts": [
            260,
            169,
            45,
            18
        ],
        "seq_len": 338,
        "num_sc": 260,
        "clash_info": {
            "100": {
                "num_clashes": 122,
                "num_atom_pairs": 2140880,
                "energy": 31.51992416381836
            },
            "90": {
                "num_clashes": 34,
                "num_atom_pairs": 2140880,
                "energy": 11.134865760803223
            },
            "80": {
                "num_clashes": 12,
                "num_atom_pairs": 2140880,
                "energy": 4.270840644836426
            }
        },
        "ca_rmsd": 4.113681825401727e-06
    },
    "core": {
        "mean_mae": [
            12.759354591369629,
            20.22697639465332,
            36.215057373046875,
            50.05109405517578
        ],
        "mae_sr": 0.7631579041481018,
        "rmsd": 0.3992619514465332,
        "dihedral_counts": [
            38,
            28,
            5,
            2
        ],
        "seq_len": 47,
        "num_sc": 38
    },
    "surface": {
        "mean_mae": [
            19.07538604736328,
            23.875452041625977,
            26.382930755615234,
            76.59556579589844
        ],
        "mae_sr": 0.7030302882194519,
        "rmsd": 0.6333523988723755,
        "dihedral_counts": [
            165,
            95,
            29,
            11
        ],
        "seq_len": 222,
        "num_sc": 165
    }
}