{
    "all": {
        "mean_mae": [
            26.813549041748047,
            36.25555419921875,
            44.80232238769531,
            59.862186431884766
        ],
        "mae_sr": 0.5099999904632568,
        "rmsd": 0.9472256302833557,
        "dihedral_counts": [
            300,
            236,
            90,
            35
        ],
        "seq_len": 365,
        "num_sc": 300,
        "clash_info": {
            "100": {
                "num_clashes": 132,
                "num_atom_pairs": 3069180,
                "energy": 35.953338623046875
            },
            "90": {
                "num_clashes": 37,
                "num_atom_pairs": 3069180,
                "energy": 12.720577239990234
            },
            "80": {
                "num_clashes": 16,
                "num_atom_pairs": 3069180,
                "energy": 5.040798187255859
            }
        },
        "ca_rmsd": 1.8730742112893495e-06
    },
    "core": {
        "mean_mae": [
            10.461742401123047,
            21.49281120300293,
            65.37328338623047,
            56.32212829589844
        ],
        "mae_sr": 0.7924528121948242,
        "rmsd": 0.49313870072364807,
        "dihedral_counts": [
            53,
            41,
            6,
            2
        ],
        "seq_len": 69,
        "num_sc": 53
    },
    "surface": {
        "mean_mae": [
            37.58889389038086,
            43.60385513305664,
            46.98713302612305,
            61.14583969116211
        ],
        "mae_sr": 0.3910256326198578,
        "rmsd": 1.2252066135406494,
        "dihedral_counts": [
            156,
            119,
            64,
            25
        ],
        "seq_len": 196,
        "num_sc": 156
    }
}