{
    "all": {
        "mean_mae": [
            11.089588165283203,
            19.660213470458984,
            27.581212997436523,
            65.93687438964844
        ],
        "mae_sr": 0.7777777910232544,
        "rmsd": 0.4912569522857666,
        "dihedral_counts": [
            108,
            70,
            25,
            10
        ],
        "seq_len": 125,
        "num_sc": 108,
        "clash_info": {
            "100": {
                "num_clashes": 30,
                "num_atom_pairs": 330785,
                "energy": 3.952237844467163
            },
            "90": {
                "num_clashes": 3,
                "num_atom_pairs": 330785,
                "energy": 0.43994808197021484
            },
            "80": {
                "num_clashes": 0,
                "num_atom_pairs": 330785,
                "energy": 0.0
            }
        },
        "ca_rmsd": 2.710474291234277e-06
    },
    "core": {
        "mean_mae": [
            3.5818018913269043,
            8.941328048706055,
            58.671356201171875,
            35.20655059814453
        ],
        "mae_sr": 0.8928571343421936,
        "rmsd": 0.21537064015865326,
        "dihedral_counts": [
            28,
            17,
            2,
            1
        ],
        "seq_len": 30,
        "num_sc": 28
    },
    "surface": {
        "mean_mae": [
            16.13408660888672,
            28.600229263305664,
            26.41448211669922,
            76.49473571777344
        ],
        "mae_sr": 0.6984127163887024,
        "rmsd": 0.6730705499649048,
        "dihedral_counts": [
            63,
            38,
            18,
            8
        ],
        "seq_len": 76,
        "num_sc": 63
    }
}