{
    "all": {
        "mean_mae": [
            15.275564193725586,
            16.293373107910156,
            43.8283805847168,
            38.27783203125
        ],
        "mae_sr": 0.6484375,
        "rmsd": 0.6798198819160461,
        "dihedral_counts": [
            128,
            91,
            47,
            23
        ],
        "seq_len": 161,
        "num_sc": 128,
        "clash_info": {
            "100": {
                "num_clashes": 80,
                "num_atom_pairs": 535325,
                "energy": 26.00078773498535
            },
            "90": {
                "num_clashes": 31,
                "num_atom_pairs": 535325,
                "energy": 8.883035659790039
            },
            "80": {
                "num_clashes": 10,
                "num_atom_pairs": 535325,
                "energy": 2.947901725769043
            }
        },
        "ca_rmsd": 3.5826556086249184e-06
    },
    "core": {
        "mean_mae": [
            6.851899147033691,
            12.05717945098877,
            56.83203125,
            30.21809959411621
        ],
        "mae_sr": 0.8947368264198303,
        "rmsd": 0.2990739047527313,
        "dihedral_counts": [
            38,
            23,
            5,
            3
        ],
        "seq_len": 51,
        "num_sc": 38
    },
    "surface": {
        "mean_mae": [
            24.182920455932617,
            22.219131469726562,
            34.34263229370117,
            44.909034729003906
        ],
        "mae_sr": 0.5094339847564697,
        "rmsd": 0.906376302242279,
        "dihedral_counts": [
            53,
            37,
            28,
            11
        ],
        "seq_len": 69,
        "num_sc": 53
    }
}