{
    "all": {
        "mean_mae": [
            20.491008758544922,
            26.303937911987305,
            31.296981811523438,
            44.6135368347168
        ],
        "mae_sr": 0.6486486196517944,
        "rmsd": 1.0574012994766235,
        "dihedral_counts": [
            37,
            26,
            17,
            12
        ],
        "seq_len": 48,
        "num_sc": 37,
        "clash_info": {
            "100": {
                "num_clashes": 15,
                "num_atom_pairs": 45925,
                "energy": 3.9420881271362305
            },
            "90": {
                "num_clashes": 4,
                "num_atom_pairs": 45925,
                "energy": 1.8778510093688965
            },
            "80": {
                "num_clashes": 3,
                "num_atom_pairs": 45925,
                "energy": 0.6375339031219482
            }
        },
        "ca_rmsd": 1.829077064030571e-06
    },
    "core": {
        "mean_mae": [
            0.0,
            0.0,
            0.0,
            0.0
        ],
        "mae_sr": 1.0,
        "rmsd": 0.0,
        "dihedral_counts": [
            0,
            0,
            0,
            0
        ],
        "seq_len": 0,
        "num_sc": 0
    },
    "surface": {
        "mean_mae": [
            20.491008758544922,
            26.303937911987305,
            31.296981811523438,
            44.6135368347168
        ],
        "mae_sr": 0.6486486196517944,
        "rmsd": 1.0574012994766235,
        "dihedral_counts": [
            37,
            26,
            17,
            12
        ],
        "seq_len": 48,
        "num_sc": 37
    }
}