{
    "all": {
        "mean_mae": [
            5.916019916534424,
            11.249139785766602,
            34.8559684753418,
            39.238136291503906
        ],
        "mae_sr": 0.7801046967506409,
        "rmsd": 0.405011922121048,
        "dihedral_counts": [
            191,
            160,
            52,
            24
        ],
        "seq_len": 229,
        "num_sc": 191,
        "clash_info": {
            "100": {
                "num_clashes": 57,
                "num_atom_pairs": 1146495,
                "energy": 27.239543914794922
            },
            "90": {
                "num_clashes": 24,
                "num_atom_pairs": 1146495,
                "energy": 15.6026029586792
            },
            "80": {
                "num_clashes": 14,
                "num_atom_pairs": 1146495,
                "energy": 10.130125045776367
            }
        },
        "ca_rmsd": 5.3517642299993895e-06
    },
    "core": {
        "mean_mae": [
            3.632920503616333,
            4.517172336578369,
            27.245885848999023,
            4.060014724731445
        ],
        "mae_sr": 0.9444444179534912,
        "rmsd": 0.177639901638031,
        "dihedral_counts": [
            72,
            56,
            9,
            2
        ],
        "seq_len": 87,
        "num_sc": 72
    },
    "surface": {
        "mean_mae": [
            8.969813346862793,
            17.629594802856445,
            36.26700210571289,
            52.91608810424805
        ],
        "mae_sr": 0.6133333444595337,
        "rmsd": 0.5979893803596497,
        "dihedral_counts": [
            75,
            65,
            28,
            14
        ],
        "seq_len": 89,
        "num_sc": 75
    }
}