{
    "all": {
        "mean_mae": [
            31.8524169921875,
            34.91328811645508,
            47.5610237121582,
            59.99802780151367
        ],
        "mae_sr": 0.4555555582046509,
        "rmsd": 1.0867888927459717,
        "dihedral_counts": [
            270,
            205,
            78,
            33
        ],
        "seq_len": 312,
        "num_sc": 270,
        "clash_info": {
            "100": {
                "num_clashes": 139,
                "num_atom_pairs": 2236612,
                "energy": 32.525150299072266
            },
            "90": {
                "num_clashes": 37,
                "num_atom_pairs": 2236612,
                "energy": 9.160574913024902
            },
            "80": {
                "num_clashes": 8,
                "num_atom_pairs": 2236612,
                "energy": 2.605943202972412
            }
        },
        "ca_rmsd": 7.1104554990597535e-06
    },
    "core": {
        "mean_mae": [
            15.5341157913208,
            24.36612892150879,
            37.73168182373047,
            9.268784523010254
        ],
        "mae_sr": 0.6268656849861145,
        "rmsd": 0.5204485654830933,
        "dihedral_counts": [
            67,
            45,
            9,
            3
        ],
        "seq_len": 80,
        "num_sc": 67
    },
    "surface": {
        "mean_mae": [
            45.392608642578125,
            38.4088249206543,
            49.85390090942383,
            68.58284759521484
        ],
        "mae_sr": 0.3445945978164673,
        "rmsd": 1.4571728706359863,
        "dihedral_counts": [
            148,
            115,
            57,
            24
        ],
        "seq_len": 166,
        "num_sc": 148
    }
}