{
    "all": {
        "rmsd": 1.0863962173461914,
        "mae_sr": 0.46061310172080994,
        "mean_mae": [
            35.623172760009766,
            33.03667068481445,
            51.117244720458984,
            55.84962463378906
        ],
        "dihedral_counts": [
            14707,
            11279,
            3812,
            1806
        ],
        "num_sc": 14708,
        "mean_seq_len": 295.43939208984375,
        "ca_rmsd": 26.40507698059082,
        "clash_info": {
            "100": {
                "energy": 14.905076026916504,
                "num_atom_pairs": 2408216.0,
                "num_clashes": 86.06060791015625
            },
            "90": {
                "energy": 2.811619758605957,
                "num_atom_pairs": 2408216.0,
                "num_clashes": 13.060606002807617
            },
            "80": {
                "energy": 0.7275092601776123,
                "num_atom_pairs": 2408216.0,
                "num_clashes": 2.696969747543335
            }
        }
    },
    "core": {
        "rmsd": 0.6694933772087097,
        "mae_sr": 0.6570579409599304,
        "mean_mae": [
            21.762968063354492,
            22.71369743347168,
            43.38748550415039,
            38.32051467895508
        ],
        "dihedral_counts": [
            3867,
            2834,
            541,
            230
        ],
        "num_sc": 3867,
        "mean_seq_len": 105.54545593261719
    },
    "surface": {
        "rmsd": 1.3001426458358765,
        "mae_sr": 0.36143791675567627,
        "mean_mae": [
            42.9096794128418,
            38.06818389892578,
            51.89651870727539,
            59.6334114074707
        ],
        "dihedral_counts": [
            7341,
            5728,
            2428,
            1164
        ],
        "num_sc": 7342,
        "mean_seq_len": 128.56060791015625
    }
}