{
    "all": {
        "mean_mae": [
            18.035114288330078,
            19.35863494873047,
            34.695003509521484,
            50.80767059326172
        ],
        "mae_sr": 0.6458333134651184,
        "rmsd": 0.5986843109130859,
        "dihedral_counts": [
            144,
            115,
            34,
            18
        ],
        "seq_len": 186,
        "num_sc": 144,
        "clash_info": {
            "100": {
                "num_clashes": 65,
                "num_atom_pairs": 685126,
                "energy": 11.350297927856445
            },
            "90": {
                "num_clashes": 12,
                "num_atom_pairs": 685126,
                "energy": 1.7617372274398804
            },
            "80": {
                "num_clashes": 1,
                "num_atom_pairs": 685126,
                "energy": 0.09304523468017578
            }
        },
        "ca_rmsd": 14.66030216217041
    },
    "core": {
        "mean_mae": [
            15.538865089416504,
            12.038930892944336,
            41.754669189453125,
            16.883913040161133
        ],
        "mae_sr": 0.7799999713897705,
        "rmsd": 0.40744566917419434,
        "dihedral_counts": [
            50,
            36,
            8,
            3
        ],
        "seq_len": 62,
        "num_sc": 50
    },
    "surface": {
        "mean_mae": [
            21.890783309936523,
            28.839113235473633,
            30.187814712524414,
            67.6196060180664
        ],
        "mae_sr": 0.4464285671710968,
        "rmsd": 0.8443546891212463,
        "dihedral_counts": [
            56,
            47,
            18,
            12
        ],
        "seq_len": 65,
        "num_sc": 56
    }
}