{
    "all": {
        "mean_mae": [
            22.908788681030273,
            25.756269454956055,
            46.86060333251953,
            46.559776306152344
        ],
        "mae_sr": 0.6111111044883728,
        "rmsd": 0.7776514887809753,
        "dihedral_counts": [
            216,
            186,
            67,
            34
        ],
        "seq_len": 287,
        "num_sc": 216,
        "clash_info": {
            "100": {
                "num_clashes": 89,
                "num_atom_pairs": 1606354,
                "energy": 14.860335350036621
            },
            "90": {
                "num_clashes": 9,
                "num_atom_pairs": 1606354,
                "energy": 1.887345790863037
            },
            "80": {
                "num_clashes": 1,
                "num_atom_pairs": 1606354,
                "energy": 0.09502053260803223
            }
        },
        "ca_rmsd": 18.326539993286133
    },
    "core": {
        "mean_mae": [
            9.885052680969238,
            13.008162498474121,
            30.066621780395508,
            33.50446319580078
        ],
        "mae_sr": 0.8235294222831726,
        "rmsd": 0.38599833846092224,
        "dihedral_counts": [
            68,
            57,
            11,
            7
        ],
        "seq_len": 117,
        "num_sc": 68
    },
    "surface": {
        "mean_mae": [
            34.59918212890625,
            35.56615447998047,
            53.847686767578125,
            47.2518310546875
        ],
        "mae_sr": 0.42553192377090454,
        "rmsd": 1.1205512285232544,
        "dihedral_counts": [
            94,
            82,
            41,
            19
        ],
        "seq_len": 108,
        "num_sc": 94
    }
}