{
    "all": {
        "mean_mae": [
            25.632917404174805,
            34.300479888916016,
            54.00678634643555,
            49.97949981689453
        ],
        "mae_sr": 0.4575645625591278,
        "rmsd": 0.8929611444473267,
        "dihedral_counts": [
            271,
            200,
            76,
            29
        ],
        "seq_len": 338,
        "num_sc": 271,
        "clash_info": {
            "100": {
                "num_clashes": 76,
                "num_atom_pairs": 2357222,
                "energy": 10.334526062011719
            },
            "90": {
                "num_clashes": 3,
                "num_atom_pairs": 2357222,
                "energy": 0.9020273685455322
            },
            "80": {
                "num_clashes": 2,
                "num_atom_pairs": 2357222,
                "energy": 0.14744043350219727
            }
        },
        "ca_rmsd": 21.210905075073242
    },
    "core": {
        "mean_mae": [
            13.451233863830566,
            25.013530731201172,
            59.58150863647461,
            24.595537185668945
        ],
        "mae_sr": 0.7200000286102295,
        "rmsd": 0.526930570602417,
        "dihedral_counts": [
            50,
            31,
            4,
            4
        ],
        "seq_len": 64,
        "num_sc": 50
    },
    "surface": {
        "mean_mae": [
            33.56428909301758,
            42.186248779296875,
            54.10468673706055,
            58.83942794799805
        ],
        "mae_sr": 0.337579607963562,
        "rmsd": 1.117339849472046,
        "dihedral_counts": [
            157,
            119,
            57,
            19
        ],
        "seq_len": 197,
        "num_sc": 157
    }
}