{
    "all": {
        "mean_mae": [
            39.25007629394531,
            40.35380935668945,
            33.27195739746094,
            52.021366119384766
        ],
        "mae_sr": 0.3888888955116272,
        "rmsd": 1.2507243156433105,
        "dihedral_counts": [
            90,
            74,
            34,
            15
        ],
        "seq_len": 101,
        "num_sc": 90,
        "clash_info": {
            "100": {
                "num_clashes": 4,
                "num_atom_pairs": 232470,
                "energy": 0.3036837577819824
            },
            "90": {
                "num_clashes": 0,
                "num_atom_pairs": 232470,
                "energy": 0.0
            },
            "80": {
                "num_clashes": 0,
                "num_atom_pairs": 232470,
                "energy": 0.0
            }
        },
        "ca_rmsd": 21.219078063964844
    },
    "core": {
        "mean_mae": [
            0.0,
            0.0,
            0.0,
            0.0
        ],
        "mae_sr": 1.0,
        "rmsd": 0.0,
        "dihedral_counts": [
            0,
            0,
            0,
            0
        ],
        "seq_len": 0,
        "num_sc": 0
    },
    "surface": {
        "mean_mae": [
            39.25007629394531,
            40.35380935668945,
            33.27195739746094,
            52.021366119384766
        ],
        "mae_sr": 0.3888888955116272,
        "rmsd": 1.2507243156433105,
        "dihedral_counts": [
            90,
            74,
            34,
            15
        ],
        "seq_len": 101,
        "num_sc": 90
    }
}