{
    "all": {
        "mean_mae": [
            33.684913635253906,
            31.069793701171875,
            49.6622428894043,
            61.76237487792969
        ],
        "mae_sr": 0.5022830963134766,
        "rmsd": 0.9970819354057312,
        "dihedral_counts": [
            657,
            494,
            154,
            76
        ],
        "seq_len": 779,
        "num_sc": 657,
        "clash_info": {
            "100": {
                "num_clashes": 281,
                "num_atom_pairs": 13885146,
                "energy": 47.9790153503418
            },
            "90": {
                "num_clashes": 52,
                "num_atom_pairs": 13885146,
                "energy": 7.906959533691406
            },
            "80": {
                "num_clashes": 7,
                "num_atom_pairs": 13885146,
                "energy": 0.7479515075683594
            }
        },
        "ca_rmsd": 7.9014201164245605
    },
    "core": {
        "mean_mae": [
            21.558490753173828,
            23.105133056640625,
            51.045135498046875,
            46.84328842163086
        ],
        "mae_sr": 0.6531365513801575,
        "rmsd": 0.6178467869758606,
        "dihedral_counts": [
            271,
            196,
            31,
            11
        ],
        "seq_len": 313,
        "num_sc": 271
    },
    "surface": {
        "mean_mae": [
            50.857200622558594,
            43.0656623840332,
            50.05849838256836,
            65.60277557373047
        ],
        "mae_sr": 0.3056768476963043,
        "rmsd": 1.5526827573776245,
        "dihedral_counts": [
            229,
            175,
            83,
            43
        ],
        "seq_len": 292,
        "num_sc": 229
    }
}