{
    "all": {
        "mean_mae": [
            30.548912048339844,
            31.853904724121094,
            50.24184036254883,
            62.37154006958008
        ],
        "mae_sr": 0.4000000059604645,
        "rmsd": 1.0390346050262451,
        "dihedral_counts": [
            240,
            188,
            94,
            47
        ],
        "seq_len": 273,
        "num_sc": 240,
        "clash_info": {
            "100": {
                "num_clashes": 56,
                "num_atom_pairs": 1731717,
                "energy": 9.847901344299316
            },
            "90": {
                "num_clashes": 10,
                "num_atom_pairs": 1731717,
                "energy": 1.6108319759368896
            },
            "80": {
                "num_clashes": 2,
                "num_atom_pairs": 1731717,
                "energy": 0.5295658111572266
            }
        },
        "ca_rmsd": 4.333862781524658
    },
    "core": {
        "mean_mae": [
            16.167579650878906,
            21.967552185058594,
            52.99140548706055,
            100.6097183227539
        ],
        "mae_sr": 0.6415094137191772,
        "rmsd": 0.6085904836654663,
        "dihedral_counts": [
            53,
            41,
            6,
            3
        ],
        "seq_len": 63,
        "num_sc": 53
    },
    "surface": {
        "mean_mae": [
            42.471431732177734,
            38.013668060302734,
            51.99859619140625,
            61.13764572143555
        ],
        "mae_sr": 0.2954545319080353,
        "rmsd": 1.3536641597747803,
        "dihedral_counts": [
            132,
            105,
            67,
            32
        ],
        "seq_len": 146,
        "num_sc": 132
    }
}