{
    "all": {
        "mean_mae": [
            32.55651092529297,
            26.362489700317383,
            42.29897689819336,
            65.51554870605469
        ],
        "mae_sr": 0.6043956279754639,
        "rmsd": 0.8974456787109375,
        "dihedral_counts": [
            91,
            63,
            17,
            7
        ],
        "seq_len": 106,
        "num_sc": 91,
        "clash_info": {
            "100": {
                "num_clashes": 50,
                "num_atom_pairs": 244617,
                "energy": 11.73502254486084
            },
            "90": {
                "num_clashes": 15,
                "num_atom_pairs": 244617,
                "energy": 2.794567108154297
            },
            "80": {
                "num_clashes": 3,
                "num_atom_pairs": 244617,
                "energy": 0.606877326965332
            }
        },
        "ca_rmsd": 26.351070404052734
    },
    "core": {
        "mean_mae": [
            29.134746551513672,
            29.197370529174805,
            137.05763244628906,
            106.49369049072266
        ],
        "mae_sr": 0.7333333492279053,
        "rmsd": 0.7321382761001587,
        "dihedral_counts": [
            15,
            11,
            1,
            1
        ],
        "seq_len": 15,
        "num_sc": 15
    },
    "surface": {
        "mean_mae": [
            39.015464782714844,
            26.707046508789062,
            46.012752532958984,
            69.43646240234375
        ],
        "mae_sr": 0.5192307829856873,
        "rmsd": 1.0388497114181519,
        "dihedral_counts": [
            52,
            39,
            12,
            3
        ],
        "seq_len": 66,
        "num_sc": 52
    }
}