{
    "all": {
        "mean_mae": [
            54.518795013427734,
            53.870155334472656,
            64.17707061767578,
            68.25043487548828
        ],
        "mae_sr": 0.1666666716337204,
        "rmsd": 1.5558136701583862,
        "dihedral_counts": [
            138,
            106,
            44,
            24
        ],
        "seq_len": 168,
        "num_sc": 138,
        "clash_info": {
            "100": {
                "num_clashes": 72,
                "num_atom_pairs": 577822,
                "energy": 15.658883094787598
            },
            "90": {
                "num_clashes": 19,
                "num_atom_pairs": 577822,
                "energy": 2.3712799549102783
            },
            "80": {
                "num_clashes": 1,
                "num_atom_pairs": 577822,
                "energy": 0.06045997142791748
            }
        },
        "ca_rmsd": 14.826476097106934
    },
    "core": {
        "mean_mae": [
            39.27250671386719,
            44.89400863647461,
            61.17164993286133,
            124.43118286132812
        ],
        "mae_sr": 0.24242424964904785,
        "rmsd": 1.1966078281402588,
        "dihedral_counts": [
            33,
            21,
            7,
            2
        ],
        "seq_len": 37,
        "num_sc": 33
    },
    "surface": {
        "mean_mae": [
            62.43423080444336,
            59.766239166259766,
            62.24498748779297,
            60.24361038208008
        ],
        "mae_sr": 0.09589041024446487,
        "rmsd": 1.750243067741394,
        "dihedral_counts": [
            73,
            61,
            29,
            16
        ],
        "seq_len": 96,
        "num_sc": 73
    }
}