{
    "all": {
        "mean_mae": [
            42.08950424194336,
            38.31803512573242,
            71.6609878540039,
            95.4447021484375
        ],
        "mae_sr": 0.4173228442668915,
        "rmsd": 1.203415036201477,
        "dihedral_counts": [
            127,
            81,
            36,
            19
        ],
        "seq_len": 172,
        "num_sc": 127,
        "clash_info": {
            "100": {
                "num_clashes": 45,
                "num_atom_pairs": 456404,
                "energy": 7.987072467803955
            },
            "90": {
                "num_clashes": 7,
                "num_atom_pairs": 456404,
                "energy": 1.1213290691375732
            },
            "80": {
                "num_clashes": 0,
                "num_atom_pairs": 456404,
                "energy": 0.0
            }
        },
        "ca_rmsd": 117.8683853149414
    },
    "core": {
        "mean_mae": [
            39.97725296020508,
            27.22747230529785,
            134.80142211914062,
            6.256958961486816
        ],
        "mae_sr": 0.5897436141967773,
        "rmsd": 1.0093655586242676,
        "dihedral_counts": [
            39,
            25,
            3,
            1
        ],
        "seq_len": 67,
        "num_sc": 39
    },
    "surface": {
        "mean_mae": [
            42.317039489746094,
            45.54960632324219,
            71.91546630859375,
            109.24468994140625
        ],
        "mae_sr": 0.40740740299224854,
        "rmsd": 1.2615466117858887,
        "dihedral_counts": [
            54,
            31,
            19,
            10
        ],
        "seq_len": 68,
        "num_sc": 54
    }
}