{
    "all": {
        "mean_mae": [
            48.58561325073242,
            44.60029983520508,
            75.45376586914062,
            76.01214599609375
        ],
        "mae_sr": 0.3185840845108032,
        "rmsd": 1.3384912014007568,
        "dihedral_counts": [
            113,
            84,
            30,
            17
        ],
        "seq_len": 148,
        "num_sc": 113,
        "clash_info": {
            "100": {
                "num_clashes": 46,
                "num_atom_pairs": 360882,
                "energy": 7.798896789550781
            },
            "90": {
                "num_clashes": 9,
                "num_atom_pairs": 360882,
                "energy": 1.4263250827789307
            },
            "80": {
                "num_clashes": 2,
                "num_atom_pairs": 360882,
                "energy": 0.2626762390136719
            }
        },
        "ca_rmsd": 7.821869850158691
    },
    "core": {
        "mean_mae": [
            32.90726089477539,
            38.568946838378906,
            58.3979377746582,
            59.54536056518555
        ],
        "mae_sr": 0.4791666567325592,
        "rmsd": 0.9554007649421692,
        "dihedral_counts": [
            48,
            33,
            8,
            3
        ],
        "seq_len": 76,
        "num_sc": 48
    },
    "surface": {
        "mean_mae": [
            65.50958251953125,
            51.36979293823242,
            78.11653900146484,
            87.34020233154297
        ],
        "mae_sr": 0.13953489065170288,
        "rmsd": 1.6986591815948486,
        "dihedral_counts": [
            43,
            36,
            13,
            7
        ],
        "seq_len": 49,
        "num_sc": 43
    }
}