{
    "all": {
        "mean_mae": [
            45.06614685058594,
            41.464866638183594,
            56.589508056640625,
            57.25927734375
        ],
        "mae_sr": 0.33503401279449463,
        "rmsd": 1.3197482824325562,
        "dihedral_counts": [
            588,
            477,
            154,
            78
        ],
        "seq_len": 631,
        "num_sc": 588,
        "clash_info": {
            "100": {
                "num_clashes": 198,
                "num_atom_pairs": 9951011,
                "energy": 36.08009719848633
            },
            "90": {
                "num_clashes": 30,
                "num_atom_pairs": 9951011,
                "energy": 6.802863121032715
            },
            "80": {
                "num_clashes": 8,
                "num_atom_pairs": 9951011,
                "energy": 1.0620107650756836
            }
        },
        "ca_rmsd": 10.802754402160645
    },
    "core": {
        "mean_mae": [
            34.5867919921875,
            33.066062927246094,
            61.48472213745117,
            68.65308380126953
        ],
        "mae_sr": 0.5316455960273743,
        "rmsd": 0.8684292435646057,
        "dihedral_counts": [
            79,
            55,
            7,
            4
        ],
        "seq_len": 84,
        "num_sc": 79
    },
    "surface": {
        "mean_mae": [
            49.89463806152344,
            42.932952880859375,
            51.31782150268555,
            52.94468307495117
        ],
        "mae_sr": 0.2811594307422638,
        "rmsd": 1.503787875175476,
        "dihedral_counts": [
            345,
            286,
            111,
            56
        ],
        "seq_len": 372,
        "num_sc": 345
    }
}