{
    "all": {
        "mean_mae": [
            24.096458435058594,
            38.31523132324219,
            47.76228713989258,
            94.23847198486328
        ],
        "mae_sr": 0.4791666567325592,
        "rmsd": 1.2137089967727661,
        "dihedral_counts": [
            48,
            47,
            20,
            7
        ],
        "seq_len": 71,
        "num_sc": 48,
        "clash_info": {
            "100": {
                "num_clashes": 13,
                "num_atom_pairs": 117455,
                "energy": 1.256274938583374
            },
            "90": {
                "num_clashes": 0,
                "num_atom_pairs": 117455,
                "energy": 0.0
            },
            "80": {
                "num_clashes": 0,
                "num_atom_pairs": 117455,
                "energy": 0.0
            }
        },
        "ca_rmsd": 4.389412879390875e-06
    },
    "core": {
        "mean_mae": [
            3.673109531402588,
            3.100478410720825,
            0.0,
            0.0
        ],
        "mae_sr": 1.0,
        "rmsd": 0.2917611002922058,
        "dihedral_counts": [
            5,
            5,
            0,
            0
        ],
        "seq_len": 10,
        "num_sc": 5
    },
    "surface": {
        "mean_mae": [
            33.53116989135742,
            48.39289093017578,
            38.46488571166992,
            93.65038299560547
        ],
        "mae_sr": 0.30000001192092896,
        "rmsd": 1.55731999874115,
        "dihedral_counts": [
            30,
            30,
            17,
            6
        ],
        "seq_len": 42,
        "num_sc": 30
    }
}