{
    "all": {
        "mean_mae": [
            13.799456596374512,
            17.74622344970703,
            39.66957092285156,
            47.85132598876953
        ],
        "mae_sr": 0.740469217300415,
        "rmsd": 0.5217419266700745,
        "dihedral_counts": [
            682,
            480,
            123,
            57
        ],
        "seq_len": 832,
        "num_sc": 682,
        "clash_info": {
            "100": {
                "num_clashes": 260,
                "num_atom_pairs": 14330928,
                "energy": 36.600772857666016
            },
            "90": {
                "num_clashes": 26,
                "num_atom_pairs": 14330928,
                "energy": 5.093976020812988
            },
            "80": {
                "num_clashes": 3,
                "num_atom_pairs": 14330928,
                "energy": 0.663659930229187
            }
        },
        "ca_rmsd": 1.0625985851220321e-05
    },
    "core": {
        "mean_mae": [
            7.397715091705322,
            12.607331275939941,
            20.349693298339844,
            36.450496673583984
        ],
        "mae_sr": 0.8407643437385559,
        "rmsd": 0.36153674125671387,
        "dihedral_counts": [
            314,
            234,
            41,
            23
        ],
        "seq_len": 391,
        "num_sc": 314
    },
    "surface": {
        "mean_mae": [
            26.564233779907227,
            26.022777557373047,
            50.80908203125,
            52.68318557739258
        ],
        "mae_sr": 0.5920398235321045,
        "rmsd": 0.7511641979217529,
        "dihedral_counts": [
            201,
            126,
            40,
            13
        ],
        "seq_len": 242,
        "num_sc": 201
    }
}