{
    "all": {
        "mean_mae": [
            21.695205688476562,
            33.144752502441406,
            47.49711608886719,
            68.22069549560547
        ],
        "mae_sr": 0.5460993051528931,
        "rmsd": 0.7716050744056702,
        "dihedral_counts": [
            141,
            106,
            39,
            15
        ],
        "seq_len": 156,
        "num_sc": 141,
        "clash_info": {
            "100": {
                "num_clashes": 50,
                "num_atom_pairs": 593764,
                "energy": 7.107252597808838
            },
            "90": {
                "num_clashes": 3,
                "num_atom_pairs": 593764,
                "energy": 0.6917433738708496
            },
            "80": {
                "num_clashes": 1,
                "num_atom_pairs": 593764,
                "energy": 0.15809369087219238
            }
        },
        "ca_rmsd": 1.7260296090171323e-06
    },
    "core": {
        "mean_mae": [
            11.836689949035645,
            14.726799964904785,
            24.60614585876465,
            36.40130615234375
        ],
        "mae_sr": 0.8139534592628479,
        "rmsd": 0.4139186143875122,
        "dihedral_counts": [
            43,
            30,
            3,
            3
        ],
        "seq_len": 50,
        "num_sc": 43
    },
    "surface": {
        "mean_mae": [
            32.25088882446289,
            44.835052490234375,
            56.96919250488281,
            82.6692886352539
        ],
        "mae_sr": 0.3571428656578064,
        "rmsd": 1.0740448236465454,
        "dihedral_counts": [
            70,
            53,
            29,
            11
        ],
        "seq_len": 77,
        "num_sc": 70
    }
}