{
    "all": {
        "mean_mae": [
            26.450637817382812,
            32.28868103027344,
            51.7184944152832,
            65.90216064453125
        ],
        "mae_sr": 0.48708486557006836,
        "rmsd": 0.8882602453231812,
        "dihedral_counts": [
            271,
            200,
            76,
            29
        ],
        "seq_len": 326,
        "num_sc": 271,
        "clash_info": {
            "100": {
                "num_clashes": 117,
                "num_atom_pairs": 2357222,
                "energy": 27.04856300354004
            },
            "90": {
                "num_clashes": 21,
                "num_atom_pairs": 2357222,
                "energy": 8.50764274597168
            },
            "80": {
                "num_clashes": 9,
                "num_atom_pairs": 2357222,
                "energy": 4.202071189880371
            }
        },
        "ca_rmsd": 3.4457468700566096e-06
    },
    "core": {
        "mean_mae": [
            13.638433456420898,
            14.38045597076416,
            46.34102249145508,
            52.976524353027344
        ],
        "mae_sr": 0.7599999904632568,
        "rmsd": 0.519252598285675,
        "dihedral_counts": [
            50,
            31,
            4,
            4
        ],
        "seq_len": 64,
        "num_sc": 50
    },
    "surface": {
        "mean_mae": [
            36.232269287109375,
            41.95663070678711,
            55.880775451660156,
            80.31993865966797
        ],
        "mae_sr": 0.337579607963562,
        "rmsd": 1.1457488536834717,
        "dihedral_counts": [
            157,
            119,
            57,
            19
        ],
        "seq_len": 185,
        "num_sc": 157
    }
}