{
    "all": {
        "mean_mae": [
            17.51457405090332,
            23.089975357055664,
            47.22571563720703,
            46.30577850341797
        ],
        "mae_sr": 0.529411792755127,
        "rmsd": 0.8022379279136658,
        "dihedral_counts": [
            68,
            59,
            30,
            11
        ],
        "seq_len": 93,
        "num_sc": 68,
        "clash_info": {
            "100": {
                "num_clashes": 16,
                "num_atom_pairs": 179859,
                "energy": 1.9868452548980713
            },
            "90": {
                "num_clashes": 0,
                "num_atom_pairs": 179859,
                "energy": 0.0
            },
            "80": {
                "num_clashes": 0,
                "num_atom_pairs": 179859,
                "energy": 0.0
            }
        },
        "ca_rmsd": 4.416288902575616e-06
    },
    "core": {
        "mean_mae": [
            1.9902006387710571,
            17.893043518066406,
            12.006601333618164,
            0.0
        ],
        "mae_sr": 0.800000011920929,
        "rmsd": 0.5047598481178284,
        "dihedral_counts": [
            10,
            9,
            2,
            0
        ],
        "seq_len": 17,
        "num_sc": 10
    },
    "surface": {
        "mean_mae": [
            24.011444091796875,
            23.432849884033203,
            51.11531066894531,
            56.204856872558594
        ],
        "mae_sr": 0.4166666567325592,
        "rmsd": 0.8778546452522278,
        "dihedral_counts": [
            36,
            30,
            16,
            7
        ],
        "seq_len": 48,
        "num_sc": 36
    }
}