{
    "all": {
        "mean_mae": [
            31.469303131103516,
            40.265254974365234,
            62.58671951293945,
            40.44575881958008
        ],
        "mae_sr": 0.5522388219833374,
        "rmsd": 1.1167606115341187,
        "dihedral_counts": [
            67,
            52,
            24,
            8
        ],
        "seq_len": 72,
        "num_sc": 67,
        "clash_info": {
            "100": {
                "num_clashes": 26,
                "num_atom_pairs": 135982,
                "energy": 2.2441422939300537
            },
            "90": {
                "num_clashes": 0,
                "num_atom_pairs": 135982,
                "energy": 0.0
            },
            "80": {
                "num_clashes": 0,
                "num_atom_pairs": 135982,
                "energy": 0.0
            }
        },
        "ca_rmsd": 2.770316086753155e-06
    },
    "core": {
        "mean_mae": [
            4.671133518218994,
            41.290138244628906,
            54.5364990234375,
            75.55037689208984
        ],
        "mae_sr": 0.75,
        "rmsd": 0.8424513936042786,
        "dihedral_counts": [
            12,
            9,
            5,
            2
        ],
        "seq_len": 15,
        "num_sc": 12
    },
    "surface": {
        "mean_mae": [
            41.26820373535156,
            47.90862274169922,
            64.63182067871094,
            28.744218826293945
        ],
        "mae_sr": 0.44186046719551086,
        "rmsd": 1.333774447441101,
        "dihedral_counts": [
            43,
            33,
            18,
            6
        ],
        "seq_len": 43,
        "num_sc": 43
    }
}