{
    "all": {
        "mean_mae": [
            35.471900939941406,
            33.73562240600586,
            51.474395751953125,
            55.85002517700195
        ],
        "mae_sr": 0.41015625,
        "rmsd": 1.0808759927749634,
        "dihedral_counts": [
            256,
            208,
            66,
            32
        ],
        "seq_len": 276,
        "num_sc": 256,
        "clash_info": {
            "100": {
                "num_clashes": 89,
                "num_atom_pairs": 1903305,
                "energy": 12.20148754119873
            },
            "90": {
                "num_clashes": 6,
                "num_atom_pairs": 1903305,
                "energy": 0.792722225189209
            },
            "80": {
                "num_clashes": 0,
                "num_atom_pairs": 1903305,
                "energy": 0.0
            }
        },
        "ca_rmsd": 1.452230435461388e-06
    },
    "core": {
        "mean_mae": [
            14.10825252532959,
            23.806812286376953,
            27.56990623474121,
            1.577227234840393
        ],
        "mae_sr": 0.6590909361839294,
        "rmsd": 0.445306658744812,
        "dihedral_counts": [
            44,
            35,
            7,
            3
        ],
        "seq_len": 51,
        "num_sc": 44
    },
    "surface": {
        "mean_mae": [
            47.5029296875,
            38.74192810058594,
            53.41109848022461,
            59.67721176147461
        ],
        "mae_sr": 0.251748263835907,
        "rmsd": 1.4435726404190063,
        "dihedral_counts": [
            143,
            116,
            49,
            24
        ],
        "seq_len": 152,
        "num_sc": 143
    }
}