{
    "all": {
        "mean_mae": [
            19.620939254760742,
            14.943076133728027,
            57.978240966796875,
            69.34931945800781
        ],
        "mae_sr": 0.6904761791229248,
        "rmsd": 0.6805886030197144,
        "dihedral_counts": [
            126,
            91,
            27,
            13
        ],
        "seq_len": 143,
        "num_sc": 126,
        "clash_info": {
            "100": {
                "num_clashes": 19,
                "num_atom_pairs": 444447,
                "energy": 1.3377950191497803
            },
            "90": {
                "num_clashes": 0,
                "num_atom_pairs": 444447,
                "energy": 0.0
            },
            "80": {
                "num_clashes": 0,
                "num_atom_pairs": 444447,
                "energy": 0.0
            }
        },
        "ca_rmsd": 1.647301587581751e-06
    },
    "core": {
        "mean_mae": [
            4.3759284019470215,
            10.209882736206055,
            9.831658363342285,
            3.0753610134124756
        ],
        "mae_sr": 0.9629629850387573,
        "rmsd": 0.21914829313755035,
        "dihedral_counts": [
            27,
            15,
            5,
            1
        ],
        "seq_len": 30,
        "num_sc": 27
    },
    "surface": {
        "mean_mae": [
            24.763917922973633,
            18.726972579956055,
            77.10092163085938,
            82.9687271118164
        ],
        "mae_sr": 0.5409836173057556,
        "rmsd": 0.8920950889587402,
        "dihedral_counts": [
            61,
            48,
            16,
            8
        ],
        "seq_len": 73,
        "num_sc": 61
    }
}