{
    "all": {
        "mean_mae": [
            42.21734619140625,
            45.494808197021484,
            30.39986228942871,
            69.2802963256836
        ],
        "mae_sr": 0.24369747936725616,
        "rmsd": 1.2796015739440918,
        "dihedral_counts": [
            119,
            100,
            33,
            12
        ],
        "seq_len": 130,
        "num_sc": 119,
        "clash_info": {
            "100": {
                "num_clashes": 29,
                "num_atom_pairs": 440188,
                "energy": 3.6180830001831055
            },
            "90": {
                "num_clashes": 2,
                "num_atom_pairs": 440188,
                "energy": 0.5223219394683838
            },
            "80": {
                "num_clashes": 1,
                "num_atom_pairs": 440188,
                "energy": 0.048047542572021484
            }
        },
        "ca_rmsd": 3.953392933908617e-06
    },
    "core": {
        "mean_mae": [
            22.129724502563477,
            51.2342529296875,
            0.0,
            0.0
        ],
        "mae_sr": 0.375,
        "rmsd": 0.9313927888870239,
        "dihedral_counts": [
            8,
            7,
            0,
            0
        ],
        "seq_len": 9,
        "num_sc": 8
    },
    "surface": {
        "mean_mae": [
            46.92985916137695,
            46.71794891357422,
            31.2476749420166,
            59.927371978759766
        ],
        "mae_sr": 0.24719101190567017,
        "rmsd": 1.395897626876831,
        "dihedral_counts": [
            89,
            74,
            30,
            11
        ],
        "seq_len": 98,
        "num_sc": 89
    }
}