{
    "all": {
        "mean_mae": [
            27.3577880859375,
            32.37839126586914,
            54.28314971923828,
            49.34524154663086
        ],
        "mae_sr": 0.5307443141937256,
        "rmsd": 0.8855383396148682,
        "dihedral_counts": [
            309,
            229,
            52,
            20
        ],
        "seq_len": 391,
        "num_sc": 309,
        "clash_info": {
            "100": {
                "num_clashes": 191,
                "num_atom_pairs": 3183730,
                "energy": 42.335731506347656
            },
            "90": {
                "num_clashes": 33,
                "num_atom_pairs": 3183730,
                "energy": 11.87477970123291
            },
            "80": {
                "num_clashes": 12,
                "num_atom_pairs": 3183730,
                "energy": 5.290927886962891
            }
        },
        "ca_rmsd": 3.154364549118327e-06
    },
    "core": {
        "mean_mae": [
            15.402763366699219,
            28.16152572631836,
            55.04221725463867,
            38.22414779663086
        ],
        "mae_sr": 0.6102941036224365,
        "rmsd": 0.6534124612808228,
        "dihedral_counts": [
            136,
            98,
            21,
            7
        ],
        "seq_len": 182,
        "num_sc": 136
    },
    "surface": {
        "mean_mae": [
            40.5843620300293,
            38.87006378173828,
            43.064754486083984,
            55.33352279663086
        ],
        "mae_sr": 0.4095238149166107,
        "rmsd": 1.1781874895095825,
        "dihedral_counts": [
            105,
            82,
            23,
            13
        ],
        "seq_len": 131,
        "num_sc": 105
    }
}