{
    "all": {
        "mean_mae": [
            20.13738250732422,
            23.823972702026367,
            34.87038040161133,
            52.24607849121094
        ],
        "mae_sr": 0.7098445892333984,
        "rmsd": 0.6349289417266846,
        "dihedral_counts": [
            193,
            120,
            32,
            15
        ],
        "seq_len": 251,
        "num_sc": 193,
        "clash_info": {
            "100": {
                "num_clashes": 66,
                "num_atom_pairs": 1177355,
                "energy": 6.513843536376953
            },
            "90": {
                "num_clashes": 0,
                "num_atom_pairs": 1177355,
                "energy": 0.0
            },
            "80": {
                "num_clashes": 0,
                "num_atom_pairs": 1177355,
                "energy": 0.0
            }
        },
        "ca_rmsd": 2.6439394787303172e-05
    },
    "core": {
        "mean_mae": [
            14.525569915771484,
            21.510465621948242,
            30.872573852539062,
            7.8520989418029785
        ],
        "mae_sr": 0.7916666865348816,
        "rmsd": 0.4087795913219452,
        "dihedral_counts": [
            72,
            37,
            6,
            3
        ],
        "seq_len": 97,
        "num_sc": 72
    },
    "surface": {
        "mean_mae": [
            31.825349807739258,
            28.52446937561035,
            35.269466400146484,
            68.57160186767578
        ],
        "mae_sr": 0.5974025726318359,
        "rmsd": 0.9779375791549683,
        "dihedral_counts": [
            77,
            51,
            17,
            11
        ],
        "seq_len": 97,
        "num_sc": 77
    }
}