{
    "all": {
        "mean_mae": [
            15.781234741210938,
            17.514690399169922,
            34.749454498291016,
            55.675655364990234
        ],
        "mae_sr": 0.7222222089767456,
        "rmsd": 0.6305423378944397,
        "dihedral_counts": [
            198,
            160,
            62,
            34
        ],
        "seq_len": 223,
        "num_sc": 198,
        "clash_info": {
            "100": {
                "num_clashes": 91,
                "num_atom_pairs": 1212729,
                "energy": 21.233909606933594
            },
            "90": {
                "num_clashes": 21,
                "num_atom_pairs": 1212729,
                "energy": 6.297248840332031
            },
            "80": {
                "num_clashes": 8,
                "num_atom_pairs": 1212729,
                "energy": 1.8050837516784668
            }
        },
        "ca_rmsd": 4.099350917385891e-06
    },
    "core": {
        "mean_mae": [
            8.960999488830566,
            6.794569492340088,
            20.70154571533203,
            28.1368465423584
        ],
        "mae_sr": 0.8985507488250732,
        "rmsd": 0.33204036951065063,
        "dihedral_counts": [
            69,
            50,
            12,
            5
        ],
        "seq_len": 80,
        "num_sc": 69
    },
    "surface": {
        "mean_mae": [
            23.329994201660156,
            28.24384117126465,
            41.07894515991211,
            63.40249252319336
        ],
        "mae_sr": 0.5789473652839661,
        "rmsd": 0.9238316416740417,
        "dihedral_counts": [
            95,
            79,
            40,
            24
        ],
        "seq_len": 105,
        "num_sc": 95
    }
}