{
    "all": {
        "mean_mae": [
            20.451282501220703,
            28.976892471313477,
            42.782005310058594,
            55.851905822753906
        ],
        "mae_sr": 0.6363636255264282,
        "rmsd": 0.6685105562210083,
        "dihedral_counts": [
            154,
            103,
            28,
            10
        ],
        "seq_len": 204,
        "num_sc": 154,
        "clash_info": {
            "100": {
                "num_clashes": 77,
                "num_atom_pairs": 794731,
                "energy": 12.07781982421875
            },
            "90": {
                "num_clashes": 9,
                "num_atom_pairs": 794731,
                "energy": 1.7287538051605225
            },
            "80": {
                "num_clashes": 2,
                "num_atom_pairs": 794731,
                "energy": 0.37981295585632324
            }
        },
        "ca_rmsd": 4.119336153962649e-06
    },
    "core": {
        "mean_mae": [
            15.477846145629883,
            22.501100540161133,
            43.500911712646484,
            28.215606689453125
        ],
        "mae_sr": 0.738095223903656,
        "rmsd": 0.5036901235580444,
        "dihedral_counts": [
            42,
            30,
            7,
            4
        ],
        "seq_len": 53,
        "num_sc": 42
    },
    "surface": {
        "mean_mae": [
            23.773954391479492,
            30.068723678588867,
            42.09635543823242,
            60.84416198730469
        ],
        "mae_sr": 0.5890411138534546,
        "rmsd": 0.6907569766044617,
        "dihedral_counts": [
            73,
            47,
            13,
            3
        ],
        "seq_len": 102,
        "num_sc": 73
    }
}