{
    "all": {
        "mean_mae": [
            32.714752197265625,
            31.670270919799805,
            55.74424743652344,
            54.82250213623047
        ],
        "mae_sr": 0.5396825671195984,
        "rmsd": 0.9394659399986267,
        "dihedral_counts": [
            126,
            93,
            26,
            19
        ],
        "seq_len": 170,
        "num_sc": 126,
        "clash_info": {
            "100": {
                "num_clashes": 22,
                "num_atom_pairs": 522518,
                "energy": 2.5915162563323975
            },
            "90": {
                "num_clashes": 2,
                "num_atom_pairs": 522518,
                "energy": 0.17669939994812012
            },
            "80": {
                "num_clashes": 0,
                "num_atom_pairs": 522518,
                "energy": 0.0
            }
        },
        "ca_rmsd": 2.0973282516933978e-05
    },
    "core": {
        "mean_mae": [
            0.0,
            0.0,
            0.0,
            0.0
        ],
        "mae_sr": 1.0,
        "rmsd": 0.0,
        "dihedral_counts": [
            0,
            0,
            0,
            0
        ],
        "seq_len": 0,
        "num_sc": 0
    },
    "surface": {
        "mean_mae": [
            32.936649322509766,
            31.670270919799805,
            55.74424362182617,
            54.82250213623047
        ],
        "mae_sr": 0.5360000133514404,
        "rmsd": 0.9458803534507751,
        "dihedral_counts": [
            125,
            93,
            26,
            19
        ],
        "seq_len": 169,
        "num_sc": 125
    }
}