{
    "all": {
        "mean_mae": [
            10.759248733520508,
            10.155135154724121,
            22.286592483520508,
            60.965972900390625
        ],
        "mae_sr": 0.8684210777282715,
        "rmsd": 0.3660655915737152,
        "dihedral_counts": [
            76,
            48,
            13,
            6
        ],
        "seq_len": 92,
        "num_sc": 76,
        "clash_info": {
            "100": {
                "num_clashes": 41,
                "num_atom_pairs": 168800,
                "energy": 6.154219150543213
            },
            "90": {
                "num_clashes": 4,
                "num_atom_pairs": 168800,
                "energy": 0.5201404094696045
            },
            "80": {
                "num_clashes": 1,
                "num_atom_pairs": 168800,
                "energy": 0.008110284805297852
            }
        },
        "ca_rmsd": 7.03257137502078e-06
    },
    "core": {
        "mean_mae": [
            4.432026386260986,
            15.017176628112793,
            58.2712287902832,
            151.12387084960938
        ],
        "mae_sr": 0.8235294222831726,
        "rmsd": 0.2862619459629059,
        "dihedral_counts": [
            17,
            12,
            2,
            1
        ],
        "seq_len": 26,
        "num_sc": 17
    },
    "surface": {
        "mean_mae": [
            16.8322811126709,
            9.681185722351074,
            21.31209373474121,
            24.762733459472656
        ],
        "mae_sr": 0.8461538553237915,
        "rmsd": 0.4505349099636078,
        "dihedral_counts": [
            39,
            23,
            6,
            3
        ],
        "seq_len": 45,
        "num_sc": 39
    }
}