{
    "all": {
        "mean_mae": [
            12.46291446685791,
            15.082993507385254,
            31.603031158447266,
            61.85647201538086
        ],
        "mae_sr": 0.75,
        "rmsd": 0.5492112040519714,
        "dihedral_counts": [
            392,
            298,
            112,
            61
        ],
        "seq_len": 460,
        "num_sc": 392,
        "clash_info": {
            "100": {
                "num_clashes": 152,
                "num_atom_pairs": 4660950,
                "energy": 33.62523651123047
            },
            "90": {
                "num_clashes": 30,
                "num_atom_pairs": 4660950,
                "energy": 7.916357517242432
            },
            "80": {
                "num_clashes": 6,
                "num_atom_pairs": 4660950,
                "energy": 3.7994511127471924
            }
        },
        "ca_rmsd": 4.194206667307299e-06
    },
    "core": {
        "mean_mae": [
            7.191595077514648,
            12.02503776550293,
            19.791894912719727,
            57.18898391723633
        ],
        "mae_sr": 0.8902438879013062,
        "rmsd": 0.297421395778656,
        "dihedral_counts": [
            164,
            103,
            23,
            10
        ],
        "seq_len": 203,
        "num_sc": 164
    },
    "surface": {
        "mean_mae": [
            22.77950096130371,
            22.278541564941406,
            34.442054748535156,
            57.54154968261719
        ],
        "mae_sr": 0.550000011920929,
        "rmsd": 0.8936057686805725,
        "dihedral_counts": [
            140,
            123,
            61,
            34
        ],
        "seq_len": 152,
        "num_sc": 140
    }
}