{
    "all": {
        "mean_mae": [
            16.466596603393555,
            26.605613708496094,
            37.45242691040039,
            62.58607482910156
        ],
        "mae_sr": 0.6315789222717285,
        "rmsd": 0.6213144659996033,
        "dihedral_counts": [
            95,
            71,
            32,
            12
        ],
        "seq_len": 117,
        "num_sc": 95,
        "clash_info": {
            "100": {
                "num_clashes": 24,
                "num_atom_pairs": 294373,
                "energy": 3.3848748207092285
            },
            "90": {
                "num_clashes": 3,
                "num_atom_pairs": 294373,
                "energy": 0.2373816967010498
            },
            "80": {
                "num_clashes": 0,
                "num_atom_pairs": 294373,
                "energy": 0.0
            }
        },
        "ca_rmsd": 3.5090108667645836e-06
    },
    "core": {
        "mean_mae": [
            4.336723804473877,
            18.9014949798584,
            6.837398052215576,
            2.3296682834625244
        ],
        "mae_sr": 0.9200000166893005,
        "rmsd": 0.2207564115524292,
        "dihedral_counts": [
            25,
            18,
            3,
            1
        ],
        "seq_len": 35,
        "num_sc": 25
    },
    "surface": {
        "mean_mae": [
            25.939077377319336,
            35.92277145385742,
            43.44173049926758,
            67.66970825195312
        ],
        "mae_sr": 0.40425533056259155,
        "rmsd": 0.9370929002761841,
        "dihedral_counts": [
            47,
            37,
            24,
            9
        ],
        "seq_len": 58,
        "num_sc": 47
    }
}