{
    "all": {
        "mean_mae": [
            14.938096046447754,
            20.54615020751953,
            40.77383041381836,
            49.1912727355957
        ],
        "mae_sr": 0.6729559898376465,
        "rmsd": 0.6300170421600342,
        "dihedral_counts": [
            318,
            240,
            109,
            49
        ],
        "seq_len": 381,
        "num_sc": 318,
        "clash_info": {
            "100": {
                "num_clashes": 135,
                "num_atom_pairs": 3251409,
                "energy": 17.669097900390625
            },
            "90": {
                "num_clashes": 15,
                "num_atom_pairs": 3251409,
                "energy": 1.3845423460006714
            },
            "80": {
                "num_clashes": 1,
                "num_atom_pairs": 3251409,
                "energy": 0.005583286285400391
            }
        },
        "ca_rmsd": 5.432378657133086e-06
    },
    "core": {
        "mean_mae": [
            10.104286193847656,
            13.395992279052734,
            36.16411209106445,
            37.632423400878906
        ],
        "mae_sr": 0.7983871102333069,
        "rmsd": 0.40098637342453003,
        "dihedral_counts": [
            124,
            86,
            24,
            13
        ],
        "seq_len": 148,
        "num_sc": 124
    },
    "surface": {
        "mean_mae": [
            23.263118743896484,
            31.14191436767578,
            46.88168716430664,
            59.39219284057617
        ],
        "mae_sr": 0.5,
        "rmsd": 0.9664851427078247,
        "dihedral_counts": [
            126,
            104,
            63,
            26
        ],
        "seq_len": 150,
        "num_sc": 126
    }
}