{
    "all": {
        "mean_mae": [
            31.023483276367188,
            33.912147521972656,
            56.67866516113281,
            88.071533203125
        ],
        "mae_sr": 0.4516128897666931,
        "rmsd": 0.9611600637435913,
        "dihedral_counts": [
            217,
            159,
            55,
            23
        ],
        "seq_len": 234,
        "num_sc": 217,
        "clash_info": {
            "100": {
                "num_clashes": 98,
                "num_atom_pairs": 1353198,
                "energy": 24.6412296295166
            },
            "90": {
                "num_clashes": 28,
                "num_atom_pairs": 1353198,
                "energy": 7.592975616455078
            },
            "80": {
                "num_clashes": 13,
                "num_atom_pairs": 1353198,
                "energy": 2.024731159210205
            }
        },
        "ca_rmsd": 1.9097435142612085e-05
    },
    "core": {
        "mean_mae": [
            18.004362106323242,
            15.496691703796387,
            71.1865234375,
            140.4662322998047
        ],
        "mae_sr": 0.6595744490623474,
        "rmsd": 0.5357317924499512,
        "dihedral_counts": [
            47,
            35,
            5,
            1
        ],
        "seq_len": 52,
        "num_sc": 47
    },
    "surface": {
        "mean_mae": [
            40.31705856323242,
            50.45954513549805,
            58.208831787109375,
            72.40898132324219
        ],
        "mae_sr": 0.30188679695129395,
        "rmsd": 1.2228267192840576,
        "dihedral_counts": [
            106,
            78,
            32,
            14
        ],
        "seq_len": 115,
        "num_sc": 106
    }
}