{
    "all": {
        "mean_mae": [
            12.794182777404785,
            14.671769142150879,
            34.622467041015625,
            58.10371398925781
        ],
        "mae_sr": 0.7624521255493164,
        "rmsd": 0.5206884741783142,
        "dihedral_counts": [
            261,
            194,
            65,
            26
        ],
        "seq_len": 322,
        "num_sc": 261,
        "clash_info": {
            "100": {
                "num_clashes": 175,
                "num_atom_pairs": 2193283,
                "energy": 26.11859130859375
            },
            "90": {
                "num_clashes": 19,
                "num_atom_pairs": 2193283,
                "energy": 1.7204585075378418
            },
            "80": {
                "num_clashes": 0,
                "num_atom_pairs": 2193283,
                "energy": 0.0
            }
        },
        "ca_rmsd": 2.4368164304178208e-05
    },
    "core": {
        "mean_mae": [
            8.217619895935059,
            9.562830924987793,
            23.573516845703125,
            61.630638122558594
        ],
        "mae_sr": 0.8677685856819153,
        "rmsd": 0.37516355514526367,
        "dihedral_counts": [
            121,
            83,
            18,
            7
        ],
        "seq_len": 150,
        "num_sc": 121
    },
    "surface": {
        "mean_mae": [
            16.693023681640625,
            22.923032760620117,
            39.56935119628906,
            56.13498306274414
        ],
        "mae_sr": 0.6000000238418579,
        "rmsd": 0.7215157151222229,
        "dihedral_counts": [
            90,
            74,
            33,
            15
        ],
        "seq_len": 112,
        "num_sc": 90
    }
}