{
    "all": {
        "mean_mae": [
            20.925743103027344,
            29.534040451049805,
            34.46021270751953,
            67.34778594970703
        ],
        "mae_sr": 0.6617646813392639,
        "rmsd": 0.6871278285980225,
        "dihedral_counts": [
            204,
            136,
            39,
            12
        ],
        "seq_len": 265,
        "num_sc": 204,
        "clash_info": {
            "100": {
                "num_clashes": 86,
                "num_atom_pairs": 1392006,
                "energy": 11.5115966796875
            },
            "90": {
                "num_clashes": 5,
                "num_atom_pairs": 1392006,
                "energy": 1.3839918375015259
            },
            "80": {
                "num_clashes": 1,
                "num_atom_pairs": 1392006,
                "energy": 0.4198768138885498
            }
        },
        "ca_rmsd": 2.7946003683609888e-05
    },
    "core": {
        "mean_mae": [
            14.468040466308594,
            24.406892776489258,
            39.37800216674805,
            5.221611022949219
        ],
        "mae_sr": 0.7941176295280457,
        "rmsd": 0.41012629866600037,
        "dihedral_counts": [
            68,
            38,
            10,
            2
        ],
        "seq_len": 100,
        "num_sc": 68
    },
    "surface": {
        "mean_mae": [
            26.53069496154785,
            30.9285945892334,
            33.14888000488281,
            66.83834838867188
        ],
        "mae_sr": 0.5833333134651184,
        "rmsd": 0.8980978727340698,
        "dihedral_counts": [
            84,
            62,
            18,
            7
        ],
        "seq_len": 106,
        "num_sc": 84
    }
}