{
    "all": {
        "mean_mae": [
            11.203779220581055,
            17.625593185424805,
            33.93092727661133,
            62.170963287353516
        ],
        "mae_sr": 0.7485714554786682,
        "rmsd": 0.5206493139266968,
        "dihedral_counts": [
            175,
            135,
            46,
            23
        ],
        "seq_len": 195,
        "num_sc": 175,
        "clash_info": {
            "100": {
                "num_clashes": 57,
                "num_atom_pairs": 946761,
                "energy": 11.079992294311523
            },
            "90": {
                "num_clashes": 9,
                "num_atom_pairs": 946761,
                "energy": 1.8939783573150635
            },
            "80": {
                "num_clashes": 1,
                "num_atom_pairs": 946761,
                "energy": 0.15789532661437988
            }
        },
        "ca_rmsd": 2.3382219751511e-06
    },
    "core": {
        "mean_mae": [
            4.927828311920166,
            7.98878812789917,
            32.407936096191406,
            53.84231948852539
        ],
        "mae_sr": 0.9016393423080444,
        "rmsd": 0.30246174335479736,
        "dihedral_counts": [
            61,
            44,
            3,
            2
        ],
        "seq_len": 73,
        "num_sc": 61
    },
    "surface": {
        "mean_mae": [
            18.613222122192383,
            22.6901798248291,
            38.486053466796875,
            67.04281616210938
        ],
        "mae_sr": 0.6153846383094788,
        "rmsd": 0.7521829009056091,
        "dihedral_counts": [
            78,
            64,
            35,
            17
        ],
        "seq_len": 83,
        "num_sc": 78
    }
}