{
    "all": {
        "mean_mae": [
            13.560577392578125,
            21.638378143310547,
            44.126285552978516,
            56.1138801574707
        ],
        "mae_sr": 0.7291666865348816,
        "rmsd": 0.6066452860832214,
        "dihedral_counts": [
            240,
            186,
            63,
            34
        ],
        "seq_len": 279,
        "num_sc": 240,
        "clash_info": {
            "100": {
                "num_clashes": 111,
                "num_atom_pairs": 1863165,
                "energy": 22.234365463256836
            },
            "90": {
                "num_clashes": 24,
                "num_atom_pairs": 1863165,
                "energy": 5.144251823425293
            },
            "80": {
                "num_clashes": 4,
                "num_atom_pairs": 1863165,
                "energy": 1.6417797803878784
            }
        },
        "ca_rmsd": 4.314966645324603e-06
    },
    "core": {
        "mean_mae": [
            8.99343204498291,
            15.400717735290527,
            34.82816696166992,
            21.04436683654785
        ],
        "mae_sr": 0.8586956262588501,
        "rmsd": 0.36683833599090576,
        "dihedral_counts": [
            92,
            68,
            15,
            7
        ],
        "seq_len": 104,
        "num_sc": 92
    },
    "surface": {
        "mean_mae": [
            19.25440788269043,
            30.135906219482422,
            50.664451599121094,
            55.78020477294922
        ],
        "mae_sr": 0.6086956262588501,
        "rmsd": 0.8702348470687866,
        "dihedral_counts": [
            92,
            74,
            32,
            18
        ],
        "seq_len": 112,
        "num_sc": 92
    }
}