{
    "all": {
        "mean_mae": [
            10.527434349060059,
            17.581562042236328,
            32.55267333984375,
            59.13982391357422
        ],
        "mae_sr": 0.7810218930244446,
        "rmsd": 0.5163477659225464,
        "dihedral_counts": [
            137,
            93,
            33,
            13
        ],
        "seq_len": 168,
        "num_sc": 137,
        "clash_info": {
            "100": {
                "num_clashes": 48,
                "num_atom_pairs": 563940,
                "energy": 8.425724029541016
            },
            "90": {
                "num_clashes": 9,
                "num_atom_pairs": 563940,
                "energy": 1.1950576305389404
            },
            "80": {
                "num_clashes": 1,
                "num_atom_pairs": 563940,
                "energy": 0.014852523803710938
            }
        },
        "ca_rmsd": 4.853296104556648e-06
    },
    "core": {
        "mean_mae": [
            6.296478748321533,
            9.1704740524292,
            18.54586410522461,
            66.86693572998047
        ],
        "mae_sr": 0.9245283007621765,
        "rmsd": 0.3316459059715271,
        "dihedral_counts": [
            53,
            38,
            7,
            3
        ],
        "seq_len": 70,
        "num_sc": 53
    },
    "surface": {
        "mean_mae": [
            16.09231185913086,
            26.20785903930664,
            35.919654846191406,
            48.183345794677734
        ],
        "mae_sr": 0.6290322542190552,
        "rmsd": 0.6931509971618652,
        "dihedral_counts": [
            62,
            40,
            23,
            7
        ],
        "seq_len": 71,
        "num_sc": 62
    }
}