{
    "all": {
        "mean_mae": [
            31.147022247314453,
            33.0688591003418,
            41.58677673339844,
            65.6415786743164
        ],
        "mae_sr": 0.5,
        "rmsd": 1.054160475730896,
        "dihedral_counts": [
            314,
            240,
            66,
            30
        ],
        "seq_len": 390,
        "num_sc": 314,
        "clash_info": {
            "100": {
                "num_clashes": 139,
                "num_atom_pairs": 3145561,
                "energy": 23.551437377929688
            },
            "90": {
                "num_clashes": 24,
                "num_atom_pairs": 3145561,
                "energy": 4.071103096008301
            },
            "80": {
                "num_clashes": 4,
                "num_atom_pairs": 3145561,
                "energy": 0.49471187591552734
            }
        },
        "ca_rmsd": 2.9387780159595422e-05
    },
    "core": {
        "mean_mae": [
            8.114574432373047,
            25.24871063232422,
            7.201017379760742,
            104.24153900146484
        ],
        "mae_sr": 0.800000011920929,
        "rmsd": 0.4210975170135498,
        "dihedral_counts": [
            20,
            13,
            2,
            1
        ],
        "seq_len": 24,
        "num_sc": 20
    },
    "surface": {
        "mean_mae": [
            33.75811767578125,
            35.28704833984375,
            46.031951904296875,
            56.75868606567383
        ],
        "mae_sr": 0.46909090876579285,
        "rmsd": 1.1234650611877441,
        "dihedral_counts": [
            275,
            211,
            58,
            26
        ],
        "seq_len": 340,
        "num_sc": 275
    }
}