{
    "all": {
        "mean_mae": [
            9.869697570800781,
            20.33758544921875,
            34.38559341430664,
            57.817466735839844
        ],
        "mae_sr": 0.748251736164093,
        "rmsd": 0.5172892212867737,
        "dihedral_counts": [
            143,
            121,
            36,
            16
        ],
        "seq_len": 161,
        "num_sc": 143,
        "clash_info": {
            "100": {
                "num_clashes": 65,
                "num_atom_pairs": 708935,
                "energy": 16.238468170166016
            },
            "90": {
                "num_clashes": 18,
                "num_atom_pairs": 708935,
                "energy": 5.36576509475708
            },
            "80": {
                "num_clashes": 6,
                "num_atom_pairs": 708935,
                "energy": 1.3139994144439697
            }
        },
        "ca_rmsd": 6.589729764527874e-06
    },
    "core": {
        "mean_mae": [
            5.779228687286377,
            11.976958274841309,
            16.18483543395996,
            69.09235382080078
        ],
        "mae_sr": 0.9142857193946838,
        "rmsd": 0.27939870953559875,
        "dihedral_counts": [
            35,
            29,
            4,
            2
        ],
        "seq_len": 46,
        "num_sc": 35
    },
    "surface": {
        "mean_mae": [
            13.520342826843262,
            29.780588150024414,
            43.56044006347656,
            74.00341033935547
        ],
        "mae_sr": 0.5810810923576355,
        "rmsd": 0.7303159832954407,
        "dihedral_counts": [
            74,
            64,
            26,
            10
        ],
        "seq_len": 79,
        "num_sc": 74
    }
}