{
    "all": {
        "mean_mae": [
            14.129622459411621,
            18.328411102294922,
            42.76580047607422,
            28.514209747314453
        ],
        "mae_sr": 0.6571428775787354,
        "rmsd": 0.5216418504714966,
        "dihedral_counts": [
            140,
            113,
            41,
            22
        ],
        "seq_len": 164,
        "num_sc": 140,
        "clash_info": {
            "100": {
                "num_clashes": 50,
                "num_atom_pairs": 664961,
                "energy": 7.956648826599121
            },
            "90": {
                "num_clashes": 5,
                "num_atom_pairs": 664961,
                "energy": 0.8153197765350342
            },
            "80": {
                "num_clashes": 1,
                "num_atom_pairs": 664961,
                "energy": 0.1212928295135498
            }
        },
        "ca_rmsd": 3.0319567940750858e-06
    },
    "core": {
        "mean_mae": [
            5.312171936035156,
            7.807958126068115,
            60.12660598754883,
            31.458192825317383
        ],
        "mae_sr": 0.8333333134651184,
        "rmsd": 0.27814817428588867,
        "dihedral_counts": [
            42,
            31,
            7,
            3
        ],
        "seq_len": 50,
        "num_sc": 42
    },
    "surface": {
        "mean_mae": [
            20.00486183166504,
            26.450565338134766,
            40.90687942504883,
            33.82554244995117
        ],
        "mae_sr": 0.5540540814399719,
        "rmsd": 0.7053680419921875,
        "dihedral_counts": [
            74,
            62,
            27,
            15
        ],
        "seq_len": 89,
        "num_sc": 74
    }
}