{
    "all": {
        "mean_mae": [
            30.77317237854004,
            32.38603973388672,
            47.88760757446289,
            51.537841796875
        ],
        "mae_sr": 0.4333333373069763,
        "rmsd": 1.048432469367981,
        "dihedral_counts": [
            240,
            188,
            94,
            47
        ],
        "seq_len": 273,
        "num_sc": 240,
        "clash_info": {
            "100": {
                "num_clashes": 76,
                "num_atom_pairs": 1731717,
                "energy": 11.051544189453125
            },
            "90": {
                "num_clashes": 10,
                "num_atom_pairs": 1731717,
                "energy": 1.08516263961792
            },
            "80": {
                "num_clashes": 0,
                "num_atom_pairs": 1731717,
                "energy": 0.0
            }
        },
        "ca_rmsd": 2.9445269107818604
    },
    "core": {
        "mean_mae": [
            13.314987182617188,
            13.45032787322998,
            55.211246490478516,
            71.9578628540039
        ],
        "mae_sr": 0.698113203048706,
        "rmsd": 0.45307457447052,
        "dihedral_counts": [
            53,
            41,
            6,
            3
        ],
        "seq_len": 63,
        "num_sc": 53
    },
    "surface": {
        "mean_mae": [
            44.89009094238281,
            44.08024597167969,
            46.2199821472168,
            54.488014221191406
        ],
        "mae_sr": 0.3181818127632141,
        "rmsd": 1.4299683570861816,
        "dihedral_counts": [
            132,
            105,
            67,
            32
        ],
        "seq_len": 146,
        "num_sc": 132
    }
}