{
    "all": {
        "mean_mae": [
            42.9970588684082,
            42.47321701049805,
            48.58848190307617,
            49.71159362792969
        ],
        "mae_sr": 0.32822757959365845,
        "rmsd": 1.284135341644287,
        "dihedral_counts": [
            457,
            379,
            124,
            64
        ],
        "seq_len": 496,
        "num_sc": 457,
        "clash_info": {
            "100": {
                "num_clashes": 159,
                "num_atom_pairs": 6136923,
                "energy": 23.24688148498535
            },
            "90": {
                "num_clashes": 20,
                "num_atom_pairs": 6136923,
                "energy": 2.7368602752685547
            },
            "80": {
                "num_clashes": 2,
                "num_atom_pairs": 6136923,
                "energy": 0.31540989875793457
            }
        },
        "ca_rmsd": 23.888614654541016
    },
    "core": {
        "mean_mae": [
            30.457786560058594,
            30.497692108154297,
            53.60133361816406,
            2.5313329696655273
        ],
        "mae_sr": 0.4528301954269409,
        "rmsd": 0.9079471826553345,
        "dihedral_counts": [
            53,
            41,
            4,
            2
        ],
        "seq_len": 57,
        "num_sc": 53
    },
    "surface": {
        "mean_mae": [
            51.116302490234375,
            48.86027145385742,
            47.18925476074219,
            49.909881591796875
        ],
        "mae_sr": 0.26119402050971985,
        "rmsd": 1.5158860683441162,
        "dihedral_counts": [
            268,
            220,
            94,
            47
        ],
        "seq_len": 294,
        "num_sc": 268
    }
}