{
    "all": {
        "mean_mae": [
            34.80826187133789,
            30.48163414001465,
            49.46356964111328,
            53.31550216674805
        ],
        "mae_sr": 0.40042373538017273,
        "rmsd": 1.054079532623291,
        "dihedral_counts": [
            472,
            372,
            136,
            61
        ],
        "seq_len": 580,
        "num_sc": 472,
        "clash_info": {
            "100": {
                "num_clashes": 195,
                "num_atom_pairs": 6975594,
                "energy": 41.737003326416016
            },
            "90": {
                "num_clashes": 38,
                "num_atom_pairs": 6975594,
                "energy": 13.189300537109375
            },
            "80": {
                "num_clashes": 16,
                "num_atom_pairs": 6975594,
                "energy": 5.7474212646484375
            }
        },
        "ca_rmsd": 33.010623931884766
    },
    "core": {
        "mean_mae": [
            24.499534606933594,
            23.95351219177246,
            51.27643585205078,
            54.025123596191406
        ],
        "mae_sr": 0.5479452013969421,
        "rmsd": 0.7365158796310425,
        "dihedral_counts": [
            146,
            120,
            29,
            14
        ],
        "seq_len": 229,
        "num_sc": 146
    },
    "surface": {
        "mean_mae": [
            42.59365463256836,
            41.765865325927734,
            44.85158920288086,
            58.512638092041016
        ],
        "mae_sr": 0.2974359095096588,
        "rmsd": 1.3112332820892334,
        "dihedral_counts": [
            195,
            147,
            77,
            33
        ],
        "seq_len": 209,
        "num_sc": 195
    }
}