{
    "all": {
        "mean_mae": [
            19.171886444091797,
            23.546716690063477,
            62.03117752075195,
            57.01041793823242
        ],
        "mae_sr": 0.6144578456878662,
        "rmsd": 0.888909101486206,
        "dihedral_counts": [
            166,
            130,
            58,
            29
        ],
        "seq_len": 211,
        "num_sc": 166,
        "clash_info": {
            "100": {
                "num_clashes": 41,
                "num_atom_pairs": 863786,
                "energy": 6.456148147583008
            },
            "90": {
                "num_clashes": 5,
                "num_atom_pairs": 863786,
                "energy": 1.3606988191604614
            },
            "80": {
                "num_clashes": 2,
                "num_atom_pairs": 863786,
                "energy": 0.3026390075683594
            }
        },
        "ca_rmsd": 17.00388526916504
    },
    "core": {
        "mean_mae": [
            5.369343280792236,
            8.1544771194458,
            65.96946716308594,
            83.30872344970703
        ],
        "mae_sr": 0.8510638475418091,
        "rmsd": 0.39788469672203064,
        "dihedral_counts": [
            47,
            31,
            7,
            3
        ],
        "seq_len": 82,
        "num_sc": 47
    },
    "surface": {
        "mean_mae": [
            30.041324615478516,
            32.03232955932617,
            65.4111328125,
            64.44464874267578
        ],
        "mae_sr": 0.4482758641242981,
        "rmsd": 1.2579092979431152,
        "dihedral_counts": [
            87,
            71,
            39,
            20
        ],
        "seq_len": 95,
        "num_sc": 87
    }
}