{
    "all": {
        "mean_mae": [
            46.239410400390625,
            43.45672607421875,
            45.56321716308594,
            67.52985382080078
        ],
        "mae_sr": 0.28421053290367126,
        "rmsd": 1.2890530824661255,
        "dihedral_counts": [
            95,
            75,
            24,
            11
        ],
        "seq_len": 102,
        "num_sc": 95,
        "clash_info": {
            "100": {
                "num_clashes": 39,
                "num_atom_pairs": 256048,
                "energy": 3.3525922298431396
            },
            "90": {
                "num_clashes": 0,
                "num_atom_pairs": 256048,
                "energy": 0.0
            },
            "80": {
                "num_clashes": 0,
                "num_atom_pairs": 256048,
                "energy": 0.0
            }
        },
        "ca_rmsd": 3.4377448558807373
    },
    "core": {
        "mean_mae": [
            24.001319885253906,
            36.91727066040039,
            127.33907318115234,
            176.84791564941406
        ],
        "mae_sr": 0.4166666567325592,
        "rmsd": 0.8368158340454102,
        "dihedral_counts": [
            12,
            11,
            2,
            1
        ],
        "seq_len": 12,
        "num_sc": 12
    },
    "surface": {
        "mean_mae": [
            48.903785705566406,
            45.26047134399414,
            43.37371063232422,
            46.0741081237793
        ],
        "mae_sr": 0.2950819730758667,
        "rmsd": 1.4436074495315552,
        "dihedral_counts": [
            61,
            47,
            16,
            6
        ],
        "seq_len": 65,
        "num_sc": 61
    }
}