{
    "all": {
        "mean_mae": [
            25.994266510009766,
            28.979875564575195,
            49.026527404785156,
            46.24540710449219
        ],
        "mae_sr": 0.5694444179534912,
        "rmsd": 0.8805316090583801,
        "dihedral_counts": [
            216,
            186,
            67,
            34
        ],
        "seq_len": 287,
        "num_sc": 216,
        "clash_info": {
            "100": {
                "num_clashes": 95,
                "num_atom_pairs": 1606354,
                "energy": 12.646210670471191
            },
            "90": {
                "num_clashes": 9,
                "num_atom_pairs": 1606354,
                "energy": 0.7884154319763184
            },
            "80": {
                "num_clashes": 0,
                "num_atom_pairs": 1606354,
                "energy": 0.0
            }
        },
        "ca_rmsd": 17.837106704711914
    },
    "core": {
        "mean_mae": [
            10.728248596191406,
            12.987598419189453,
            20.955717086791992,
            39.302059173583984
        ],
        "mae_sr": 0.8088235259056091,
        "rmsd": 0.4208204746246338,
        "dihedral_counts": [
            68,
            57,
            11,
            7
        ],
        "seq_len": 117,
        "num_sc": 68
    },
    "surface": {
        "mean_mae": [
            38.909088134765625,
            42.409095764160156,
            57.8247184753418,
            51.32036590576172
        ],
        "mae_sr": 0.3617021143436432,
        "rmsd": 1.2669408321380615,
        "dihedral_counts": [
            94,
            82,
            41,
            19
        ],
        "seq_len": 108,
        "num_sc": 94
    }
}