{
    "all": {
        "mean_mae": [
            55.023826599121094,
            47.64762878417969,
            51.61386489868164,
            28.53910255432129
        ],
        "mae_sr": 0.17218543589115143,
        "rmsd": 1.5914509296417236,
        "dihedral_counts": [
            151,
            128,
            44,
            20
        ],
        "seq_len": 161,
        "num_sc": 151,
        "clash_info": {
            "100": {
                "num_clashes": 36,
                "num_atom_pairs": 683399,
                "energy": 9.41122817993164
            },
            "90": {
                "num_clashes": 9,
                "num_atom_pairs": 683399,
                "energy": 3.501802444458008
            },
            "80": {
                "num_clashes": 4,
                "num_atom_pairs": 683399,
                "energy": 1.6476809978485107
            }
        },
        "ca_rmsd": 17.636167526245117
    },
    "core": {
        "mean_mae": [
            49.8072509765625,
            46.08336639404297,
            44.58636474609375,
            58.86853790283203
        ],
        "mae_sr": 0.17142857611179352,
        "rmsd": 1.5861949920654297,
        "dihedral_counts": [
            35,
            32,
            5,
            2
        ],
        "seq_len": 40,
        "num_sc": 35
    },
    "surface": {
        "mean_mae": [
            58.096229553222656,
            40.90834426879883,
            37.646427154541016,
            28.93911361694336
        ],
        "mae_sr": 0.21621622145175934,
        "rmsd": 1.6784359216690063,
        "dihedral_counts": [
            74,
            62,
            26,
            14
        ],
        "seq_len": 77,
        "num_sc": 74
    }
}