{
    "all": {
        "mean_mae": [
            19.888011932373047,
            20.401695251464844,
            41.071842193603516,
            52.766021728515625
        ],
        "mae_sr": 0.6950146555900574,
        "rmsd": 0.6612731218338013,
        "dihedral_counts": [
            682,
            480,
            123,
            57
        ],
        "seq_len": 832,
        "num_sc": 682,
        "clash_info": {
            "100": {
                "num_clashes": 328,
                "num_atom_pairs": 14330928,
                "energy": 52.43415069580078
            },
            "90": {
                "num_clashes": 42,
                "num_atom_pairs": 14330928,
                "energy": 10.139484405517578
            },
            "80": {
                "num_clashes": 11,
                "num_atom_pairs": 14330928,
                "energy": 3.8691368103027344
            }
        },
        "ca_rmsd": 17.460678100585938
    },
    "core": {
        "mean_mae": [
            10.289918899536133,
            12.842877388000488,
            34.48041534423828,
            41.588714599609375
        ],
        "mae_sr": 0.8343949317932129,
        "rmsd": 0.42705419659614563,
        "dihedral_counts": [
            314,
            234,
            41,
            23
        ],
        "seq_len": 391,
        "num_sc": 314
    },
    "surface": {
        "mean_mae": [
            30.154111862182617,
            31.60795021057129,
            47.538352966308594,
            61.14220428466797
        ],
        "mae_sr": 0.5572139024734497,
        "rmsd": 0.8480730056762695,
        "dihedral_counts": [
            201,
            126,
            40,
            13
        ],
        "seq_len": 242,
        "num_sc": 201
    }
}