{
    "all": {
        "mean_mae": [
            26.50211524963379,
            34.41083908081055,
            50.786949157714844,
            47.54328155517578
        ],
        "mae_sr": 0.48708486557006836,
        "rmsd": 0.9136828184127808,
        "dihedral_counts": [
            271,
            200,
            76,
            29
        ],
        "seq_len": 338,
        "num_sc": 271,
        "clash_info": {
            "100": {
                "num_clashes": 80,
                "num_atom_pairs": 2357222,
                "energy": 12.052131652832031
            },
            "90": {
                "num_clashes": 12,
                "num_atom_pairs": 2357222,
                "energy": 1.1923761367797852
            },
            "80": {
                "num_clashes": 1,
                "num_atom_pairs": 2357222,
                "energy": 0.19763469696044922
            }
        },
        "ca_rmsd": 21.40879249572754
    },
    "core": {
        "mean_mae": [
            11.639265060424805,
            40.16859817504883,
            45.653404235839844,
            45.13694381713867
        ],
        "mae_sr": 0.7200000286102295,
        "rmsd": 0.6427776217460632,
        "dihedral_counts": [
            50,
            31,
            4,
            4
        ],
        "seq_len": 64,
        "num_sc": 50
    },
    "surface": {
        "mean_mae": [
            36.57768630981445,
            36.28370666503906,
            51.356807708740234,
            49.41196060180664
        ],
        "mae_sr": 0.36942675709724426,
        "rmsd": 1.1070796251296997,
        "dihedral_counts": [
            157,
            119,
            57,
            19
        ],
        "seq_len": 197,
        "num_sc": 157
    }
}