{
    "all": {
        "mean_mae": [
            44.90913772583008,
            37.10404968261719,
            69.71248626708984,
            85.17249298095703
        ],
        "mae_sr": 0.37051793932914734,
        "rmsd": 1.2168306112289429,
        "dihedral_counts": [
            251,
            165,
            65,
            22
        ],
        "seq_len": 365,
        "num_sc": 251,
        "clash_info": {
            "100": {
                "num_clashes": 46,
                "num_atom_pairs": 1755541,
                "energy": 7.503658771514893
            },
            "90": {
                "num_clashes": 7,
                "num_atom_pairs": 1755541,
                "energy": 1.300893783569336
            },
            "80": {
                "num_clashes": 1,
                "num_atom_pairs": 1755541,
                "energy": 0.25145411491394043
            }
        },
        "ca_rmsd": 80.82200622558594
    },
    "core": {
        "mean_mae": [
            39.33076477050781,
            23.755624771118164,
            77.05738830566406,
            0.0
        ],
        "mae_sr": 0.5102040767669678,
        "rmsd": 0.7927999496459961,
        "dihedral_counts": [
            49,
            32,
            5,
            0
        ],
        "seq_len": 128,
        "num_sc": 49
    },
    "surface": {
        "mean_mae": [
            43.146366119384766,
            40.22509002685547,
            73.808349609375,
            84.24720764160156
        ],
        "mae_sr": 0.34899330139160156,
        "rmsd": 1.3130736351013184,
        "dihedral_counts": [
            149,
            97,
            43,
            16
        ],
        "seq_len": 174,
        "num_sc": 149
    }
}