{
    "all": {
        "mean_mae": [
            56.107749938964844,
            46.268150329589844,
            53.76416778564453,
            69.25978088378906
        ],
        "mae_sr": 0.22297297418117523,
        "rmsd": 1.5576329231262207,
        "dihedral_counts": [
            592,
            480,
            169,
            75
        ],
        "seq_len": 665,
        "num_sc": 592,
        "clash_info": {
            "100": {
                "num_clashes": 202,
                "num_atom_pairs": 10489017,
                "energy": 30.75137710571289
            },
            "90": {
                "num_clashes": 24,
                "num_atom_pairs": 10489017,
                "energy": 4.636592864990234
            },
            "80": {
                "num_clashes": 4,
                "num_atom_pairs": 10489017,
                "energy": 1.8513829708099365
            }
        },
        "ca_rmsd": 32.925357818603516
    },
    "core": {
        "mean_mae": [
            39.48261260986328,
            36.179744720458984,
            66.74169921875,
            47.122337341308594
        ],
        "mae_sr": 0.4000000059604645,
        "rmsd": 1.1178710460662842,
        "dihedral_counts": [
            85,
            64,
            11,
            2
        ],
        "seq_len": 99,
        "num_sc": 85
    },
    "surface": {
        "mean_mae": [
            60.131813049316406,
            50.435821533203125,
            53.45093536376953,
            70.37994384765625
        ],
        "mae_sr": 0.16991643607616425,
        "rmsd": 1.728830099105835,
        "dihedral_counts": [
            359,
            300,
            124,
            55
        ],
        "seq_len": 389,
        "num_sc": 359
    }
}