{
    "all_rmsd": 0.9999999997646439,
    "core_rmsd": 0.9999906767242653,
    "surface_rmsd": 0.9999999833012089,
    "all_mean_mae_1": 0.9999952915266634,
    "all_mean_mae_2": 0.9999999691664962,
    "all_mean_mae_3": 0.9994324937262187,
    "all_mean_mae_4": 0.9907138928230297,
    "all_mae_sr": 0.9997006758604774,
    "all_clash_info_100_num_clashes": 0.9999999999987695,
    "all_clash_info_90_num_clashes": 0.9999999994092119,
    "all_clash_info_80_num_clashes": 0.9999657641314104
}