{
    "all": {
        "mean_mae": [
            21.60214614868164,
            28.599910736083984,
            50.06204605102539,
            60.078819274902344
        ],
        "mae_sr": 0.6532663106918335,
        "rmsd": 0.7160447239875793,
        "dihedral_counts": [
            199,
            151,
            45,
            20
        ],
        "seq_len": 299,
        "num_sc": 199,
        "clash_info": {
            "100": {
                "num_clashes": 64,
                "num_atom_pairs": 1410345,
                "energy": 11.876336097717285
            },
            "90": {
                "num_clashes": 11,
                "num_atom_pairs": 1410345,
                "energy": 2.333047866821289
            },
            "80": {
                "num_clashes": 2,
                "num_atom_pairs": 1410345,
                "energy": 0.4543921947479248
            }
        },
        "ca_rmsd": 12.744389533996582
    },
    "core": {
        "mean_mae": [
            12.39260196685791,
            17.05681037902832,
            33.70280456542969,
            40.33405685424805
        ],
        "mae_sr": 0.795918345451355,
        "rmsd": 0.40297532081604004,
        "dihedral_counts": [
            98,
            73,
            13,
            5
        ],
        "seq_len": 156,
        "num_sc": 98
    },
    "surface": {
        "mean_mae": [
            36.11140060424805,
            43.24493408203125,
            51.87544250488281,
            70.21659851074219
        ],
        "mae_sr": 0.42424243688583374,
        "rmsd": 1.2653608322143555,
        "dihedral_counts": [
            66,
            55,
            25,
            12
        ],
        "seq_len": 97,
        "num_sc": 66
    }
}