{
    "all": {
        "mean_mae": [
            32.54759216308594,
            36.37187194824219,
            53.07685470581055,
            67.57522583007812
        ],
        "mae_sr": 0.5343137383460999,
        "rmsd": 0.9343406558036804,
        "dihedral_counts": [
            204,
            136,
            39,
            12
        ],
        "seq_len": 289,
        "num_sc": 204,
        "clash_info": {
            "100": {
                "num_clashes": 40,
                "num_atom_pairs": 1392006,
                "energy": 6.213220596313477
            },
            "90": {
                "num_clashes": 8,
                "num_atom_pairs": 1392006,
                "energy": 0.7877974510192871
            },
            "80": {
                "num_clashes": 0,
                "num_atom_pairs": 1392006,
                "energy": 0.0
            }
        },
        "ca_rmsd": 131.70420837402344
    },
    "core": {
        "mean_mae": [
            28.007736206054688,
            28.4251651763916,
            41.58599090576172,
            69.71915435791016
        ],
        "mae_sr": 0.6617646813392639,
        "rmsd": 0.6769381165504456,
        "dihedral_counts": [
            68,
            38,
            10,
            2
        ],
        "seq_len": 124,
        "num_sc": 68
    },
    "surface": {
        "mean_mae": [
            40.014671325683594,
            34.35887145996094,
            52.035926818847656,
            47.02517318725586
        ],
        "mae_sr": 0.4285714328289032,
        "rmsd": 1.1347490549087524,
        "dihedral_counts": [
            84,
            62,
            18,
            7
        ],
        "seq_len": 106,
        "num_sc": 84
    }
}