{
    "all": {
        "mean_mae": [
            38.720458984375,
            49.61113739013672,
            53.339080810546875,
            80.8808822631836
        ],
        "mae_sr": 0.4285714328289032,
        "rmsd": 1.5023179054260254,
        "dihedral_counts": [
            21,
            14,
            12,
            9
        ],
        "seq_len": 48,
        "num_sc": 21,
        "clash_info": {
            "100": {
                "num_clashes": 5,
                "num_atom_pairs": 17640,
                "energy": 1.95926833152771
            },
            "90": {
                "num_clashes": 2,
                "num_atom_pairs": 17640,
                "energy": 0.7351319789886475
            },
            "80": {
                "num_clashes": 1,
                "num_atom_pairs": 17640,
                "energy": 0.17073893547058105
            }
        },
        "ca_rmsd": 12.113443374633789
    },
    "core": {
        "mean_mae": [
            27.341358184814453,
            54.36513137817383,
            52.14231491088867,
            85.71829223632812
        ],
        "mae_sr": 0.4000000059604645,
        "rmsd": 1.4482039213180542,
        "dihedral_counts": [
            10,
            7,
            6,
            4
        ],
        "seq_len": 33,
        "num_sc": 10
    },
    "surface": {
        "mean_mae": [
            49.065101623535156,
            44.857147216796875,
            54.53584671020508,
            77.01094818115234
        ],
        "mae_sr": 0.4545454680919647,
        "rmsd": 1.551512598991394,
        "dihedral_counts": [
            11,
            7,
            6,
            5
        ],
        "seq_len": 15,
        "num_sc": 11
    }
}