{
    "all": {
        "mean_mae": [
            43.41511535644531,
            40.14964294433594,
            67.98487091064453,
            71.69083404541016
        ],
        "mae_sr": 0.42307692766189575,
        "rmsd": 1.301850438117981,
        "dihedral_counts": [
            260,
            180,
            68,
            34
        ],
        "seq_len": 524,
        "num_sc": 260,
        "clash_info": {
            "100": {
                "num_clashes": 35,
                "num_atom_pairs": 2017035,
                "energy": 5.9384636878967285
            },
            "90": {
                "num_clashes": 6,
                "num_atom_pairs": 2017035,
                "energy": 1.0639644861221313
            },
            "80": {
                "num_clashes": 2,
                "num_atom_pairs": 2017035,
                "energy": 0.045804500579833984
            }
        },
        "ca_rmsd": 207.8634033203125
    },
    "core": {
        "mean_mae": [
            7.6514410972595215,
            10.081460952758789,
            0.0,
            0.0
        ],
        "mae_sr": 1.0,
        "rmsd": 0.2744602859020233,
        "dihedral_counts": [
            19,
            14,
            0,
            0
        ],
        "seq_len": 234,
        "num_sc": 19
    },
    "surface": {
        "mean_mae": [
            48.117088317871094,
            43.448944091796875,
            70.6537094116211,
            71.32747650146484
        ],
        "mae_sr": 0.3636363744735718,
        "rmsd": 1.4129222631454468,
        "dihedral_counts": [
            220,
            151,
            58,
            28
        ],
        "seq_len": 267,
        "num_sc": 220
    }
}