{
    "all": {
        "rmsd": 0.9405514001846313,
        "mae_sr": 0.5151515007019043,
        "mean_mae": [
            30.377084732055664,
            32.87293243408203,
            54.7785758972168,
            71.69083404541016
        ],
        "dihedral_counts": [
            17962,
            13381,
            4406,
            2035
        ],
        "num_sc": 17962,
        "mean_seq_len": 354.4507141113281,
        "ca_rmsd": 18.51552963256836,
        "clash_info": {
            "100": {
                "energy": 9.517407417297363,
                "num_atom_pairs": 1392006.0,
                "num_clashes": 57.0
            },
            "90": {
                "energy": 1.6620604991912842,
                "num_atom_pairs": 1392006.0,
                "num_clashes": 9.0
            },
            "80": {
                "energy": 0.2763688564300537,
                "num_atom_pairs": 1392006.0,
                "num_clashes": 2.0
            }
        }
    },
    "core": {
        "rmsd": 0.5372514724731445,
        "mae_sr": 0.707317054271698,
        "mean_mae": [
            16.619609832763672,
            19.374832153320312,
            46.954410552978516,
            57.74571228027344
        ],
        "dihedral_counts": [
            5861,
            4211,
            841,
            355
        ],
        "num_sc": 5861,
        "mean_seq_len": 148.81689453125
    },
    "surface": {
        "rmsd": 1.1881306171417236,
        "mae_sr": 0.4027777910232544,
        "mean_mae": [
            40.64399337768555,
            38.46116256713867,
            57.3696403503418,
            75.49079895019531
        ],
        "dihedral_counts": [
            8380,
            6331,
            2647,
            1223
        ],
        "num_sc": 8380,
        "mean_seq_len": 143.7042236328125
    }
}