{
    "all": {
        "mean_mae": [
            36.85803985595703,
            33.34540939331055,
            48.35348129272461,
            67.11707305908203
        ],
        "mae_sr": 0.5269230604171753,
        "rmsd": 0.997870683670044,
        "dihedral_counts": [
            260,
            169,
            45,
            18
        ],
        "seq_len": 338,
        "num_sc": 260,
        "clash_info": {
            "100": {
                "num_clashes": 52,
                "num_atom_pairs": 2140880,
                "energy": 7.023658752441406
            },
            "90": {
                "num_clashes": 4,
                "num_atom_pairs": 2140880,
                "energy": 0.6059274673461914
            },
            "80": {
                "num_clashes": 1,
                "num_atom_pairs": 2140880,
                "energy": 0.17801737785339355
            }
        },
        "ca_rmsd": 6.715993881225586
    },
    "core": {
        "mean_mae": [
            30.5549373626709,
            34.092803955078125,
            23.192302703857422,
            40.79930114746094
        ],
        "mae_sr": 0.6315789222717285,
        "rmsd": 0.8104534149169922,
        "dihedral_counts": [
            38,
            28,
            5,
            2
        ],
        "seq_len": 47,
        "num_sc": 38
    },
    "surface": {
        "mean_mae": [
            40.64399337768555,
            33.91770553588867,
            50.195255279541016,
            81.66205596923828
        ],
        "mae_sr": 0.5090909004211426,
        "rmsd": 1.0287951231002808,
        "dihedral_counts": [
            165,
            95,
            29,
            11
        ],
        "seq_len": 222,
        "num_sc": 165
    }
}