{
    "all": {
        "mean_mae": [
            22.79475975036621,
            23.6403865814209,
            47.413516998291016,
            62.999473571777344
        ],
        "mae_sr": 0.5984405279159546,
        "rmsd": 0.674997091293335,
        "dihedral_counts": [
            513,
            365,
            109,
            47
        ],
        "seq_len": 635,
        "num_sc": 513,
        "clash_info": {
            "100": {
                "num_clashes": 186,
                "num_atom_pairs": 8358985,
                "energy": 31.09586524963379
            },
            "90": {
                "num_clashes": 26,
                "num_atom_pairs": 8358985,
                "energy": 4.280167579650879
            },
            "80": {
                "num_clashes": 5,
                "num_atom_pairs": 8358985,
                "energy": 0.7700855731964111
            }
        },
        "ca_rmsd": 6.793042182922363
    },
    "core": {
        "mean_mae": [
            16.076580047607422,
            18.753253936767578,
            48.39079284667969,
            56.805843353271484
        ],
        "mae_sr": 0.7085201740264893,
        "rmsd": 0.5163596272468567,
        "dihedral_counts": [
            223,
            172,
            38,
            13
        ],
        "seq_len": 278,
        "num_sc": 223
    },
    "surface": {
        "mean_mae": [
            33.96147155761719,
            30.530033111572266,
            50.3530158996582,
            61.96910858154297
        ],
        "mae_sr": 0.4406779706478119,
        "rmsd": 0.898404061794281,
        "dihedral_counts": [
            177,
            114,
            48,
            19
        ],
        "seq_len": 222,
        "num_sc": 177
    }
}