{
    "all": {
        "mean_mae": [
            37.362449645996094,
            34.77041244506836,
            61.65123748779297,
            74.57047271728516
        ],
        "mae_sr": 0.4000000059604645,
        "rmsd": 1.1908966302871704,
        "dihedral_counts": [
            300,
            236,
            90,
            35
        ],
        "seq_len": 381,
        "num_sc": 300,
        "clash_info": {
            "100": {
                "num_clashes": 86,
                "num_atom_pairs": 3069180,
                "energy": 15.991354942321777
            },
            "90": {
                "num_clashes": 14,
                "num_atom_pairs": 3069180,
                "energy": 3.2681050300598145
            },
            "80": {
                "num_clashes": 4,
                "num_atom_pairs": 3069180,
                "energy": 1.246677279472351
            }
        },
        "ca_rmsd": 49.13887023925781
    },
    "core": {
        "mean_mae": [
            20.05488395690918,
            22.837390899658203,
            62.93229293823242,
            106.03887939453125
        ],
        "mae_sr": 0.5094339847564697,
        "rmsd": 0.7538961172103882,
        "dihedral_counts": [
            53,
            41,
            6,
            2
        ],
        "seq_len": 69,
        "num_sc": 53
    },
    "surface": {
        "mean_mae": [
            48.77609634399414,
            40.106143951416016,
            69.61127471923828,
            75.49079895019531
        ],
        "mae_sr": 0.33974358439445496,
        "rmsd": 1.4939992427825928,
        "dihedral_counts": [
            156,
            119,
            64,
            25
        ],
        "seq_len": 212,
        "num_sc": 156
    }
}