{
    "all": {
        "mean_mae": [
            20.378780364990234,
            19.124948501586914,
            41.72742462158203,
            71.74449920654297
        ],
        "mae_sr": 0.6463414430618286,
        "rmsd": 0.7274183630943298,
        "dihedral_counts": [
            82,
            69,
            23,
            10
        ],
        "seq_len": 102,
        "num_sc": 82,
        "clash_info": {
            "100": {
                "num_clashes": 18,
                "num_atom_pairs": 247779,
                "energy": 3.5074965953826904
            },
            "90": {
                "num_clashes": 2,
                "num_atom_pairs": 247779,
                "energy": 0.5029475688934326
            },
            "80": {
                "num_clashes": 1,
                "num_atom_pairs": 247779,
                "energy": 0.11396145820617676
            }
        },
        "ca_rmsd": 14.84046745300293
    },
    "core": {
        "mean_mae": [
            14.85842227935791,
            10.91903305053711,
            34.71440124511719,
            0.0
        ],
        "mae_sr": 0.800000011920929,
        "rmsd": 0.3769562542438507,
        "dihedral_counts": [
            15,
            11,
            1,
            0
        ],
        "seq_len": 19,
        "num_sc": 15
    },
    "surface": {
        "mean_mae": [
            23.80583381652832,
            22.365407943725586,
            47.18855285644531,
            85.87295532226562
        ],
        "mae_sr": 0.5652173757553101,
        "rmsd": 0.9001701474189758,
        "dihedral_counts": [
            46,
            41,
            16,
            8
        ],
        "seq_len": 58,
        "num_sc": 46
    }
}