{
    "all": {
        "mean_mae": [
            41.257545471191406,
            38.42973709106445,
            65.08816528320312,
            88.43622589111328
        ],
        "mae_sr": 0.41455695033073425,
        "rmsd": 1.1115520000457764,
        "dihedral_counts": [
            316,
            238,
            71,
            31
        ],
        "seq_len": 518,
        "num_sc": 316,
        "clash_info": {
            "100": {
                "num_clashes": 56,
                "num_atom_pairs": 3186781,
                "energy": 9.517407417297363
            },
            "90": {
                "num_clashes": 10,
                "num_atom_pairs": 3186781,
                "energy": 1.572355031967163
            },
            "80": {
                "num_clashes": 2,
                "num_atom_pairs": 3186781,
                "energy": 0.29752278327941895
            }
        },
        "ca_rmsd": 190.44386291503906
    },
    "core": {
        "mean_mae": [
            33.25157928466797,
            38.42966079711914,
            71.07142639160156,
            38.349979400634766
        ],
        "mae_sr": 0.4399999976158142,
        "rmsd": 0.8043816089630127,
        "dihedral_counts": [
            25,
            17,
            4,
            2
        ],
        "seq_len": 151,
        "num_sc": 25
    },
    "surface": {
        "mean_mae": [
            43.21797561645508,
            39.012542724609375,
            68.7282485961914,
            86.59113311767578
        ],
        "mae_sr": 0.4124513566493988,
        "rmsd": 1.1745994091033936,
        "dihedral_counts": [
            257,
            197,
            61,
            26
        ],
        "seq_len": 326,
        "num_sc": 257
    }
}