{
    "all": {
        "mean_mae": [
            36.73203659057617,
            39.05607223510742,
            54.616580963134766,
            75.80955505371094
        ],
        "mae_sr": 0.3245033025741577,
        "rmsd": 1.0611244440078735,
        "dihedral_counts": [
            151,
            128,
            44,
            20
        ],
        "seq_len": 161,
        "num_sc": 151,
        "clash_info": {
            "100": {
                "num_clashes": 59,
                "num_atom_pairs": 683399,
                "energy": 10.069876670837402
            },
            "90": {
                "num_clashes": 11,
                "num_atom_pairs": 683399,
                "energy": 2.3250584602355957
            },
            "80": {
                "num_clashes": 2,
                "num_atom_pairs": 683399,
                "energy": 0.4211612939834595
            }
        },
        "ca_rmsd": 3.506037728584488e-06
    },
    "core": {
        "mean_mae": [
            16.96300506591797,
            22.110946655273438,
            55.67474365234375,
            74.48097229003906
        ],
        "mae_sr": 0.5428571701049805,
        "rmsd": 0.5870908498764038,
        "dihedral_counts": [
            35,
            32,
            5,
            2
        ],
        "seq_len": 40,
        "num_sc": 35
    },
    "surface": {
        "mean_mae": [
            46.29707717895508,
            42.79274368286133,
            46.21974182128906,
            83.92047882080078
        ],
        "mae_sr": 0.28378379344940186,
        "rmsd": 1.296460509300232,
        "dihedral_counts": [
            74,
            62,
            26,
            14
        ],
        "seq_len": 77,
        "num_sc": 74
    }
}