{
    "all": {
        "mean_mae": [
            13.685493469238281,
            18.0880126953125,
            51.32600402832031,
            50.11320114135742
        ],
        "mae_sr": 0.7151514887809753,
        "rmsd": 0.4906073808670044,
        "dihedral_counts": [
            165,
            128,
            36,
            14
        ],
        "seq_len": 189,
        "num_sc": 165,
        "clash_info": {
            "100": {
                "num_clashes": 64,
                "num_atom_pairs": 846370,
                "energy": 17.546907424926758
            },
            "90": {
                "num_clashes": 15,
                "num_atom_pairs": 846370,
                "energy": 6.7132768630981445
            },
            "80": {
                "num_clashes": 8,
                "num_atom_pairs": 846370,
                "energy": 2.8946783542633057
            }
        },
        "ca_rmsd": 3.5521916288416833e-06
    },
    "core": {
        "mean_mae": [
            7.644430160522461,
            15.312431335449219,
            49.8065185546875,
            67.6673583984375
        ],
        "mae_sr": 0.8048780560493469,
        "rmsd": 0.30380380153656006,
        "dihedral_counts": [
            41,
            31,
            8,
            5
        ],
        "seq_len": 48,
        "num_sc": 41
    },
    "surface": {
        "mean_mae": [
            16.65340805053711,
            19.621017456054688,
            53.11006546020508,
            41.76640701293945
        ],
        "mae_sr": 0.6521739363670349,
        "rmsd": 0.5859383940696716,
        "dihedral_counts": [
            92,
            73,
            24,
            8
        ],
        "seq_len": 105,
        "num_sc": 92
    }
}