{
    "all": {
        "mean_mae": [
            20.42380714416504,
            32.571937561035156,
            47.90616226196289,
            88.7260513305664
        ],
        "mae_sr": 0.5208333134651184,
        "rmsd": 1.1360522508621216,
        "dihedral_counts": [
            48,
            47,
            20,
            7
        ],
        "seq_len": 71,
        "num_sc": 48,
        "clash_info": {
            "100": {
                "num_clashes": 16,
                "num_atom_pairs": 117455,
                "energy": 2.2317054271698
            },
            "90": {
                "num_clashes": 1,
                "num_atom_pairs": 117455,
                "energy": 0.3009819984436035
            },
            "80": {
                "num_clashes": 0,
                "num_atom_pairs": 117455,
                "energy": 0.0
            }
        },
        "ca_rmsd": 4.403110779094277e-06
    },
    "core": {
        "mean_mae": [
            3.2923789024353027,
            8.398103713989258,
            0.0,
            0.0
        ],
        "mae_sr": 1.0,
        "rmsd": 0.2354847490787506,
        "dihedral_counts": [
            5,
            5,
            0,
            0
        ],
        "seq_len": 10,
        "num_sc": 5
    },
    "surface": {
        "mean_mae": [
            27.702571868896484,
            41.709022521972656,
            45.748634338378906,
            89.28888702392578
        ],
        "mae_sr": 0.36666667461395264,
        "rmsd": 1.4686610698699951,
        "dihedral_counts": [
            30,
            30,
            17,
            6
        ],
        "seq_len": 42,
        "num_sc": 30
    }
}