{
    "all": {
        "mean_mae": [
            45.075679779052734,
            41.349246978759766,
            56.406227111816406,
            92.96521759033203
        ],
        "mae_sr": 0.31794872879981995,
        "rmsd": 1.2861213684082031,
        "dihedral_counts": [
            390,
            340,
            91,
            47
        ],
        "seq_len": 426,
        "num_sc": 390,
        "clash_info": {
            "100": {
                "num_clashes": 107,
                "num_atom_pairs": 4626885,
                "energy": 19.918546676635742
            },
            "90": {
                "num_clashes": 19,
                "num_atom_pairs": 4626885,
                "energy": 4.777138710021973
            },
            "80": {
                "num_clashes": 7,
                "num_atom_pairs": 4626885,
                "energy": 1.2157814502716064
            }
        },
        "ca_rmsd": 1.4585777535103261e-05
    },
    "core": {
        "mean_mae": [
            22.73854637145996,
            38.856021881103516,
            57.09840393066406,
            34.12776565551758
        ],
        "mae_sr": 0.5428571701049805,
        "rmsd": 0.7542268633842468,
        "dihedral_counts": [
            35,
            32,
            4,
            1
        ],
        "seq_len": 39,
        "num_sc": 35
    },
    "surface": {
        "mean_mae": [
            51.863704681396484,
            42.072608947753906,
            57.62431716918945,
            94.42700958251953
        ],
        "mae_sr": 0.2804428040981293,
        "rmsd": 1.4752744436264038,
        "dihedral_counts": [
            271,
            238,
            78,
            42
        ],
        "seq_len": 293,
        "num_sc": 271
    }
}