{
    "all": {
        "rmsd": 0.9435113072395325,
        "mae_sr": 0.5041359066963196,
        "mean_mae": [
            27.418508529663086,
            30.415302276611328,
            54.262901306152344,
            74.41670227050781
        ],
        "dihedral_counts": [
            14707,
            11278,
            3812,
            1806
        ],
        "num_sc": 14707,
        "mean_seq_len": 256.1212158203125,
        "ca_rmsd": 3.075723725487478e-06,
        "clash_info": {
            "100": {
                "energy": 10.633731842041016,
                "num_atom_pairs": 684447.0,
                "num_clashes": 57.5
            },
            "90": {
                "energy": 2.2699451446533203,
                "num_atom_pairs": 684447.0,
                "num_clashes": 10.5
            },
            "80": {
                "energy": 0.24639177322387695,
                "num_atom_pairs": 684447.0,
                "num_clashes": 2.0
            }
        }
    },
    "core": {
        "rmsd": 0.4318798780441284,
        "mae_sr": 0.7612547874450684,
        "mean_mae": [
            11.492250442504883,
            17.380117416381836,
            43.964752197265625,
            36.87416076660156
        ],
        "dihedral_counts": [
            3815,
            2794,
            529,
            225
        ],
        "num_sc": 3815,
        "mean_seq_len": 68.75757598876953
    },
    "surface": {
        "rmsd": 1.139082431793213,
        "mae_sr": 0.3739011883735657,
        "mean_mae": [
            35.68132400512695,
            37.208106994628906,
            57.16783142089844,
            76.68817138671875
        ],
        "dihedral_counts": [
            7367,
            5744,
            2433,
            1168
        ],
        "num_sc": 7367,
        "mean_seq_len": 126.8484878540039
    }
}