{
    "all": {
        "mean_mae": [
            25.248998641967773,
            28.808839797973633,
            58.79624557495117,
            71.7055892944336
        ],
        "mae_sr": 0.5388127565383911,
        "rmsd": 0.796995222568512,
        "dihedral_counts": [
            657,
            494,
            154,
            76
        ],
        "seq_len": 765,
        "num_sc": 657,
        "clash_info": {
            "100": {
                "num_clashes": 220,
                "num_atom_pairs": 13885146,
                "energy": 40.254005432128906
            },
            "90": {
                "num_clashes": 40,
                "num_atom_pairs": 13885146,
                "energy": 7.51430606842041
            },
            "80": {
                "num_clashes": 4,
                "num_atom_pairs": 13885146,
                "energy": 0.782597541809082
            }
        },
        "ca_rmsd": 9.060111551661976e-06
    },
    "core": {
        "mean_mae": [
            16.302560806274414,
            20.3563289642334,
            47.762760162353516,
            49.923118591308594
        ],
        "mae_sr": 0.7084870934486389,
        "rmsd": 0.49221327900886536,
        "dihedral_counts": [
            271,
            196,
            31,
            11
        ],
        "seq_len": 313,
        "num_sc": 271
    },
    "surface": {
        "mean_mae": [
            39.06356430053711,
            39.258827209472656,
            65.06793212890625,
            80.79719543457031
        ],
        "mae_sr": 0.3711790442466736,
        "rmsd": 1.196732521057129,
        "dihedral_counts": [
            229,
            175,
            83,
            43
        ],
        "seq_len": 278,
        "num_sc": 229
    }
}