{
    "all": {
        "mean_mae": [
            14.653751373291016,
            18.858957290649414,
            58.09689712524414,
            74.17069244384766
        ],
        "mae_sr": 0.7039999961853027,
        "rmsd": 0.5669271349906921,
        "dihedral_counts": [
            125,
            97,
            28,
            14
        ],
        "seq_len": 141,
        "num_sc": 125,
        "clash_info": {
            "100": {
                "num_clashes": 33,
                "num_atom_pairs": 499612,
                "energy": 7.283795356750488
            },
            "90": {
                "num_clashes": 5,
                "num_atom_pairs": 499612,
                "energy": 2.5762765407562256
            },
            "80": {
                "num_clashes": 1,
                "num_atom_pairs": 499612,
                "energy": 1.3114113807678223
            }
        },
        "ca_rmsd": 3.0884173156664474e-06
    },
    "core": {
        "mean_mae": [
            7.157252788543701,
            12.100041389465332,
            76.51217651367188,
            0.0
        ],
        "mae_sr": 0.8863636255264282,
        "rmsd": 0.32898056507110596,
        "dihedral_counts": [
            44,
            33,
            4,
            0
        ],
        "seq_len": 53,
        "num_sc": 44
    },
    "surface": {
        "mean_mae": [
            22.763309478759766,
            25.790082931518555,
            58.26001739501953,
            75.59294891357422
        ],
        "mae_sr": 0.5333333611488342,
        "rmsd": 0.822642982006073,
        "dihedral_counts": [
            60,
            50,
            21,
            13
        ],
        "seq_len": 65,
        "num_sc": 60
    }
}