{
    "all": {
        "mean_mae": [
            8.441880226135254,
            11.079136848449707,
            37.92451858520508,
            85.81454467773438
        ],
        "mae_sr": 0.8362069129943848,
        "rmsd": 0.3364342451095581,
        "dihedral_counts": [
            116,
            79,
            22,
            11
        ],
        "seq_len": 134,
        "num_sc": 116,
        "clash_info": {
            "100": {
                "num_clashes": 21,
                "num_atom_pairs": 385526,
                "energy": 3.003032922744751
            },
            "90": {
                "num_clashes": 3,
                "num_atom_pairs": 385526,
                "energy": 0.47098779678344727
            },
            "80": {
                "num_clashes": 0,
                "num_atom_pairs": 385526,
                "energy": 0.0
            }
        },
        "ca_rmsd": 2.735974476308911e-06
    },
    "core": {
        "mean_mae": [
            6.860973358154297,
            5.55659294128418,
            25.046321868896484,
            4.085757732391357
        ],
        "mae_sr": 0.9534883499145508,
        "rmsd": 0.22762244939804077,
        "dihedral_counts": [
            43,
            30,
            4,
            2
        ],
        "seq_len": 50,
        "num_sc": 43
    },
    "surface": {
        "mean_mae": [
            10.896059036254883,
            17.606931686401367,
            60.929420471191406,
            116.45443725585938
        ],
        "mae_sr": 0.7454545497894287,
        "rmsd": 0.4232669770717621,
        "dihedral_counts": [
            55,
            35,
            10,
            6
        ],
        "seq_len": 64,
        "num_sc": 55
    }
}