{
    "all": {
        "mean_mae": [
            47.14485168457031,
            42.691505432128906,
            70.18716430664062,
            82.09104919433594
        ],
        "mae_sr": 0.28911563754081726,
        "rmsd": 1.3459274768829346,
        "dihedral_counts": [
            588,
            477,
            154,
            78
        ],
        "seq_len": 629,
        "num_sc": 588,
        "clash_info": {
            "100": {
                "num_clashes": 202,
                "num_atom_pairs": 9951011,
                "energy": 39.75395965576172
            },
            "90": {
                "num_clashes": 33,
                "num_atom_pairs": 9951011,
                "energy": 9.610278129577637
            },
            "80": {
                "num_clashes": 12,
                "num_atom_pairs": 9951011,
                "energy": 3.000149965286255
            }
        },
        "ca_rmsd": 9.719064109958708e-06
    },
    "core": {
        "mean_mae": [
            30.844263076782227,
            32.91398620605469,
            19.30507469177246,
            62.734092712402344
        ],
        "mae_sr": 0.49367088079452515,
        "rmsd": 0.7212569117546082,
        "dihedral_counts": [
            79,
            55,
            7,
            4
        ],
        "seq_len": 84,
        "num_sc": 79
    },
    "surface": {
        "mean_mae": [
            54.08891677856445,
            43.33006286621094,
            67.44230651855469,
            84.41683197021484
        ],
        "mae_sr": 0.21449275314807892,
        "rmsd": 1.5896449089050293,
        "dihedral_counts": [
            345,
            286,
            111,
            56
        ],
        "seq_len": 370,
        "num_sc": 345
    }
}