{
    "all": {
        "mean_mae": [
            31.035680770874023,
            40.0592155456543,
            48.658016204833984,
            57.60621643066406
        ],
        "mae_sr": 0.4000000059604645,
        "rmsd": 0.9911901950836182,
        "dihedral_counts": [
            95,
            75,
            24,
            11
        ],
        "seq_len": 102,
        "num_sc": 95,
        "clash_info": {
            "100": {
                "num_clashes": 13,
                "num_atom_pairs": 256048,
                "energy": 0.6891379356384277
            },
            "90": {
                "num_clashes": 0,
                "num_atom_pairs": 256048,
                "energy": 0.0
            },
            "80": {
                "num_clashes": 0,
                "num_atom_pairs": 256048,
                "energy": 0.0
            }
        },
        "ca_rmsd": 5.341644850886951e-07
    },
    "core": {
        "mean_mae": [
            18.385095596313477,
            40.53250503540039,
            78.22522735595703,
            118.17937469482422
        ],
        "mae_sr": 0.3333333432674408,
        "rmsd": 0.7592299580574036,
        "dihedral_counts": [
            12,
            11,
            2,
            1
        ],
        "seq_len": 12,
        "num_sc": 12
    },
    "surface": {
        "mean_mae": [
            37.00017166137695,
            39.9411506652832,
            39.997222900390625,
            30.83045768737793
        ],
        "mae_sr": 0.4098360538482666,
        "rmsd": 1.1370445489883423,
        "dihedral_counts": [
            61,
            47,
            16,
            6
        ],
        "seq_len": 65,
        "num_sc": 61
    }
}