{
    "all": {
        "mean_mae": [
            18.705184936523438,
            20.175643920898438,
            40.307640075683594,
            40.980247497558594
        ],
        "mae_sr": 0.6666666865348816,
        "rmsd": 0.5925343036651611,
        "dihedral_counts": [
            93,
            68,
            29,
            14
        ],
        "seq_len": 119,
        "num_sc": 93,
        "clash_info": {
            "100": {
                "num_clashes": 12,
                "num_atom_pairs": 279891,
                "energy": 1.559948205947876
            },
            "90": {
                "num_clashes": 2,
                "num_atom_pairs": 279891,
                "energy": 0.2638888359069824
            },
            "80": {
                "num_clashes": 0,
                "num_atom_pairs": 279891,
                "energy": 0.0
            }
        },
        "ca_rmsd": 2.089487225021003e-06
    },
    "core": {
        "mean_mae": [
            3.7240846157073975,
            8.784744262695312,
            67.47348022460938,
            0.0
        ],
        "mae_sr": 0.9130434989929199,
        "rmsd": 0.25246766209602356,
        "dihedral_counts": [
            23,
            15,
            3,
            0
        ],
        "seq_len": 29,
        "num_sc": 23
    },
    "surface": {
        "mean_mae": [
            33.00684356689453,
            29.298187255859375,
            40.92292785644531,
            44.26906967163086
        ],
        "mae_sr": 0.45652174949645996,
        "rmsd": 0.9507336020469666,
        "dihedral_counts": [
            46,
            36,
            22,
            12
        ],
        "seq_len": 59,
        "num_sc": 46
    }
}