{
    "all": {
        "rmsd": 1.042658805847168,
        "mae_sr": 0.4754520654678345,
        "mean_mae": [
            32.21504592895508,
            31.652618408203125,
            50.21404266357422,
            55.09709548950195
        ],
        "dihedral_counts": [
            14703,
            11277,
            3812,
            1806
        ],
        "num_sc": 14703,
        "mean_seq_len": 256.01513671875,
        "ca_rmsd": 4.5689207581744995e-06,
        "clash_info": {
            "100": {
                "energy": 38.92250442504883,
                "num_atom_pairs": 2406350.5,
                "num_clashes": 158.3333282470703
            },
            "90": {
                "energy": 11.136419296264648,
                "num_atom_pairs": 2406350.5,
                "num_clashes": 40.227272033691406
            },
            "80": {
                "energy": 3.6837401390075684,
                "num_atom_pairs": 2406350.5,
                "num_clashes": 11.818181991577148
            }
        }
    },
    "core": {
        "rmsd": 0.607908308506012,
        "mae_sr": 0.681073784828186,
        "mean_mae": [
            17.152803421020508,
            21.326982498168945,
            38.26021957397461,
            32.900779724121094
        ],
        "dihedral_counts": [
            3810,
            2791,
            529,
            225
        ],
        "num_sc": 3810,
        "mean_seq_len": 68.68181610107422
    },
    "surface": {
        "rmsd": 1.2612781524658203,
        "mae_sr": 0.3853209614753723,
        "mean_mae": [
            39.82276153564453,
            36.66505432128906,
            50.76411437988281,
            56.85995864868164
        ],
        "dihedral_counts": [
            7372,
            5748,
            2433,
            1168
        ],
        "num_sc": 7372,
        "mean_seq_len": 126.8787841796875
    }
}