{
    "all": {
        "mean_mae": [
            37.6787109375,
            35.79203796386719,
            68.43740844726562,
            56.15824890136719
        ],
        "mae_sr": 0.36328125,
        "rmsd": 1.1745333671569824,
        "dihedral_counts": [
            256,
            208,
            66,
            32
        ],
        "seq_len": 276,
        "num_sc": 256,
        "clash_info": {
            "100": {
                "num_clashes": 167,
                "num_atom_pairs": 1903305,
                "energy": 31.03009796142578
            },
            "90": {
                "num_clashes": 25,
                "num_atom_pairs": 1903305,
                "energy": 5.982369422912598
            },
            "80": {
                "num_clashes": 7,
                "num_atom_pairs": 1903305,
                "energy": 1.5770111083984375
            }
        },
        "ca_rmsd": 1.452230435461388e-06
    },
    "core": {
        "mean_mae": [
            24.558019638061523,
            25.744503021240234,
            56.72624969482422,
            1.2521604299545288
        ],
        "mae_sr": 0.5681818127632141,
        "rmsd": 0.7304679751396179,
        "dihedral_counts": [
            44,
            35,
            7,
            3
        ],
        "seq_len": 51,
        "num_sc": 44
    },
    "surface": {
        "mean_mae": [
            46.07733917236328,
            40.85512924194336,
            64.36648559570312,
            65.09461212158203
        ],
        "mae_sr": 0.251748263835907,
        "rmsd": 1.451917052268982,
        "dihedral_counts": [
            143,
            116,
            49,
            24
        ],
        "seq_len": 152,
        "num_sc": 143
    }
}