{
    "all": {
        "mean_mae": [
            22.73369026184082,
            25.63398551940918,
            42.172332763671875,
            45.10037612915039
        ],
        "mae_sr": 0.6560693383216858,
        "rmsd": 0.8837127685546875,
        "dihedral_counts": [
            346,
            244,
            56,
            27
        ],
        "seq_len": 437,
        "num_sc": 346,
        "clash_info": {
            "100": {
                "num_clashes": 782,
                "num_atom_pairs": 3827750,
                "energy": 388.4541931152344
            },
            "90": {
                "num_clashes": 406,
                "num_atom_pairs": 3827750,
                "energy": 201.91053771972656
            },
            "80": {
                "num_clashes": 222,
                "num_atom_pairs": 3827750,
                "energy": 102.18605041503906
            }
        },
        "ca_rmsd": 4.651438757719006e-06
    },
    "core": {
        "mean_mae": [
            23.725095748901367,
            29.71025276184082,
            49.85490036010742,
            55.38823318481445
        ],
        "mae_sr": 0.6200000047683716,
        "rmsd": 0.8317442536354065,
        "dihedral_counts": [
            150,
            98,
            17,
            2
        ],
        "seq_len": 192,
        "num_sc": 150
    },
    "surface": {
        "mean_mae": [
            26.044166564941406,
            25.262466430664062,
            33.76877212524414,
            36.68570327758789
        ],
        "mae_sr": 0.6415094137191772,
        "rmsd": 0.9773253202438354,
        "dihedral_counts": [
            106,
            82,
            24,
            15
        ],
        "seq_len": 131,
        "num_sc": 106
    }
}