{
    "all": {
        "mean_mae": [
            37.82550811767578,
            40.45417785644531,
            52.103546142578125,
            47.624576568603516
        ],
        "mae_sr": 0.3052631616592407,
        "rmsd": 1.108441948890686,
        "dihedral_counts": [
            95,
            75,
            24,
            11
        ],
        "seq_len": 102,
        "num_sc": 95,
        "clash_info": {
            "100": {
                "num_clashes": 42,
                "num_atom_pairs": 256048,
                "energy": 6.922654628753662
            },
            "90": {
                "num_clashes": 5,
                "num_atom_pairs": 256048,
                "energy": 0.5494976043701172
            },
            "80": {
                "num_clashes": 0,
                "num_atom_pairs": 256048,
                "energy": 0.0
            }
        },
        "ca_rmsd": 5.341644850886951e-07
    },
    "core": {
        "mean_mae": [
            27.651321411132812,
            46.975460052490234,
            139.2256622314453,
            4.621278762817383
        ],
        "mae_sr": 0.4166666567325592,
        "rmsd": 0.9270939230918884,
        "dihedral_counts": [
            12,
            11,
            2,
            1
        ],
        "seq_len": 12,
        "num_sc": 12
    },
    "surface": {
        "mean_mae": [
            41.64026641845703,
            41.84954071044922,
            44.249935150146484,
            44.23543167114258
        ],
        "mae_sr": 0.2786885201931,
        "rmsd": 1.2187211513519287,
        "dihedral_counts": [
            61,
            47,
            16,
            6
        ],
        "seq_len": 65,
        "num_sc": 61
    }
}