{
    "all": {
        "mean_mae": [
            34.902347564697266,
            54.9853401184082,
            43.38400650024414,
            68.78990173339844
        ],
        "mae_sr": 0.3958333432674408,
        "rmsd": 1.4911589622497559,
        "dihedral_counts": [
            48,
            47,
            20,
            7
        ],
        "seq_len": 71,
        "num_sc": 48,
        "clash_info": {
            "100": {
                "num_clashes": 20,
                "num_atom_pairs": 117455,
                "energy": 4.293643951416016
            },
            "90": {
                "num_clashes": 3,
                "num_atom_pairs": 117455,
                "energy": 0.895960807800293
            },
            "80": {
                "num_clashes": 1,
                "num_atom_pairs": 117455,
                "energy": 0.2788383960723877
            }
        },
        "ca_rmsd": 4.397174507175805e-06
    },
    "core": {
        "mean_mae": [
            5.428887367248535,
            12.903955459594727,
            0.0,
            0.0
        ],
        "mae_sr": 0.800000011920929,
        "rmsd": 0.5199978947639465,
        "dihedral_counts": [
            5,
            5,
            0,
            0
        ],
        "seq_len": 10,
        "num_sc": 5
    },
    "surface": {
        "mean_mae": [
            42.54780197143555,
            57.88731384277344,
            39.304141998291016,
            63.0036506652832
        ],
        "mae_sr": 0.30000001192092896,
        "rmsd": 1.649481177330017,
        "dihedral_counts": [
            30,
            30,
            17,
            6
        ],
        "seq_len": 42,
        "num_sc": 30
    }
}