{
    "all": {
        "mean_mae": [
            45.34699249267578,
            36.79728698730469,
            40.79426193237305,
            61.67982482910156
        ],
        "mae_sr": 0.27659574151039124,
        "rmsd": 1.3805451393127441,
        "dihedral_counts": [
            94,
            78,
            29,
            11
        ],
        "seq_len": 100,
        "num_sc": 94,
        "clash_info": {
            "100": {
                "num_clashes": 50,
                "num_atom_pairs": 266728,
                "energy": 8.63235092163086
            },
            "90": {
                "num_clashes": 8,
                "num_atom_pairs": 266728,
                "energy": 0.9977729320526123
            },
            "80": {
                "num_clashes": 1,
                "num_atom_pairs": 266728,
                "energy": 0.19808292388916016
            }
        },
        "ca_rmsd": 2.28881845032447e-06
    },
    "core": {
        "mean_mae": [
            12.347979545593262,
            39.908164978027344,
            25.450204849243164,
            0.0
        ],
        "mae_sr": 0.4000000059604645,
        "rmsd": 0.7042683959007263,
        "dihedral_counts": [
            10,
            10,
            1,
            0
        ],
        "seq_len": 10,
        "num_sc": 10
    },
    "surface": {
        "mean_mae": [
            61.195457458496094,
            41.13445281982422,
            43.57677459716797,
            63.69049835205078
        ],
        "mae_sr": 0.22413793206214905,
        "rmsd": 1.7467371225357056,
        "dihedral_counts": [
            58,
            47,
            22,
            9
        ],
        "seq_len": 63,
        "num_sc": 58
    }
}