{
    "all": {
        "mean_mae": [
            34.75587463378906,
            32.22806930541992,
            44.218650817871094,
            60.4105339050293
        ],
        "mae_sr": 0.41496598720550537,
        "rmsd": 1.198918342590332,
        "dihedral_counts": [
            147,
            119,
            36,
            22
        ],
        "seq_len": 170,
        "num_sc": 147,
        "clash_info": {
            "100": {
                "num_clashes": 95,
                "num_atom_pairs": 683768,
                "energy": 19.527034759521484
            },
            "90": {
                "num_clashes": 25,
                "num_atom_pairs": 683768,
                "energy": 3.984621286392212
            },
            "80": {
                "num_clashes": 3,
                "num_atom_pairs": 683768,
                "energy": 0.4994196891784668
            }
        },
        "ca_rmsd": 1.8904441958511597e-06
    },
    "core": {
        "mean_mae": [
            18.645490646362305,
            22.233530044555664,
            85.54281616210938,
            45.5004997253418
        ],
        "mae_sr": 0.5526315569877625,
        "rmsd": 0.7983996868133545,
        "dihedral_counts": [
            38,
            26,
            6,
            4
        ],
        "seq_len": 49,
        "num_sc": 38
    },
    "surface": {
        "mean_mae": [
            46.899845123291016,
            42.04216003417969,
            36.930572509765625,
            59.78959274291992
        ],
        "mae_sr": 0.27272728085517883,
        "rmsd": 1.5726782083511353,
        "dihedral_counts": [
            77,
            65,
            27,
            16
        ],
        "seq_len": 84,
        "num_sc": 77
    }
}