{
    "all": {
        "mean_mae": [
            29.79572868347168,
            23.229652404785156,
            58.09903335571289,
            45.65956497192383
        ],
        "mae_sr": 0.5612244606018066,
        "rmsd": 0.7733649611473083,
        "dihedral_counts": [
            98,
            57,
            12,
            7
        ],
        "seq_len": 133,
        "num_sc": 98,
        "clash_info": {
            "100": {
                "num_clashes": 48,
                "num_atom_pairs": 308580,
                "energy": 6.911568641662598
            },
            "90": {
                "num_clashes": 4,
                "num_atom_pairs": 308580,
                "energy": 0.8389513492584229
            },
            "80": {
                "num_clashes": 1,
                "num_atom_pairs": 308580,
                "energy": 0.0375978946685791
            }
        },
        "ca_rmsd": 5.68290988667286e-06
    },
    "core": {
        "mean_mae": [
            18.83275032043457,
            20.732112884521484,
            0.0,
            0.0
        ],
        "mae_sr": 0.625,
        "rmsd": 0.5147458910942078,
        "dihedral_counts": [
            8,
            5,
            0,
            0
        ],
        "seq_len": 11,
        "num_sc": 8
    },
    "surface": {
        "mean_mae": [
            36.56422805786133,
            26.55778694152832,
            51.81758117675781,
            61.671443939208984
        ],
        "mae_sr": 0.5211267471313477,
        "rmsd": 0.8760609030723572,
        "dihedral_counts": [
            71,
            38,
            8,
            4
        ],
        "seq_len": 99,
        "num_sc": 71
    }
}