{
    "all": {
        "mean_mae": [
            22.439525604248047,
            24.840221405029297,
            50.37824630737305,
            60.09593963623047
        ],
        "mae_sr": 0.5619266033172607,
        "rmsd": 0.8968077898025513,
        "dihedral_counts": [
            436,
            341,
            124,
            64
        ],
        "seq_len": 482,
        "num_sc": 436,
        "clash_info": {
            "100": {
                "num_clashes": 337,
                "num_atom_pairs": 5878583,
                "energy": 71.63665771484375
            },
            "90": {
                "num_clashes": 73,
                "num_atom_pairs": 5878583,
                "energy": 15.6085844039917
            },
            "80": {
                "num_clashes": 17,
                "num_atom_pairs": 5878583,
                "energy": 2.911543607711792
            }
        },
        "ca_rmsd": 4.366736902738921e-06
    },
    "core": {
        "mean_mae": [
            9.86790943145752,
            17.339378356933594,
            35.27490234375,
            37.03253936767578
        ],
        "mae_sr": 0.7241379022598267,
        "rmsd": 0.49754518270492554,
        "dihedral_counts": [
            145,
            114,
            30,
            11
        ],
        "seq_len": 157,
        "num_sc": 145
    },
    "surface": {
        "mean_mae": [
            32.73659133911133,
            32.10753631591797,
            54.7334098815918,
            64.30581665039062
        ],
        "mae_sr": 0.4680851101875305,
        "rmsd": 1.146256446838379,
        "dihedral_counts": [
            188,
            146,
            62,
            33
        ],
        "seq_len": 211,
        "num_sc": 188
    }
}