{
    "all": {
        "mean_mae": [
            23.012622833251953,
            26.432022094726562,
            34.2691650390625,
            23.20601463317871
        ],
        "mae_sr": 0.6813187003135681,
        "rmsd": 0.756821870803833,
        "dihedral_counts": [
            91,
            63,
            17,
            7
        ],
        "seq_len": 102,
        "num_sc": 91,
        "clash_info": {
            "100": {
                "num_clashes": 46,
                "num_atom_pairs": 244617,
                "energy": 9.487913131713867
            },
            "90": {
                "num_clashes": 13,
                "num_atom_pairs": 244617,
                "energy": 1.9466784000396729
            },
            "80": {
                "num_clashes": 2,
                "num_atom_pairs": 244617,
                "energy": 0.15162110328674316
            }
        },
        "ca_rmsd": 2.321177362318849e-06
    },
    "core": {
        "mean_mae": [
            4.480928421020508,
            24.748868942260742,
            7.122097969055176,
            11.158671379089355
        ],
        "mae_sr": 0.8666666746139526,
        "rmsd": 0.5580370426177979,
        "dihedral_counts": [
            15,
            11,
            1,
            1
        ],
        "seq_len": 15,
        "num_sc": 15
    },
    "surface": {
        "mean_mae": [
            25.586557388305664,
            26.844974517822266,
            37.59685516357422,
            38.4017219543457
        ],
        "mae_sr": 0.6153846383094788,
        "rmsd": 0.8077729344367981,
        "dihedral_counts": [
            52,
            39,
            12,
            3
        ],
        "seq_len": 62,
        "num_sc": 52
    }
}