{
    "all": {
        "mean_mae": [
            30.383304595947266,
            24.768117904663086,
            59.61419677734375,
            54.5389518737793
        ],
        "mae_sr": 0.515625,
        "rmsd": 0.9424517750740051,
        "dihedral_counts": [
            128,
            91,
            47,
            23
        ],
        "seq_len": 168,
        "num_sc": 128,
        "clash_info": {
            "100": {
                "num_clashes": 46,
                "num_atom_pairs": 535325,
                "energy": 8.027742385864258
            },
            "90": {
                "num_clashes": 9,
                "num_atom_pairs": 535325,
                "energy": 1.6570372581481934
            },
            "80": {
                "num_clashes": 1,
                "num_atom_pairs": 535325,
                "energy": 0.027148962020874023
            }
        },
        "ca_rmsd": 9.260489463806152
    },
    "core": {
        "mean_mae": [
            17.47519302368164,
            19.857145309448242,
            86.07389831542969,
            36.565181732177734
        ],
        "mae_sr": 0.7631579041481018,
        "rmsd": 0.5262795686721802,
        "dihedral_counts": [
            38,
            23,
            5,
            3
        ],
        "seq_len": 51,
        "num_sc": 38
    },
    "surface": {
        "mean_mae": [
            41.50264358520508,
            37.42906188964844,
            58.699462890625,
            52.048194885253906
        ],
        "mae_sr": 0.30188679695129395,
        "rmsd": 1.3234024047851562,
        "dihedral_counts": [
            53,
            37,
            28,
            11
        ],
        "seq_len": 76,
        "num_sc": 53
    }
}