{
    "all": {
        "mean_mae": [
            28.874174118041992,
            20.807077407836914,
            46.33699035644531,
            53.346824645996094
        ],
        "mae_sr": 0.5680473446846008,
        "rmsd": 0.9434163570404053,
        "dihedral_counts": [
            169,
            127,
            61,
            28
        ],
        "seq_len": 235,
        "num_sc": 169,
        "clash_info": {
            "100": {
                "num_clashes": 59,
                "num_atom_pairs": 1080169,
                "energy": 7.649602890014648
            },
            "90": {
                "num_clashes": 7,
                "num_atom_pairs": 1080169,
                "energy": 0.5001277923583984
            },
            "80": {
                "num_clashes": 0,
                "num_atom_pairs": 1080169,
                "energy": 0.0
            }
        },
        "ca_rmsd": 15.881302833557129
    },
    "core": {
        "mean_mae": [
            17.95204734802246,
            14.267967224121094,
            7.345796585083008,
            7.840213775634766
        ],
        "mae_sr": 0.7777777910232544,
        "rmsd": 0.4238572418689728,
        "dihedral_counts": [
            27,
            19,
            2,
            2
        ],
        "seq_len": 38,
        "num_sc": 27
    },
    "surface": {
        "mean_mae": [
            36.81157684326172,
            25.547548294067383,
            54.70159912109375,
            53.19466018676758
        ],
        "mae_sr": 0.47058823704719543,
        "rmsd": 1.1960879564285278,
        "dihedral_counts": [
            102,
            77,
            48,
            21
        ],
        "seq_len": 149,
        "num_sc": 102
    }
}