{
    "all": {
        "mean_mae": [
            23.37774658203125,
            25.143566131591797,
            58.434513092041016,
            49.7496452331543
        ],
        "mae_sr": 0.6083333492279053,
        "rmsd": 0.8310582041740417,
        "dihedral_counts": [
            240,
            186,
            63,
            34
        ],
        "seq_len": 310,
        "num_sc": 240,
        "clash_info": {
            "100": {
                "num_clashes": 99,
                "num_atom_pairs": 1863165,
                "energy": 15.154029846191406
            },
            "90": {
                "num_clashes": 10,
                "num_atom_pairs": 1863165,
                "energy": 1.342416524887085
            },
            "80": {
                "num_clashes": 1,
                "num_atom_pairs": 1863165,
                "energy": 0.06333613395690918
            }
        },
        "ca_rmsd": 17.12224006652832
    },
    "core": {
        "mean_mae": [
            14.863698959350586,
            14.064228057861328,
            56.824256896972656,
            77.03368377685547
        ],
        "mae_sr": 0.79347825050354,
        "rmsd": 0.5523329973220825,
        "dihedral_counts": [
            92,
            68,
            15,
            7
        ],
        "seq_len": 135,
        "num_sc": 92
    },
    "surface": {
        "mean_mae": [
            28.633390426635742,
            35.3486328125,
            61.10675048828125,
            33.161766052246094
        ],
        "mae_sr": 0.46739131212234497,
        "rmsd": 1.0145608186721802,
        "dihedral_counts": [
            92,
            74,
            32,
            18
        ],
        "seq_len": 112,
        "num_sc": 92
    }
}