{
    "all": {
        "mean_mae": [
            38.6523323059082,
            35.69747543334961,
            46.60588073730469,
            58.79848098754883
        ],
        "mae_sr": 0.4285714328289032,
        "rmsd": 1.2822130918502808,
        "dihedral_counts": [
            21,
            14,
            12,
            9
        ],
        "seq_len": 48,
        "num_sc": 21,
        "clash_info": {
            "100": {
                "num_clashes": 4,
                "num_atom_pairs": 17640,
                "energy": 0.3917386531829834
            },
            "90": {
                "num_clashes": 0,
                "num_atom_pairs": 17640,
                "energy": 0.0
            },
            "80": {
                "num_clashes": 0,
                "num_atom_pairs": 17640,
                "energy": 0.0
            }
        },
        "ca_rmsd": 12.194258689880371
    },
    "core": {
        "mean_mae": [
            49.31144332885742,
            61.11417007446289,
            41.21164321899414,
            88.50151062011719
        ],
        "mae_sr": 0.20000000298023224,
        "rmsd": 1.781659722328186,
        "dihedral_counts": [
            10,
            7,
            6,
            4
        ],
        "seq_len": 33,
        "num_sc": 10
    },
    "surface": {
        "mean_mae": [
            28.962230682373047,
            10.280784606933594,
            52.0001106262207,
            35.03606414794922
        ],
        "mae_sr": 0.6363636255264282,
        "rmsd": 0.8281707763671875,
        "dihedral_counts": [
            11,
            7,
            6,
            5
        ],
        "seq_len": 15,
        "num_sc": 11
    }
}