{
    "all": {
        "mean_mae": [
            37.07453155517578,
            32.308895111083984,
            70.41668701171875,
            59.099002838134766
        ],
        "mae_sr": 0.45886075496673584,
        "rmsd": 1.0108649730682373,
        "dihedral_counts": [
            316,
            238,
            71,
            31
        ],
        "seq_len": 518,
        "num_sc": 316,
        "clash_info": {
            "100": {
                "num_clashes": 94,
                "num_atom_pairs": 3186781,
                "energy": 15.149351119995117
            },
            "90": {
                "num_clashes": 13,
                "num_atom_pairs": 3186781,
                "energy": 1.4779636859893799
            },
            "80": {
                "num_clashes": 0,
                "num_atom_pairs": 3186781,
                "energy": 0.0
            }
        },
        "ca_rmsd": 155.99964904785156
    },
    "core": {
        "mean_mae": [
            29.090591430664062,
            36.573665618896484,
            76.68184661865234,
            9.019309997558594
        ],
        "mae_sr": 0.5600000023841858,
        "rmsd": 0.7246655821800232,
        "dihedral_counts": [
            25,
            17,
            4,
            2
        ],
        "seq_len": 151,
        "num_sc": 25
    },
    "surface": {
        "mean_mae": [
            37.899784088134766,
            32.863590240478516,
            71.78511810302734,
            62.9276123046875
        ],
        "mae_sr": 0.4474708139896393,
        "rmsd": 1.0516384840011597,
        "dihedral_counts": [
            257,
            197,
            61,
            26
        ],
        "seq_len": 326,
        "num_sc": 257
    }
}