{
    "all": {
        "mean_mae": [
            39.222251892089844,
            40.69845962524414,
            62.575828552246094,
            75.72035217285156
        ],
        "mae_sr": 0.33434343338012695,
        "rmsd": 1.2108346223831177,
        "dihedral_counts": [
            990,
            745,
            256,
            122
        ],
        "seq_len": 1340,
        "num_sc": 990,
        "clash_info": {
            "100": {
                "num_clashes": 362,
                "num_atom_pairs": 30942128,
                "energy": 60.86671829223633
            },
            "90": {
                "num_clashes": 50,
                "num_atom_pairs": 30942128,
                "energy": 11.602149963378906
            },
            "80": {
                "num_clashes": 13,
                "num_atom_pairs": 30942128,
                "energy": 3.9387474060058594
            }
        },
        "ca_rmsd": 89.2637939453125
    },
    "core": {
        "mean_mae": [
            29.493131637573242,
            31.57724952697754,
            57.20734405517578,
            80.46842956542969
        ],
        "mae_sr": 0.44147157669067383,
        "rmsd": 0.8385077714920044,
        "dihedral_counts": [
            299,
            211,
            42,
            20
        ],
        "seq_len": 553,
        "num_sc": 299
    },
    "surface": {
        "mean_mae": [
            50.037620544433594,
            48.11455154418945,
            67.50244140625,
            81.4566879272461
        ],
        "mae_sr": 0.24257425963878632,
        "rmsd": 1.6002033948898315,
        "dihedral_counts": [
            404,
            323,
            148,
            74
        ],
        "seq_len": 457,
        "num_sc": 404
    }
}