{
    "all": {
        "mean_mae": [
            18.29299545288086,
            16.613126754760742,
            43.314048767089844,
            66.83998107910156
        ],
        "mae_sr": 0.6929134130477905,
        "rmsd": 0.6448225975036621,
        "dihedral_counts": [
            127,
            101,
            30,
            18
        ],
        "seq_len": 160,
        "num_sc": 127,
        "clash_info": {
            "100": {
                "num_clashes": 45,
                "num_atom_pairs": 568666,
                "energy": 5.746863842010498
            },
            "90": {
                "num_clashes": 1,
                "num_atom_pairs": 568666,
                "energy": 0.0076751708984375
            },
            "80": {
                "num_clashes": 0,
                "num_atom_pairs": 568666,
                "energy": 0.0
            }
        },
        "ca_rmsd": 0.5842243432998657
    },
    "core": {
        "mean_mae": [
            11.025691986083984,
            12.708179473876953,
            44.90769577026367,
            49.06631851196289
        ],
        "mae_sr": 0.8367347121238708,
        "rmsd": 0.45492443442344666,
        "dihedral_counts": [
            49,
            40,
            6,
            3
        ],
        "seq_len": 61,
        "num_sc": 49
    },
    "surface": {
        "mean_mae": [
            24.410856246948242,
            20.01508903503418,
            43.95169448852539,
            74.7298355102539
        ],
        "mae_sr": 0.550000011920929,
        "rmsd": 0.8496719598770142,
        "dihedral_counts": [
            60,
            49,
            22,
            14
        ],
        "seq_len": 72,
        "num_sc": 60
    }
}