{
    "all": {
        "mean_mae": [
            29.184263229370117,
            31.86387062072754,
            59.59285354614258,
            67.50837707519531
        ],
        "mae_sr": 0.503311276435852,
        "rmsd": 0.9699022173881531,
        "dihedral_counts": [
            151,
            118,
            43,
            20
        ],
        "seq_len": 198,
        "num_sc": 151,
        "clash_info": {
            "100": {
                "num_clashes": 82,
                "num_atom_pairs": 676545,
                "energy": 20.81481170654297
            },
            "90": {
                "num_clashes": 19,
                "num_atom_pairs": 676545,
                "energy": 6.436774730682373
            },
            "80": {
                "num_clashes": 6,
                "num_atom_pairs": 676545,
                "energy": 2.858768939971924
            }
        },
        "ca_rmsd": 7.652231216430664
    },
    "core": {
        "mean_mae": [
            21.998565673828125,
            20.736156463623047,
            68.35157012939453,
            96.53057098388672
        ],
        "mae_sr": 0.6666666865348816,
        "rmsd": 0.8418602347373962,
        "dihedral_counts": [
            39,
            30,
            5,
            3
        ],
        "seq_len": 84,
        "num_sc": 39
    },
    "surface": {
        "mean_mae": [
            38.80959701538086,
            43.52202606201172,
            57.212074279785156,
            64.67464447021484
        ],
        "mae_sr": 0.34210526943206787,
        "rmsd": 1.210890293121338,
        "dihedral_counts": [
            76,
            62,
            30,
            12
        ],
        "seq_len": 77,
        "num_sc": 76
    }
}