{
    "all": {
        "mean_mae": [
            44.13561248779297,
            47.582950592041016,
            64.89649200439453,
            52.180328369140625
        ],
        "mae_sr": 0.35664334893226624,
        "rmsd": 1.5641045570373535,
        "dihedral_counts": [
            143,
            121,
            36,
            16
        ],
        "seq_len": 173,
        "num_sc": 143,
        "clash_info": {
            "100": {
                "num_clashes": 93,
                "num_atom_pairs": 708935,
                "energy": 24.46689224243164
            },
            "90": {
                "num_clashes": 24,
                "num_atom_pairs": 708935,
                "energy": 8.876496315002441
            },
            "80": {
                "num_clashes": 12,
                "num_atom_pairs": 708935,
                "energy": 3.730753183364868
            }
        },
        "ca_rmsd": 15.271100997924805
    },
    "core": {
        "mean_mae": [
            38.6132698059082,
            48.09417724609375,
            44.10211181640625,
            71.9695816040039
        ],
        "mae_sr": 0.44186046719551086,
        "rmsd": 1.4287384748458862,
        "dihedral_counts": [
            43,
            33,
            6,
            3
        ],
        "seq_len": 66,
        "num_sc": 43
    },
    "surface": {
        "mean_mae": [
            52.04728698730469,
            55.92189407348633,
            70.59905242919922,
            53.55581283569336
        ],
        "mae_sr": 0.20000000298023224,
        "rmsd": 1.7394404411315918,
        "dihedral_counts": [
            70,
            62,
            24,
            9
        ],
        "seq_len": 75,
        "num_sc": 70
    }
}