{
    "all": {
        "mean_mae": [
            28.2687931060791,
            22.64025115966797,
            34.57475280761719,
            43.5334587097168
        ],
        "mae_sr": 0.6161616444587708,
        "rmsd": 0.9061228632926941,
        "dihedral_counts": [
            198,
            160,
            62,
            34
        ],
        "seq_len": 223,
        "num_sc": 198,
        "clash_info": {
            "100": {
                "num_clashes": 71,
                "num_atom_pairs": 1212729,
                "energy": 12.392690658569336
            },
            "90": {
                "num_clashes": 12,
                "num_atom_pairs": 1212729,
                "energy": 1.1663775444030762
            },
            "80": {
                "num_clashes": 0,
                "num_atom_pairs": 1212729,
                "energy": 0.0
            }
        },
        "ca_rmsd": 1.0928891897201538
    },
    "core": {
        "mean_mae": [
            18.577062606811523,
            15.324316024780273,
            23.568422317504883,
            29.360387802124023
        ],
        "mae_sr": 0.8115941882133484,
        "rmsd": 0.5389148592948914,
        "dihedral_counts": [
            69,
            50,
            12,
            5
        ],
        "seq_len": 80,
        "num_sc": 69
    },
    "surface": {
        "mean_mae": [
            39.775482177734375,
            28.208484649658203,
            40.951202392578125,
            50.046810150146484
        ],
        "mae_sr": 0.43157893419265747,
        "rmsd": 1.263482928276062,
        "dihedral_counts": [
            95,
            79,
            40,
            24
        ],
        "seq_len": 105,
        "num_sc": 95
    }
}