{
    "all": {
        "mean_mae": [
            27.334314346313477,
            21.44873046875,
            63.422088623046875,
            26.75311279296875
        ],
        "mae_sr": 0.6212121248245239,
        "rmsd": 0.8170912265777588,
        "dihedral_counts": [
            66,
            47,
            20,
            12
        ],
        "seq_len": 116,
        "num_sc": 66,
        "clash_info": {
            "100": {
                "num_clashes": 13,
                "num_atom_pairs": 153348,
                "energy": 1.4920458793640137
            },
            "90": {
                "num_clashes": 1,
                "num_atom_pairs": 153348,
                "energy": 0.17424774169921875
            },
            "80": {
                "num_clashes": 0,
                "num_atom_pairs": 153348,
                "energy": 0.0
            }
        },
        "ca_rmsd": 20.16042709350586
    },
    "core": {
        "mean_mae": [
            5.01861572265625,
            8.58576488494873,
            5.980072021484375,
            8.895791053771973
        ],
        "mae_sr": 1.0,
        "rmsd": 0.29950663447380066,
        "dihedral_counts": [
            15,
            10,
            3,
            3
        ],
        "seq_len": 55,
        "num_sc": 15
    },
    "surface": {
        "mean_mae": [
            33.94561004638672,
            29.767324447631836,
            68.70877838134766,
            42.90256881713867
        ],
        "mae_sr": 0.44999998807907104,
        "rmsd": 0.9687900543212891,
        "dihedral_counts": [
            40,
            28,
            14,
            6
        ],
        "seq_len": 47,
        "num_sc": 40
    }
}