{
    "all": {
        "mean_mae": [
            28.65418243408203,
            31.274517059326172,
            46.188629150390625,
            75.29041290283203
        ],
        "mae_sr": 0.4931034445762634,
        "rmsd": 0.9165335893630981,
        "dihedral_counts": [
            290,
            217,
            73,
            35
        ],
        "seq_len": 343,
        "num_sc": 290,
        "clash_info": {
            "100": {
                "num_clashes": 29,
                "num_atom_pairs": 2537697,
                "energy": 2.869044780731201
            },
            "90": {
                "num_clashes": 3,
                "num_atom_pairs": 2537697,
                "energy": 0.17771649360656738
            },
            "80": {
                "num_clashes": 0,
                "num_atom_pairs": 2537697,
                "energy": 0.0
            }
        },
        "ca_rmsd": 2.354534387588501
    },
    "core": {
        "mean_mae": [
            5.68496561050415,
            11.854165077209473,
            0.0,
            0.0
        ],
        "mae_sr": 0.8947368264198303,
        "rmsd": 0.26015225052833557,
        "dihedral_counts": [
            19,
            11,
            0,
            0
        ],
        "seq_len": 23,
        "num_sc": 19
    },
    "surface": {
        "mean_mae": [
            28.149126052856445,
            33.37392807006836,
            47.38853073120117,
            67.26165771484375
        ],
        "mae_sr": 0.4738955795764923,
        "rmsd": 0.9452921748161316,
        "dihedral_counts": [
            249,
            192,
            63,
            29
        ],
        "seq_len": 295,
        "num_sc": 249
    }
}