{
    "all": {
        "mean_mae": [
            9.711848258972168,
            12.208909034729004,
            34.799198150634766,
            29.29296875
        ],
        "mae_sr": 0.7682926654815674,
        "rmsd": 0.5017027258872986,
        "dihedral_counts": [
            82,
            69,
            23,
            10
        ],
        "seq_len": 102,
        "num_sc": 82,
        "clash_info": {
            "100": {
                "num_clashes": 16,
                "num_atom_pairs": 247779,
                "energy": 1.1059234142303467
            },
            "90": {
                "num_clashes": 0,
                "num_atom_pairs": 247779,
                "energy": 0.0
            },
            "80": {
                "num_clashes": 0,
                "num_atom_pairs": 247779,
                "energy": 0.0
            }
        },
        "ca_rmsd": 14.540249824523926
    },
    "core": {
        "mean_mae": [
            3.6386947631835938,
            6.156915664672852,
            30.12793731689453,
            0.0
        ],
        "mae_sr": 0.8666666746139526,
        "rmsd": 0.21038438379764557,
        "dihedral_counts": [
            15,
            11,
            1,
            0
        ],
        "seq_len": 19,
        "num_sc": 15
    },
    "surface": {
        "mean_mae": [
            11.438435554504395,
            15.363662719726562,
            44.613128662109375,
            31.35536766052246
        ],
        "mae_sr": 0.717391312122345,
        "rmsd": 0.655584454536438,
        "dihedral_counts": [
            46,
            41,
            16,
            8
        ],
        "seq_len": 58,
        "num_sc": 46
    }
}