{
    "all": {
        "mean_mae": [
            23.677566528320312,
            23.363994598388672,
            55.31365966796875,
            67.4402847290039
        ],
        "mae_sr": 0.6301369667053223,
        "rmsd": 0.8295088410377502,
        "dihedral_counts": [
            292,
            222,
            75,
            33
        ],
        "seq_len": 384,
        "num_sc": 292,
        "clash_info": {
            "100": {
                "num_clashes": 59,
                "num_atom_pairs": 3090279,
                "energy": 4.556770324707031
            },
            "90": {
                "num_clashes": 1,
                "num_atom_pairs": 3090279,
                "energy": 0.06215858459472656
            },
            "80": {
                "num_clashes": 0,
                "num_atom_pairs": 3090279,
                "energy": 0.0
            }
        },
        "ca_rmsd": 9.061741828918457
    },
    "core": {
        "mean_mae": [
            13.241262435913086,
            16.992259979248047,
            32.5943603515625,
            56.67266845703125
        ],
        "mae_sr": 0.8144329786300659,
        "rmsd": 0.4476105868816376,
        "dihedral_counts": [
            97,
            75,
            11,
            3
        ],
        "seq_len": 124,
        "num_sc": 97
    },
    "surface": {
        "mean_mae": [
            35.803531646728516,
            27.21097755432129,
            58.02487564086914,
            69.19860076904297
        ],
        "mae_sr": 0.4880000054836273,
        "rmsd": 1.114183783531189,
        "dihedral_counts": [
            125,
            97,
            39,
            19
        ],
        "seq_len": 172,
        "num_sc": 125
    }
}