{
    "all": {
        "mean_mae": [
            32.430145263671875,
            30.49886131286621,
            52.936283111572266,
            60.59714126586914
        ],
        "mae_sr": 0.4647887349128723,
        "rmsd": 0.970977783203125,
        "dihedral_counts": [
            355,
            270,
            79,
            30
        ],
        "seq_len": 547,
        "num_sc": 355,
        "clash_info": {
            "100": {
                "num_clashes": 50,
                "num_atom_pairs": 3806270,
                "energy": 5.138184547424316
            },
            "90": {
                "num_clashes": 2,
                "num_atom_pairs": 3806270,
                "energy": 0.12067914009094238
            },
            "80": {
                "num_clashes": 0,
                "num_atom_pairs": 3806270,
                "energy": 0.0
            }
        },
        "ca_rmsd": 190.32086181640625
    },
    "core": {
        "mean_mae": [
            12.462536811828613,
            17.217031478881836,
            38.62053680419922,
            0.0
        ],
        "mae_sr": 0.8235294222831726,
        "rmsd": 0.4284852147102356,
        "dihedral_counts": [
            34,
            21,
            4,
            0
        ],
        "seq_len": 162,
        "num_sc": 34
    },
    "surface": {
        "mean_mae": [
            35.11298370361328,
            31.413982391357422,
            55.81582260131836,
            66.54544067382812
        ],
        "mae_sr": 0.42756184935569763,
        "rmsd": 1.0475112199783325,
        "dihedral_counts": [
            283,
            221,
            66,
            25
        ],
        "seq_len": 345,
        "num_sc": 283
    }
}