{
    "all": {
        "mean_mae": [
            32.110897064208984,
            28.212270736694336,
            52.461727142333984,
            61.135074615478516
        ],
        "mae_sr": 0.5063291192054749,
        "rmsd": 0.8792637586593628,
        "dihedral_counts": [
            316,
            238,
            71,
            31
        ],
        "seq_len": 518,
        "num_sc": 316,
        "clash_info": {
            "100": {
                "num_clashes": 32,
                "num_atom_pairs": 3186781,
                "energy": 3.6061363220214844
            },
            "90": {
                "num_clashes": 4,
                "num_atom_pairs": 3186781,
                "energy": 0.31815624237060547
            },
            "80": {
                "num_clashes": 0,
                "num_atom_pairs": 3186781,
                "energy": 0.0
            }
        },
        "ca_rmsd": 155.99964904785156
    },
    "core": {
        "mean_mae": [
            30.157468795776367,
            32.83988571166992,
            42.129119873046875,
            56.06950759887695
        ],
        "mae_sr": 0.5600000023841858,
        "rmsd": 0.689400315284729,
        "dihedral_counts": [
            25,
            17,
            4,
            2
        ],
        "seq_len": 151,
        "num_sc": 25
    },
    "surface": {
        "mean_mae": [
            33.53498458862305,
            27.823360443115234,
            55.036678314208984,
            56.53129577636719
        ],
        "mae_sr": 0.49805447459220886,
        "rmsd": 0.9155948758125305,
        "dihedral_counts": [
            257,
            197,
            61,
            26
        ],
        "seq_len": 326,
        "num_sc": 257
    }
}