{
    "all": {
        "mean_mae": [
            29.2252197265625,
            28.48345947265625,
            48.87446594238281,
            66.49427795410156
        ],
        "mae_sr": 0.5854922533035278,
        "rmsd": 0.8375930190086365,
        "dihedral_counts": [
            193,
            120,
            32,
            15
        ],
        "seq_len": 266,
        "num_sc": 193,
        "clash_info": {
            "100": {
                "num_clashes": 26,
                "num_atom_pairs": 1177355,
                "energy": 1.7200615406036377
            },
            "90": {
                "num_clashes": 0,
                "num_atom_pairs": 1177355,
                "energy": 0.0
            },
            "80": {
                "num_clashes": 0,
                "num_atom_pairs": 1177355,
                "energy": 0.0
            }
        },
        "ca_rmsd": 112.43011474609375
    },
    "core": {
        "mean_mae": [
            23.734895706176758,
            26.451129913330078,
            34.54762649536133,
            23.117700576782227
        ],
        "mae_sr": 0.625,
        "rmsd": 0.6297744512557983,
        "dihedral_counts": [
            72,
            37,
            6,
            3
        ],
        "seq_len": 97,
        "num_sc": 72
    },
    "surface": {
        "mean_mae": [
            42.87153244018555,
            34.47755432128906,
            58.76436996459961,
            83.55926513671875
        ],
        "mae_sr": 0.48051947355270386,
        "rmsd": 1.1765493154525757,
        "dihedral_counts": [
            77,
            51,
            17,
            11
        ],
        "seq_len": 112,
        "num_sc": 77
    }
}