{
    "all": {
        "mean_mae": [
            43.07215118408203,
            41.64024353027344,
            63.24022674560547,
            59.038841247558594
        ],
        "mae_sr": 0.3356643319129944,
        "rmsd": 1.578981637954712,
        "dihedral_counts": [
            143,
            121,
            36,
            16
        ],
        "seq_len": 173,
        "num_sc": 143,
        "clash_info": {
            "100": {
                "num_clashes": 27,
                "num_atom_pairs": 708935,
                "energy": 2.6687872409820557
            },
            "90": {
                "num_clashes": 0,
                "num_atom_pairs": 708935,
                "energy": 0.0
            },
            "80": {
                "num_clashes": 0,
                "num_atom_pairs": 708935,
                "energy": 0.0
            }
        },
        "ca_rmsd": 15.271100997924805
    },
    "core": {
        "mean_mae": [
            40.56092834472656,
            41.285037994384766,
            51.54426193237305,
            76.1838150024414
        ],
        "mae_sr": 0.41860464215278625,
        "rmsd": 1.593371033668518,
        "dihedral_counts": [
            43,
            33,
            6,
            3
        ],
        "seq_len": 66,
        "num_sc": 43
    },
    "surface": {
        "mean_mae": [
            48.42439270019531,
            48.072723388671875,
            73.0348129272461,
            63.32907485961914
        ],
        "mae_sr": 0.2571428716182709,
        "rmsd": 1.6894019842147827,
        "dihedral_counts": [
            70,
            62,
            24,
            9
        ],
        "seq_len": 75,
        "num_sc": 70
    }
}