{
    "all": {
        "mean_mae": [
            30.042882919311523,
            33.499237060546875,
            53.34953308105469,
            57.50461196899414
        ],
        "mae_sr": 0.43529412150382996,
        "rmsd": 0.9895468950271606,
        "dihedral_counts": [
            255,
            198,
            78,
            36
        ],
        "seq_len": 653,
        "num_sc": 255,
        "clash_info": {
            "100": {
                "num_clashes": 40,
                "num_atom_pairs": 1935960,
                "energy": 2.793109655380249
            },
            "90": {
                "num_clashes": 0,
                "num_atom_pairs": 1935960,
                "energy": 0.0
            },
            "80": {
                "num_clashes": 0,
                "num_atom_pairs": 1935960,
                "energy": 0.0
            }
        },
        "ca_rmsd": 257.85565185546875
    },
    "core": {
        "mean_mae": [
            16.96623992919922,
            25.77927017211914,
            42.05430603027344,
            59.747833251953125
        ],
        "mae_sr": 0.6494845151901245,
        "rmsd": 0.6639449000358582,
        "dihedral_counts": [
            97,
            71,
            17,
            10
        ],
        "seq_len": 467,
        "num_sc": 97
    },
    "surface": {
        "mean_mae": [
            43.72041320800781,
            45.00954055786133,
            59.54166030883789,
            39.49060821533203
        ],
        "mae_sr": 0.24074074625968933,
        "rmsd": 1.3256919384002686,
        "dihedral_counts": [
            108,
            83,
            44,
            17
        ],
        "seq_len": 125,
        "num_sc": 108
    }
}