{
    "all": {
        "mean_mae": [
            36.37242889404297,
            35.53970718383789,
            53.542598724365234,
            62.21280288696289
        ],
        "mae_sr": 0.4407407343387604,
        "rmsd": 1.1733278036117554,
        "dihedral_counts": [
            270,
            205,
            78,
            33
        ],
        "seq_len": 376,
        "num_sc": 270,
        "clash_info": {
            "100": {
                "num_clashes": 38,
                "num_atom_pairs": 2236612,
                "energy": 2.9832370281219482
            },
            "90": {
                "num_clashes": 0,
                "num_atom_pairs": 2236612,
                "energy": 0.0
            },
            "80": {
                "num_clashes": 0,
                "num_atom_pairs": 2236612,
                "energy": 0.0
            }
        },
        "ca_rmsd": 89.39163970947266
    },
    "core": {
        "mean_mae": [
            18.79243278503418,
            17.829774856567383,
            32.14082336425781,
            42.15778350830078
        ],
        "mae_sr": 0.6865671873092651,
        "rmsd": 0.5638717412948608,
        "dihedral_counts": [
            67,
            45,
            9,
            3
        ],
        "seq_len": 144,
        "num_sc": 67
    },
    "surface": {
        "mean_mae": [
            50.686431884765625,
            46.017704010009766,
            58.71892166137695,
            67.25885009765625
        ],
        "mae_sr": 0.29054054617881775,
        "rmsd": 1.584578037261963,
        "dihedral_counts": [
            148,
            115,
            57,
            24
        ],
        "seq_len": 166,
        "num_sc": 148
    }
}