{
    "all": {
        "mean_mae": [
            40.568511962890625,
            31.0681095123291,
            51.24946975708008,
            55.65492248535156
        ],
        "mae_sr": 0.44847774505615234,
        "rmsd": 1.1563165187835693,
        "dihedral_counts": [
            854,
            647,
            192,
            88
        ],
        "seq_len": 1029,
        "num_sc": 854,
        "clash_info": {
            "100": {
                "num_clashes": 142,
                "num_atom_pairs": 22727944,
                "energy": 13.680570602416992
            },
            "90": {
                "num_clashes": 4,
                "num_atom_pairs": 22727944,
                "energy": 0.325941801071167
            },
            "80": {
                "num_clashes": 0,
                "num_atom_pairs": 22727944,
                "energy": 0.0
            }
        },
        "ca_rmsd": 43.70073699951172
    },
    "core": {
        "mean_mae": [
            27.863065719604492,
            24.38551139831543,
            36.81740188598633,
            51.907562255859375
        ],
        "mae_sr": 0.5965909361839294,
        "rmsd": 0.803662896156311,
        "dihedral_counts": [
            352,
            260,
            56,
            19
        ],
        "seq_len": 446,
        "num_sc": 352
    },
    "surface": {
        "mean_mae": [
            53.002471923828125,
            37.326839447021484,
            65.46543884277344,
            56.642051696777344
        ],
        "mae_sr": 0.3135313391685486,
        "rmsd": 1.460698127746582,
        "dihedral_counts": [
            303,
            228,
            81,
            44
        ],
        "seq_len": 349,
        "num_sc": 303
    }
}