{
    "all": {
        "mean_mae": [
            22.551959991455078,
            27.591779708862305,
            40.17893981933594,
            37.99855041503906
        ],
        "mae_sr": 0.6146341562271118,
        "rmsd": 0.7915014624595642,
        "dihedral_counts": [
            205,
            148,
            39,
            17
        ],
        "seq_len": 261,
        "num_sc": 205,
        "clash_info": {
            "100": {
                "num_clashes": 56,
                "num_atom_pairs": 1501482,
                "energy": 4.2527174949646
            },
            "90": {
                "num_clashes": 0,
                "num_atom_pairs": 1501482,
                "energy": 0.0
            },
            "80": {
                "num_clashes": 0,
                "num_atom_pairs": 1501482,
                "energy": 0.0
            }
        },
        "ca_rmsd": 4.783365726470947
    },
    "core": {
        "mean_mae": [
            11.981985092163086,
            15.408440589904785,
            20.580045700073242,
            33.04220962524414
        ],
        "mae_sr": 0.8414633870124817,
        "rmsd": 0.45972940325737,
        "dihedral_counts": [
            82,
            57,
            7,
            2
        ],
        "seq_len": 109,
        "num_sc": 82
    },
    "surface": {
        "mean_mae": [
            34.95155334472656,
            41.448486328125,
            51.62919616699219,
            54.22624588012695
        ],
        "mae_sr": 0.38372093439102173,
        "rmsd": 1.1031749248504639,
        "dihedral_counts": [
            86,
            61,
            22,
            8
        ],
        "seq_len": 107,
        "num_sc": 86
    }
}