{
    "all": {
        "mean_mae": [
            46.20912170410156,
            46.43468475341797,
            61.7371711730957,
            83.36639404296875
        ],
        "mae_sr": 0.3362831771373749,
        "rmsd": 1.3447824716567993,
        "dihedral_counts": [
            113,
            84,
            30,
            17
        ],
        "seq_len": 148,
        "num_sc": 113,
        "clash_info": {
            "100": {
                "num_clashes": 23,
                "num_atom_pairs": 360882,
                "energy": 4.221288681030273
            },
            "90": {
                "num_clashes": 3,
                "num_atom_pairs": 360882,
                "energy": 0.8612508773803711
            },
            "80": {
                "num_clashes": 1,
                "num_atom_pairs": 360882,
                "energy": 0.182481050491333
            }
        },
        "ca_rmsd": 8.034574508666992
    },
    "core": {
        "mean_mae": [
            37.32453155517578,
            44.661319732666016,
            62.91785430908203,
            86.2696304321289
        ],
        "mae_sr": 0.4375,
        "rmsd": 1.0736783742904663,
        "dihedral_counts": [
            48,
            33,
            8,
            3
        ],
        "seq_len": 76,
        "num_sc": 48
    },
    "surface": {
        "mean_mae": [
            55.99659729003906,
            51.56296157836914,
            52.17783737182617,
            80.15559387207031
        ],
        "mae_sr": 0.20930232107639313,
        "rmsd": 1.555464506149292,
        "dihedral_counts": [
            43,
            36,
            13,
            7
        ],
        "seq_len": 49,
        "num_sc": 43
    }
}