{
    "all": {
        "mean_mae": [
            18.813329696655273,
            21.676565170288086,
            36.18148422241211,
            52.585506439208984
        ],
        "mae_sr": 0.6388888955116272,
        "rmsd": 0.6060276031494141,
        "dihedral_counts": [
            144,
            115,
            34,
            18
        ],
        "seq_len": 186,
        "num_sc": 144,
        "clash_info": {
            "100": {
                "num_clashes": 28,
                "num_atom_pairs": 685126,
                "energy": 4.62055778503418
            },
            "90": {
                "num_clashes": 6,
                "num_atom_pairs": 685126,
                "energy": 0.5886778831481934
            },
            "80": {
                "num_clashes": 0,
                "num_atom_pairs": 685126,
                "energy": 0.0
            }
        },
        "ca_rmsd": 14.453522682189941
    },
    "core": {
        "mean_mae": [
            10.677828788757324,
            10.652785301208496,
            24.42034339904785,
            2.749629259109497
        ],
        "mae_sr": 0.8199999928474426,
        "rmsd": 0.32629069685935974,
        "dihedral_counts": [
            50,
            36,
            8,
            3
        ],
        "seq_len": 62,
        "num_sc": 50
    },
    "surface": {
        "mean_mae": [
            31.711191177368164,
            34.073421478271484,
            49.35606384277344,
            70.13520050048828
        ],
        "mae_sr": 0.375,
        "rmsd": 1.0185753107070923,
        "dihedral_counts": [
            56,
            47,
            18,
            12
        ],
        "seq_len": 65,
        "num_sc": 56
    }
}