{
    "all": {
        "mean_mae": [
            48.15657043457031,
            38.306575775146484,
            54.21168899536133,
            56.807804107666016
        ],
        "mae_sr": 0.3205128312110901,
        "rmsd": 1.3808588981628418,
        "dihedral_counts": [
            390,
            340,
            91,
            47
        ],
        "seq_len": 426,
        "num_sc": 390,
        "clash_info": {
            "100": {
                "num_clashes": 114,
                "num_atom_pairs": 4626885,
                "energy": 37.95417785644531
            },
            "90": {
                "num_clashes": 34,
                "num_atom_pairs": 4626885,
                "energy": 18.62091636657715
            },
            "80": {
                "num_clashes": 16,
                "num_atom_pairs": 4626885,
                "energy": 10.810403823852539
            }
        },
        "ca_rmsd": 2.4090800285339355
    },
    "core": {
        "mean_mae": [
            21.18003273010254,
            29.810710906982422,
            40.23314666748047,
            43.789913177490234
        ],
        "mae_sr": 0.5428571701049805,
        "rmsd": 0.7536692023277283,
        "dihedral_counts": [
            35,
            32,
            4,
            1
        ],
        "seq_len": 39,
        "num_sc": 35
    },
    "surface": {
        "mean_mae": [
            55.31773376464844,
            39.82707214355469,
            55.45466613769531,
            56.91838836669922
        ],
        "mae_sr": 0.27306273579597473,
        "rmsd": 1.5515469312667847,
        "dihedral_counts": [
            271,
            238,
            78,
            42
        ],
        "seq_len": 293,
        "num_sc": 271
    }
}