{
    "all": {
        "mean_mae": [
            20.636104583740234,
            18.062030792236328,
            37.283023834228516,
            54.66606140136719
        ],
        "mae_sr": 0.641791045665741,
        "rmsd": 0.7403168082237244,
        "dihedral_counts": [
            67,
            53,
            26,
            9
        ],
        "seq_len": 97,
        "num_sc": 67,
        "clash_info": {
            "100": {
                "num_clashes": 12,
                "num_atom_pairs": 137256,
                "energy": 1.5413665771484375
            },
            "90": {
                "num_clashes": 2,
                "num_atom_pairs": 137256,
                "energy": 0.1730496883392334
            },
            "80": {
                "num_clashes": 0,
                "num_atom_pairs": 137256,
                "energy": 0.0
            }
        },
        "ca_rmsd": 16.902931213378906
    },
    "core": {
        "mean_mae": [
            18.846574783325195,
            3.9814960956573486,
            0.0,
            0.0
        ],
        "mae_sr": 0.9090909361839294,
        "rmsd": 0.38234198093414307,
        "dihedral_counts": [
            11,
            6,
            0,
            0
        ],
        "seq_len": 33,
        "num_sc": 11
    },
    "surface": {
        "mean_mae": [
            20.654945373535156,
            21.218116760253906,
            34.20619583129883,
            54.66606140136719
        ],
        "mae_sr": 0.5128205418586731,
        "rmsd": 0.9060286283493042,
        "dihedral_counts": [
            39,
            34,
            20,
            9
        ],
        "seq_len": 46,
        "num_sc": 39
    }
}