{
    "all": {
        "mean_mae": [
            24.593021392822266,
            33.4324836730957,
            54.435089111328125,
            52.04405975341797
        ],
        "mae_sr": 0.48708486557006836,
        "rmsd": 0.8998184204101562,
        "dihedral_counts": [
            271,
            200,
            76,
            29
        ],
        "seq_len": 338,
        "num_sc": 271,
        "clash_info": {
            "100": {
                "num_clashes": 37,
                "num_atom_pairs": 2357222,
                "energy": 5.553221702575684
            },
            "90": {
                "num_clashes": 3,
                "num_atom_pairs": 2357222,
                "energy": 0.7827873229980469
            },
            "80": {
                "num_clashes": 1,
                "num_atom_pairs": 2357222,
                "energy": 0.315798282623291
            }
        },
        "ca_rmsd": 21.40879249572754
    },
    "core": {
        "mean_mae": [
            11.894754409790039,
            28.514652252197266,
            85.72599029541016,
            31.360992431640625
        ],
        "mae_sr": 0.7599999904632568,
        "rmsd": 0.6232650279998779,
        "dihedral_counts": [
            50,
            31,
            4,
            4
        ],
        "seq_len": 64,
        "num_sc": 50
    },
    "surface": {
        "mean_mae": [
            33.14118957519531,
            38.45252227783203,
            52.00167465209961,
            57.75336837768555
        ],
        "mae_sr": 0.3821656107902527,
        "rmsd": 1.10697603225708,
        "dihedral_counts": [
            157,
            119,
            57,
            19
        ],
        "seq_len": 197,
        "num_sc": 157
    }
}