{
    "all": {
        "mean_mae": [
            18.213716506958008,
            23.381309509277344,
            58.712921142578125,
            60.370330810546875
        ],
        "mae_sr": 0.6204819083213806,
        "rmsd": 0.8542956709861755,
        "dihedral_counts": [
            166,
            130,
            58,
            29
        ],
        "seq_len": 211,
        "num_sc": 166,
        "clash_info": {
            "100": {
                "num_clashes": 27,
                "num_atom_pairs": 863786,
                "energy": 4.57426118850708
            },
            "90": {
                "num_clashes": 4,
                "num_atom_pairs": 863786,
                "energy": 0.4635152816772461
            },
            "80": {
                "num_clashes": 0,
                "num_atom_pairs": 863786,
                "energy": 0.0
            }
        },
        "ca_rmsd": 17.00388526916504
    },
    "core": {
        "mean_mae": [
            5.778738021850586,
            9.7722749710083,
            46.45730209350586,
            58.281646728515625
        ],
        "mae_sr": 0.8297872543334961,
        "rmsd": 0.3289977014064789,
        "dihedral_counts": [
            47,
            31,
            7,
            3
        ],
        "seq_len": 82,
        "num_sc": 47
    },
    "surface": {
        "mean_mae": [
            28.27151870727539,
            32.3211669921875,
            67.93321228027344,
            67.68174743652344
        ],
        "mae_sr": 0.4712643623352051,
        "rmsd": 1.2415457963943481,
        "dihedral_counts": [
            87,
            71,
            39,
            20
        ],
        "seq_len": 95,
        "num_sc": 87
    }
}