{
    "all": {
        "mean_mae": [
            46.493263244628906,
            31.80754852294922,
            53.358253479003906,
            56.80293273925781
        ],
        "mae_sr": 0.4444444477558136,
        "rmsd": 1.4353150129318237,
        "dihedral_counts": [
            144,
            103,
            22,
            12
        ],
        "seq_len": 226,
        "num_sc": 144,
        "clash_info": {
            "100": {
                "num_clashes": 40,
                "num_atom_pairs": 673000,
                "energy": 8.552967071533203
            },
            "90": {
                "num_clashes": 8,
                "num_atom_pairs": 673000,
                "energy": 2.5825889110565186
            },
            "80": {
                "num_clashes": 2,
                "num_atom_pairs": 673000,
                "energy": 1.4342149496078491
            }
        },
        "ca_rmsd": 10.123270988464355
    },
    "core": {
        "mean_mae": [
            38.430240631103516,
            14.786689758300781,
            59.69529342651367,
            125.46314239501953
        ],
        "mae_sr": 0.52173912525177,
        "rmsd": 1.0119353532791138,
        "dihedral_counts": [
            23,
            14,
            5,
            1
        ],
        "seq_len": 87,
        "num_sc": 23
    },
    "surface": {
        "mean_mae": [
            55.10862731933594,
            32.851680755615234,
            46.94025421142578,
            49.2792854309082
        ],
        "mae_sr": 0.38372093439102173,
        "rmsd": 1.6682183742523193,
        "dihedral_counts": [
            86,
            67,
            13,
            9
        ],
        "seq_len": 94,
        "num_sc": 86
    }
}