{
    "all": {
        "mean_mae": [
            50.488948822021484,
            41.1323356628418,
            65.12185668945312,
            35.546443939208984
        ],
        "mae_sr": 0.37735849618911743,
        "rmsd": 1.3211408853530884,
        "dihedral_counts": [
            106,
            69,
            25,
            12
        ],
        "seq_len": 140,
        "num_sc": 106,
        "clash_info": {
            "100": {
                "num_clashes": 10,
                "num_atom_pairs": 319605,
                "energy": 0.8769376277923584
            },
            "90": {
                "num_clashes": 0,
                "num_atom_pairs": 319605,
                "energy": 0.0
            },
            "80": {
                "num_clashes": 0,
                "num_atom_pairs": 319605,
                "energy": 0.0
            }
        },
        "ca_rmsd": 144.91275024414062
    },
    "core": {
        "mean_mae": [
            45.82686233520508,
            40.01688766479492,
            19.864158630371094,
            138.33755493164062
        ],
        "mae_sr": 0.4000000059604645,
        "rmsd": 1.0616413354873657,
        "dihedral_counts": [
            15,
            11,
            2,
            1
        ],
        "seq_len": 19,
        "num_sc": 15
    },
    "surface": {
        "mean_mae": [
            49.167598724365234,
            42.54108810424805,
            62.65736770629883,
            28.5303897857666
        ],
        "mae_sr": 0.3866666555404663,
        "rmsd": 1.3356293439865112,
        "dihedral_counts": [
            75,
            46,
            20,
            10
        ],
        "seq_len": 83,
        "num_sc": 75
    }
}