{
    "all": {
        "mean_mae": [
            45.54021453857422,
            39.239871978759766,
            75.90525817871094,
            75.0639877319336
        ],
        "mae_sr": 0.4015747904777527,
        "rmsd": 1.226423740386963,
        "dihedral_counts": [
            127,
            81,
            36,
            19
        ],
        "seq_len": 172,
        "num_sc": 127,
        "clash_info": {
            "100": {
                "num_clashes": 42,
                "num_atom_pairs": 456404,
                "energy": 18.661752700805664
            },
            "90": {
                "num_clashes": 14,
                "num_atom_pairs": 456404,
                "energy": 11.220212936401367
            },
            "80": {
                "num_clashes": 8,
                "num_atom_pairs": 456404,
                "energy": 7.508321762084961
            }
        },
        "ca_rmsd": 120.0031509399414
    },
    "core": {
        "mean_mae": [
            31.964649200439453,
            22.8901309967041,
            123.7518539428711,
            108.47903442382812
        ],
        "mae_sr": 0.6153846383094788,
        "rmsd": 0.8998986482620239,
        "dihedral_counts": [
            39,
            25,
            3,
            1
        ],
        "seq_len": 67,
        "num_sc": 39
    },
    "surface": {
        "mean_mae": [
            50.50962829589844,
            51.13216781616211,
            75.71842956542969,
            85.93548583984375
        ],
        "mae_sr": 0.35185185074806213,
        "rmsd": 1.4035673141479492,
        "dihedral_counts": [
            54,
            31,
            19,
            10
        ],
        "seq_len": 68,
        "num_sc": 54
    }
}