{
    "all": {
        "mean_mae": [
            20.316003799438477,
            15.57377815246582,
            35.849815368652344,
            28.01937484741211
        ],
        "mae_sr": 0.6688311696052551,
        "rmsd": 0.6201366186141968,
        "dihedral_counts": [
            308,
            224,
            77,
            39
        ],
        "seq_len": 404,
        "num_sc": 308,
        "clash_info": {
            "100": {
                "num_clashes": 145,
                "num_atom_pairs": 3073073,
                "energy": 30.631031036376953
            },
            "90": {
                "num_clashes": 32,
                "num_atom_pairs": 3073073,
                "energy": 8.315564155578613
            },
            "80": {
                "num_clashes": 12,
                "num_atom_pairs": 3073073,
                "energy": 2.676276206970215
            }
        },
        "ca_rmsd": 13.802140235900879
    },
    "core": {
        "mean_mae": [
            15.906941413879395,
            12.387811660766602,
            35.35164260864258,
            17.52860450744629
        ],
        "mae_sr": 0.7432432174682617,
        "rmsd": 0.5253684520721436,
        "dihedral_counts": [
            148,
            107,
            33,
            15
        ],
        "seq_len": 213,
        "num_sc": 148
    },
    "surface": {
        "mean_mae": [
            26.013225555419922,
            18.901599884033203,
            30.35693359375,
            28.58083724975586
        ],
        "mae_sr": 0.603960394859314,
        "rmsd": 0.7206493616104126,
        "dihedral_counts": [
            101,
            74,
            27,
            14
        ],
        "seq_len": 118,
        "num_sc": 101
    }
}