{
    "all": {
        "mean_mae": [
            59.368865966796875,
            57.11912155151367,
            67.44357299804688,
            56.88148498535156
        ],
        "mae_sr": 0.1666666716337204,
        "rmsd": 1.6150703430175781,
        "dihedral_counts": [
            138,
            106,
            44,
            24
        ],
        "seq_len": 168,
        "num_sc": 138,
        "clash_info": {
            "100": {
                "num_clashes": 99,
                "num_atom_pairs": 577822,
                "energy": 23.012401580810547
            },
            "90": {
                "num_clashes": 29,
                "num_atom_pairs": 577822,
                "energy": 5.220696449279785
            },
            "80": {
                "num_clashes": 5,
                "num_atom_pairs": 577822,
                "energy": 0.7811990976333618
            }
        },
        "ca_rmsd": 11.03286361694336
    },
    "core": {
        "mean_mae": [
            36.08481979370117,
            47.66748809814453,
            63.46006393432617,
            103.25005340576172
        ],
        "mae_sr": 0.3030303120613098,
        "rmsd": 1.1844637393951416,
        "dihedral_counts": [
            33,
            21,
            7,
            2
        ],
        "seq_len": 37,
        "num_sc": 33
    },
    "surface": {
        "mean_mae": [
            72.5748062133789,
            63.65114212036133,
            67.52665710449219,
            58.22945785522461
        ],
        "mae_sr": 0.08219178020954132,
        "rmsd": 1.8888505697250366,
        "dihedral_counts": [
            73,
            61,
            29,
            16
        ],
        "seq_len": 96,
        "num_sc": 73
    }
}