{
    "all": {
        "mean_mae": [
            55.06931686401367,
            46.64387893676758,
            55.47905731201172,
            63.61081314086914
        ],
        "mae_sr": 0.23479729890823364,
        "rmsd": 1.5637586116790771,
        "dihedral_counts": [
            592,
            480,
            169,
            75
        ],
        "seq_len": 665,
        "num_sc": 592,
        "clash_info": {
            "100": {
                "num_clashes": 109,
                "num_atom_pairs": 10489017,
                "energy": 16.854331970214844
            },
            "90": {
                "num_clashes": 12,
                "num_atom_pairs": 10489017,
                "energy": 2.322751522064209
            },
            "80": {
                "num_clashes": 2,
                "num_atom_pairs": 10489017,
                "energy": 0.41272246837615967
            }
        },
        "ca_rmsd": 32.925357818603516
    },
    "core": {
        "mean_mae": [
            38.42238235473633,
            31.7714786529541,
            69.7798843383789,
            41.181278228759766
        ],
        "mae_sr": 0.4588235318660736,
        "rmsd": 1.0872106552124023,
        "dihedral_counts": [
            85,
            64,
            11,
            2
        ],
        "seq_len": 99,
        "num_sc": 85
    },
    "surface": {
        "mean_mae": [
            59.09358596801758,
            51.33604049682617,
            54.86100387573242,
            66.10396575927734
        ],
        "mae_sr": 0.1754874587059021,
        "rmsd": 1.7300467491149902,
        "dihedral_counts": [
            359,
            300,
            124,
            55
        ],
        "seq_len": 389,
        "num_sc": 359
    }
}