{
    "all": {
        "mean_mae": [
            25.746278762817383,
            24.321399688720703,
            29.495378494262695,
            9.596158027648926
        ],
        "mae_sr": 0.6466666460037231,
        "rmsd": 0.7493975162506104,
        "dihedral_counts": [
            150,
            114,
            31,
            12
        ],
        "seq_len": 193,
        "num_sc": 150,
        "clash_info": {
            "100": {
                "num_clashes": 21,
                "num_atom_pairs": 678375,
                "energy": 2.0553252696990967
            },
            "90": {
                "num_clashes": 0,
                "num_atom_pairs": 678375,
                "energy": 0.0
            },
            "80": {
                "num_clashes": 0,
                "num_atom_pairs": 678375,
                "energy": 0.0
            }
        },
        "ca_rmsd": 17.85369873046875
    },
    "core": {
        "mean_mae": [
            3.9234743118286133,
            13.438122749328613,
            42.969642639160156,
            0.0
        ],
        "mae_sr": 0.9545454382896423,
        "rmsd": 0.270333468914032,
        "dihedral_counts": [
            22,
            19,
            2,
            0
        ],
        "seq_len": 52,
        "num_sc": 22
    },
    "surface": {
        "mean_mae": [
            33.67242431640625,
            30.910017013549805,
            25.475357055664062,
            9.596158027648926
        ],
        "mae_sr": 0.5051546096801758,
        "rmsd": 0.9710108041763306,
        "dihedral_counts": [
            97,
            72,
            27,
            12
        ],
        "seq_len": 108,
        "num_sc": 97
    }
}