{
    "all": {
        "mean_mae": [
            42.769676208496094,
            40.346961975097656,
            70.55110168457031,
            66.86444091796875
        ],
        "mae_sr": 0.3112582862377167,
        "rmsd": 1.4680730104446411,
        "dihedral_counts": [
            151,
            118,
            43,
            20
        ],
        "seq_len": 198,
        "num_sc": 151,
        "clash_info": {
            "100": {
                "num_clashes": 30,
                "num_atom_pairs": 676545,
                "energy": 5.616608142852783
            },
            "90": {
                "num_clashes": 6,
                "num_atom_pairs": 676545,
                "energy": 0.6097028255462646
            },
            "80": {
                "num_clashes": 0,
                "num_atom_pairs": 676545,
                "energy": 0.0
            }
        },
        "ca_rmsd": 20.144977569580078
    },
    "core": {
        "mean_mae": [
            41.52431106567383,
            33.22164535522461,
            52.36083984375,
            62.3259162902832
        ],
        "mae_sr": 0.38461539149284363,
        "rmsd": 1.3708453178405762,
        "dihedral_counts": [
            39,
            30,
            5,
            3
        ],
        "seq_len": 84,
        "num_sc": 39
    },
    "surface": {
        "mean_mae": [
            49.20466232299805,
            47.13545608520508,
            73.53225708007812,
            61.21589279174805
        ],
        "mae_sr": 0.21052631735801697,
        "rmsd": 1.58818781375885,
        "dihedral_counts": [
            76,
            62,
            30,
            12
        ],
        "seq_len": 77,
        "num_sc": 76
    }
}