{
    "all": {
        "mean_mae": [
            36.61566925048828,
            28.467124938964844,
            40.147056579589844,
            36.0906982421875
        ],
        "mae_sr": 0.4056224822998047,
        "rmsd": 1.1188099384307861,
        "dihedral_counts": [
            249,
            188,
            59,
            28
        ],
        "seq_len": 317,
        "num_sc": 249,
        "clash_info": {
            "100": {
                "num_clashes": 109,
                "num_atom_pairs": 1879705,
                "energy": 26.838085174560547
            },
            "90": {
                "num_clashes": 29,
                "num_atom_pairs": 1879705,
                "energy": 7.753091812133789
            },
            "80": {
                "num_clashes": 11,
                "num_atom_pairs": 1879705,
                "energy": 1.975913405418396
            }
        },
        "ca_rmsd": 21.983943939208984
    },
    "core": {
        "mean_mae": [
            29.528610229492188,
            23.42511749267578,
            27.090351104736328,
            19.13347625732422
        ],
        "mae_sr": 0.5679012537002563,
        "rmsd": 0.8731456995010376,
        "dihedral_counts": [
            81,
            58,
            10,
            4
        ],
        "seq_len": 123,
        "num_sc": 81
    },
    "surface": {
        "mean_mae": [
            41.69041442871094,
            30.633405685424805,
            37.55704116821289,
            41.109893798828125
        ],
        "mae_sr": 0.27586206793785095,
        "rmsd": 1.236087679862976,
        "dihedral_counts": [
            116,
            89,
            39,
            19
        ],
        "seq_len": 131,
        "num_sc": 116
    }
}