{
    "all": {
        "mean_mae": [
            24.777864456176758,
            20.78638458251953,
            36.06593704223633,
            40.99152755737305
        ],
        "mae_sr": 0.5909090638160706,
        "rmsd": 0.8503739237785339,
        "dihedral_counts": [
            198,
            160,
            62,
            34
        ],
        "seq_len": 223,
        "num_sc": 198,
        "clash_info": {
            "100": {
                "num_clashes": 54,
                "num_atom_pairs": 1212729,
                "energy": 7.077207565307617
            },
            "90": {
                "num_clashes": 6,
                "num_atom_pairs": 1212729,
                "energy": 0.7248120307922363
            },
            "80": {
                "num_clashes": 0,
                "num_atom_pairs": 1212729,
                "energy": 0.0
            }
        },
        "ca_rmsd": 1.1909496784210205
    },
    "core": {
        "mean_mae": [
            13.449775695800781,
            11.029073715209961,
            19.96000862121582,
            34.28266906738281
        ],
        "mae_sr": 0.8260869383811951,
        "rmsd": 0.44526228308677673,
        "dihedral_counts": [
            69,
            50,
            12,
            5
        ],
        "seq_len": 80,
        "num_sc": 69
    },
    "surface": {
        "mean_mae": [
            36.173240661621094,
            27.129230499267578,
            43.10511016845703,
            40.62519073486328
        ],
        "mae_sr": 0.42105263471603394,
        "rmsd": 1.2237626314163208,
        "dihedral_counts": [
            95,
            79,
            40,
            24
        ],
        "seq_len": 105,
        "num_sc": 95
    }
}