{
    "all": {
        "mean_mae": [
            26.318008422851562,
            23.149709701538086,
            43.6522331237793,
            80.05491638183594
        ],
        "mae_sr": 0.6481481194496155,
        "rmsd": 0.7608467936515808,
        "dihedral_counts": [
            108,
            70,
            25,
            10
        ],
        "seq_len": 171,
        "num_sc": 108,
        "clash_info": {
            "100": {
                "num_clashes": 13,
                "num_atom_pairs": 330785,
                "energy": 1.9280998706817627
            },
            "90": {
                "num_clashes": 2,
                "num_atom_pairs": 330785,
                "energy": 0.21837496757507324
            },
            "80": {
                "num_clashes": 0,
                "num_atom_pairs": 330785,
                "energy": 0.0
            }
        },
        "ca_rmsd": 20.528545379638672
    },
    "core": {
        "mean_mae": [
            9.373382568359375,
            10.194801330566406,
            7.280394554138184,
            29.77252197265625
        ],
        "mae_sr": 0.8214285969734192,
        "rmsd": 0.2928439974784851,
        "dihedral_counts": [
            28,
            17,
            2,
            1
        ],
        "seq_len": 76,
        "num_sc": 28
    },
    "surface": {
        "mean_mae": [
            35.96788787841797,
            31.184045791625977,
            48.17222595214844,
            80.52851867675781
        ],
        "mae_sr": 0.5555555820465088,
        "rmsd": 1.0084174871444702,
        "dihedral_counts": [
            63,
            38,
            18,
            8
        ],
        "seq_len": 76,
        "num_sc": 63
    }
}