{
    "all": {
        "mean_mae": [
            28.487443923950195,
            31.618200302124023,
            58.962764739990234,
            44.32866668701172
        ],
        "mae_sr": 0.5300546288490295,
        "rmsd": 0.9176230430603027,
        "dihedral_counts": [
            183,
            127,
            37,
            15
        ],
        "seq_len": 266,
        "num_sc": 183,
        "clash_info": {
            "100": {
                "num_clashes": 94,
                "num_atom_pairs": 1046100,
                "energy": 21.882232666015625
            },
            "90": {
                "num_clashes": 25,
                "num_atom_pairs": 1046100,
                "energy": 5.376945495605469
            },
            "80": {
                "num_clashes": 5,
                "num_atom_pairs": 1046100,
                "energy": 1.8296431303024292
            }
        },
        "ca_rmsd": 18.777589797973633
    },
    "core": {
        "mean_mae": [
            22.411048889160156,
            26.804372787475586,
            63.931907653808594,
            18.4747314453125
        ],
        "mae_sr": 0.6111111044883728,
        "rmsd": 0.7286301851272583,
        "dihedral_counts": [
            72,
            48,
            10,
            2
        ],
        "seq_len": 135,
        "num_sc": 72
    },
    "surface": {
        "mean_mae": [
            37.08180618286133,
            32.55525588989258,
            60.74982452392578,
            45.942176818847656
        ],
        "mae_sr": 0.4444444477558136,
        "rmsd": 1.1348272562026978,
        "dihedral_counts": [
            72,
            53,
            18,
            9
        ],
        "seq_len": 87,
        "num_sc": 72
    }
}