{
    "all": {
        "mean_mae": [
            21.445030212402344,
            30.674522399902344,
            38.35917663574219,
            50.075138092041016
        ],
        "mae_sr": 0.6171428561210632,
        "rmsd": 0.7502371668815613,
        "dihedral_counts": [
            175,
            135,
            46,
            23
        ],
        "seq_len": 200,
        "num_sc": 175,
        "clash_info": {
            "100": {
                "num_clashes": 28,
                "num_atom_pairs": 946761,
                "energy": 4.689724922180176
            },
            "90": {
                "num_clashes": 6,
                "num_atom_pairs": 946761,
                "energy": 0.768726110458374
            },
            "80": {
                "num_clashes": 0,
                "num_atom_pairs": 946761,
                "energy": 0.0
            }
        },
        "ca_rmsd": 8.94421672821045
    },
    "core": {
        "mean_mae": [
            14.204073905944824,
            19.246055603027344,
            30.442468643188477,
            59.10148620605469
        ],
        "mae_sr": 0.7213114500045776,
        "rmsd": 0.4992484748363495,
        "dihedral_counts": [
            61,
            44,
            3,
            2
        ],
        "seq_len": 73,
        "num_sc": 61
    },
    "surface": {
        "mean_mae": [
            25.239912033081055,
            33.7307014465332,
            42.122169494628906,
            47.870967864990234
        ],
        "mae_sr": 0.5256410241127014,
        "rmsd": 0.9482237696647644,
        "dihedral_counts": [
            78,
            64,
            35,
            17
        ],
        "seq_len": 88,
        "num_sc": 78
    }
}