{
    "all": {
        "mean_mae": [
            33.3321533203125,
            34.61954879760742,
            49.1143798828125,
            64.00077056884766
        ],
        "mae_sr": 0.4793103337287903,
        "rmsd": 1.1108816862106323,
        "dihedral_counts": [
            290,
            217,
            73,
            35
        ],
        "seq_len": 343,
        "num_sc": 290,
        "clash_info": {
            "100": {
                "num_clashes": 31,
                "num_atom_pairs": 2537697,
                "energy": 5.966595649719238
            },
            "90": {
                "num_clashes": 7,
                "num_atom_pairs": 2537697,
                "energy": 1.144728660583496
            },
            "80": {
                "num_clashes": 0,
                "num_atom_pairs": 2537697,
                "energy": 0.0
            }
        },
        "ca_rmsd": 28.30461883544922
    },
    "core": {
        "mean_mae": [
            6.206204891204834,
            8.821399688720703,
            0.0,
            0.0
        ],
        "mae_sr": 0.8947368264198303,
        "rmsd": 0.23976750671863556,
        "dihedral_counts": [
            19,
            11,
            0,
            0
        ],
        "seq_len": 23,
        "num_sc": 19
    },
    "surface": {
        "mean_mae": [
            33.688926696777344,
            36.87474822998047,
            48.74090576171875,
            57.961612701416016
        ],
        "mae_sr": 0.45783132314682007,
        "rmsd": 1.1689809560775757,
        "dihedral_counts": [
            249,
            192,
            63,
            29
        ],
        "seq_len": 295,
        "num_sc": 249
    }
}