{
    "all": {
        "mean_mae": [
            36.53253936767578,
            36.500518798828125,
            52.62384033203125,
            54.83292770385742
        ],
        "mae_sr": 0.4296296238899231,
        "rmsd": 1.2024333477020264,
        "dihedral_counts": [
            270,
            205,
            78,
            33
        ],
        "seq_len": 376,
        "num_sc": 270,
        "clash_info": {
            "100": {
                "num_clashes": 48,
                "num_atom_pairs": 2236612,
                "energy": 4.896634101867676
            },
            "90": {
                "num_clashes": 3,
                "num_atom_pairs": 2236612,
                "energy": 0.26767659187316895
            },
            "80": {
                "num_clashes": 0,
                "num_atom_pairs": 2236612,
                "energy": 0.0
            }
        },
        "ca_rmsd": 89.51297760009766
    },
    "core": {
        "mean_mae": [
            19.305145263671875,
            20.66970443725586,
            37.78970718383789,
            16.788698196411133
        ],
        "mae_sr": 0.6567164063453674,
        "rmsd": 0.591602087020874,
        "dihedral_counts": [
            67,
            45,
            9,
            3
        ],
        "seq_len": 144,
        "num_sc": 67
    },
    "surface": {
        "mean_mae": [
            50.15809631347656,
            46.40131378173828,
            56.22011947631836,
            65.76470184326172
        ],
        "mae_sr": 0.28378379344940186,
        "rmsd": 1.6043503284454346,
        "dihedral_counts": [
            148,
            115,
            57,
            24
        ],
        "seq_len": 166,
        "num_sc": 148
    }
}