{
    "all": {
        "mean_mae": [
            29.618131637573242,
            34.92421340942383,
            50.63887405395508,
            56.376102447509766
        ],
        "mae_sr": 0.48627451062202454,
        "rmsd": 0.947840690612793,
        "dihedral_counts": [
            255,
            198,
            78,
            36
        ],
        "seq_len": 653,
        "num_sc": 255,
        "clash_info": {
            "100": {
                "num_clashes": 48,
                "num_atom_pairs": 1935960,
                "energy": 5.873857498168945
            },
            "90": {
                "num_clashes": 3,
                "num_atom_pairs": 1935960,
                "energy": 0.2865133285522461
            },
            "80": {
                "num_clashes": 0,
                "num_atom_pairs": 1935960,
                "energy": 0.0
            }
        },
        "ca_rmsd": 264.4433288574219
    },
    "core": {
        "mean_mae": [
            16.151371002197266,
            26.35660743713379,
            41.889747619628906,
            68.30929565429688
        ],
        "mae_sr": 0.7010309100151062,
        "rmsd": 0.5981842279434204,
        "dihedral_counts": [
            97,
            71,
            17,
            10
        ],
        "seq_len": 467,
        "num_sc": 97
    },
    "surface": {
        "mean_mae": [
            42.57575607299805,
            45.36445236206055,
            54.107364654541016,
            41.707550048828125
        ],
        "mae_sr": 0.3055555522441864,
        "rmsd": 1.2859586477279663,
        "dihedral_counts": [
            108,
            83,
            44,
            17
        ],
        "seq_len": 125,
        "num_sc": 108
    }
}