{
    "all": {
        "mean_mae": [
            35.98702621459961,
            39.77031326293945,
            60.81687545776367,
            75.22883605957031
        ],
        "mae_sr": 0.35151514410972595,
        "rmsd": 1.1430635452270508,
        "dihedral_counts": [
            990,
            745,
            256,
            122
        ],
        "seq_len": 1340,
        "num_sc": 990,
        "clash_info": {
            "100": {
                "num_clashes": 248,
                "num_atom_pairs": 30942128,
                "energy": 34.642642974853516
            },
            "90": {
                "num_clashes": 36,
                "num_atom_pairs": 30942128,
                "energy": 3.5795278549194336
            },
            "80": {
                "num_clashes": 1,
                "num_atom_pairs": 30942128,
                "energy": 0.10435748100280762
            }
        },
        "ca_rmsd": 87.65174102783203
    },
    "core": {
        "mean_mae": [
            25.09859275817871,
            31.824172973632812,
            57.313907623291016,
            72.38578033447266
        ],
        "mae_sr": 0.4615384638309479,
        "rmsd": 0.7315824031829834,
        "dihedral_counts": [
            299,
            211,
            42,
            20
        ],
        "seq_len": 553,
        "num_sc": 299
    },
    "surface": {
        "mean_mae": [
            46.70398712158203,
            46.775081634521484,
            65.31599426269531,
            82.64288330078125
        ],
        "mae_sr": 0.26485148072242737,
        "rmsd": 1.5234907865524292,
        "dihedral_counts": [
            404,
            323,
            148,
            74
        ],
        "seq_len": 457,
        "num_sc": 404
    }
}