{
    "all": {
        "mean_mae": [
            15.155101776123047,
            17.096765518188477,
            31.841087341308594,
            47.11007308959961
        ],
        "mae_sr": 0.6756756901741028,
        "rmsd": 0.6237313151359558,
        "dihedral_counts": [
            111,
            79,
            33,
            18
        ],
        "seq_len": 132,
        "num_sc": 111,
        "clash_info": {
            "100": {
                "num_clashes": 51,
                "num_atom_pairs": 379543,
                "energy": 7.697917938232422
            },
            "90": {
                "num_clashes": 8,
                "num_atom_pairs": 379543,
                "energy": 0.9293506145477295
            },
            "80": {
                "num_clashes": 1,
                "num_atom_pairs": 379543,
                "energy": 0.023578882217407227
            }
        },
        "ca_rmsd": 2.740810941759264e-06
    },
    "core": {
        "mean_mae": [
            3.9347400665283203,
            8.562944412231445,
            4.355254173278809,
            2.0799291133880615
        ],
        "mae_sr": 0.9583333134651184,
        "rmsd": 0.239821657538414,
        "dihedral_counts": [
            24,
            13,
            3,
            1
        ],
        "seq_len": 31,
        "num_sc": 24
    },
    "surface": {
        "mean_mae": [
            23.727663040161133,
            21.378753662109375,
            40.52705001831055,
            52.18113327026367
        ],
        "mae_sr": 0.4464285671710968,
        "rmsd": 0.9109596610069275,
        "dihedral_counts": [
            56,
            45,
            23,
            13
        ],
        "seq_len": 67,
        "num_sc": 56
    }
}