{
    "all": {
        "mean_mae": [
            29.24933433532715,
            31.814287185668945,
            39.959896087646484,
            36.546051025390625
        ],
        "mae_sr": 0.430463582277298,
        "rmsd": 0.8969870209693909,
        "dihedral_counts": [
            151,
            128,
            44,
            20
        ],
        "seq_len": 161,
        "num_sc": 151,
        "clash_info": {
            "100": {
                "num_clashes": 75,
                "num_atom_pairs": 683399,
                "energy": 12.925106048583984
            },
            "90": {
                "num_clashes": 14,
                "num_atom_pairs": 683399,
                "energy": 3.2524571418762207
            },
            "80": {
                "num_clashes": 5,
                "num_atom_pairs": 683399,
                "energy": 0.5442091226577759
            }
        },
        "ca_rmsd": 1.48008939504507e-05
    },
    "core": {
        "mean_mae": [
            16.3092041015625,
            22.478199005126953,
            64.11129760742188,
            75.76564025878906
        ],
        "mae_sr": 0.6000000238418579,
        "rmsd": 0.5652703046798706,
        "dihedral_counts": [
            35,
            32,
            5,
            2
        ],
        "seq_len": 40,
        "num_sc": 35
    },
    "surface": {
        "mean_mae": [
            37.96781921386719,
            33.43043899536133,
            39.47418212890625,
            29.86563491821289
        ],
        "mae_sr": 0.36486485600471497,
        "rmsd": 1.076341986656189,
        "dihedral_counts": [
            74,
            62,
            26,
            14
        ],
        "seq_len": 77,
        "num_sc": 74
    }
}