{
    "all": {
        "mean_mae": [
            45.7125129699707,
            40.71645736694336,
            68.13221740722656,
            52.69630432128906
        ],
        "mae_sr": 0.3115941882133484,
        "rmsd": 1.2966512441635132,
        "dihedral_counts": [
            138,
            106,
            44,
            24
        ],
        "seq_len": 168,
        "num_sc": 138,
        "clash_info": {
            "100": {
                "num_clashes": 156,
                "num_atom_pairs": 577822,
                "energy": 49.13435363769531
            },
            "90": {
                "num_clashes": 50,
                "num_atom_pairs": 577822,
                "energy": 18.704463958740234
            },
            "80": {
                "num_clashes": 20,
                "num_atom_pairs": 577822,
                "energy": 8.772647857666016
            }
        },
        "ca_rmsd": 2.5510648811177816e-06
    },
    "core": {
        "mean_mae": [
            35.07301330566406,
            43.97685241699219,
            65.97425079345703,
            76.80889892578125
        ],
        "mae_sr": 0.42424243688583374,
        "rmsd": 0.9919069409370422,
        "dihedral_counts": [
            33,
            21,
            7,
            2
        ],
        "seq_len": 37,
        "num_sc": 33
    },
    "surface": {
        "mean_mae": [
            55.035865783691406,
            40.39474868774414,
            69.95498657226562,
            56.36477279663086
        ],
        "mae_sr": 0.21917808055877686,
        "rmsd": 1.50474214553833,
        "dihedral_counts": [
            73,
            61,
            29,
            16
        ],
        "seq_len": 96,
        "num_sc": 73
    }
}