{
    "all": {
        "mean_mae": [
            26.916032791137695,
            32.81328201293945,
            61.8099479675293,
            73.21566009521484
        ],
        "mae_sr": 0.44247788190841675,
        "rmsd": 0.9723204970359802,
        "dihedral_counts": [
            113,
            84,
            30,
            17
        ],
        "seq_len": 122,
        "num_sc": 113,
        "clash_info": {
            "100": {
                "num_clashes": 102,
                "num_atom_pairs": 360882,
                "energy": 21.416378021240234
            },
            "90": {
                "num_clashes": 15,
                "num_atom_pairs": 360882,
                "energy": 4.722745418548584
            },
            "80": {
                "num_clashes": 5,
                "num_atom_pairs": 360882,
                "energy": 1.6758253574371338
            }
        },
        "ca_rmsd": 2.6702805371314753e-06
    },
    "core": {
        "mean_mae": [
            10.866324424743652,
            20.410188674926758,
            62.90329360961914,
            43.8402099609375
        ],
        "mae_sr": 0.7209302186965942,
        "rmsd": 0.5633305311203003,
        "dihedral_counts": [
            43,
            29,
            6,
            2
        ],
        "seq_len": 45,
        "num_sc": 43
    },
    "surface": {
        "mean_mae": [
            37.42024612426758,
            45.0638313293457,
            61.430057525634766,
            73.58985900878906
        ],
        "mae_sr": 0.20000000298023224,
        "rmsd": 1.2406506538391113,
        "dihedral_counts": [
            45,
            37,
            13,
            7
        ],
        "seq_len": 51,
        "num_sc": 45
    }
}