{
    "all": {
        "mean_mae": [
            18.93552017211914,
            14.682106018066406,
            33.133121490478516,
            52.644073486328125
        ],
        "mae_sr": 0.7043010592460632,
        "rmsd": 0.6844538450241089,
        "dihedral_counts": [
            186,
            136,
            63,
            32
        ],
        "seq_len": 221,
        "num_sc": 186,
        "clash_info": {
            "100": {
                "num_clashes": 70,
                "num_atom_pairs": 1171742,
                "energy": 11.567809104919434
            },
            "90": {
                "num_clashes": 9,
                "num_atom_pairs": 1171742,
                "energy": 1.6329092979431152
            },
            "80": {
                "num_clashes": 2,
                "num_atom_pairs": 1171742,
                "energy": 0.33617591857910156
            }
        },
        "ca_rmsd": 3.975887921114918e-06
    },
    "core": {
        "mean_mae": [
            5.112972736358643,
            3.6298699378967285,
            12.022371292114258,
            46.203556060791016
        ],
        "mae_sr": 0.953125,
        "rmsd": 0.21590200066566467,
        "dihedral_counts": [
            64,
            43,
            10,
            4
        ],
        "seq_len": 73,
        "num_sc": 64
    },
    "surface": {
        "mean_mae": [
            31.131790161132812,
            24.069042205810547,
            45.94151306152344,
            53.762603759765625
        ],
        "mae_sr": 0.529411792755127,
        "rmsd": 1.105509877204895,
        "dihedral_counts": [
            85,
            67,
            39,
            21
        ],
        "seq_len": 104,
        "num_sc": 85
    }
}