{
    "all": {
        "mean_mae": [
            24.944591522216797,
            29.174421310424805,
            43.51707458496094,
            55.31247329711914
        ],
        "mae_sr": 0.48826292157173157,
        "rmsd": 0.8578671813011169,
        "dihedral_counts": [
            212,
            167,
            59,
            28
        ],
        "seq_len": 242,
        "num_sc": 213,
        "clash_info": {
            "100": {
                "num_clashes": 113,
                "num_atom_pairs": 1409892,
                "energy": 19.28554344177246
            },
            "90": {
                "num_clashes": 17,
                "num_atom_pairs": 1409892,
                "energy": 1.8326607942581177
            },
            "80": {
                "num_clashes": 0,
                "num_atom_pairs": 1409892,
                "energy": 0.0
            }
        },
        "ca_rmsd": 2.450019928801339e-05
    },
    "core": {
        "mean_mae": [
            18.508302688598633,
            14.753233909606934,
            53.83637237548828,
            14.469264030456543
        ],
        "mae_sr": 0.6875,
        "rmsd": 0.46771469712257385,
        "dihedral_counts": [
            64,
            47,
            5,
            1
        ],
        "seq_len": 77,
        "num_sc": 64
    },
    "surface": {
        "mean_mae": [
            26.20751953125,
            35.40814971923828,
            43.996063232421875,
            65.08657836914062
        ],
        "mae_sr": 0.36082473397254944,
        "rmsd": 1.053112268447876,
        "dihedral_counts": [
            96,
            81,
            40,
            20
        ],
        "seq_len": 109,
        "num_sc": 97
    }
}