{
    "all": {
        "mean_mae": [
            21.62244415283203,
            21.942481994628906,
            53.41740798950195,
            29.86872100830078
        ],
        "mae_sr": 0.6319444179534912,
        "rmsd": 0.7212254405021667,
        "dihedral_counts": [
            144,
            103,
            22,
            12
        ],
        "seq_len": 166,
        "num_sc": 144,
        "clash_info": {
            "100": {
                "num_clashes": 59,
                "num_atom_pairs": 673000,
                "energy": 13.888056755065918
            },
            "90": {
                "num_clashes": 16,
                "num_atom_pairs": 673000,
                "energy": 4.535896301269531
            },
            "80": {
                "num_clashes": 7,
                "num_atom_pairs": 673000,
                "energy": 0.9746602773666382
            }
        },
        "ca_rmsd": 3.0170228910719743e-06
    },
    "core": {
        "mean_mae": [
            13.307917594909668,
            7.730966091156006,
            53.80851745605469,
            0.0
        ],
        "mae_sr": 0.692307710647583,
        "rmsd": 0.3547421097755432,
        "dihedral_counts": [
            13,
            8,
            2,
            0
        ],
        "seq_len": 14,
        "num_sc": 13
    },
    "surface": {
        "mean_mae": [
            25.084575653076172,
            23.410261154174805,
            51.98234176635742,
            19.95051383972168
        ],
        "mae_sr": 0.6206896305084229,
        "rmsd": 0.7903449535369873,
        "dihedral_counts": [
            87,
            67,
            13,
            9
        ],
        "seq_len": 95,
        "num_sc": 87
    }
}