{
    "all": {
        "mean_mae": [
            8.96209716796875,
            15.272900581359863,
            25.85347557067871,
            55.51225280761719
        ],
        "mae_sr": 0.7430555820465088,
        "rmsd": 0.4241592586040497,
        "dihedral_counts": [
            144,
            115,
            34,
            18
        ],
        "seq_len": 169,
        "num_sc": 144,
        "clash_info": {
            "100": {
                "num_clashes": 51,
                "num_atom_pairs": 685126,
                "energy": 7.116795539855957
            },
            "90": {
                "num_clashes": 8,
                "num_atom_pairs": 685126,
                "energy": 0.43457674980163574
            },
            "80": {
                "num_clashes": 0,
                "num_atom_pairs": 685126,
                "energy": 0.0
            }
        },
        "ca_rmsd": 2.9632210498675704e-06
    },
    "core": {
        "mean_mae": [
            5.296594142913818,
            12.8607759475708,
            20.574905395507812,
            3.763878107070923
        ],
        "mae_sr": 0.8999999761581421,
        "rmsd": 0.2719179689884186,
        "dihedral_counts": [
            50,
            36,
            8,
            3
        ],
        "seq_len": 62,
        "num_sc": 50
    },
    "surface": {
        "mean_mae": [
            14.037026405334473,
            19.141353607177734,
            34.41166687011719,
            78.0124740600586
        ],
        "mae_sr": 0.5892857313156128,
        "rmsd": 0.6342687010765076,
        "dihedral_counts": [
            56,
            47,
            18,
            12
        ],
        "seq_len": 65,
        "num_sc": 56
    }
}