{
    "all": {
        "mean_mae": [
            41.929691314697266,
            30.31854248046875,
            54.814483642578125,
            62.21632766723633
        ],
        "mae_sr": 0.4433962404727936,
        "rmsd": 1.0850136280059814,
        "dihedral_counts": [
            106,
            69,
            25,
            12
        ],
        "seq_len": 123,
        "num_sc": 106,
        "clash_info": {
            "100": {
                "num_clashes": 45,
                "num_atom_pairs": 319605,
                "energy": 9.459113121032715
            },
            "90": {
                "num_clashes": 10,
                "num_atom_pairs": 319605,
                "energy": 1.7087434530258179
            },
            "80": {
                "num_clashes": 2,
                "num_atom_pairs": 319605,
                "energy": 0.14417028427124023
            }
        },
        "ca_rmsd": 2.577835402917117e-05
    },
    "core": {
        "mean_mae": [
            16.7017879486084,
            15.078143119812012,
            22.528606414794922,
            132.12533569335938
        ],
        "mae_sr": 0.7333333492279053,
        "rmsd": 0.5103423595428467,
        "dihedral_counts": [
            15,
            11,
            2,
            1
        ],
        "seq_len": 19,
        "num_sc": 15
    },
    "surface": {
        "mean_mae": [
            48.39677047729492,
            37.2103271484375,
            57.964866638183594,
            56.8704719543457
        ],
        "mae_sr": 0.3866666555404663,
        "rmsd": 1.2396386861801147,
        "dihedral_counts": [
            75,
            46,
            20,
            10
        ],
        "seq_len": 83,
        "num_sc": 75
    }
}