{
    "all": {
        "mean_mae": [
            20.723867416381836,
            28.648365020751953,
            35.20659637451172,
            51.205848693847656
        ],
        "mae_sr": 0.6228571534156799,
        "rmsd": 0.744203507900238,
        "dihedral_counts": [
            175,
            135,
            46,
            23
        ],
        "seq_len": 200,
        "num_sc": 175,
        "clash_info": {
            "100": {
                "num_clashes": 83,
                "num_atom_pairs": 946761,
                "energy": 19.300189971923828
            },
            "90": {
                "num_clashes": 16,
                "num_atom_pairs": 946761,
                "energy": 5.779417514801025
            },
            "80": {
                "num_clashes": 9,
                "num_atom_pairs": 946761,
                "energy": 1.646359920501709
            }
        },
        "ca_rmsd": 9.783352851867676
    },
    "core": {
        "mean_mae": [
            13.580700874328613,
            12.536660194396973,
            27.600656509399414,
            54.15952682495117
        ],
        "mae_sr": 0.8032786846160889,
        "rmsd": 0.46869826316833496,
        "dihedral_counts": [
            61,
            44,
            3,
            2
        ],
        "seq_len": 73,
        "num_sc": 61
    },
    "surface": {
        "mean_mae": [
            23.77947235107422,
            39.099449157714844,
            38.40142822265625,
            54.26688003540039
        ],
        "mae_sr": 0.4743589758872986,
        "rmsd": 0.9535847902297974,
        "dihedral_counts": [
            78,
            64,
            35,
            17
        ],
        "seq_len": 88,
        "num_sc": 78
    }
}