{
    "all": {
        "mean_mae": [
            27.46818733215332,
            28.750226974487305,
            53.621116638183594,
            54.361000061035156
        ],
        "mae_sr": 0.556291401386261,
        "rmsd": 0.8643137216567993,
        "dihedral_counts": [
            151,
            118,
            43,
            20
        ],
        "seq_len": 198,
        "num_sc": 151,
        "clash_info": {
            "100": {
                "num_clashes": 61,
                "num_atom_pairs": 676545,
                "energy": 11.690494537353516
            },
            "90": {
                "num_clashes": 11,
                "num_atom_pairs": 676545,
                "energy": 1.7123675346374512
            },
            "80": {
                "num_clashes": 1,
                "num_atom_pairs": 676545,
                "energy": 0.43314027786254883
            }
        },
        "ca_rmsd": 7.652231216430664
    },
    "core": {
        "mean_mae": [
            23.331682205200195,
            21.040063858032227,
            70.05650329589844,
            96.46643829345703
        ],
        "mae_sr": 0.6410256624221802,
        "rmsd": 0.7765576243400574,
        "dihedral_counts": [
            39,
            30,
            5,
            3
        ],
        "seq_len": 84,
        "num_sc": 39
    },
    "surface": {
        "mean_mae": [
            37.4903678894043,
            37.83095932006836,
            55.443416595458984,
            60.90675354003906
        ],
        "mae_sr": 0.42105263471603394,
        "rmsd": 1.1040161848068237,
        "dihedral_counts": [
            76,
            62,
            30,
            12
        ],
        "seq_len": 77,
        "num_sc": 76
    }
}