{
    "all": {
        "mean_mae": [
            23.63173484802246,
            24.440526962280273,
            52.613197326660156,
            47.113677978515625
        ],
        "mae_sr": 0.6625000238418579,
        "rmsd": 0.8193756341934204,
        "dihedral_counts": [
            240,
            186,
            63,
            34
        ],
        "seq_len": 310,
        "num_sc": 240,
        "clash_info": {
            "100": {
                "num_clashes": 114,
                "num_atom_pairs": 1863165,
                "energy": 26.617042541503906
            },
            "90": {
                "num_clashes": 20,
                "num_atom_pairs": 1863165,
                "energy": 10.174278259277344
            },
            "80": {
                "num_clashes": 10,
                "num_atom_pairs": 1863165,
                "energy": 5.897618293762207
            }
        },
        "ca_rmsd": 17.12224006652832
    },
    "core": {
        "mean_mae": [
            15.072527885437012,
            15.040428161621094,
            36.19186019897461,
            33.73003387451172
        ],
        "mae_sr": 0.8478260636329651,
        "rmsd": 0.5241241455078125,
        "dihedral_counts": [
            92,
            68,
            15,
            7
        ],
        "seq_len": 135,
        "num_sc": 92
    },
    "surface": {
        "mean_mae": [
            29.26830291748047,
            34.651611328125,
            58.48445129394531,
            39.53605270385742
        ],
        "mae_sr": 0.5,
        "rmsd": 1.023339867591858,
        "dihedral_counts": [
            92,
            74,
            32,
            18
        ],
        "seq_len": 112,
        "num_sc": 92
    }
}