{
    "all": {
        "mean_mae": [
            16.145673751831055,
            18.773746490478516,
            35.87385559082031,
            58.24714279174805
        ],
        "mae_sr": 0.7347418069839478,
        "rmsd": 0.5722023844718933,
        "dihedral_counts": [
            426,
            320,
            101,
            46
        ],
        "seq_len": 535,
        "num_sc": 426,
        "clash_info": {
            "100": {
                "num_clashes": 302,
                "num_atom_pairs": 6038304,
                "energy": 72.35325622558594
            },
            "90": {
                "num_clashes": 81,
                "num_atom_pairs": 6038304,
                "energy": 20.5201416015625
            },
            "80": {
                "num_clashes": 25,
                "num_atom_pairs": 6038304,
                "energy": 4.791019439697266
            }
        },
        "ca_rmsd": 57.21632766723633
    },
    "core": {
        "mean_mae": [
            13.073430061340332,
            14.919268608093262,
            32.13774490356445,
            42.0801887512207
        ],
        "mae_sr": 0.8212927579879761,
        "rmsd": 0.42428702116012573,
        "dihedral_counts": [
            263,
            188,
            46,
            19
        ],
        "seq_len": 339,
        "num_sc": 263
    },
    "surface": {
        "mean_mae": [
            27.452926635742188,
            28.424560546875,
            40.78880310058594,
            70.2335205078125
        ],
        "mae_sr": 0.5242718458175659,
        "rmsd": 1.0031455755233765,
        "dihedral_counts": [
            103,
            82,
            40,
            18
        ],
        "seq_len": 120,
        "num_sc": 103
    }
}