{
    "all": {
        "mean_mae": [
            20.62787628173828,
            39.40556335449219,
            33.14636993408203,
            75.71650695800781
        ],
        "mae_sr": 0.45945945382118225,
        "rmsd": 0.9601354002952576,
        "dihedral_counts": [
            37,
            26,
            17,
            12
        ],
        "seq_len": 48,
        "num_sc": 37,
        "clash_info": {
            "100": {
                "num_clashes": 6,
                "num_atom_pairs": 45925,
                "energy": 0.3479773998260498
            },
            "90": {
                "num_clashes": 0,
                "num_atom_pairs": 45925,
                "energy": 0.0
            },
            "80": {
                "num_clashes": 0,
                "num_atom_pairs": 45925,
                "energy": 0.0
            }
        },
        "ca_rmsd": 9.95424747467041
    },
    "core": {
        "mean_mae": [
            0.0,
            0.0,
            0.0,
            0.0
        ],
        "mae_sr": 1.0,
        "rmsd": 0.0,
        "dihedral_counts": [
            0,
            0,
            0,
            0
        ],
        "seq_len": 0,
        "num_sc": 0
    },
    "surface": {
        "mean_mae": [
            20.62787628173828,
            39.40556335449219,
            33.14636993408203,
            75.71650695800781
        ],
        "mae_sr": 0.45945945382118225,
        "rmsd": 0.9601354002952576,
        "dihedral_counts": [
            37,
            26,
            17,
            12
        ],
        "seq_len": 48,
        "num_sc": 37
    }
}