{
    "all": {
        "mean_mae": [
            34.6395378112793,
            24.303728103637695,
            55.31033706665039,
            50.6621208190918
        ],
        "mae_sr": 0.5970982313156128,
        "rmsd": 0.8240607976913452,
        "dihedral_counts": [
            896,
            549,
            97,
            23
        ],
        "seq_len": 1424,
        "num_sc": 896,
        "clash_info": {
            "100": {
                "num_clashes": 375,
                "num_atom_pairs": 21968505,
                "energy": 57.43699645996094
            },
            "90": {
                "num_clashes": 45,
                "num_atom_pairs": 21968505,
                "energy": 7.130486488342285
            },
            "80": {
                "num_clashes": 4,
                "num_atom_pairs": 21968505,
                "energy": 0.8662331104278564
            }
        },
        "ca_rmsd": 58.20409393310547
    },
    "core": {
        "mean_mae": [
            26.12105941772461,
            17.334447860717773,
            54.237457275390625,
            11.913908958435059
        ],
        "mae_sr": 0.6974063515663147,
        "rmsd": 0.6652453541755676,
        "dihedral_counts": [
            347,
            245,
            27,
            3
        ],
        "seq_len": 794,
        "num_sc": 347
    },
    "surface": {
        "mean_mae": [
            45.19147872924805,
            35.09812927246094,
            67.03153991699219,
            63.47013473510742
        ],
        "mae_sr": 0.4883720874786377,
        "rmsd": 1.0114014148712158,
        "dihedral_counts": [
            344,
            174,
            44,
            12
        ],
        "seq_len": 395,
        "num_sc": 344
    }
}