{
    "all": {
        "mean_mae": [
            24.689741134643555,
            29.505691528320312,
            49.364288330078125,
            65.11848449707031
        ],
        "mae_sr": 0.557894766330719,
        "rmsd": 0.8265120387077332,
        "dihedral_counts": [
            95,
            71,
            32,
            12
        ],
        "seq_len": 117,
        "num_sc": 95,
        "clash_info": {
            "100": {
                "num_clashes": 40,
                "num_atom_pairs": 294373,
                "energy": 3.522432327270508
            },
            "90": {
                "num_clashes": 0,
                "num_atom_pairs": 294373,
                "energy": 0.0
            },
            "80": {
                "num_clashes": 0,
                "num_atom_pairs": 294373,
                "energy": 0.0
            }
        },
        "ca_rmsd": 1.3023247718811035
    },
    "core": {
        "mean_mae": [
            11.357518196105957,
            13.30652141571045,
            56.94270324707031,
            1.609055995941162
        ],
        "mae_sr": 0.8799999952316284,
        "rmsd": 0.3240484893321991,
        "dihedral_counts": [
            25,
            18,
            3,
            1
        ],
        "seq_len": 35,
        "num_sc": 25
    },
    "surface": {
        "mean_mae": [
            36.113521575927734,
            43.36064529418945,
            57.045013427734375,
            71.6385269165039
        ],
        "mae_sr": 0.2978723347187042,
        "rmsd": 1.2617995738983154,
        "dihedral_counts": [
            47,
            37,
            24,
            9
        ],
        "seq_len": 58,
        "num_sc": 47
    }
}