{
    "all": {
        "mean_mae": [
            28.93880271911621,
            28.286012649536133,
            46.53959655761719,
            45.439632415771484
        ],
        "mae_sr": 0.45783132314682007,
        "rmsd": 0.9080806970596313,
        "dihedral_counts": [
            249,
            188,
            59,
            28
        ],
        "seq_len": 317,
        "num_sc": 249,
        "clash_info": {
            "100": {
                "num_clashes": 94,
                "num_atom_pairs": 1879705,
                "energy": 14.413816452026367
            },
            "90": {
                "num_clashes": 10,
                "num_atom_pairs": 1879705,
                "energy": 1.7497048377990723
            },
            "80": {
                "num_clashes": 1,
                "num_atom_pairs": 1879705,
                "energy": 0.056947946548461914
            }
        },
        "ca_rmsd": 14.7999906539917
    },
    "core": {
        "mean_mae": [
            18.413724899291992,
            18.353235244750977,
            35.515907287597656,
            17.49947738647461
        ],
        "mae_sr": 0.6296296119689941,
        "rmsd": 0.5914841890335083,
        "dihedral_counts": [
            81,
            58,
            10,
            4
        ],
        "seq_len": 123,
        "num_sc": 81
    },
    "surface": {
        "mean_mae": [
            37.732154846191406,
            30.981719970703125,
            44.091705322265625,
            46.78276443481445
        ],
        "mae_sr": 0.3362068831920624,
        "rmsd": 1.0969548225402832,
        "dihedral_counts": [
            116,
            89,
            39,
            19
        ],
        "seq_len": 131,
        "num_sc": 116
    }
}