{
    "all": {
        "mean_mae": [
            18.06253433227539,
            40.161582946777344,
            49.081687927246094,
            106.84776306152344
        ],
        "mae_sr": 0.550000011920929,
        "rmsd": 0.7614253163337708,
        "dihedral_counts": [
            40,
            35,
            11,
            5
        ],
        "seq_len": 56,
        "num_sc": 40,
        "clash_info": {
            "100": {
                "num_clashes": 14,
                "num_atom_pairs": 48867,
                "energy": 2.5021986961364746
            },
            "90": {
                "num_clashes": 2,
                "num_atom_pairs": 48867,
                "energy": 0.6367497444152832
            },
            "80": {
                "num_clashes": 1,
                "num_atom_pairs": 48867,
                "energy": 0.317047119140625
            }
        },
        "ca_rmsd": 10.084357261657715
    },
    "core": {
        "mean_mae": [
            34.78665542602539,
            49.006710052490234,
            162.8734588623047,
            0.0
        ],
        "mae_sr": 0.6666666865348816,
        "rmsd": 0.5991616249084473,
        "dihedral_counts": [
            3,
            3,
            1,
            0
        ],
        "seq_len": 3,
        "num_sc": 3
    },
    "surface": {
        "mean_mae": [
            16.467317581176758,
            33.65903091430664,
            37.70250701904297,
            106.8477554321289
        ],
        "mae_sr": 0.5,
        "rmsd": 0.7613697052001953,
        "dihedral_counts": [
            28,
            24,
            10,
            5
        ],
        "seq_len": 43,
        "num_sc": 28
    }
}