{
    "all": {
        "mean_mae": [
            50.6733283996582,
            52.2326545715332,
            62.501708984375,
            62.24292755126953
        ],
        "mae_sr": 0.3281653821468353,
        "rmsd": 1.4617743492126465,
        "dihedral_counts": [
            387,
            301,
            120,
            60
        ],
        "seq_len": 495,
        "num_sc": 387,
        "clash_info": {
            "100": {
                "num_clashes": 138,
                "num_atom_pairs": 4832570,
                "energy": 19.04884147644043
            },
            "90": {
                "num_clashes": 15,
                "num_atom_pairs": 4832570,
                "energy": 1.7619311809539795
            },
            "80": {
                "num_clashes": 1,
                "num_atom_pairs": 4832570,
                "energy": 0.13962101936340332
            }
        },
        "ca_rmsd": 47.107364654541016
    },
    "core": {
        "mean_mae": [
            29.354206085205078,
            31.91741371154785,
            35.97330856323242,
            121.33258056640625
        ],
        "mae_sr": 0.5652173757553101,
        "rmsd": 0.8652580380439758,
        "dihedral_counts": [
            92,
            66,
            7,
            3
        ],
        "seq_len": 144,
        "num_sc": 92
    },
    "surface": {
        "mean_mae": [
            61.9575080871582,
            59.42653274536133,
            64.23811340332031,
            66.49282836914062
        ],
        "mae_sr": 0.20975609123706818,
        "rmsd": 1.7921147346496582,
        "dihedral_counts": [
            205,
            169,
            93,
            45
        ],
        "seq_len": 245,
        "num_sc": 205
    }
}