{
    "all": {
        "mean_mae": [
            23.733007431030273,
            22.268768310546875,
            43.701290130615234,
            53.048099517822266
        ],
        "mae_sr": 0.6464088559150696,
        "rmsd": 0.8948394656181335,
        "dihedral_counts": [
            181,
            142,
            44,
            22
        ],
        "seq_len": 211,
        "num_sc": 181,
        "clash_info": {
            "100": {
                "num_clashes": 67,
                "num_atom_pairs": 1044501,
                "energy": 9.807808876037598
            },
            "90": {
                "num_clashes": 9,
                "num_atom_pairs": 1044501,
                "energy": 1.3919446468353271
            },
            "80": {
                "num_clashes": 1,
                "num_atom_pairs": 1044501,
                "energy": 0.08336687088012695
            }
        },
        "ca_rmsd": 11.997161865234375
    },
    "core": {
        "mean_mae": [
            3.4464974403381348,
            5.7801899909973145,
            26.171829223632812,
            43.157779693603516
        ],
        "mae_sr": 0.9444444179534912,
        "rmsd": 0.3104288876056671,
        "dihedral_counts": [
            36,
            27,
            5,
            3
        ],
        "seq_len": 41,
        "num_sc": 36
    },
    "surface": {
        "mean_mae": [
            36.01164245605469,
            28.67301368713379,
            50.294673919677734,
            53.57646942138672
        ],
        "mae_sr": 0.5090909004211426,
        "rmsd": 1.1974519491195679,
        "dihedral_counts": [
            110,
            83,
            31,
            16
        ],
        "seq_len": 130,
        "num_sc": 110
    }
}