{
    "all": {
        "mean_mae": [
            37.06337356567383,
            32.03532409667969,
            54.51249694824219,
            62.286434173583984
        ],
        "mae_sr": 0.4686468541622162,
        "rmsd": 1.0532644987106323,
        "dihedral_counts": [
            303,
            232,
            72,
            32
        ],
        "seq_len": 390,
        "num_sc": 303,
        "clash_info": {
            "100": {
                "num_clashes": 78,
                "num_atom_pairs": 2730574,
                "energy": 9.128129005432129
            },
            "90": {
                "num_clashes": 4,
                "num_atom_pairs": 2730574,
                "energy": 0.6312716007232666
            },
            "80": {
                "num_clashes": 0,
                "num_atom_pairs": 2730574,
                "energy": 0.0
            }
        },
        "ca_rmsd": 117.5795669555664
    },
    "core": {
        "mean_mae": [
            26.77016258239746,
            28.5408935546875,
            61.25400924682617,
            61.11859130859375
        ],
        "mae_sr": 0.6666666865348816,
        "rmsd": 0.7161352634429932,
        "dihedral_counts": [
            30,
            16,
            7,
            3
        ],
        "seq_len": 67,
        "num_sc": 30
    },
    "surface": {
        "mean_mae": [
            38.35966491699219,
            34.48460388183594,
            55.54951095581055,
            68.19365692138672
        ],
        "mae_sr": 0.43852460384368896,
        "rmsd": 1.1166256666183472,
        "dihedral_counts": [
            244,
            190,
            55,
            26
        ],
        "seq_len": 291,
        "num_sc": 244
    }
}