{
    "all": {
        "mean_mae": [
            41.95583724975586,
            32.94358444213867,
            53.565494537353516,
            59.78271484375
        ],
        "mae_sr": 0.43911007046699524,
        "rmsd": 1.193988561630249,
        "dihedral_counts": [
            854,
            647,
            192,
            88
        ],
        "seq_len": 1029,
        "num_sc": 854,
        "clash_info": {
            "100": {
                "num_clashes": 375,
                "num_atom_pairs": 22727944,
                "energy": 63.80782699584961
            },
            "90": {
                "num_clashes": 55,
                "num_atom_pairs": 22727944,
                "energy": 10.553671836853027
            },
            "80": {
                "num_clashes": 11,
                "num_atom_pairs": 22727944,
                "energy": 2.0957560539245605
            }
        },
        "ca_rmsd": 43.70073318481445
    },
    "core": {
        "mean_mae": [
            28.479358673095703,
            22.931182861328125,
            37.35589599609375,
            34.871307373046875
        ],
        "mae_sr": 0.6051136255264282,
        "rmsd": 0.8082770705223083,
        "dihedral_counts": [
            352,
            260,
            56,
            19
        ],
        "seq_len": 446,
        "num_sc": 352
    },
    "surface": {
        "mean_mae": [
            54.32612609863281,
            40.88715744018555,
            72.41260528564453,
            61.8836784362793
        ],
        "mae_sr": 0.29372936487197876,
        "rmsd": 1.527587652206421,
        "dihedral_counts": [
            303,
            228,
            81,
            44
        ],
        "seq_len": 349,
        "num_sc": 303
    }
}