{
    "all": {
        "mean_mae": [
            12.056722640991211,
            15.683395385742188,
            38.915771484375,
            51.48575210571289
        ],
        "mae_sr": 0.7225130796432495,
        "rmsd": 0.5199366211891174,
        "dihedral_counts": [
            191,
            160,
            52,
            24
        ],
        "seq_len": 230,
        "num_sc": 191,
        "clash_info": {
            "100": {
                "num_clashes": 50,
                "num_atom_pairs": 1146495,
                "energy": 9.158943176269531
            },
            "90": {
                "num_clashes": 9,
                "num_atom_pairs": 1146495,
                "energy": 1.3319237232208252
            },
            "80": {
                "num_clashes": 1,
                "num_atom_pairs": 1146495,
                "energy": 0.01923370361328125
            }
        },
        "ca_rmsd": 5.5837273597717285
    },
    "core": {
        "mean_mae": [
            10.20212173461914,
            9.94879150390625,
            11.445786476135254,
            3.2016308307647705
        ],
        "mae_sr": 0.9027777910232544,
        "rmsd": 0.30210044980049133,
        "dihedral_counts": [
            72,
            56,
            9,
            2
        ],
        "seq_len": 87,
        "num_sc": 72
    },
    "surface": {
        "mean_mae": [
            15.931053161621094,
            20.1536922454834,
            46.22515106201172,
            73.61994934082031
        ],
        "mae_sr": 0.5733333230018616,
        "rmsd": 0.7310387492179871,
        "dihedral_counts": [
            75,
            65,
            28,
            14
        ],
        "seq_len": 90,
        "num_sc": 75
    }
}