{
    "all": {
        "mean_mae": [
            65.89657592773438,
            50.62859344482422,
            86.58709716796875,
            59.37483215332031
        ],
        "mae_sr": 0.23148147761821747,
        "rmsd": 1.8458471298217773,
        "dihedral_counts": [
            108,
            87,
            28,
            11
        ],
        "seq_len": 125,
        "num_sc": 108,
        "clash_info": {
            "100": {
                "num_clashes": 33,
                "num_atom_pairs": 389340,
                "energy": 4.618512153625488
            },
            "90": {
                "num_clashes": 4,
                "num_atom_pairs": 389340,
                "energy": 0.7012801170349121
            },
            "80": {
                "num_clashes": 1,
                "num_atom_pairs": 389340,
                "energy": 0.12978994846343994
            }
        },
        "ca_rmsd": 7.123727321624756
    },
    "core": {
        "mean_mae": [
            73.4731674194336,
            67.67169952392578,
            0.0,
            0.0
        ],
        "mae_sr": 0.5,
        "rmsd": 2.134012222290039,
        "dihedral_counts": [
            4,
            3,
            0,
            0
        ],
        "seq_len": 4,
        "num_sc": 4
    },
    "surface": {
        "mean_mae": [
            62.71356201171875,
            45.15389633178711,
            84.30638885498047,
            55.52799606323242
        ],
        "mae_sr": 0.2467532455921173,
        "rmsd": 1.6828891038894653,
        "dihedral_counts": [
            77,
            62,
            25,
            10
        ],
        "seq_len": 89,
        "num_sc": 77
    }
}