{
    "all": {
        "mean_mae": [
            39.23594665527344,
            39.68003463745117,
            57.7305793762207,
            68.410888671875
        ],
        "mae_sr": 0.3046875,
        "rmsd": 1.1457884311676025,
        "dihedral_counts": [
            256,
            208,
            66,
            32
        ],
        "seq_len": 289,
        "num_sc": 256,
        "clash_info": {
            "100": {
                "num_clashes": 76,
                "num_atom_pairs": 1903305,
                "energy": 11.269756317138672
            },
            "90": {
                "num_clashes": 13,
                "num_atom_pairs": 1903305,
                "energy": 2.2483959197998047
            },
            "80": {
                "num_clashes": 2,
                "num_atom_pairs": 1903305,
                "energy": 0.2375950813293457
            }
        },
        "ca_rmsd": 45.276058197021484
    },
    "core": {
        "mean_mae": [
            20.403772354125977,
            34.88341522216797,
            49.09679412841797,
            27.3355712890625
        ],
        "mae_sr": 0.3863636255264282,
        "rmsd": 0.7431640625,
        "dihedral_counts": [
            44,
            35,
            7,
            3
        ],
        "seq_len": 51,
        "num_sc": 44
    },
    "surface": {
        "mean_mae": [
            43.281436920166016,
            41.71464538574219,
            56.436378479003906,
            69.566162109375
        ],
        "mae_sr": 0.2237762212753296,
        "rmsd": 1.3030649423599243,
        "dihedral_counts": [
            143,
            116,
            49,
            24
        ],
        "seq_len": 165,
        "num_sc": 143
    }
}