{
    "all": {
        "mean_mae": [
            42.884429931640625,
            35.86809158325195,
            71.5843276977539,
            79.85887908935547
        ],
        "mae_sr": 0.4444444477558136,
        "rmsd": 1.4505854845046997,
        "dihedral_counts": [
            144,
            103,
            22,
            12
        ],
        "seq_len": 226,
        "num_sc": 144,
        "clash_info": {
            "100": {
                "num_clashes": 34,
                "num_atom_pairs": 673000,
                "energy": 4.76126766204834
            },
            "90": {
                "num_clashes": 3,
                "num_atom_pairs": 673000,
                "energy": 0.6756417751312256
            },
            "80": {
                "num_clashes": 0,
                "num_atom_pairs": 673000,
                "energy": 0.0
            }
        },
        "ca_rmsd": 10.064151763916016
    },
    "core": {
        "mean_mae": [
            38.281368255615234,
            20.087827682495117,
            78.82331085205078,
            128.6339111328125
        ],
        "mae_sr": 0.47826087474823,
        "rmsd": 1.0478553771972656,
        "dihedral_counts": [
            23,
            14,
            5,
            1
        ],
        "seq_len": 87,
        "num_sc": 23
    },
    "surface": {
        "mean_mae": [
            47.29716491699219,
            33.84213638305664,
            68.60123443603516,
            73.71940612792969
        ],
        "mae_sr": 0.39534884691238403,
        "rmsd": 1.5867348909378052,
        "dihedral_counts": [
            86,
            67,
            13,
            9
        ],
        "seq_len": 94,
        "num_sc": 86
    }
}