{
    "all": {
        "mean_mae": [
            47.68329620361328,
            41.30153274536133,
            53.88087463378906,
            73.3721694946289
        ],
        "mae_sr": 0.2781457006931305,
        "rmsd": 1.3035131692886353,
        "dihedral_counts": [
            151,
            128,
            44,
            20
        ],
        "seq_len": 161,
        "num_sc": 151,
        "clash_info": {
            "100": {
                "num_clashes": 44,
                "num_atom_pairs": 683399,
                "energy": 6.194597244262695
            },
            "90": {
                "num_clashes": 6,
                "num_atom_pairs": 683399,
                "energy": 0.4367251396179199
            },
            "80": {
                "num_clashes": 0,
                "num_atom_pairs": 683399,
                "energy": 0.0
            }
        },
        "ca_rmsd": 2.499689817428589
    },
    "core": {
        "mean_mae": [
            34.99652099609375,
            33.973541259765625,
            85.29095458984375,
            60.273502349853516
        ],
        "mae_sr": 0.2857142984867096,
        "rmsd": 1.1226807832717896,
        "dihedral_counts": [
            35,
            32,
            5,
            2
        ],
        "seq_len": 40,
        "num_sc": 35
    },
    "surface": {
        "mean_mae": [
            52.682037353515625,
            40.805545806884766,
            48.20565414428711,
            83.44762420654297
        ],
        "mae_sr": 0.29729729890823364,
        "rmsd": 1.468503475189209,
        "dihedral_counts": [
            74,
            62,
            26,
            14
        ],
        "seq_len": 77,
        "num_sc": 74
    }
}