{
    "all": {
        "mean_mae": [
            32.44432067871094,
            36.62344741821289,
            56.49413299560547,
            71.53411865234375
        ],
        "mae_sr": 0.43598616123199463,
        "rmsd": 1.1221628189086914,
        "dihedral_counts": [
            289,
            237,
            68,
            32
        ],
        "seq_len": 382,
        "num_sc": 289,
        "clash_info": {
            "100": {
                "num_clashes": 123,
                "num_atom_pairs": 3170435,
                "energy": 26.004810333251953
            },
            "90": {
                "num_clashes": 21,
                "num_atom_pairs": 3170435,
                "energy": 6.48857307434082
            },
            "80": {
                "num_clashes": 9,
                "num_atom_pairs": 3170435,
                "energy": 1.587580680847168
            }
        },
        "ca_rmsd": 19.83879280090332
    },
    "core": {
        "mean_mae": [
            24.07914161682129,
            27.03207015991211,
            61.17445373535156,
            70.63416290283203
        ],
        "mae_sr": 0.5476190447807312,
        "rmsd": 0.848177433013916,
        "dihedral_counts": [
            84,
            64,
            12,
            5
        ],
        "seq_len": 107,
        "num_sc": 84
    },
    "surface": {
        "mean_mae": [
            40.622962951660156,
            48.200984954833984,
            58.9566535949707,
            76.00572967529297
        ],
        "mae_sr": 0.3050847351551056,
        "rmsd": 1.5303239822387695,
        "dihedral_counts": [
            118,
            102,
            38,
            21
        ],
        "seq_len": 144,
        "num_sc": 118
    }
}