{
    "all": {
        "mean_mae": [
            41.08831024169922,
            45.0166015625,
            43.77054214477539,
            88.19084930419922
        ],
        "mae_sr": 0.3461538553237915,
        "rmsd": 1.3768185377120972,
        "dihedral_counts": [
            52,
            47,
            19,
            7
        ],
        "seq_len": 255,
        "num_sc": 52,
        "clash_info": {
            "100": {
                "num_clashes": 9,
                "num_atom_pairs": 89640,
                "energy": 0.7292673587799072
            },
            "90": {
                "num_clashes": 0,
                "num_atom_pairs": 89640,
                "energy": 0.0
            },
            "80": {
                "num_clashes": 0,
                "num_atom_pairs": 89640,
                "energy": 0.0
            }
        },
        "ca_rmsd": 43.25819396972656
    },
    "core": {
        "mean_mae": [
            28.290264129638672,
            7.3460235595703125,
            0.0,
            0.0
        ],
        "mae_sr": 0.800000011920929,
        "rmsd": 0.4386623501777649,
        "dihedral_counts": [
            5,
            3,
            0,
            0
        ],
        "seq_len": 201,
        "num_sc": 5
    },
    "surface": {
        "mean_mae": [
            46.76494216918945,
            49.223297119140625,
            41.328887939453125,
            96.1480484008789
        ],
        "mae_sr": 0.2631579041481018,
        "rmsd": 1.6314529180526733,
        "dihedral_counts": [
            38,
            35,
            16,
            6
        ],
        "seq_len": 43,
        "num_sc": 38
    }
}