{
    "all": {
        "mean_mae": [
            35.11382293701172,
            28.423133850097656,
            58.77910614013672,
            72.23066711425781
        ],
        "mae_sr": 0.5824176073074341,
        "rmsd": 0.9542902708053589,
        "dihedral_counts": [
            91,
            63,
            17,
            7
        ],
        "seq_len": 106,
        "num_sc": 91,
        "clash_info": {
            "100": {
                "num_clashes": 44,
                "num_atom_pairs": 244617,
                "energy": 11.239615440368652
            },
            "90": {
                "num_clashes": 16,
                "num_atom_pairs": 244617,
                "energy": 2.611278533935547
            },
            "80": {
                "num_clashes": 2,
                "num_atom_pairs": 244617,
                "energy": 0.41167640686035156
            }
        },
        "ca_rmsd": 26.351072311401367
    },
    "core": {
        "mean_mae": [
            22.376996994018555,
            30.583009719848633,
            137.96473693847656,
            99.3764419555664
        ],
        "mae_sr": 0.800000011920929,
        "rmsd": 0.6525080800056458,
        "dihedral_counts": [
            15,
            11,
            1,
            1
        ],
        "seq_len": 15,
        "num_sc": 15
    },
    "surface": {
        "mean_mae": [
            39.666812896728516,
            33.30521011352539,
            48.28586959838867,
            71.31011199951172
        ],
        "mae_sr": 0.5,
        "rmsd": 1.0966236591339111,
        "dihedral_counts": [
            52,
            39,
            12,
            3
        ],
        "seq_len": 66,
        "num_sc": 52
    }
}