{
    "all": {
        "mean_mae": [
            23.030445098876953,
            28.716838836669922,
            51.484779357910156,
            70.77037048339844
        ],
        "mae_sr": 0.5694444179534912,
        "rmsd": 0.833786129951477,
        "dihedral_counts": [
            216,
            186,
            67,
            34
        ],
        "seq_len": 287,
        "num_sc": 216,
        "clash_info": {
            "100": {
                "num_clashes": 76,
                "num_atom_pairs": 1606354,
                "energy": 11.738689422607422
            },
            "90": {
                "num_clashes": 10,
                "num_atom_pairs": 1606354,
                "energy": 1.39805269241333
            },
            "80": {
                "num_clashes": 1,
                "num_atom_pairs": 1606354,
                "energy": 0.08605098724365234
            }
        },
        "ca_rmsd": 18.326541900634766
    },
    "core": {
        "mean_mae": [
            11.233766555786133,
            15.481125831604004,
            41.70046615600586,
            46.48611831665039
        ],
        "mae_sr": 0.75,
        "rmsd": 0.465271532535553,
        "dihedral_counts": [
            68,
            57,
            11,
            7
        ],
        "seq_len": 117,
        "num_sc": 68
    },
    "surface": {
        "mean_mae": [
            31.014123916625977,
            39.50711441040039,
            54.44120407104492,
            68.4331283569336
        ],
        "mae_sr": 0.41489362716674805,
        "rmsd": 1.1433364152908325,
        "dihedral_counts": [
            94,
            82,
            41,
            19
        ],
        "seq_len": 108,
        "num_sc": 94
    }
}