{
    "all": {
        "mean_mae": [
            44.87315368652344,
            46.04734802246094,
            40.81666564941406,
            95.77062225341797
        ],
        "mae_sr": 0.24369747936725616,
        "rmsd": 1.3505107164382935,
        "dihedral_counts": [
            119,
            100,
            33,
            12
        ],
        "seq_len": 130,
        "num_sc": 119,
        "clash_info": {
            "100": {
                "num_clashes": 30,
                "num_atom_pairs": 440188,
                "energy": 5.129006385803223
            },
            "90": {
                "num_clashes": 3,
                "num_atom_pairs": 440188,
                "energy": 0.7820329666137695
            },
            "80": {
                "num_clashes": 1,
                "num_atom_pairs": 440188,
                "energy": 0.15233778953552246
            }
        },
        "ca_rmsd": 2.7375292778015137
    },
    "core": {
        "mean_mae": [
            39.487144470214844,
            51.26532745361328,
            0.0,
            0.0
        ],
        "mae_sr": 0.375,
        "rmsd": 1.1362004280090332,
        "dihedral_counts": [
            8,
            7,
            0,
            0
        ],
        "seq_len": 9,
        "num_sc": 8
    },
    "surface": {
        "mean_mae": [
            47.8965950012207,
            43.02964401245117,
            40.059017181396484,
            103.36071014404297
        ],
        "mae_sr": 0.24719101190567017,
        "rmsd": 1.4135686159133911,
        "dihedral_counts": [
            89,
            74,
            30,
            11
        ],
        "seq_len": 98,
        "num_sc": 89
    }
}