{
    "all": {
        "mean_mae": [
            25.754169464111328,
            28.17333984375,
            35.92795944213867,
            54.96125030517578
        ],
        "mae_sr": 0.4888888895511627,
        "rmsd": 0.9784103631973267,
        "dihedral_counts": [
            90,
            74,
            34,
            15
        ],
        "seq_len": 93,
        "num_sc": 90,
        "clash_info": {
            "100": {
                "num_clashes": 6,
                "num_atom_pairs": 232470,
                "energy": 0.3892350196838379
            },
            "90": {
                "num_clashes": 0,
                "num_atom_pairs": 232470,
                "energy": 0.0
            },
            "80": {
                "num_clashes": 0,
                "num_atom_pairs": 232470,
                "energy": 0.0
            }
        },
        "ca_rmsd": 4.863810318056494e-06
    },
    "core": {
        "mean_mae": [
            0.0,
            0.0,
            0.0,
            0.0
        ],
        "mae_sr": 1.0,
        "rmsd": 0.0,
        "dihedral_counts": [
            0,
            0,
            0,
            0
        ],
        "seq_len": 0,
        "num_sc": 0
    },
    "surface": {
        "mean_mae": [
            25.754169464111328,
            28.17333984375,
            35.92795944213867,
            54.96125030517578
        ],
        "mae_sr": 0.4888888895511627,
        "rmsd": 0.9784103631973267,
        "dihedral_counts": [
            90,
            74,
            34,
            15
        ],
        "seq_len": 93,
        "num_sc": 90
    }
}