{
    "all": {
        "mean_mae": [
            17.55448341369629,
            15.971431732177734,
            39.75817108154297,
            64.36399841308594
        ],
        "mae_sr": 0.7043010592460632,
        "rmsd": 0.6528981328010559,
        "dihedral_counts": [
            186,
            136,
            63,
            32
        ],
        "seq_len": 221,
        "num_sc": 186,
        "clash_info": {
            "100": {
                "num_clashes": 44,
                "num_atom_pairs": 1171742,
                "energy": 6.863673210144043
            },
            "90": {
                "num_clashes": 6,
                "num_atom_pairs": 1171742,
                "energy": 1.1386792659759521
            },
            "80": {
                "num_clashes": 1,
                "num_atom_pairs": 1171742,
                "energy": 0.2472240924835205
            }
        },
        "ca_rmsd": 3.3685628295643255e-06
    },
    "core": {
        "mean_mae": [
            6.900026321411133,
            7.815446853637695,
            24.237117767333984,
            45.55324935913086
        ],
        "mae_sr": 0.9375,
        "rmsd": 0.22907623648643494,
        "dihedral_counts": [
            64,
            43,
            10,
            4
        ],
        "seq_len": 73,
        "num_sc": 64
    },
    "surface": {
        "mean_mae": [
            27.713542938232422,
            22.742050170898438,
            50.4347038269043,
            78.68882751464844
        ],
        "mae_sr": 0.529411792755127,
        "rmsd": 1.0207760334014893,
        "dihedral_counts": [
            85,
            67,
            39,
            21
        ],
        "seq_len": 104,
        "num_sc": 85
    }
}