{
    "all": {
        "mean_mae": [
            6.645617485046387,
            8.753575325012207,
            13.806320190429688,
            38.617767333984375
        ],
        "mae_sr": 0.932692289352417,
        "rmsd": 0.23219166696071625,
        "dihedral_counts": [
            104,
            60,
            15,
            7
        ],
        "seq_len": 129,
        "num_sc": 104,
        "clash_info": {
            "100": {
                "num_clashes": 21,
                "num_atom_pairs": 318855,
                "energy": 2.9659204483032227
            },
            "90": {
                "num_clashes": 2,
                "num_atom_pairs": 318855,
                "energy": 0.27625107765197754
            },
            "80": {
                "num_clashes": 0,
                "num_atom_pairs": 318855,
                "energy": 0.0
            }
        },
        "ca_rmsd": 2.6835364224098157e-06
    },
    "core": {
        "mean_mae": [
            3.2526028156280518,
            4.878348350524902,
            7.011086940765381,
            4.879009246826172
        ],
        "mae_sr": 1.0,
        "rmsd": 0.1329023540019989,
        "dihedral_counts": [
            27,
            15,
            1,
            1
        ],
        "seq_len": 30,
        "num_sc": 27
    },
    "surface": {
        "mean_mae": [
            7.9347758293151855,
            9.213802337646484,
            14.38154411315918,
            65.0914077758789
        ],
        "mae_sr": 0.9038461446762085,
        "rmsd": 0.2955379784107208,
        "dihedral_counts": [
            52,
            32,
            9,
            4
        ],
        "seq_len": 67,
        "num_sc": 52
    }
}