{
    "all": {
        "mean_mae": [
            10.65817642211914,
            11.321416854858398,
            47.845706939697266,
            57.82475662231445
        ],
        "mae_sr": 0.7844827771186829,
        "rmsd": 0.4143710732460022,
        "dihedral_counts": [
            116,
            79,
            22,
            11
        ],
        "seq_len": 134,
        "num_sc": 116,
        "clash_info": {
            "100": {
                "num_clashes": 34,
                "num_atom_pairs": 385526,
                "energy": 7.577589988708496
            },
            "90": {
                "num_clashes": 10,
                "num_atom_pairs": 385526,
                "energy": 1.5468034744262695
            },
            "80": {
                "num_clashes": 0,
                "num_atom_pairs": 385526,
                "energy": 0.0
            }
        },
        "ca_rmsd": 1.2845382570958463e-06
    },
    "core": {
        "mean_mae": [
            3.3720650672912598,
            4.076733112335205,
            54.461326599121094,
            84.21817779541016
        ],
        "mae_sr": 0.9069767594337463,
        "rmsd": 0.21642693877220154,
        "dihedral_counts": [
            43,
            30,
            4,
            2
        ],
        "seq_len": 50,
        "num_sc": 43
    },
    "surface": {
        "mean_mae": [
            18.59380340576172,
            15.3916015625,
            45.232460021972656,
            40.79082107543945
        ],
        "mae_sr": 0.7090908885002136,
        "rmsd": 0.4999869167804718,
        "dihedral_counts": [
            55,
            35,
            10,
            6
        ],
        "seq_len": 64,
        "num_sc": 55
    }
}