{
    "all": {
        "mean_mae": [
            16.35369300842285,
            21.313875198364258,
            41.445556640625,
            37.470848083496094
        ],
        "mae_sr": 0.631205677986145,
        "rmsd": 0.5889047384262085,
        "dihedral_counts": [
            141,
            106,
            39,
            15
        ],
        "seq_len": 156,
        "num_sc": 141,
        "clash_info": {
            "100": {
                "num_clashes": 33,
                "num_atom_pairs": 593764,
                "energy": 3.3690192699432373
            },
            "90": {
                "num_clashes": 2,
                "num_atom_pairs": 593764,
                "energy": 0.1581118106842041
            },
            "80": {
                "num_clashes": 0,
                "num_atom_pairs": 593764,
                "energy": 0.0
            }
        },
        "ca_rmsd": 1.7260296090171323e-06
    },
    "core": {
        "mean_mae": [
            5.633694171905518,
            8.825013160705566,
            18.09251594543457,
            43.51579284667969
        ],
        "mae_sr": 0.9069767594337463,
        "rmsd": 0.25603505969047546,
        "dihedral_counts": [
            43,
            30,
            3,
            3
        ],
        "seq_len": 50,
        "num_sc": 43
    },
    "surface": {
        "mean_mae": [
            24.83642578125,
            31.085485458374023,
            44.08936309814453,
            38.146305084228516
        ],
        "mae_sr": 0.41428571939468384,
        "rmsd": 0.8558956980705261,
        "dihedral_counts": [
            70,
            53,
            29,
            11
        ],
        "seq_len": 77,
        "num_sc": 70
    }
}