{
    "all": {
        "rmsd": 0.872673749923706,
        "mae_sr": 0.5497567057609558,
        "mean_mae": [
            25.917911529541016,
            27.421390533447266,
            48.73224639892578,
            56.27768325805664
        ],
        "dihedral_counts": [
            14707,
            11279,
            3812,
            1806
        ],
        "num_sc": 14708,
        "mean_seq_len": 256.1212158203125,
        "ca_rmsd": 4.494124823395396e-06,
        "clash_info": {
            "100": {
                "energy": 35.81262969970703,
                "num_atom_pairs": 2408216.0,
                "num_clashes": 125.33333587646484
            },
            "90": {
                "energy": 13.491744995117188,
                "num_atom_pairs": 2408216.0,
                "num_clashes": 35.69696807861328
            },
            "80": {
                "energy": 5.993999481201172,
                "num_atom_pairs": 2408216.0,
                "num_clashes": 14.196969985961914
            }
        }
    },
    "core": {
        "rmsd": 0.4864703118801117,
        "mae_sr": 0.7522096633911133,
        "mean_mae": [
            14.19344711303711,
            17.70680809020996,
            38.82552719116211,
            36.41907501220703
        ],
        "dihedral_counts": [
            3815,
            2794,
            529,
            225
        ],
        "num_sc": 3815,
        "mean_seq_len": 68.75757598876953
    },
    "surface": {
        "rmsd": 1.0678249597549438,
        "mae_sr": 0.4548419415950775,
        "mean_mae": [
            31.90313148498535,
            32.131591796875,
            49.20382308959961,
            58.905357360839844
        ],
        "dihedral_counts": [
            7367,
            5745,
            2433,
            1168
        ],
        "num_sc": 7368,
        "mean_seq_len": 126.8484878540039
    }
}