{
    "all": {
        "mean_mae": [
            44.39190673828125,
            28.617448806762695,
            76.1579360961914,
            54.93043518066406
        ],
        "mae_sr": 0.40566039085388184,
        "rmsd": 1.2482017278671265,
        "dihedral_counts": [
            106,
            69,
            25,
            12
        ],
        "seq_len": 123,
        "num_sc": 106,
        "clash_info": {
            "100": {
                "num_clashes": 67,
                "num_atom_pairs": 319605,
                "energy": 13.296161651611328
            },
            "90": {
                "num_clashes": 15,
                "num_atom_pairs": 319605,
                "energy": 2.5853545665740967
            },
            "80": {
                "num_clashes": 1,
                "num_atom_pairs": 319605,
                "energy": 0.5927600860595703
            }
        },
        "ca_rmsd": 0.0
    },
    "core": {
        "mean_mae": [
            16.683887481689453,
            11.249017715454102,
            80.01910400390625,
            141.09300231933594
        ],
        "mae_sr": 0.7333333492279053,
        "rmsd": 0.5347221493721008,
        "dihedral_counts": [
            15,
            11,
            2,
            1
        ],
        "seq_len": 19,
        "num_sc": 15
    },
    "surface": {
        "mean_mae": [
            51.429588317871094,
            33.56306076049805,
            74.09314727783203,
            49.79814910888672
        ],
        "mae_sr": 0.3466666638851166,
        "rmsd": 1.3916229009628296,
        "dihedral_counts": [
            75,
            46,
            20,
            10
        ],
        "seq_len": 83,
        "num_sc": 75
    }
}