{
    "all": {
        "mean_mae": [
            26.737552642822266,
            23.863252639770508,
            55.47306823730469,
            63.08774185180664
        ],
        "mae_sr": 0.4881889820098877,
        "rmsd": 0.9146170020103455,
        "dihedral_counts": [
            127,
            81,
            36,
            19
        ],
        "seq_len": 146,
        "num_sc": 127,
        "clash_info": {
            "100": {
                "num_clashes": 73,
                "num_atom_pairs": 456404,
                "energy": 19.292003631591797
            },
            "90": {
                "num_clashes": 21,
                "num_atom_pairs": 456404,
                "energy": 5.932586669921875
            },
            "80": {
                "num_clashes": 6,
                "num_atom_pairs": 456404,
                "energy": 1.8894627094268799
            }
        },
        "ca_rmsd": 0.0
    },
    "core": {
        "mean_mae": [
            22.250967025756836,
            7.27454948425293,
            48.517391204833984,
            1.9157588481903076
        ],
        "mae_sr": 0.7179487347602844,
        "rmsd": 0.5936477780342102,
        "dihedral_counts": [
            39,
            25,
            3,
            1
        ],
        "seq_len": 41,
        "num_sc": 39
    },
    "surface": {
        "mean_mae": [
            34.408599853515625,
            42.66293716430664,
            52.5103874206543,
            75.71775817871094
        ],
        "mae_sr": 0.3888888955116272,
        "rmsd": 1.1675318479537964,
        "dihedral_counts": [
            54,
            31,
            19,
            10
        ],
        "seq_len": 68,
        "num_sc": 54
    }
}