{
    "all": {
        "mean_mae": [
            19.3316707611084,
            22.7366886138916,
            39.65107345581055,
            64.65631103515625
        ],
        "mae_sr": 0.5972222089767456,
        "rmsd": 0.63520747423172,
        "dihedral_counts": [
            144,
            115,
            34,
            18
        ],
        "seq_len": 169,
        "num_sc": 144,
        "clash_info": {
            "100": {
                "num_clashes": 73,
                "num_atom_pairs": 685126,
                "energy": 24.310277938842773
            },
            "90": {
                "num_clashes": 27,
                "num_atom_pairs": 685126,
                "energy": 11.156105041503906
            },
            "80": {
                "num_clashes": 15,
                "num_atom_pairs": 685126,
                "energy": 4.780179977416992
            }
        },
        "ca_rmsd": 3.9154570004029665e-06
    },
    "core": {
        "mean_mae": [
            14.913993835449219,
            19.003089904785156,
            51.361412048339844,
            6.572206020355225
        ],
        "mae_sr": 0.7599999904632568,
        "rmsd": 0.48102033138275146,
        "dihedral_counts": [
            50,
            36,
            8,
            3
        ],
        "seq_len": 62,
        "num_sc": 50
    },
    "surface": {
        "mean_mae": [
            26.113842010498047,
            28.806381225585938,
            33.35112762451172,
            83.48542022705078
        ],
        "mae_sr": 0.375,
        "rmsd": 0.8596097230911255,
        "dihedral_counts": [
            56,
            47,
            18,
            12
        ],
        "seq_len": 65,
        "num_sc": 56
    }
}