{
    "all": {
        "mean_mae": [
            20.956153869628906,
            20.268754959106445,
            48.190670013427734,
            57.994468688964844
        ],
        "mae_sr": 0.6116504669189453,
        "rmsd": 0.7023931741714478,
        "dihedral_counts": [
            412,
            288,
            113,
            61
        ],
        "seq_len": 464,
        "num_sc": 412,
        "clash_info": {
            "100": {
                "num_clashes": 122,
                "num_atom_pairs": 4850685,
                "energy": 30.13237190246582
            },
            "90": {
                "num_clashes": 33,
                "num_atom_pairs": 4850685,
                "energy": 8.912458419799805
            },
            "80": {
                "num_clashes": 8,
                "num_atom_pairs": 4850685,
                "energy": 2.641969919204712
            }
        },
        "ca_rmsd": 1.2501495803007856e-05
    },
    "core": {
        "mean_mae": [
            9.149872779846191,
            10.996173858642578,
            42.14329147338867,
            29.074493408203125
        ],
        "mae_sr": 0.8787878751754761,
        "rmsd": 0.2944086194038391,
        "dihedral_counts": [
            99,
            68,
            9,
            6
        ],
        "seq_len": 111,
        "num_sc": 99
    },
    "surface": {
        "mean_mae": [
            31.087989807128906,
            26.957096099853516,
            51.006744384765625,
            64.08563995361328
        ],
        "mae_sr": 0.46226415038108826,
        "rmsd": 0.9912516474723816,
        "dihedral_counts": [
            212,
            148,
            73,
            37
        ],
        "seq_len": 243,
        "num_sc": 212
    }
}