{
    "all": {
        "mean_mae": [
            33.334571838378906,
            36.68803024291992,
            53.74939727783203,
            56.94655227661133
        ],
        "mae_sr": 0.4435897469520569,
        "rmsd": 1.0921998023986816,
        "dihedral_counts": [
            390,
            340,
            91,
            47
        ],
        "seq_len": 426,
        "num_sc": 390,
        "clash_info": {
            "100": {
                "num_clashes": 175,
                "num_atom_pairs": 4626885,
                "energy": 35.652584075927734
            },
            "90": {
                "num_clashes": 33,
                "num_atom_pairs": 4626885,
                "energy": 8.633626937866211
            },
            "80": {
                "num_clashes": 10,
                "num_atom_pairs": 4626885,
                "energy": 1.4751269817352295
            }
        },
        "ca_rmsd": 1.4585777535103261e-05
    },
    "core": {
        "mean_mae": [
            13.908780097961426,
            29.468347549438477,
            18.600473403930664,
            27.719545364379883
        ],
        "mae_sr": 0.6571428775787354,
        "rmsd": 0.6153392791748047,
        "dihedral_counts": [
            35,
            32,
            4,
            1
        ],
        "seq_len": 39,
        "num_sc": 35
    },
    "surface": {
        "mean_mae": [
            38.515865325927734,
            38.41542434692383,
            54.352088928222656,
            59.93486022949219
        ],
        "mae_sr": 0.3948339521884918,
        "rmsd": 1.2249835729599,
        "dihedral_counts": [
            271,
            238,
            78,
            42
        ],
        "seq_len": 293,
        "num_sc": 271
    }
}