{
    "all": {
        "mean_mae": [
            39.90672302246094,
            47.501895904541016,
            54.5406608581543,
            53.70603561401367
        ],
        "mae_sr": 0.36705201864242554,
        "rmsd": 1.270046353340149,
        "dihedral_counts": [
            346,
            244,
            56,
            27
        ],
        "seq_len": 437,
        "num_sc": 346,
        "clash_info": {
            "100": {
                "num_clashes": 870,
                "num_atom_pairs": 3827750,
                "energy": 443.3450927734375
            },
            "90": {
                "num_clashes": 452,
                "num_atom_pairs": 3827750,
                "energy": 232.38829040527344
            },
            "80": {
                "num_clashes": 238,
                "num_atom_pairs": 3827750,
                "energy": 125.57719421386719
            }
        },
        "ca_rmsd": 4.651438757719006e-06
    },
    "core": {
        "mean_mae": [
            39.357627868652344,
            46.11975860595703,
            63.54777908325195,
            116.59912109375
        ],
        "mae_sr": 0.3933333456516266,
        "rmsd": 1.1614445447921753,
        "dihedral_counts": [
            150,
            98,
            17,
            2
        ],
        "seq_len": 192,
        "num_sc": 150
    },
    "surface": {
        "mean_mae": [
            42.04444122314453,
            49.30899429321289,
            53.08810043334961,
            44.41123962402344
        ],
        "mae_sr": 0.2924528419971466,
        "rmsd": 1.3870446681976318,
        "dihedral_counts": [
            106,
            82,
            24,
            15
        ],
        "seq_len": 131,
        "num_sc": 106
    }
}