{
    "all": {
        "mean_mae": [
            24.16150665283203,
            25.49566650390625,
            56.42142105102539,
            70.7579574584961
        ],
        "mae_sr": 0.6335616707801819,
        "rmsd": 0.8637767434120178,
        "dihedral_counts": [
            292,
            222,
            75,
            33
        ],
        "seq_len": 384,
        "num_sc": 292,
        "clash_info": {
            "100": {
                "num_clashes": 75,
                "num_atom_pairs": 3090279,
                "energy": 11.66861343383789
            },
            "90": {
                "num_clashes": 12,
                "num_atom_pairs": 3090279,
                "energy": 1.4410934448242188
            },
            "80": {
                "num_clashes": 0,
                "num_atom_pairs": 3090279,
                "energy": 0.0
            }
        },
        "ca_rmsd": 8.908787727355957
    },
    "core": {
        "mean_mae": [
            14.129855155944824,
            15.678590774536133,
            35.45286560058594,
            66.51736450195312
        ],
        "mae_sr": 0.8041236996650696,
        "rmsd": 0.46041688323020935,
        "dihedral_counts": [
            97,
            75,
            11,
            3
        ],
        "seq_len": 124,
        "num_sc": 97
    },
    "surface": {
        "mean_mae": [
            33.79703903198242,
            29.944366455078125,
            60.82405471801758,
            81.4021987915039
        ],
        "mae_sr": 0.5360000133514404,
        "rmsd": 1.1512134075164795,
        "dihedral_counts": [
            125,
            97,
            39,
            19
        ],
        "seq_len": 172,
        "num_sc": 125
    }
}