{
    "all": {
        "mean_mae": [
            30.869770050048828,
            35.37553787231445,
            53.235050201416016,
            62.70161437988281
        ],
        "mae_sr": 0.43921568989753723,
        "rmsd": 0.9900078177452087,
        "dihedral_counts": [
            255,
            198,
            78,
            36
        ],
        "seq_len": 653,
        "num_sc": 255,
        "clash_info": {
            "100": {
                "num_clashes": 73,
                "num_atom_pairs": 1935960,
                "energy": 20.00255584716797
            },
            "90": {
                "num_clashes": 22,
                "num_atom_pairs": 1935960,
                "energy": 6.97572660446167
            },
            "80": {
                "num_clashes": 7,
                "num_atom_pairs": 1935960,
                "energy": 2.439554214477539
            }
        },
        "ca_rmsd": 264.4433288574219
    },
    "core": {
        "mean_mae": [
            18.066259384155273,
            30.175426483154297,
            44.324832916259766,
            66.11925506591797
        ],
        "mae_sr": 0.6391752362251282,
        "rmsd": 0.627999484539032,
        "dihedral_counts": [
            97,
            71,
            17,
            10
        ],
        "seq_len": 467,
        "num_sc": 97
    },
    "surface": {
        "mean_mae": [
            42.97549057006836,
            44.866111755371094,
            57.444236755371094,
            44.340091705322266
        ],
        "mae_sr": 0.2777777910232544,
        "rmsd": 1.3736306428909302,
        "dihedral_counts": [
            108,
            83,
            44,
            17
        ],
        "seq_len": 125,
        "num_sc": 108
    }
}