{
    "all": {
        "mean_mae": [
            35.96199417114258,
            29.97338104248047,
            51.11624526977539,
            59.01477813720703
        ],
        "mae_sr": 0.5555555820465088,
        "rmsd": 0.9503166079521179,
        "dihedral_counts": [
            108,
            70,
            25,
            10
        ],
        "seq_len": 171,
        "num_sc": 108,
        "clash_info": {
            "100": {
                "num_clashes": 18,
                "num_atom_pairs": 330785,
                "energy": 1.6639819145202637
            },
            "90": {
                "num_clashes": 0,
                "num_atom_pairs": 330785,
                "energy": 0.0
            },
            "80": {
                "num_clashes": 0,
                "num_atom_pairs": 330785,
                "energy": 0.0
            }
        },
        "ca_rmsd": 20.528545379638672
    },
    "core": {
        "mean_mae": [
            10.009556770324707,
            10.676712989807129,
            23.519121170043945,
            9.793794631958008
        ],
        "mae_sr": 0.7857142686843872,
        "rmsd": 0.327046662569046,
        "dihedral_counts": [
            28,
            17,
            2,
            1
        ],
        "seq_len": 76,
        "num_sc": 28
    },
    "surface": {
        "mean_mae": [
            51.507572174072266,
            41.545013427734375,
            58.60041046142578,
            72.28765869140625
        ],
        "mae_sr": 0.4126984179019928,
        "rmsd": 1.308211326599121,
        "dihedral_counts": [
            63,
            38,
            18,
            8
        ],
        "seq_len": 76,
        "num_sc": 63
    }
}