{
    "all": {
        "mean_mae": [
            23.83694839477539,
            27.147714614868164,
            39.35873031616211,
            60.583534240722656
        ],
        "mae_sr": 0.6062378287315369,
        "rmsd": 0.7612365484237671,
        "dihedral_counts": [
            513,
            365,
            109,
            47
        ],
        "seq_len": 635,
        "num_sc": 513,
        "clash_info": {
            "100": {
                "num_clashes": 216,
                "num_atom_pairs": 8358985,
                "energy": 43.0442008972168
            },
            "90": {
                "num_clashes": 39,
                "num_atom_pairs": 8358985,
                "energy": 9.907084465026855
            },
            "80": {
                "num_clashes": 9,
                "num_atom_pairs": 8358985,
                "energy": 2.8897864818573
            }
        },
        "ca_rmsd": 6.793042182922363
    },
    "core": {
        "mean_mae": [
            18.404531478881836,
            19.33885955810547,
            38.98588943481445,
            57.309749603271484
        ],
        "mae_sr": 0.726457417011261,
        "rmsd": 0.5757228136062622,
        "dihedral_counts": [
            223,
            172,
            38,
            13
        ],
        "seq_len": 278,
        "num_sc": 223
    },
    "surface": {
        "mean_mae": [
            33.069271087646484,
            34.371177673339844,
            40.5080451965332,
            70.8357162475586
        ],
        "mae_sr": 0.46327683329582214,
        "rmsd": 0.9722989201545715,
        "dihedral_counts": [
            177,
            114,
            48,
            19
        ],
        "seq_len": 222,
        "num_sc": 177
    }
}