{
    "all": {
        "mean_mae": [
            19.50033950805664,
            22.402618408203125,
            39.44268035888672,
            49.06218719482422
        ],
        "mae_sr": 0.6442105174064636,
        "rmsd": 0.6790235638618469,
        "dihedral_counts": [
            475,
            363,
            120,
            57
        ],
        "seq_len": 630,
        "num_sc": 475,
        "clash_info": {
            "100": {
                "num_clashes": 163,
                "num_atom_pairs": 7237975,
                "energy": 30.052698135375977
            },
            "90": {
                "num_clashes": 30,
                "num_atom_pairs": 7237975,
                "energy": 5.794218063354492
            },
            "80": {
                "num_clashes": 7,
                "num_atom_pairs": 7237975,
                "energy": 1.1543643474578857
            }
        },
        "ca_rmsd": 14.627685546875
    },
    "core": {
        "mean_mae": [
            14.942872047424316,
            18.707107543945312,
            35.29763412475586,
            36.56025314331055
        ],
        "mae_sr": 0.747787594795227,
        "rmsd": 0.5368989706039429,
        "dihedral_counts": [
            226,
            178,
            41,
            19
        ],
        "seq_len": 343,
        "num_sc": 226
    },
    "surface": {
        "mean_mae": [
            25.629989624023438,
            30.878984451293945,
            34.557159423828125,
            59.666202545166016
        ],
        "mae_sr": 0.5,
        "rmsd": 0.8802361488342285,
        "dihedral_counts": [
            140,
            100,
            51,
            26
        ],
        "seq_len": 164,
        "num_sc": 140
    }
}