{
    "all": {
        "mean_mae": [
            23.180070877075195,
            27.052814483642578,
            40.0548210144043,
            65.30486297607422
        ],
        "mae_sr": 0.6532663106918335,
        "rmsd": 0.8098917603492737,
        "dihedral_counts": [
            199,
            151,
            45,
            20
        ],
        "seq_len": 299,
        "num_sc": 199,
        "clash_info": {
            "100": {
                "num_clashes": 65,
                "num_atom_pairs": 1410345,
                "energy": 23.63561248779297
            },
            "90": {
                "num_clashes": 21,
                "num_atom_pairs": 1410345,
                "energy": 12.063232421875
            },
            "80": {
                "num_clashes": 13,
                "num_atom_pairs": 1410345,
                "energy": 6.862969875335693
            }
        },
        "ca_rmsd": 12.744389533996582
    },
    "core": {
        "mean_mae": [
            13.296159744262695,
            12.381331443786621,
            29.274864196777344,
            43.695064544677734
        ],
        "mae_sr": 0.795918345451355,
        "rmsd": 0.4340290129184723,
        "dihedral_counts": [
            98,
            73,
            13,
            5
        ],
        "seq_len": 156,
        "num_sc": 98
    },
    "surface": {
        "mean_mae": [
            40.0484504699707,
            48.00388717651367,
            49.329566955566406,
            65.62832641601562
        ],
        "mae_sr": 0.39393940567970276,
        "rmsd": 1.4502986669540405,
        "dihedral_counts": [
            66,
            55,
            25,
            12
        ],
        "seq_len": 97,
        "num_sc": 66
    }
}