{
    "all": {
        "mean_mae": [
            47.6694450378418,
            37.46131134033203,
            52.71110534667969,
            64.83972930908203
        ],
        "mae_sr": 0.3073248267173767,
        "rmsd": 1.4376448392868042,
        "dihedral_counts": [
            628,
            496,
            213,
            104
        ],
        "seq_len": 1200,
        "num_sc": 628,
        "clash_info": {
            "100": {
                "num_clashes": 201,
                "num_atom_pairs": 12839134,
                "energy": 50.79437255859375
            },
            "90": {
                "num_clashes": 55,
                "num_atom_pairs": 12839134,
                "energy": 14.25566577911377
            },
            "80": {
                "num_clashes": 15,
                "num_atom_pairs": 12839134,
                "energy": 4.731228828430176
            }
        },
        "ca_rmsd": 45.16004180908203
    },
    "core": {
        "mean_mae": [
            42.974483489990234,
            30.8482666015625,
            63.150550842285156,
            81.7513427734375
        ],
        "mae_sr": 0.44223108887672424,
        "rmsd": 1.193914771080017,
        "dihedral_counts": [
            251,
            184,
            38,
            19
        ],
        "seq_len": 753,
        "num_sc": 251
    },
    "surface": {
        "mean_mae": [
            58.555389404296875,
            45.609134674072266,
            51.065452575683594,
            59.167442321777344
        ],
        "mae_sr": 0.16017316281795502,
        "rmsd": 1.7219973802566528,
        "dihedral_counts": [
            231,
            196,
            127,
            57
        ],
        "seq_len": 276,
        "num_sc": 231
    }
}