{
    "all": {
        "mean_mae": [
            41.58243942260742,
            39.8989372253418,
            68.23363494873047,
            74.11181640625
        ],
        "mae_sr": 0.39230769872665405,
        "rmsd": 1.2819154262542725,
        "dihedral_counts": [
            260,
            180,
            68,
            34
        ],
        "seq_len": 524,
        "num_sc": 260,
        "clash_info": {
            "100": {
                "num_clashes": 26,
                "num_atom_pairs": 2017035,
                "energy": 5.991692066192627
            },
            "90": {
                "num_clashes": 6,
                "num_atom_pairs": 2017035,
                "energy": 2.248978614807129
            },
            "80": {
                "num_clashes": 3,
                "num_atom_pairs": 2017035,
                "energy": 0.85069739818573
            }
        },
        "ca_rmsd": 207.8634033203125
    },
    "core": {
        "mean_mae": [
            8.819072723388672,
            13.43892765045166,
            0.0,
            0.0
        ],
        "mae_sr": 0.7894737124443054,
        "rmsd": 0.34628769755363464,
        "dihedral_counts": [
            19,
            14,
            0,
            0
        ],
        "seq_len": 234,
        "num_sc": 19
    },
    "surface": {
        "mean_mae": [
            45.195404052734375,
            43.13549041748047,
            71.40213012695312,
            75.91338348388672
        ],
        "mae_sr": 0.34545454382896423,
        "rmsd": 1.376944661140442,
        "dihedral_counts": [
            220,
            151,
            58,
            28
        ],
        "seq_len": 267,
        "num_sc": 220
    }
}