{
    "all": {
        "mean_mae": [
            29.89579200744629,
            31.261438369750977,
            71.57317352294922,
            39.45641326904297
        ],
        "mae_sr": 0.5151515007019043,
        "rmsd": 1.0027496814727783,
        "dihedral_counts": [
            66,
            47,
            20,
            12
        ],
        "seq_len": 116,
        "num_sc": 66,
        "clash_info": {
            "100": {
                "num_clashes": 14,
                "num_atom_pairs": 153348,
                "energy": 5.967864990234375
            },
            "90": {
                "num_clashes": 4,
                "num_atom_pairs": 153348,
                "energy": 3.6174142360687256
            },
            "80": {
                "num_clashes": 3,
                "num_atom_pairs": 153348,
                "energy": 2.3083999156951904
            }
        },
        "ca_rmsd": 18.70526695251465
    },
    "core": {
        "mean_mae": [
            5.3594136238098145,
            28.110300064086914,
            66.99616241455078,
            49.43595504760742
        ],
        "mae_sr": 0.7333333492279053,
        "rmsd": 0.6939157843589783,
        "dihedral_counts": [
            15,
            10,
            3,
            3
        ],
        "seq_len": 55,
        "num_sc": 15
    },
    "surface": {
        "mean_mae": [
            35.524192810058594,
            35.805442810058594,
            61.09772872924805,
            45.454376220703125
        ],
        "mae_sr": 0.4000000059604645,
        "rmsd": 1.0788016319274902,
        "dihedral_counts": [
            40,
            28,
            14,
            6
        ],
        "seq_len": 47,
        "num_sc": 40
    }
}