{
    "all": {
        "mean_mae": [
            24.256383895874023,
            21.927682876586914,
            51.301963806152344,
            77.39457702636719
        ],
        "mae_sr": 0.6447368264198303,
        "rmsd": 0.7191956639289856,
        "dihedral_counts": [
            76,
            48,
            13,
            6
        ],
        "seq_len": 103,
        "num_sc": 76,
        "clash_info": {
            "100": {
                "num_clashes": 21,
                "num_atom_pairs": 168800,
                "energy": 3.347341537475586
            },
            "90": {
                "num_clashes": 3,
                "num_atom_pairs": 168800,
                "energy": 0.4218413829803467
            },
            "80": {
                "num_clashes": 1,
                "num_atom_pairs": 168800,
                "energy": 0.05836749076843262
            }
        },
        "ca_rmsd": 24.735403060913086
    },
    "core": {
        "mean_mae": [
            9.349098205566406,
            7.7167792320251465,
            57.21959686279297,
            92.56769561767578
        ],
        "mae_sr": 0.8235294222831726,
        "rmsd": 0.31657055020332336,
        "dihedral_counts": [
            17,
            12,
            2,
            1
        ],
        "seq_len": 26,
        "num_sc": 17
    },
    "surface": {
        "mean_mae": [
            24.918100357055664,
            20.32135009765625,
            31.069318771362305,
            53.879302978515625
        ],
        "mae_sr": 0.6153846383094788,
        "rmsd": 0.6532531976699829,
        "dihedral_counts": [
            39,
            23,
            6,
            3
        ],
        "seq_len": 56,
        "num_sc": 39
    }
}