{
    "all": {
        "mean_mae": [
            28.350109100341797,
            22.528406143188477,
            36.064117431640625,
            46.61053466796875
        ],
        "mae_sr": 0.5757575631141663,
        "rmsd": 0.8994840979576111,
        "dihedral_counts": [
            198,
            160,
            62,
            34
        ],
        "seq_len": 223,
        "num_sc": 198,
        "clash_info": {
            "100": {
                "num_clashes": 66,
                "num_atom_pairs": 1212729,
                "energy": 16.578763961791992
            },
            "90": {
                "num_clashes": 18,
                "num_atom_pairs": 1212729,
                "energy": 5.246861457824707
            },
            "80": {
                "num_clashes": 6,
                "num_atom_pairs": 1212729,
                "energy": 1.9570481777191162
            }
        },
        "ca_rmsd": 1.1909499168395996
    },
    "core": {
        "mean_mae": [
            16.81557846069336,
            13.756282806396484,
            24.857816696166992,
            29.823078155517578
        ],
        "mae_sr": 0.7536231875419617,
        "rmsd": 0.5379533171653748,
        "dihedral_counts": [
            69,
            50,
            12,
            5
        ],
        "seq_len": 80,
        "num_sc": 69
    },
    "surface": {
        "mean_mae": [
            39.01565933227539,
            26.438785552978516,
            41.847137451171875,
            50.112178802490234
        ],
        "mae_sr": 0.43157893419265747,
        "rmsd": 1.210176944732666,
        "dihedral_counts": [
            95,
            79,
            40,
            24
        ],
        "seq_len": 105,
        "num_sc": 95
    }
}