{
    "all": {
        "mean_mae": [
            31.7434139251709,
            26.816789627075195,
            58.15170669555664,
            80.34716796875
        ],
        "mae_sr": 0.5561403632164001,
        "rmsd": 0.9222214818000793,
        "dihedral_counts": [
            570,
            392,
            109,
            47
        ],
        "seq_len": 688,
        "num_sc": 570,
        "clash_info": {
            "100": {
                "num_clashes": 173,
                "num_atom_pairs": 9972259,
                "energy": 41.278743743896484
            },
            "90": {
                "num_clashes": 43,
                "num_atom_pairs": 9972259,
                "energy": 14.512433052062988
            },
            "80": {
                "num_clashes": 16,
                "num_atom_pairs": 9972259,
                "energy": 5.342717170715332
            }
        },
        "ca_rmsd": 9.110735893249512
    },
    "core": {
        "mean_mae": [
            19.474458694458008,
            16.12690544128418,
            40.42771530151367,
            71.1510238647461
        ],
        "mae_sr": 0.715481162071228,
        "rmsd": 0.5705645084381104,
        "dihedral_counts": [
            239,
            166,
            33,
            11
        ],
        "seq_len": 288,
        "num_sc": 239
    },
    "surface": {
        "mean_mae": [
            50.016868591308594,
            36.76438903808594,
            70.12295532226562,
            105.97039031982422
        ],
        "mae_sr": 0.39153438806533813,
        "rmsd": 1.2958383560180664,
        "dihedral_counts": [
            189,
            123,
            36,
            14
        ],
        "seq_len": 229,
        "num_sc": 189
    }
}