{
    "all": {
        "mean_mae": [
            21.588956832885742,
            28.932973861694336,
            79.7703628540039,
            37.00929260253906
        ],
        "mae_sr": 0.6686046719551086,
        "rmsd": 0.792085587978363,
        "dihedral_counts": [
            172,
            135,
            37,
            16
        ],
        "seq_len": 227,
        "num_sc": 172,
        "clash_info": {
            "100": {
                "num_clashes": 68,
                "num_atom_pairs": 1020074,
                "energy": 19.54976463317871
            },
            "90": {
                "num_clashes": 25,
                "num_atom_pairs": 1020074,
                "energy": 6.901209354400635
            },
            "80": {
                "num_clashes": 8,
                "num_atom_pairs": 1020074,
                "energy": 2.7549166679382324
            }
        },
        "ca_rmsd": 5.477157115936279
    },
    "core": {
        "mean_mae": [
            14.439494132995605,
            26.202680587768555,
            89.25747680664062,
            13.819303512573242
        ],
        "mae_sr": 0.800000011920929,
        "rmsd": 0.6417443156242371,
        "dihedral_counts": [
            80,
            55,
            8,
            1
        ],
        "seq_len": 101,
        "num_sc": 80
    },
    "surface": {
        "mean_mae": [
            31.586965560913086,
            30.220592498779297,
            82.16680145263672,
            30.414104461669922
        ],
        "mae_sr": 0.5,
        "rmsd": 1.039191722869873,
        "dihedral_counts": [
            62,
            55,
            22,
            11
        ],
        "seq_len": 87,
        "num_sc": 62
    }
}