{
    "all": {
        "mean_mae": [
            29.473342895507812,
            27.98690414428711,
            49.93772888183594,
            58.690921783447266
        ],
        "mae_sr": 0.5242718458175659,
        "rmsd": 0.8954424858093262,
        "dihedral_counts": [
            412,
            288,
            113,
            61
        ],
        "seq_len": 863,
        "num_sc": 412,
        "clash_info": {
            "100": {
                "num_clashes": 99,
                "num_atom_pairs": 4850685,
                "energy": 12.18932819366455
            },
            "90": {
                "num_clashes": 3,
                "num_atom_pairs": 4850685,
                "energy": 0.7588217258453369
            },
            "80": {
                "num_clashes": 0,
                "num_atom_pairs": 4850685,
                "energy": 0.0
            }
        },
        "ca_rmsd": 43.293025970458984
    },
    "core": {
        "mean_mae": [
            17.089153289794922,
            17.03557586669922,
            59.29878234863281,
            63.09303283691406
        ],
        "mae_sr": 0.7196261882781982,
        "rmsd": 0.48327332735061646,
        "dihedral_counts": [
            107,
            74,
            9,
            6
        ],
        "seq_len": 519,
        "num_sc": 107
    },
    "surface": {
        "mean_mae": [
            39.024024963378906,
            34.62480163574219,
            49.19036102294922,
            64.30519104003906
        ],
        "mae_sr": 0.3804877996444702,
        "rmsd": 1.1706688404083252,
        "dihedral_counts": [
            205,
            143,
            73,
            37
        ],
        "seq_len": 235,
        "num_sc": 205
    }
}