{
    "all": {
        "mean_mae": [
            23.446653366088867,
            20.655670166015625,
            31.16900634765625,
            65.39244842529297
        ],
        "mae_sr": 0.6637930870056152,
        "rmsd": 0.7151836156845093,
        "dihedral_counts": [
            116,
            79,
            22,
            11
        ],
        "seq_len": 141,
        "num_sc": 116,
        "clash_info": {
            "100": {
                "num_clashes": 63,
                "num_atom_pairs": 385526,
                "energy": 12.62428092956543
            },
            "90": {
                "num_clashes": 14,
                "num_atom_pairs": 385526,
                "energy": 2.7133448123931885
            },
            "80": {
                "num_clashes": 2,
                "num_atom_pairs": 385526,
                "energy": 0.46338391304016113
            }
        },
        "ca_rmsd": 6.094826698303223
    },
    "core": {
        "mean_mae": [
            15.797325134277344,
            13.890862464904785,
            25.918701171875,
            32.929405212402344
        ],
        "mae_sr": 0.8399999737739563,
        "rmsd": 0.5352129340171814,
        "dihedral_counts": [
            50,
            35,
            7,
            3
        ],
        "seq_len": 65,
        "num_sc": 50
    },
    "surface": {
        "mean_mae": [
            26.284244537353516,
            22.88701057434082,
            32.63818359375,
            67.97911071777344
        ],
        "mae_sr": 0.6122449040412903,
        "rmsd": 0.6968190670013428,
        "dihedral_counts": [
            49,
            31,
            8,
            4
        ],
        "seq_len": 58,
        "num_sc": 49
    }
}