{
    "all": {
        "rmsd": 1.1488146781921387,
        "mae_sr": 0.4335818290710449,
        "mean_mae": [
            37.65984344482422,
            34.50571060180664,
            52.22830581665039,
            54.15830612182617
        ],
        "dihedral_counts": [
            14707,
            11279,
            3812,
            1806
        ],
        "num_sc": 14708,
        "mean_seq_len": 295.43939208984375,
        "ca_rmsd": 27.038503646850586,
        "clash_info": {
            "100": {
                "energy": 10.408555030822754,
                "num_atom_pairs": 2408216.0,
                "num_clashes": 69.28787994384766
            },
            "90": {
                "energy": 1.4398455619812012,
                "num_atom_pairs": 2408216.0,
                "num_clashes": 7.121212005615234
            },
            "80": {
                "energy": 0.339520126581192,
                "num_atom_pairs": 2408216.0,
                "num_clashes": 1.3939393758773804
            }
        }
    },
    "core": {
        "rmsd": 0.7131290435791016,
        "mae_sr": 0.6464384198188782,
        "mean_mae": [
            22.390104293823242,
            24.039276123046875,
            42.453609466552734,
            35.56078338623047
        ],
        "dihedral_counts": [
            3867,
            2834,
            541,
            230
        ],
        "num_sc": 3867,
        "mean_seq_len": 105.54545593261719
    },
    "surface": {
        "rmsd": 1.3709087371826172,
        "mae_sr": 0.3343375027179718,
        "mean_mae": [
            45.36753463745117,
            39.53611755371094,
            51.83333969116211,
            56.08302307128906
        ],
        "dihedral_counts": [
            7341,
            5728,
            2428,
            1164
        ],
        "num_sc": 7342,
        "mean_seq_len": 128.56060791015625
    }
}