{
    "all": {
        "mean_mae": [
            57.55332946777344,
            58.07792282104492,
            68.2669677734375,
            63.933380126953125
        ],
        "mae_sr": 0.15217390656471252,
        "rmsd": 1.6245338916778564,
        "dihedral_counts": [
            138,
            106,
            44,
            24
        ],
        "seq_len": 168,
        "num_sc": 138,
        "clash_info": {
            "100": {
                "num_clashes": 100,
                "num_atom_pairs": 577822,
                "energy": 27.668354034423828
            },
            "90": {
                "num_clashes": 34,
                "num_atom_pairs": 577822,
                "energy": 6.576040267944336
            },
            "80": {
                "num_clashes": 8,
                "num_atom_pairs": 577822,
                "energy": 0.932321310043335
            }
        },
        "ca_rmsd": 11.03286361694336
    },
    "core": {
        "mean_mae": [
            42.6918830871582,
            57.45849609375,
            50.21098709106445,
            78.68024444580078
        ],
        "mae_sr": 0.27272728085517883,
        "rmsd": 1.4999159574508667,
        "dihedral_counts": [
            33,
            21,
            7,
            2
        ],
        "seq_len": 37,
        "num_sc": 33
    },
    "surface": {
        "mean_mae": [
            62.34532928466797,
            62.86259460449219,
            71.06993865966797,
            59.10601806640625
        ],
        "mae_sr": 0.09589041024446487,
        "rmsd": 1.7031629085540771,
        "dihedral_counts": [
            73,
            61,
            29,
            16
        ],
        "seq_len": 96,
        "num_sc": 73
    }
}