{
    "all": {
        "mean_mae": [
            26.143648147583008,
            29.65141487121582,
            48.309871673583984,
            44.32603073120117
        ],
        "mae_sr": 0.53721684217453,
        "rmsd": 0.837763249874115,
        "dihedral_counts": [
            309,
            229,
            52,
            20
        ],
        "seq_len": 408,
        "num_sc": 309,
        "clash_info": {
            "100": {
                "num_clashes": 103,
                "num_atom_pairs": 3183730,
                "energy": 13.220911979675293
            },
            "90": {
                "num_clashes": 6,
                "num_atom_pairs": 3183730,
                "energy": 0.6101226806640625
            },
            "80": {
                "num_clashes": 1,
                "num_atom_pairs": 3183730,
                "energy": 0.0025947093963623047
            }
        },
        "ca_rmsd": 8.774669647216797
    },
    "core": {
        "mean_mae": [
            17.59791374206543,
            23.92240333557129,
            41.808563232421875,
            41.35316848754883
        ],
        "mae_sr": 0.6376811861991882,
        "rmsd": 0.6047777533531189,
        "dihedral_counts": [
            138,
            99,
            21,
            7
        ],
        "seq_len": 184,
        "num_sc": 138
    },
    "surface": {
        "mean_mae": [
            37.067352294921875,
            40.333316802978516,
            49.39094924926758,
            45.92680358886719
        ],
        "mae_sr": 0.38461539149284363,
        "rmsd": 1.1911053657531738,
        "dihedral_counts": [
            104,
            81,
            23,
            13
        ],
        "seq_len": 130,
        "num_sc": 104
    }
}