{
    "all": {
        "mean_mae": [
            42.78110122680664,
            46.946468353271484,
            61.89518737792969,
            52.848846435546875
        ],
        "mae_sr": 0.27108433842658997,
        "rmsd": 1.3742907047271729,
        "dihedral_counts": [
            166,
            138,
            44,
            21
        ],
        "seq_len": 262,
        "num_sc": 166,
        "clash_info": {
            "100": {
                "num_clashes": 50,
                "num_atom_pairs": 919649,
                "energy": 8.971217155456543
            },
            "90": {
                "num_clashes": 6,
                "num_atom_pairs": 919649,
                "energy": 1.0775573253631592
            },
            "80": {
                "num_clashes": 0,
                "num_atom_pairs": 919649,
                "energy": 0.0
            }
        },
        "ca_rmsd": 183.6842498779297
    },
    "core": {
        "mean_mae": [
            27.523826599121094,
            38.46433639526367,
            8.33565902709961,
            7.854498863220215
        ],
        "mae_sr": 0.4545454680919647,
        "rmsd": 1.0343514680862427,
        "dihedral_counts": [
            22,
            18,
            2,
            1
        ],
        "seq_len": 103,
        "num_sc": 22
    },
    "surface": {
        "mean_mae": [
            48.28709030151367,
            47.49601745605469,
            61.68448257446289,
            64.63777923583984
        ],
        "mae_sr": 0.21568627655506134,
        "rmsd": 1.4574161767959595,
        "dihedral_counts": [
            102,
            85,
            32,
            12
        ],
        "seq_len": 113,
        "num_sc": 102
    }
}