{
    "all": {
        "rmsd": 1.1020948886871338,
        "mae_sr": 0.428711861371994,
        "mean_mae": [
            36.39978790283203,
            34.29538345336914,
            52.09888458251953,
            53.37069320678711
        ],
        "dihedral_counts": [
            14707,
            11279,
            3812,
            1806
        ],
        "num_sc": 14708,
        "mean_seq_len": 295.43939208984375,
        "ca_rmsd": 16.709566116333008,
        "clash_info": {
            "100": {
                "energy": 6.47257137298584,
                "num_atom_pairs": 684447.0,
                "num_clashes": 46.5
            },
            "90": {
                "energy": 0.6101832389831543,
                "num_atom_pairs": 684447.0,
                "num_clashes": 4.0
            },
            "80": {
                "energy": 0.0,
                "num_atom_pairs": 684447.0,
                "num_clashes": 0.0
            }
        }
    },
    "core": {
        "rmsd": 0.6705544590950012,
        "mae_sr": 0.6606060266494751,
        "mean_mae": [
            21.00930404663086,
            19.938648223876953,
            42.290122985839844,
            25.02338981628418
        ],
        "dihedral_counts": [
            3867,
            2834,
            541,
            230
        ],
        "num_sc": 3867,
        "mean_seq_len": 105.54545593261719
    },
    "surface": {
        "rmsd": 1.4091482162475586,
        "mae_sr": 0.3134583532810211,
        "mean_mae": [
            46.05385971069336,
            40.84613037109375,
            50.91758728027344,
            55.53932571411133
        ],
        "dihedral_counts": [
            7341,
            5728,
            2428,
            1164
        ],
        "num_sc": 7342,
        "mean_seq_len": 128.56060791015625
    }
}