{
    "all": {
        "mean_mae": [
            39.069007873535156,
            44.348052978515625,
            52.561031341552734,
            60.28326416015625
        ],
        "mae_sr": 0.3417721390724182,
        "rmsd": 1.5321505069732666,
        "dihedral_counts": [
            79,
            68,
            34,
            15
        ],
        "seq_len": 98,
        "num_sc": 79,
        "clash_info": {
            "100": {
                "num_clashes": 19,
                "num_atom_pairs": 224702,
                "energy": 2.5358645915985107
            },
            "90": {
                "num_clashes": 2,
                "num_atom_pairs": 224702,
                "energy": 0.27505922317504883
            },
            "80": {
                "num_clashes": 0,
                "num_atom_pairs": 224702,
                "energy": 0.0
            }
        },
        "ca_rmsd": 8.186397552490234
    },
    "core": {
        "mean_mae": [
            34.11092758178711,
            43.09791564941406,
            54.62216567993164,
            0.0
        ],
        "mae_sr": 0.5,
        "rmsd": 1.1395655870437622,
        "dihedral_counts": [
            12,
            9,
            1,
            0
        ],
        "seq_len": 13,
        "num_sc": 12
    },
    "surface": {
        "mean_mae": [
            48.81263732910156,
            52.58979797363281,
            51.046836853027344,
            49.24504089355469
        ],
        "mae_sr": 0.2549019753932953,
        "rmsd": 1.810033917427063,
        "dihedral_counts": [
            51,
            44,
            26,
            12
        ],
        "seq_len": 61,
        "num_sc": 51
    }
}