{
    "all": {
        "mean_mae": [
            48.7028923034668,
            49.072364807128906,
            71.1950912475586,
            84.54254150390625
        ],
        "mae_sr": 0.3451327383518219,
        "rmsd": 1.3581148386001587,
        "dihedral_counts": [
            113,
            84,
            30,
            17
        ],
        "seq_len": 148,
        "num_sc": 113,
        "clash_info": {
            "100": {
                "num_clashes": 35,
                "num_atom_pairs": 360882,
                "energy": 3.3245134353637695
            },
            "90": {
                "num_clashes": 3,
                "num_atom_pairs": 360882,
                "energy": 0.2239055633544922
            },
            "80": {
                "num_clashes": 0,
                "num_atom_pairs": 360882,
                "energy": 0.0
            }
        },
        "ca_rmsd": 8.034574508666992
    },
    "core": {
        "mean_mae": [
            37.732337951660156,
            49.94990158081055,
            69.7393798828125,
            86.1524887084961
        ],
        "mae_sr": 0.4583333432674408,
        "rmsd": 1.0972155332565308,
        "dihedral_counts": [
            48,
            33,
            8,
            3
        ],
        "seq_len": 76,
        "num_sc": 48
    },
    "surface": {
        "mean_mae": [
            63.674564361572266,
            50.51303482055664,
            67.46369934082031,
            73.39219665527344
        ],
        "mae_sr": 0.20930232107639313,
        "rmsd": 1.6345250606536865,
        "dihedral_counts": [
            43,
            36,
            13,
            7
        ],
        "seq_len": 49,
        "num_sc": 43
    }
}