{
    "all": {
        "mean_mae": [
            30.194900512695312,
            31.499282836914062,
            41.866336822509766,
            45.93020248413086
        ],
        "mae_sr": 0.45588234066963196,
        "rmsd": 1.0035375356674194,
        "dihedral_counts": [
            68,
            59,
            30,
            11
        ],
        "seq_len": 93,
        "num_sc": 68,
        "clash_info": {
            "100": {
                "num_clashes": 16,
                "num_atom_pairs": 179859,
                "energy": 1.8128416538238525
            },
            "90": {
                "num_clashes": 1,
                "num_atom_pairs": 179859,
                "energy": 0.056040048599243164
            },
            "80": {
                "num_clashes": 0,
                "num_atom_pairs": 179859,
                "energy": 0.0
            }
        },
        "ca_rmsd": 2.5764353275299072
    },
    "core": {
        "mean_mae": [
            3.605132579803467,
            18.42539405822754,
            10.001810073852539,
            0.0
        ],
        "mae_sr": 0.800000011920929,
        "rmsd": 0.4768916070461273,
        "dihedral_counts": [
            10,
            9,
            2,
            0
        ],
        "seq_len": 17,
        "num_sc": 10
    },
    "surface": {
        "mean_mae": [
            38.48242950439453,
            32.31905746459961,
            35.82286071777344,
            55.582542419433594
        ],
        "mae_sr": 0.4166666567325592,
        "rmsd": 1.0974993705749512,
        "dihedral_counts": [
            36,
            30,
            16,
            7
        ],
        "seq_len": 48,
        "num_sc": 36
    }
}