{
    "all": {
        "mean_mae": [
            33.51255416870117,
            25.668476104736328,
            57.43299102783203,
            57.74849319458008
        ],
        "mae_sr": 0.5476190447807312,
        "rmsd": 0.9567311406135559,
        "dihedral_counts": [
            126,
            91,
            27,
            13
        ],
        "seq_len": 190,
        "num_sc": 126,
        "clash_info": {
            "100": {
                "num_clashes": 17,
                "num_atom_pairs": 444447,
                "energy": 2.818605422973633
            },
            "90": {
                "num_clashes": 2,
                "num_atom_pairs": 444447,
                "energy": 0.7731354236602783
            },
            "80": {
                "num_clashes": 2,
                "num_atom_pairs": 444447,
                "energy": 0.12113571166992188
            }
        },
        "ca_rmsd": 24.96718978881836
    },
    "core": {
        "mean_mae": [
            14.822246551513672,
            6.655407428741455,
            5.844127178192139,
            3.064378023147583
        ],
        "mae_sr": 0.8888888955116272,
        "rmsd": 0.38282787799835205,
        "dihedral_counts": [
            27,
            15,
            5,
            1
        ],
        "seq_len": 77,
        "num_sc": 27
    },
    "surface": {
        "mean_mae": [
            47.624916076660156,
            39.97359848022461,
            68.58037567138672,
            83.8001708984375
        ],
        "mae_sr": 0.2950819730758667,
        "rmsd": 1.3766471147537231,
        "dihedral_counts": [
            61,
            48,
            16,
            8
        ],
        "seq_len": 73,
        "num_sc": 61
    }
}