{
    "all": {
        "mean_mae": [
            27.5007381439209,
            36.65795135498047,
            57.06252670288086,
            51.439273834228516
        ],
        "mae_sr": 0.4354243576526642,
        "rmsd": 0.9533206224441528,
        "dihedral_counts": [
            271,
            200,
            76,
            29
        ],
        "seq_len": 338,
        "num_sc": 271,
        "clash_info": {
            "100": {
                "num_clashes": 53,
                "num_atom_pairs": 2357222,
                "energy": 8.39596176147461
            },
            "90": {
                "num_clashes": 6,
                "num_atom_pairs": 2357222,
                "energy": 1.233229160308838
            },
            "80": {
                "num_clashes": 1,
                "num_atom_pairs": 2357222,
                "energy": 0.018331527709960938
            }
        },
        "ca_rmsd": 21.40879249572754
    },
    "core": {
        "mean_mae": [
            15.556052207946777,
            33.23637771606445,
            58.528724670410156,
            18.43659782409668
        ],
        "mae_sr": 0.6800000071525574,
        "rmsd": 0.7062127590179443,
        "dihedral_counts": [
            50,
            31,
            4,
            4
        ],
        "seq_len": 64,
        "num_sc": 50
    },
    "surface": {
        "mean_mae": [
            37.05499267578125,
            41.5648193359375,
            57.5079460144043,
            64.40534973144531
        ],
        "mae_sr": 0.31210190057754517,
        "rmsd": 1.1579208374023438,
        "dihedral_counts": [
            157,
            119,
            57,
            19
        ],
        "seq_len": 197,
        "num_sc": 157
    }
}