{
    "all": {
        "mean_mae": [
            29.982343673706055,
            26.521392822265625,
            53.3190803527832,
            56.83728790283203
        ],
        "mae_sr": 0.5519999861717224,
        "rmsd": 0.8489319086074829,
        "dihedral_counts": [
            125,
            97,
            28,
            14
        ],
        "seq_len": 142,
        "num_sc": 125,
        "clash_info": {
            "100": {
                "num_clashes": 59,
                "num_atom_pairs": 499612,
                "energy": 7.392630577087402
            },
            "90": {
                "num_clashes": 5,
                "num_atom_pairs": 499612,
                "energy": 0.2880377769470215
            },
            "80": {
                "num_clashes": 0,
                "num_atom_pairs": 499612,
                "energy": 0.0
            }
        },
        "ca_rmsd": 2.0966336727142334
    },
    "core": {
        "mean_mae": [
            24.03875732421875,
            18.153051376342773,
            10.909332275390625,
            0.0
        ],
        "mae_sr": 0.7272727489471436,
        "rmsd": 0.5900684595108032,
        "dihedral_counts": [
            44,
            33,
            4,
            0
        ],
        "seq_len": 53,
        "num_sc": 44
    },
    "surface": {
        "mean_mae": [
            34.9734001159668,
            35.584144592285156,
            63.273006439208984,
            55.60918426513672
        ],
        "mae_sr": 0.38333332538604736,
        "rmsd": 1.1100698709487915,
        "dihedral_counts": [
            60,
            50,
            21,
            13
        ],
        "seq_len": 66,
        "num_sc": 60
    }
}