{
    "all": {
        "mean_mae": [
            11.400821685791016,
            11.325440406799316,
            59.36391830444336,
            48.57134246826172
        ],
        "mae_sr": 0.761904776096344,
        "rmsd": 0.46230772137641907,
        "dihedral_counts": [
            126,
            91,
            27,
            13
        ],
        "seq_len": 143,
        "num_sc": 126,
        "clash_info": {
            "100": {
                "num_clashes": 31,
                "num_atom_pairs": 444447,
                "energy": 3.255221128463745
            },
            "90": {
                "num_clashes": 0,
                "num_atom_pairs": 444447,
                "energy": 0.0
            },
            "80": {
                "num_clashes": 0,
                "num_atom_pairs": 444447,
                "energy": 0.0
            }
        },
        "ca_rmsd": 1.6485076912431396e-06
    },
    "core": {
        "mean_mae": [
            4.954823017120361,
            11.196776390075684,
            10.516524314880371,
            0.5152011513710022
        ],
        "mae_sr": 0.8888888955116272,
        "rmsd": 0.228217214345932,
        "dihedral_counts": [
            27,
            15,
            5,
            1
        ],
        "seq_len": 30,
        "num_sc": 27
    },
    "surface": {
        "mean_mae": [
            18.185317993164062,
            12.93632984161377,
            74.19142150878906,
            70.86090087890625
        ],
        "mae_sr": 0.6557376980781555,
        "rmsd": 0.6472251415252686,
        "dihedral_counts": [
            61,
            48,
            16,
            8
        ],
        "seq_len": 73,
        "num_sc": 61
    }
}