{
    "all": {
        "mean_mae": [
            25.232635498046875,
            31.43283462524414,
            42.66481018066406,
            55.50007629394531
        ],
        "mae_sr": 0.5052631497383118,
        "rmsd": 0.8239107728004456,
        "dihedral_counts": [
            95,
            75,
            24,
            11
        ],
        "seq_len": 102,
        "num_sc": 95,
        "clash_info": {
            "100": {
                "num_clashes": 17,
                "num_atom_pairs": 256048,
                "energy": 2.1412930488586426
            },
            "90": {
                "num_clashes": 2,
                "num_atom_pairs": 256048,
                "energy": 0.06288957595825195
            },
            "80": {
                "num_clashes": 0,
                "num_atom_pairs": 256048,
                "energy": 0.0
            }
        },
        "ca_rmsd": 5.341644850886951e-07
    },
    "core": {
        "mean_mae": [
            11.231086730957031,
            27.412578582763672,
            79.31078338623047,
            73.19448852539062
        ],
        "mae_sr": 0.5,
        "rmsd": 0.527808427810669,
        "dihedral_counts": [
            12,
            11,
            2,
            1
        ],
        "seq_len": 12,
        "num_sc": 12
    },
    "surface": {
        "mean_mae": [
            29.571495056152344,
            31.439624786376953,
            38.83330535888672,
            44.38968276977539
        ],
        "mae_sr": 0.5081967115402222,
        "rmsd": 0.9383044838905334,
        "dihedral_counts": [
            61,
            47,
            16,
            6
        ],
        "seq_len": 65,
        "num_sc": 61
    }
}