{
    "all": {
        "mean_mae": [
            33.46042251586914,
            30.181068420410156,
            90.66477966308594,
            77.06629180908203
        ],
        "mae_sr": 0.4285714328289032,
        "rmsd": 1.0892552137374878,
        "dihedral_counts": [
            28,
            19,
            5,
            3
        ],
        "seq_len": 35,
        "num_sc": 28,
        "clash_info": {
            "100": {
                "num_clashes": 6,
                "num_atom_pairs": 24200,
                "energy": 0.7289085388183594
            },
            "90": {
                "num_clashes": 1,
                "num_atom_pairs": 24200,
                "energy": 0.09248638153076172
            },
            "80": {
                "num_clashes": 0,
                "num_atom_pairs": 24200,
                "energy": 0.0
            }
        },
        "ca_rmsd": 0.0
    },
    "core": {
        "mean_mae": [
            0.0,
            0.0,
            0.0,
            0.0
        ],
        "mae_sr": 1.0,
        "rmsd": 0.0,
        "dihedral_counts": [
            0,
            0,
            0,
            0
        ],
        "seq_len": 0,
        "num_sc": 0
    },
    "surface": {
        "mean_mae": [
            33.46042251586914,
            30.181068420410156,
            90.66477966308594,
            77.06629180908203
        ],
        "mae_sr": 0.4285714328289032,
        "rmsd": 1.0892552137374878,
        "dihedral_counts": [
            28,
            19,
            5,
            3
        ],
        "seq_len": 35,
        "num_sc": 28
    }
}