{
    "all": {
        "mean_mae": [
            25.826210021972656,
            27.664661407470703,
            52.01743698120117,
            38.241519927978516
        ],
        "mae_sr": 0.4806629717350006,
        "rmsd": 0.8422694802284241,
        "dihedral_counts": [
            362,
            272,
            90,
            45
        ],
        "seq_len": 404,
        "num_sc": 362,
        "clash_info": {
            "100": {
                "num_clashes": 204,
                "num_atom_pairs": 3829490,
                "energy": 32.894775390625
            },
            "90": {
                "num_clashes": 39,
                "num_atom_pairs": 3829490,
                "energy": 4.618767738342285
            },
            "80": {
                "num_clashes": 2,
                "num_atom_pairs": 3829490,
                "energy": 0.05758869647979736
            }
        },
        "ca_rmsd": 1.8203852505394025e-06
    },
    "core": {
        "mean_mae": [
            12.43459701538086,
            19.501564025878906,
            46.30387878417969,
            30.660810470581055
        ],
        "mae_sr": 0.6982758641242981,
        "rmsd": 0.45745253562927246,
        "dihedral_counts": [
            116,
            89,
            13,
            7
        ],
        "seq_len": 129,
        "num_sc": 116
    },
    "surface": {
        "mean_mae": [
            35.147823333740234,
            34.99492263793945,
            59.26852798461914,
            40.51475143432617
        ],
        "mae_sr": 0.30573248863220215,
        "rmsd": 1.1668182611465454,
        "dihedral_counts": [
            157,
            117,
            56,
            28
        ],
        "seq_len": 179,
        "num_sc": 157
    }
}