{
    "all": {
        "mean_mae": [
            19.59356117248535,
            24.742868423461914,
            49.429840087890625,
            47.95866775512695
        ],
        "mae_sr": 0.6100917458534241,
        "rmsd": 0.7618107199668884,
        "dihedral_counts": [
            654,
            493,
            154,
            76
        ],
        "seq_len": 761,
        "num_sc": 654,
        "clash_info": {
            "100": {
                "num_clashes": 365,
                "num_atom_pairs": 13781900,
                "energy": 72.72273254394531
            },
            "90": {
                "num_clashes": 75,
                "num_atom_pairs": 13781900,
                "energy": 14.22042465209961
            },
            "80": {
                "num_clashes": 14,
                "num_atom_pairs": 13781900,
                "energy": 3.08113431930542
            }
        },
        "ca_rmsd": 1.0178449883824214e-05
    },
    "core": {
        "mean_mae": [
            10.115381240844727,
            14.280189514160156,
            43.41146469116211,
            49.34115982055664
        ],
        "mae_sr": 0.7744361162185669,
        "rmsd": 0.4469192922115326,
        "dihedral_counts": [
            266,
            193,
            31,
            11
        ],
        "seq_len": 308,
        "num_sc": 266
    },
    "surface": {
        "mean_mae": [
            33.56535339355469,
            40.564762115478516,
            53.42816925048828,
            54.74435806274414
        ],
        "mae_sr": 0.4188034236431122,
        "rmsd": 1.211349606513977,
        "dihedral_counts": [
            234,
            178,
            83,
            43
        ],
        "seq_len": 282,
        "num_sc": 234
    }
}