{
    "all": {
        "mean_mae": [
            11.073086738586426,
            19.23415756225586,
            42.68545150756836,
            39.21576690673828
        ],
        "mae_sr": 0.7207207083702087,
        "rmsd": 0.6374266147613525,
        "dihedral_counts": [
            111,
            79,
            33,
            18
        ],
        "seq_len": 132,
        "num_sc": 111,
        "clash_info": {
            "100": {
                "num_clashes": 38,
                "num_atom_pairs": 379543,
                "energy": 5.423789978027344
            },
            "90": {
                "num_clashes": 5,
                "num_atom_pairs": 379543,
                "energy": 0.49019765853881836
            },
            "80": {
                "num_clashes": 0,
                "num_atom_pairs": 379543,
                "energy": 0.0
            }
        },
        "ca_rmsd": 2.188982307416154e-06
    },
    "core": {
        "mean_mae": [
            3.973433256149292,
            5.63057279586792,
            61.79890823364258,
            1.797282338142395
        ],
        "mae_sr": 0.9166666865348816,
        "rmsd": 0.2877655327320099,
        "dihedral_counts": [
            24,
            13,
            3,
            1
        ],
        "seq_len": 31,
        "num_sc": 24
    },
    "surface": {
        "mean_mae": [
            17.095638275146484,
            28.97420883178711,
            42.9744987487793,
            43.15342712402344
        ],
        "mae_sr": 0.5535714030265808,
        "rmsd": 0.94871985912323,
        "dihedral_counts": [
            56,
            45,
            23,
            13
        ],
        "seq_len": 67,
        "num_sc": 56
    }
}