{
    "all": {
        "mean_mae": [
            40.10464859008789,
            23.214553833007812,
            78.84828186035156,
            40.940067291259766
        ],
        "mae_sr": 0.4285714328289032,
        "rmsd": 1.0141664743423462,
        "dihedral_counts": [
            28,
            19,
            5,
            3
        ],
        "seq_len": 35,
        "num_sc": 28,
        "clash_info": {
            "100": {
                "num_clashes": 3,
                "num_atom_pairs": 24200,
                "energy": 0.23760604858398438
            },
            "90": {
                "num_clashes": 0,
                "num_atom_pairs": 24200,
                "energy": 0.0
            },
            "80": {
                "num_clashes": 0,
                "num_atom_pairs": 24200,
                "energy": 0.0
            }
        },
        "ca_rmsd": 0.0
    },
    "core": {
        "mean_mae": [
            0.0,
            0.0,
            0.0,
            0.0
        ],
        "mae_sr": 1.0,
        "rmsd": 0.0,
        "dihedral_counts": [
            0,
            0,
            0,
            0
        ],
        "seq_len": 0,
        "num_sc": 0
    },
    "surface": {
        "mean_mae": [
            40.10464859008789,
            23.214553833007812,
            78.84828186035156,
            40.940067291259766
        ],
        "mae_sr": 0.4285714328289032,
        "rmsd": 1.0141664743423462,
        "dihedral_counts": [
            28,
            19,
            5,
            3
        ],
        "seq_len": 35,
        "num_sc": 28
    }
}