{
    "all": {
        "mean_mae": [
            13.57636547088623,
            29.972698211669922,
            60.26202392578125,
            53.97727584838867
        ],
        "mae_sr": 0.6268656849861145,
        "rmsd": 0.7724065184593201,
        "dihedral_counts": [
            67,
            52,
            24,
            8
        ],
        "seq_len": 72,
        "num_sc": 67,
        "clash_info": {
            "100": {
                "num_clashes": 24,
                "num_atom_pairs": 135982,
                "energy": 2.550227165222168
            },
            "90": {
                "num_clashes": 0,
                "num_atom_pairs": 135982,
                "energy": 0.0
            },
            "80": {
                "num_clashes": 0,
                "num_atom_pairs": 135982,
                "energy": 0.0
            }
        },
        "ca_rmsd": 2.770316086753155e-06
    },
    "core": {
        "mean_mae": [
            5.092201232910156,
            21.941917419433594,
            53.171302795410156,
            81.10197448730469
        ],
        "mae_sr": 0.6666666865348816,
        "rmsd": 0.49476388096809387,
        "dihedral_counts": [
            12,
            9,
            5,
            2
        ],
        "seq_len": 15,
        "num_sc": 12
    },
    "surface": {
        "mean_mae": [
            18.636981964111328,
            37.735084533691406,
            61.53043746948242,
            44.93571090698242
        ],
        "mae_sr": 0.5348837375640869,
        "rmsd": 0.9746696949005127,
        "dihedral_counts": [
            43,
            33,
            18,
            6
        ],
        "seq_len": 43,
        "num_sc": 43
    }
}