{
    "all": {
        "mean_mae": [
            27.851009368896484,
            25.177425384521484,
            50.92547607421875,
            21.239601135253906
        ],
        "mae_sr": 0.5902777910232544,
        "rmsd": 0.8318659663200378,
        "dihedral_counts": [
            144,
            103,
            22,
            12
        ],
        "seq_len": 166,
        "num_sc": 144,
        "clash_info": {
            "100": {
                "num_clashes": 73,
                "num_atom_pairs": 673000,
                "energy": 7.2887139320373535
            },
            "90": {
                "num_clashes": 0,
                "num_atom_pairs": 673000,
                "energy": 0.0
            },
            "80": {
                "num_clashes": 0,
                "num_atom_pairs": 673000,
                "energy": 0.0
            }
        },
        "ca_rmsd": 2.96608322969405e-06
    },
    "core": {
        "mean_mae": [
            9.530477523803711,
            23.280107498168945,
            60.17240905761719,
            0.0
        ],
        "mae_sr": 0.692307710647583,
        "rmsd": 0.3715828061103821,
        "dihedral_counts": [
            13,
            8,
            2,
            0
        ],
        "seq_len": 14,
        "num_sc": 13
    },
    "surface": {
        "mean_mae": [
            32.79985046386719,
            26.21132469177246,
            46.83949279785156,
            13.859224319458008
        ],
        "mae_sr": 0.5632184147834778,
        "rmsd": 0.9557850956916809,
        "dihedral_counts": [
            87,
            67,
            13,
            9
        ],
        "seq_len": 95,
        "num_sc": 87
    }
}