{
    "all": {
        "mean_mae": [
            32.651832580566406,
            31.452224731445312,
            58.965911865234375,
            81.24665069580078
        ],
        "mae_sr": 0.4462151527404785,
        "rmsd": 0.9821681380271912,
        "dihedral_counts": [
            251,
            165,
            65,
            22
        ],
        "seq_len": 304,
        "num_sc": 251,
        "clash_info": {
            "100": {
                "num_clashes": 95,
                "num_atom_pairs": 1755541,
                "energy": 8.680541038513184
            },
            "90": {
                "num_clashes": 1,
                "num_atom_pairs": 1755541,
                "energy": 0.10477566719055176
            },
            "80": {
                "num_clashes": 0,
                "num_atom_pairs": 1755541,
                "energy": 0.0
            }
        },
        "ca_rmsd": 3.063030362682184e-06
    },
    "core": {
        "mean_mae": [
            18.864755630493164,
            19.008852005004883,
            58.4513053894043,
            0.0
        ],
        "mae_sr": 0.6734693646430969,
        "rmsd": 0.4914249777793884,
        "dihedral_counts": [
            49,
            32,
            5,
            0
        ],
        "seq_len": 67,
        "num_sc": 49
    },
    "surface": {
        "mean_mae": [
            35.164794921875,
            36.86775207519531,
            60.99553680419922,
            90.15808868408203
        ],
        "mae_sr": 0.3758389353752136,
        "rmsd": 1.1256636381149292,
        "dihedral_counts": [
            149,
            97,
            43,
            16
        ],
        "seq_len": 174,
        "num_sc": 149
    }
}