{
    "all": {
        "mean_mae": [
            39.130130767822266,
            37.4827880859375,
            47.530784606933594,
            27.7817440032959
        ],
        "mae_sr": 0.3103448152542114,
        "rmsd": 1.2015713453292847,
        "dihedral_counts": [
            87,
            75,
            29,
            15
        ],
        "seq_len": 95,
        "num_sc": 87,
        "clash_info": {
            "100": {
                "num_clashes": 44,
                "num_atom_pairs": 237281,
                "energy": 4.905141830444336
            },
            "90": {
                "num_clashes": 0,
                "num_atom_pairs": 237281,
                "energy": 0.0
            },
            "80": {
                "num_clashes": 0,
                "num_atom_pairs": 237281,
                "energy": 0.0
            }
        },
        "ca_rmsd": 1.64891184795124e-06
    },
    "core": {
        "mean_mae": [
            16.098329544067383,
            36.96096420288086,
            36.02275848388672,
            0.0
        ],
        "mae_sr": 0.27272728085517883,
        "rmsd": 0.6676201224327087,
        "dihedral_counts": [
            11,
            10,
            1,
            0
        ],
        "seq_len": 13,
        "num_sc": 11
    },
    "surface": {
        "mean_mae": [
            45.51824188232422,
            39.07897186279297,
            44.96315002441406,
            29.392261505126953
        ],
        "mae_sr": 0.2777777910232544,
        "rmsd": 1.3592827320098877,
        "dihedral_counts": [
            54,
            45,
            24,
            13
        ],
        "seq_len": 58,
        "num_sc": 54
    }
}