{
    "all": {
        "mean_mae": [
            33.462432861328125,
            34.56267547607422,
            42.23134231567383,
            23.516738891601562
        ],
        "mae_sr": 0.3509933650493622,
        "rmsd": 0.9949794411659241,
        "dihedral_counts": [
            151,
            128,
            44,
            20
        ],
        "seq_len": 161,
        "num_sc": 151,
        "clash_info": {
            "100": {
                "num_clashes": 76,
                "num_atom_pairs": 683399,
                "energy": 7.676325798034668
            },
            "90": {
                "num_clashes": 1,
                "num_atom_pairs": 683399,
                "energy": 0.29113292694091797
            },
            "80": {
                "num_clashes": 0,
                "num_atom_pairs": 683399,
                "energy": 0.0
            }
        },
        "ca_rmsd": 3.506037728584488e-06
    },
    "core": {
        "mean_mae": [
            18.93768310546875,
            24.015026092529297,
            47.069129943847656,
            61.140625
        ],
        "mae_sr": 0.5428571701049805,
        "rmsd": 0.5625590682029724,
        "dihedral_counts": [
            35,
            32,
            5,
            2
        ],
        "seq_len": 40,
        "num_sc": 35
    },
    "surface": {
        "mean_mae": [
            40.95076370239258,
            34.13987350463867,
            33.95132064819336,
            18.8215274810791
        ],
        "mae_sr": 0.3378378450870514,
        "rmsd": 1.1977006196975708,
        "dihedral_counts": [
            74,
            62,
            26,
            14
        ],
        "seq_len": 77,
        "num_sc": 74
    }
}