{
    "all": {
        "mean_mae": [
            18.69615936279297,
            28.371309280395508,
            50.659217834472656,
            47.33803939819336
        ],
        "mae_sr": 0.5830258131027222,
        "rmsd": 0.711898684501648,
        "dihedral_counts": [
            271,
            200,
            76,
            29
        ],
        "seq_len": 326,
        "num_sc": 271,
        "clash_info": {
            "100": {
                "num_clashes": 78,
                "num_atom_pairs": 2357222,
                "energy": 6.094071388244629
            },
            "90": {
                "num_clashes": 0,
                "num_atom_pairs": 2357222,
                "energy": 0.0
            },
            "80": {
                "num_clashes": 0,
                "num_atom_pairs": 2357222,
                "energy": 0.0
            }
        },
        "ca_rmsd": 3.43347892339807e-06
    },
    "core": {
        "mean_mae": [
            7.843173027038574,
            11.93892765045166,
            35.79045104980469,
            20.946651458740234
        ],
        "mae_sr": 0.8399999737739563,
        "rmsd": 0.3417697846889496,
        "dihedral_counts": [
            50,
            31,
            4,
            4
        ],
        "seq_len": 64,
        "num_sc": 50
    },
    "surface": {
        "mean_mae": [
            26.371055603027344,
            36.957393646240234,
            56.37544631958008,
            62.45852279663086
        ],
        "mae_sr": 0.4585987329483032,
        "rmsd": 0.9486208558082581,
        "dihedral_counts": [
            157,
            119,
            57,
            19
        ],
        "seq_len": 185,
        "num_sc": 157
    }
}