{
    "all": {
        "mean_mae": [
            12.955619812011719,
            22.74293327331543,
            54.43112564086914,
            49.27872848510742
        ],
        "mae_sr": 0.6686747074127197,
        "rmsd": 0.7240807414054871,
        "dihedral_counts": [
            166,
            130,
            58,
            29
        ],
        "seq_len": 179,
        "num_sc": 166,
        "clash_info": {
            "100": {
                "num_clashes": 67,
                "num_atom_pairs": 863786,
                "energy": 6.1659955978393555
            },
            "90": {
                "num_clashes": 0,
                "num_atom_pairs": 863786,
                "energy": 0.0
            },
            "80": {
                "num_clashes": 0,
                "num_atom_pairs": 863786,
                "energy": 0.0
            }
        },
        "ca_rmsd": 3.173264076394844e-06
    },
    "core": {
        "mean_mae": [
            8.783271789550781,
            11.603657722473145,
            19.14564323425293,
            23.026700973510742
        ],
        "mae_sr": 0.8297872543334961,
        "rmsd": 0.324219673871994,
        "dihedral_counts": [
            47,
            31,
            7,
            3
        ],
        "seq_len": 50,
        "num_sc": 47
    },
    "surface": {
        "mean_mae": [
            15.920634269714355,
            27.36225128173828,
            60.176143646240234,
            57.77117919921875
        ],
        "mae_sr": 0.5747126340866089,
        "rmsd": 0.9490973949432373,
        "dihedral_counts": [
            87,
            71,
            39,
            20
        ],
        "seq_len": 95,
        "num_sc": 87
    }
}