{
    "all": {
        "mean_mae": [
            24.206342697143555,
            30.977651596069336,
            48.85413360595703,
            39.928470611572266
        ],
        "mae_sr": 0.5190311670303345,
        "rmsd": 0.9756869077682495,
        "dihedral_counts": [
            289,
            237,
            68,
            32
        ],
        "seq_len": 365,
        "num_sc": 289,
        "clash_info": {
            "100": {
                "num_clashes": 169,
                "num_atom_pairs": 3170435,
                "energy": 17.434757232666016
            },
            "90": {
                "num_clashes": 2,
                "num_atom_pairs": 3170435,
                "energy": 0.458453893661499
            },
            "80": {
                "num_clashes": 1,
                "num_atom_pairs": 3170435,
                "energy": 0.04682755470275879
            }
        },
        "ca_rmsd": 6.20746777713066e-06
    },
    "core": {
        "mean_mae": [
            17.91383934020996,
            17.55176544189453,
            41.75459289550781,
            39.702720642089844
        ],
        "mae_sr": 0.6547619104385376,
        "rmsd": 0.6127289533615112,
        "dihedral_counts": [
            84,
            64,
            12,
            5
        ],
        "seq_len": 107,
        "num_sc": 84
    },
    "surface": {
        "mean_mae": [
            31.60923194885254,
            42.21737289428711,
            56.60236740112305,
            39.9508056640625
        ],
        "mae_sr": 0.38983049988746643,
        "rmsd": 1.3809075355529785,
        "dihedral_counts": [
            118,
            102,
            38,
            21
        ],
        "seq_len": 144,
        "num_sc": 118
    }
}