{
    "all": {
        "mean_mae": [
            24.341527938842773,
            26.988866806030273,
            44.128089904785156,
            55.53340148925781
        ],
        "mae_sr": 0.4618644118309021,
        "rmsd": 0.8345565795898438,
        "dihedral_counts": [
            472,
            372,
            136,
            61
        ],
        "seq_len": 520,
        "num_sc": 472,
        "clash_info": {
            "100": {
                "num_clashes": 250,
                "num_atom_pairs": 6977790,
                "energy": 30.072229385375977
            },
            "90": {
                "num_clashes": 8,
                "num_atom_pairs": 6977790,
                "energy": 1.6084935665130615
            },
            "80": {
                "num_clashes": 2,
                "num_atom_pairs": 6977790,
                "energy": 0.19692516326904297
            }
        },
        "ca_rmsd": 1.0901421774178743e-05
    },
    "core": {
        "mean_mae": [
            15.65147590637207,
            23.940704345703125,
            47.047813415527344,
            57.240623474121094
        ],
        "mae_sr": 0.5890411138534546,
        "rmsd": 0.585605263710022,
        "dihedral_counts": [
            146,
            120,
            29,
            14
        ],
        "seq_len": 169,
        "num_sc": 146
    },
    "surface": {
        "mean_mae": [
            35.03487014770508,
            34.57447052001953,
            42.032657623291016,
            56.96683120727539
        ],
        "mae_sr": 0.3384615480899811,
        "rmsd": 1.1167078018188477,
        "dihedral_counts": [
            195,
            147,
            77,
            33
        ],
        "seq_len": 209,
        "num_sc": 195
    }
}