{
    "all": {
        "mean_mae": [
            18.3416748046875,
            23.553543090820312,
            52.363346099853516,
            30.743547439575195
        ],
        "mae_sr": 0.7267441749572754,
        "rmsd": 0.6489527821540833,
        "dihedral_counts": [
            172,
            135,
            37,
            16
        ],
        "seq_len": 227,
        "num_sc": 172,
        "clash_info": {
            "100": {
                "num_clashes": 71,
                "num_atom_pairs": 1020074,
                "energy": 10.218807220458984
            },
            "90": {
                "num_clashes": 9,
                "num_atom_pairs": 1020074,
                "energy": 1.3664979934692383
            },
            "80": {
                "num_clashes": 1,
                "num_atom_pairs": 1020074,
                "energy": 0.09640312194824219
            }
        },
        "ca_rmsd": 5.3348774909973145
    },
    "core": {
        "mean_mae": [
            10.276238441467285,
            11.46187973022461,
            14.881949424743652,
            102.79759979248047
        ],
        "mae_sr": 0.887499988079071,
        "rmsd": 0.33210238814353943,
        "dihedral_counts": [
            80,
            55,
            8,
            1
        ],
        "seq_len": 101,
        "num_sc": 80
    },
    "surface": {
        "mean_mae": [
            28.43662452697754,
            34.36166000366211,
            72.26689910888672,
            23.561237335205078
        ],
        "mae_sr": 0.5322580933570862,
        "rmsd": 1.035622477531433,
        "dihedral_counts": [
            62,
            55,
            22,
            11
        ],
        "seq_len": 87,
        "num_sc": 62
    }
}