{
    "all": {
        "mean_mae": [
            40.595924377441406,
            34.62162399291992,
            50.11418151855469,
            67.26375579833984
        ],
        "mae_sr": 0.44847774505615234,
        "rmsd": 1.184574842453003,
        "dihedral_counts": [
            854,
            647,
            192,
            88
        ],
        "seq_len": 1029,
        "num_sc": 854,
        "clash_info": {
            "100": {
                "num_clashes": 374,
                "num_atom_pairs": 22727944,
                "energy": 59.51584243774414
            },
            "90": {
                "num_clashes": 47,
                "num_atom_pairs": 22727944,
                "energy": 8.675928115844727
            },
            "80": {
                "num_clashes": 7,
                "num_atom_pairs": 22727944,
                "energy": 2.039642810821533
            }
        },
        "ca_rmsd": 43.70073318481445
    },
    "core": {
        "mean_mae": [
            28.724546432495117,
            25.654268264770508,
            36.459651947021484,
            45.8139533996582
        ],
        "mae_sr": 0.5965909361839294,
        "rmsd": 0.8206601738929749,
        "dihedral_counts": [
            352,
            260,
            56,
            19
        ],
        "seq_len": 446,
        "num_sc": 352
    },
    "surface": {
        "mean_mae": [
            52.438209533691406,
            42.943904876708984,
            61.17263412475586,
            68.8183822631836
        ],
        "mae_sr": 0.3102310299873352,
        "rmsd": 1.5065257549285889,
        "dihedral_counts": [
            303,
            228,
            81,
            44
        ],
        "seq_len": 349,
        "num_sc": 303
    }
}