{
    "all": {
        "mean_mae": [
            49.908966064453125,
            40.50352096557617,
            53.148616790771484,
            59.46649169921875
        ],
        "mae_sr": 0.26433122158050537,
        "rmsd": 1.5145797729492188,
        "dihedral_counts": [
            628,
            496,
            213,
            104
        ],
        "seq_len": 1200,
        "num_sc": 628,
        "clash_info": {
            "100": {
                "num_clashes": 211,
                "num_atom_pairs": 12839134,
                "energy": 36.93354034423828
            },
            "90": {
                "num_clashes": 33,
                "num_atom_pairs": 12839134,
                "energy": 5.015491008758545
            },
            "80": {
                "num_clashes": 3,
                "num_atom_pairs": 12839134,
                "energy": 0.13104689121246338
            }
        },
        "ca_rmsd": 40.89327621459961
    },
    "core": {
        "mean_mae": [
            43.516658782958984,
            34.50422668457031,
            55.85717010498047,
            61.383392333984375
        ],
        "mae_sr": 0.3745020031929016,
        "rmsd": 1.2381696701049805,
        "dihedral_counts": [
            251,
            184,
            38,
            19
        ],
        "seq_len": 753,
        "num_sc": 251
    },
    "surface": {
        "mean_mae": [
            57.6270637512207,
            47.8878288269043,
            54.09777069091797,
            60.25251770019531
        ],
        "mae_sr": 0.13852813839912415,
        "rmsd": 1.7646796703338623,
        "dihedral_counts": [
            231,
            196,
            127,
            57
        ],
        "seq_len": 276,
        "num_sc": 231
    }
}