{
    "all": {
        "mean_mae": [
            15.593182563781738,
            19.642549514770508,
            30.411558151245117,
            37.47835159301758
        ],
        "mae_sr": 0.6821052432060242,
        "rmsd": 0.5690248608589172,
        "dihedral_counts": [
            475,
            363,
            120,
            57
        ],
        "seq_len": 630,
        "num_sc": 475,
        "clash_info": {
            "100": {
                "num_clashes": 172,
                "num_atom_pairs": 7237975,
                "energy": 25.516263961791992
            },
            "90": {
                "num_clashes": 19,
                "num_atom_pairs": 7237975,
                "energy": 2.093752145767212
            },
            "80": {
                "num_clashes": 0,
                "num_atom_pairs": 7237975,
                "energy": 0.0
            }
        },
        "ca_rmsd": 14.52727222442627
    },
    "core": {
        "mean_mae": [
            9.884735107421875,
            14.814876556396484,
            17.4129695892334,
            32.07049560546875
        ],
        "mae_sr": 0.8141592741012573,
        "rmsd": 0.4310249388217926,
        "dihedral_counts": [
            226,
            178,
            41,
            19
        ],
        "seq_len": 343,
        "num_sc": 226
    },
    "surface": {
        "mean_mae": [
            23.644716262817383,
            31.59576988220215,
            36.57841873168945,
            53.60565185546875
        ],
        "mae_sr": 0.47857141494750977,
        "rmsd": 0.8118347525596619,
        "dihedral_counts": [
            140,
            100,
            51,
            26
        ],
        "seq_len": 164,
        "num_sc": 140
    }
}