{
    "all": {
        "mean_mae": [
            33.77895736694336,
            24.656330108642578,
            54.766807556152344,
            38.711280822753906
        ],
        "mae_sr": 0.5993303656578064,
        "rmsd": 0.8138324022293091,
        "dihedral_counts": [
            896,
            549,
            97,
            23
        ],
        "seq_len": 1424,
        "num_sc": 896,
        "clash_info": {
            "100": {
                "num_clashes": 382,
                "num_atom_pairs": 21968505,
                "energy": 57.6224250793457
            },
            "90": {
                "num_clashes": 41,
                "num_atom_pairs": 21968505,
                "energy": 10.483104705810547
            },
            "80": {
                "num_clashes": 10,
                "num_atom_pairs": 21968505,
                "energy": 2.7642273902893066
            }
        },
        "ca_rmsd": 58.20409393310547
    },
    "core": {
        "mean_mae": [
            24.349472045898438,
            17.35869789123535,
            47.887229919433594,
            12.481682777404785
        ],
        "mae_sr": 0.7031700015068054,
        "rmsd": 0.6365196704864502,
        "dihedral_counts": [
            347,
            245,
            27,
            3
        ],
        "seq_len": 794,
        "num_sc": 347
    },
    "surface": {
        "mean_mae": [
            44.91596984863281,
            36.480995178222656,
            63.06075668334961,
            37.11653518676758
        ],
        "mae_sr": 0.49418604373931885,
        "rmsd": 1.012690544128418,
        "dihedral_counts": [
            344,
            174,
            44,
            12
        ],
        "seq_len": 395,
        "num_sc": 344
    }
}