{
    "all": {
        "mean_mae": [
            38.528568267822266,
            40.75156784057617,
            60.6209716796875,
            80.6170883178711
        ],
        "mae_sr": 0.35555556416511536,
        "rmsd": 1.1726504564285278,
        "dihedral_counts": [
            990,
            745,
            256,
            122
        ],
        "seq_len": 1340,
        "num_sc": 990,
        "clash_info": {
            "100": {
                "num_clashes": 337,
                "num_atom_pairs": 30942128,
                "energy": 78.3453140258789
            },
            "90": {
                "num_clashes": 68,
                "num_atom_pairs": 30942128,
                "energy": 27.937545776367188
            },
            "80": {
                "num_clashes": 25,
                "num_atom_pairs": 30942128,
                "energy": 14.466383934020996
            }
        },
        "ca_rmsd": 89.26380920410156
    },
    "core": {
        "mean_mae": [
            28.48350715637207,
            34.08574295043945,
            67.4172134399414,
            77.53059387207031
        ],
        "mae_sr": 0.4615384638309479,
        "rmsd": 0.7878475189208984,
        "dihedral_counts": [
            299,
            211,
            42,
            20
        ],
        "seq_len": 553,
        "num_sc": 299
    },
    "surface": {
        "mean_mae": [
            49.070613861083984,
            47.08229064941406,
            63.02463912963867,
            90.16708374023438
        ],
        "mae_sr": 0.2747524678707123,
        "rmsd": 1.540507197380066,
        "dihedral_counts": [
            404,
            323,
            148,
            74
        ],
        "seq_len": 457,
        "num_sc": 404
    }
}