{
    "all": {
        "mean_mae": [
            29.817041397094727,
            33.93680191040039,
            44.09244918823242,
            50.896366119384766
        ],
        "mae_sr": 0.5158730149269104,
        "rmsd": 0.9804190993309021,
        "dihedral_counts": [
            126,
            93,
            26,
            19
        ],
        "seq_len": 189,
        "num_sc": 126,
        "clash_info": {
            "100": {
                "num_clashes": 20,
                "num_atom_pairs": 522518,
                "energy": 2.0134987831115723
            },
            "90": {
                "num_clashes": 1,
                "num_atom_pairs": 522518,
                "energy": 0.03566575050354004
            },
            "80": {
                "num_clashes": 0,
                "num_atom_pairs": 522518,
                "energy": 0.0
            }
        },
        "ca_rmsd": 64.72467803955078
    },
    "core": {
        "mean_mae": [
            0.0,
            0.0,
            0.0,
            0.0
        ],
        "mae_sr": 1.0,
        "rmsd": 0.0,
        "dihedral_counts": [
            0,
            0,
            0,
            0
        ],
        "seq_len": 0,
        "num_sc": 0
    },
    "surface": {
        "mean_mae": [
            30.01614761352539,
            33.93680191040039,
            44.09244918823242,
            50.896366119384766
        ],
        "mae_sr": 0.5120000243186951,
        "rmsd": 0.9871628880500793,
        "dihedral_counts": [
            125,
            93,
            26,
            19
        ],
        "seq_len": 169,
        "num_sc": 125
    }
}