{
    "all": {
        "mean_mae": [
            36.004276275634766,
            36.53306198120117,
            55.745784759521484,
            59.945945739746094
        ],
        "mae_sr": 0.44999998807907104,
        "rmsd": 1.0996981859207153,
        "dihedral_counts": [
            260,
            180,
            68,
            34
        ],
        "seq_len": 524,
        "num_sc": 260,
        "clash_info": {
            "100": {
                "num_clashes": 64,
                "num_atom_pairs": 2017035,
                "energy": 8.873666763305664
            },
            "90": {
                "num_clashes": 10,
                "num_atom_pairs": 2017035,
                "energy": 1.0383704900741577
            },
            "80": {
                "num_clashes": 1,
                "num_atom_pairs": 2017035,
                "energy": 0.19493603706359863
            }
        },
        "ca_rmsd": 162.35595703125
    },
    "core": {
        "mean_mae": [
            7.507869720458984,
            15.125737190246582,
            0.0,
            0.0
        ],
        "mae_sr": 0.8421052694320679,
        "rmsd": 0.2956303656101227,
        "dihedral_counts": [
            19,
            14,
            0,
            0
        ],
        "seq_len": 234,
        "num_sc": 19
    },
    "surface": {
        "mean_mae": [
            39.61412811279297,
            38.67290496826172,
            56.25525665283203,
            56.950599670410156
        ],
        "mae_sr": 0.40909090638160706,
        "rmsd": 1.1854525804519653,
        "dihedral_counts": [
            220,
            151,
            58,
            28
        ],
        "seq_len": 267,
        "num_sc": 220
    }
}