{
    "all": {
        "mean_mae": [
            27.799781799316406,
            21.542800903320312,
            34.43250274658203,
            40.89037322998047
        ],
        "mae_sr": 0.631313145160675,
        "rmsd": 0.8754010200500488,
        "dihedral_counts": [
            198,
            160,
            62,
            34
        ],
        "seq_len": 223,
        "num_sc": 198,
        "clash_info": {
            "100": {
                "num_clashes": 77,
                "num_atom_pairs": 1212729,
                "energy": 12.286187171936035
            },
            "90": {
                "num_clashes": 8,
                "num_atom_pairs": 1212729,
                "energy": 0.8846771717071533
            },
            "80": {
                "num_clashes": 1,
                "num_atom_pairs": 1212729,
                "energy": 0.08925271034240723
            }
        },
        "ca_rmsd": 1.0928889513015747
    },
    "core": {
        "mean_mae": [
            16.69382095336914,
            18.79923439025879,
            19.083036422729492,
            28.161540985107422
        ],
        "mae_sr": 0.7971014380455017,
        "rmsd": 0.5187714695930481,
        "dihedral_counts": [
            69,
            50,
            12,
            5
        ],
        "seq_len": 80,
        "num_sc": 69
    },
    "surface": {
        "mean_mae": [
            37.237606048583984,
            27.001768112182617,
            40.67143630981445,
            46.55485916137695
        ],
        "mae_sr": 0.49473685026168823,
        "rmsd": 1.191034197807312,
        "dihedral_counts": [
            95,
            79,
            40,
            24
        ],
        "seq_len": 105,
        "num_sc": 95
    }
}