{
    "all": {
        "mean_mae": [
            38.34608840942383,
            30.924619674682617,
            44.8040657043457,
            41.60208511352539
        ],
        "mae_sr": 0.4444444477558136,
        "rmsd": 1.1472865343093872,
        "dihedral_counts": [
            162,
            127,
            46,
            21
        ],
        "seq_len": 170,
        "num_sc": 162,
        "clash_info": {
            "100": {
                "num_clashes": 56,
                "num_atom_pairs": 730331,
                "energy": 6.990215301513672
            },
            "90": {
                "num_clashes": 4,
                "num_atom_pairs": 730331,
                "energy": 0.39124584197998047
            },
            "80": {
                "num_clashes": 0,
                "num_atom_pairs": 730331,
                "energy": 0.0
            }
        },
        "ca_rmsd": 20.550674438476562
    },
    "core": {
        "mean_mae": [
            13.816028594970703,
            22.48276710510254,
            8.180216789245605,
            6.304455757141113
        ],
        "mae_sr": 0.8125,
        "rmsd": 0.47522032260894775,
        "dihedral_counts": [
            16,
            12,
            1,
            1
        ],
        "seq_len": 16,
        "num_sc": 16
    },
    "surface": {
        "mean_mae": [
            40.278873443603516,
            29.936473846435547,
            44.657623291015625,
            41.136173248291016
        ],
        "mae_sr": 0.3840000033378601,
        "rmsd": 1.2040812969207764,
        "dihedral_counts": [
            125,
            97,
            40,
            18
        ],
        "seq_len": 132,
        "num_sc": 125
    }
}