{
    "all": {
        "mean_mae": [
            32.72679138183594,
            36.658321380615234,
            75.89874267578125,
            50.911407470703125
        ],
        "mae_sr": 0.5,
        "rmsd": 1.0744121074676514,
        "dihedral_counts": [
            66,
            47,
            20,
            12
        ],
        "seq_len": 116,
        "num_sc": 66,
        "clash_info": {
            "100": {
                "num_clashes": 19,
                "num_atom_pairs": 153348,
                "energy": 3.5904219150543213
            },
            "90": {
                "num_clashes": 2,
                "num_atom_pairs": 153348,
                "energy": 0.8195078372955322
            },
            "80": {
                "num_clashes": 1,
                "num_atom_pairs": 153348,
                "energy": 0.40985631942749023
            }
        },
        "ca_rmsd": 18.70526695251465
    },
    "core": {
        "mean_mae": [
            11.448461532592773,
            12.16939926147461,
            8.239716529846191,
            14.018379211425781
        ],
        "mae_sr": 0.800000011920929,
        "rmsd": 0.5593603253364563,
        "dihedral_counts": [
            15,
            10,
            3,
            3
        ],
        "seq_len": 55,
        "num_sc": 15
    },
    "surface": {
        "mean_mae": [
            37.6209716796875,
            44.08283233642578,
            81.142333984375,
            61.6316032409668
        ],
        "mae_sr": 0.375,
        "rmsd": 1.2057732343673706,
        "dihedral_counts": [
            40,
            28,
            14,
            6
        ],
        "seq_len": 47,
        "num_sc": 40
    }
}