{
    "all": {
        "mean_mae": [
            24.863073348999023,
            21.196401596069336,
            37.82661056518555,
            39.470149993896484
        ],
        "mae_sr": 0.6111111044883728,
        "rmsd": 0.8668844103813171,
        "dihedral_counts": [
            198,
            160,
            62,
            34
        ],
        "seq_len": 223,
        "num_sc": 198,
        "clash_info": {
            "100": {
                "num_clashes": 82,
                "num_atom_pairs": 1212729,
                "energy": 14.016650199890137
            },
            "90": {
                "num_clashes": 13,
                "num_atom_pairs": 1212729,
                "energy": 3.0467207431793213
            },
            "80": {
                "num_clashes": 3,
                "num_atom_pairs": 1212729,
                "energy": 0.2802046537399292
            }
        },
        "ca_rmsd": 1.1909496784210205
    },
    "core": {
        "mean_mae": [
            13.790030479431152,
            10.758896827697754,
            26.34606170654297,
            28.337291717529297
        ],
        "mae_sr": 0.8260869383811951,
        "rmsd": 0.47066763043403625,
        "dihedral_counts": [
            69,
            50,
            12,
            5
        ],
        "seq_len": 80,
        "num_sc": 69
    },
    "surface": {
        "mean_mae": [
            36.210472106933594,
            28.3625545501709,
            43.529144287109375,
            40.34207534790039
        ],
        "mae_sr": 0.4421052634716034,
        "rmsd": 1.237876534461975,
        "dihedral_counts": [
            95,
            79,
            40,
            24
        ],
        "seq_len": 105,
        "num_sc": 95
    }
}