{
    "all": {
        "rmsd": 0.9418930411338806,
        "mae_sr": 0.546875,
        "mean_mae": [
            28.969867706298828,
            27.80597686767578,
            49.635807037353516,
            59.64288330078125
        ],
        "dihedral_counts": [
            17960,
            13380,
            4406,
            2035
        ],
        "num_sc": 17961,
        "mean_seq_len": 354.4507141113281,
        "ca_rmsd": 18.51552963256836,
        "clash_info": {
            "100": {
                "energy": 11.457828521728516,
                "num_atom_pairs": 1392006.0,
                "num_clashes": 74.0
            },
            "90": {
                "energy": 1.2115588188171387,
                "num_atom_pairs": 1392006.0,
                "num_clashes": 9.0
            },
            "80": {
                "energy": 0.0253446102142334,
                "num_atom_pairs": 1392006.0,
                "num_clashes": 1.0
            }
        }
    },
    "core": {
        "rmsd": 0.5214976072311401,
        "mae_sr": 0.75,
        "mean_mae": [
            16.008331298828125,
            18.703338623046875,
            42.38019943237305,
            44.29246520996094
        ],
        "dihedral_counts": [
            5861,
            4211,
            841,
            355
        ],
        "num_sc": 5861,
        "mean_seq_len": 148.81689453125
    },
    "surface": {
        "rmsd": 1.2258623838424683,
        "mae_sr": 0.4166666567325592,
        "mean_mae": [
            37.6209716796875,
            35.263336181640625,
            52.365234375,
            61.12440872192383
        ],
        "dihedral_counts": [
            8380,
            6331,
            2647,
            1223
        ],
        "num_sc": 8380,
        "mean_seq_len": 143.7042236328125
    }
}