{
    "all": {
        "mean_mae": [
            31.652050018310547,
            38.24638748168945,
            51.93290710449219,
            47.754615783691406
        ],
        "mae_sr": 0.5191256999969482,
        "rmsd": 0.9920585751533508,
        "dihedral_counts": [
            183,
            127,
            37,
            15
        ],
        "seq_len": 266,
        "num_sc": 183,
        "clash_info": {
            "100": {
                "num_clashes": 96,
                "num_atom_pairs": 1046100,
                "energy": 18.01346206665039
            },
            "90": {
                "num_clashes": 15,
                "num_atom_pairs": 1046100,
                "energy": 3.748173236846924
            },
            "80": {
                "num_clashes": 3,
                "num_atom_pairs": 1046100,
                "energy": 1.6349451541900635
            }
        },
        "ca_rmsd": 18.777589797973633
    },
    "core": {
        "mean_mae": [
            25.732627868652344,
            30.034326553344727,
            48.834632873535156,
            64.76071166992188
        ],
        "mae_sr": 0.6388888955116272,
        "rmsd": 0.7795265913009644,
        "dihedral_counts": [
            72,
            48,
            10,
            2
        ],
        "seq_len": 135,
        "num_sc": 72
    },
    "surface": {
        "mean_mae": [
            41.62274932861328,
            40.02311325073242,
            58.86454772949219,
            41.34517288208008
        ],
        "mae_sr": 0.4166666567325592,
        "rmsd": 1.2258623838424683,
        "dihedral_counts": [
            72,
            53,
            18,
            9
        ],
        "seq_len": 87,
        "num_sc": 72
    }
}