{
    "all": {
        "mean_mae": [
            16.737991333007812,
            17.14832305908203,
            36.904273986816406,
            49.25502395629883
        ],
        "mae_sr": 0.7518247961997986,
        "rmsd": 0.5928489565849304,
        "dihedral_counts": [
            137,
            93,
            33,
            13
        ],
        "seq_len": 196,
        "num_sc": 137,
        "clash_info": {
            "100": {
                "num_clashes": 36,
                "num_atom_pairs": 563940,
                "energy": 6.199758529663086
            },
            "90": {
                "num_clashes": 6,
                "num_atom_pairs": 563940,
                "energy": 0.927210807800293
            },
            "80": {
                "num_clashes": 0,
                "num_atom_pairs": 563940,
                "energy": 0.0
            }
        },
        "ca_rmsd": 9.55273151397705
    },
    "core": {
        "mean_mae": [
            14.141252517700195,
            7.510751247406006,
            58.087894439697266,
            59.647823333740234
        ],
        "mae_sr": 0.8301886916160583,
        "rmsd": 0.4695025086402893,
        "dihedral_counts": [
            53,
            38,
            7,
            3
        ],
        "seq_len": 98,
        "num_sc": 53
    },
    "surface": {
        "mean_mae": [
            19.067001342773438,
            27.512439727783203,
            29.148513793945312,
            29.829004287719727
        ],
        "mae_sr": 0.6774193644523621,
        "rmsd": 0.7329348921775818,
        "dihedral_counts": [
            62,
            40,
            23,
            7
        ],
        "seq_len": 71,
        "num_sc": 62
    }
}