{
    "all": {
        "mean_mae": [
            39.51487350463867,
            37.72232437133789,
            78.44760131835938,
            61.95479965209961
        ],
        "mae_sr": 0.4032258093357086,
        "rmsd": 1.2770878076553345,
        "dihedral_counts": [
            62,
            45,
            22,
            11
        ],
        "seq_len": 350,
        "num_sc": 62,
        "clash_info": {
            "100": {
                "num_clashes": 18,
                "num_atom_pairs": 110271,
                "energy": 2.418971300125122
            },
            "90": {
                "num_clashes": 2,
                "num_atom_pairs": 110271,
                "energy": 0.2109220027923584
            },
            "80": {
                "num_clashes": 0,
                "num_atom_pairs": 110271,
                "energy": 0.0
            }
        },
        "ca_rmsd": 97.16218566894531
    },
    "core": {
        "mean_mae": [
            1.9337154626846313,
            12.887617111206055,
            0.0,
            0.0
        ],
        "mae_sr": 0.6666666865348816,
        "rmsd": 0.4981715679168701,
        "dihedral_counts": [
            3,
            2,
            0,
            0
        ],
        "seq_len": 283,
        "num_sc": 3
    },
    "surface": {
        "mean_mae": [
            46.4566764831543,
            45.0777702331543,
            78.44760131835938,
            61.95479965209961
        ],
        "mae_sr": 0.2978723347187042,
        "rmsd": 1.523871898651123,
        "dihedral_counts": [
            47,
            36,
            22,
            11
        ],
        "seq_len": 55,
        "num_sc": 47
    }
}