{
    "all": {
        "mean_mae": [
            18.364858627319336,
            18.602035522460938,
            47.44013977050781,
            66.65776062011719
        ],
        "mae_sr": 0.6929134130477905,
        "rmsd": 0.6720322370529175,
        "dihedral_counts": [
            127,
            101,
            30,
            18
        ],
        "seq_len": 160,
        "num_sc": 127,
        "clash_info": {
            "100": {
                "num_clashes": 50,
                "num_atom_pairs": 568666,
                "energy": 7.182342529296875
            },
            "90": {
                "num_clashes": 6,
                "num_atom_pairs": 568666,
                "energy": 0.6907422542572021
            },
            "80": {
                "num_clashes": 0,
                "num_atom_pairs": 568666,
                "energy": 0.0
            }
        },
        "ca_rmsd": 0.6272578835487366
    },
    "core": {
        "mean_mae": [
            10.632620811462402,
            15.751577377319336,
            38.554500579833984,
            49.04734802246094
        ],
        "mae_sr": 0.795918345451355,
        "rmsd": 0.46011024713516235,
        "dihedral_counts": [
            49,
            40,
            6,
            3
        ],
        "seq_len": 61,
        "num_sc": 49
    },
    "surface": {
        "mean_mae": [
            24.68252944946289,
            21.705047607421875,
            51.309059143066406,
            74.14155578613281
        ],
        "mae_sr": 0.5833333134651184,
        "rmsd": 0.9026033878326416,
        "dihedral_counts": [
            60,
            49,
            22,
            14
        ],
        "seq_len": 72,
        "num_sc": 60
    }
}