{
    "all": {
        "mean_mae": [
            26.689130783081055,
            20.279125213623047,
            45.13818359375,
            69.74042510986328
        ],
        "mae_sr": 0.6296296119689941,
        "rmsd": 0.7734053730964661,
        "dihedral_counts": [
            108,
            70,
            25,
            10
        ],
        "seq_len": 171,
        "num_sc": 108,
        "clash_info": {
            "100": {
                "num_clashes": 26,
                "num_atom_pairs": 330785,
                "energy": 3.5153636932373047
            },
            "90": {
                "num_clashes": 1,
                "num_atom_pairs": 330785,
                "energy": 0.09494972229003906
            },
            "80": {
                "num_clashes": 0,
                "num_atom_pairs": 330785,
                "energy": 0.0
            }
        },
        "ca_rmsd": 20.528545379638672
    },
    "core": {
        "mean_mae": [
            9.829976081848145,
            13.064115524291992,
            73.68653869628906,
            50.22590637207031
        ],
        "mae_sr": 0.75,
        "rmsd": 0.3306202292442322,
        "dihedral_counts": [
            28,
            17,
            2,
            1
        ],
        "seq_len": 76,
        "num_sc": 28
    },
    "surface": {
        "mean_mae": [
            34.67362594604492,
            28.49415397644043,
            44.7044563293457,
            79.3823471069336
        ],
        "mae_sr": 0.5396825671195984,
        "rmsd": 0.9966810345649719,
        "dihedral_counts": [
            63,
            38,
            18,
            8
        ],
        "seq_len": 76,
        "num_sc": 63
    }
}