{
    "all": {
        "mean_mae": [
            20.003026962280273,
            20.52066421508789,
            31.69111442565918,
            39.01805877685547
        ],
        "mae_sr": 0.6783216595649719,
        "rmsd": 0.6176221370697021,
        "dihedral_counts": [
            143,
            97,
            36,
            16
        ],
        "seq_len": 191,
        "num_sc": 143,
        "clash_info": {
            "100": {
                "num_clashes": 57,
                "num_atom_pairs": 636051,
                "energy": 9.382556915283203
            },
            "90": {
                "num_clashes": 9,
                "num_atom_pairs": 636051,
                "energy": 1.6170470714569092
            },
            "80": {
                "num_clashes": 1,
                "num_atom_pairs": 636051,
                "energy": 0.042359113693237305
            }
        },
        "ca_rmsd": 5.7247395515441895
    },
    "core": {
        "mean_mae": [
            15.73954963684082,
            13.592886924743652,
            47.009830474853516,
            30.69456672668457
        ],
        "mae_sr": 0.8199999928474426,
        "rmsd": 0.4147965610027313,
        "dihedral_counts": [
            50,
            30,
            6,
            4
        ],
        "seq_len": 64,
        "num_sc": 50
    },
    "surface": {
        "mean_mae": [
            30.670185089111328,
            32.797935485839844,
            28.96526527404785,
            43.08881378173828
        ],
        "mae_sr": 0.4912280738353729,
        "rmsd": 0.9040939807891846,
        "dihedral_counts": [
            57,
            38,
            22,
            8
        ],
        "seq_len": 88,
        "num_sc": 57
    }
}