{
    "all": {
        "mean_mae": [
            45.002620697021484,
            37.20447540283203,
            48.65835189819336,
            31.900598526000977
        ],
        "mae_sr": 0.36947789788246155,
        "rmsd": 1.3293540477752686,
        "dihedral_counts": [
            249,
            188,
            59,
            28
        ],
        "seq_len": 317,
        "num_sc": 249,
        "clash_info": {
            "100": {
                "num_clashes": 162,
                "num_atom_pairs": 1879705,
                "energy": 35.793663024902344
            },
            "90": {
                "num_clashes": 33,
                "num_atom_pairs": 1879705,
                "energy": 9.1602201461792
            },
            "80": {
                "num_clashes": 12,
                "num_atom_pairs": 1879705,
                "energy": 3.12630295753479
            }
        },
        "ca_rmsd": 21.983943939208984
    },
    "core": {
        "mean_mae": [
            33.893192291259766,
            25.892152786254883,
            42.589271545410156,
            18.544225692749023
        ],
        "mae_sr": 0.5308641791343689,
        "rmsd": 0.9834166169166565,
        "dihedral_counts": [
            81,
            58,
            10,
            4
        ],
        "seq_len": 123,
        "num_sc": 81
    },
    "surface": {
        "mean_mae": [
            53.836326599121094,
            42.823516845703125,
            43.852176666259766,
            34.28657531738281
        ],
        "mae_sr": 0.25,
        "rmsd": 1.530105710029602,
        "dihedral_counts": [
            116,
            89,
            39,
            19
        ],
        "seq_len": 131,
        "num_sc": 116
    }
}