{
    "all": {
        "mean_mae": [
            41.88090133666992,
            42.413143157958984,
            64.58265686035156,
            77.70230102539062
        ],
        "mae_sr": 0.32828283309936523,
        "rmsd": 1.2732926607131958,
        "dihedral_counts": [
            990,
            745,
            256,
            122
        ],
        "seq_len": 1340,
        "num_sc": 990,
        "clash_info": {
            "100": {
                "num_clashes": 642,
                "num_atom_pairs": 30942128,
                "energy": 142.26010131835938
            },
            "90": {
                "num_clashes": 141,
                "num_atom_pairs": 30942128,
                "energy": 29.71419334411621
            },
            "80": {
                "num_clashes": 28,
                "num_atom_pairs": 30942128,
                "energy": 6.98127555847168
            }
        },
        "ca_rmsd": 87.65174102783203
    },
    "core": {
        "mean_mae": [
            28.733301162719727,
            32.38188934326172,
            66.08074951171875,
            72.60789489746094
        ],
        "mae_sr": 0.4615384638309479,
        "rmsd": 0.7832410931587219,
        "dihedral_counts": [
            299,
            211,
            42,
            20
        ],
        "seq_len": 553,
        "num_sc": 299
    },
    "surface": {
        "mean_mae": [
            55.819034576416016,
            48.7038459777832,
            66.08306121826172,
            83.16551208496094
        ],
        "mae_sr": 0.22772277891635895,
        "rmsd": 1.7191301584243774,
        "dihedral_counts": [
            404,
            323,
            148,
            74
        ],
        "seq_len": 457,
        "num_sc": 404
    }
}