{
    "all": {
        "mean_mae": [
            32.22584533691406,
            31.412973403930664,
            56.97420883178711,
            43.582618713378906
        ],
        "mae_sr": 0.4571428596973419,
        "rmsd": 1.0300289392471313,
        "dihedral_counts": [
            140,
            113,
            41,
            22
        ],
        "seq_len": 166,
        "num_sc": 140,
        "clash_info": {
            "100": {
                "num_clashes": 79,
                "num_atom_pairs": 664961,
                "energy": 15.291921615600586
            },
            "90": {
                "num_clashes": 15,
                "num_atom_pairs": 664961,
                "energy": 2.4234938621520996
            },
            "80": {
                "num_clashes": 2,
                "num_atom_pairs": 664961,
                "energy": 0.09891510009765625
            }
        },
        "ca_rmsd": 6.034849166870117
    },
    "core": {
        "mean_mae": [
            14.591667175292969,
            27.7667236328125,
            49.58159637451172,
            43.496063232421875
        ],
        "mae_sr": 0.5952380895614624,
        "rmsd": 0.5845540165901184,
        "dihedral_counts": [
            42,
            31,
            7,
            3
        ],
        "seq_len": 50,
        "num_sc": 42
    },
    "surface": {
        "mean_mae": [
            40.968833923339844,
            35.806182861328125,
            60.290283203125,
            47.614742279052734
        ],
        "mae_sr": 0.4189189076423645,
        "rmsd": 1.2624338865280151,
        "dihedral_counts": [
            74,
            62,
            27,
            15
        ],
        "seq_len": 91,
        "num_sc": 74
    }
}