{
    "all": {
        "mean_mae": [
            25.27861213684082,
            20.974245071411133,
            43.68119812011719,
            59.28168487548828
        ],
        "mae_sr": 0.6141732335090637,
        "rmsd": 0.8259783387184143,
        "dihedral_counts": [
            127,
            101,
            30,
            18
        ],
        "seq_len": 160,
        "num_sc": 127,
        "clash_info": {
            "100": {
                "num_clashes": 79,
                "num_atom_pairs": 568666,
                "energy": 16.972984313964844
            },
            "90": {
                "num_clashes": 16,
                "num_atom_pairs": 568666,
                "energy": 5.121703147888184
            },
            "80": {
                "num_clashes": 7,
                "num_atom_pairs": 568666,
                "energy": 2.3745579719543457
            }
        },
        "ca_rmsd": 0.627257227897644
    },
    "core": {
        "mean_mae": [
            18.63929557800293,
            17.176036834716797,
            42.5914306640625,
            46.21723937988281
        ],
        "mae_sr": 0.7142857313156128,
        "rmsd": 0.7180823683738708,
        "dihedral_counts": [
            49,
            40,
            6,
            3
        ],
        "seq_len": 61,
        "num_sc": 49
    },
    "surface": {
        "mean_mae": [
            32.6005973815918,
            23.964296340942383,
            45.268829345703125,
            65.30506896972656
        ],
        "mae_sr": 0.5,
        "rmsd": 1.013344645500183,
        "dihedral_counts": [
            60,
            49,
            22,
            14
        ],
        "seq_len": 72,
        "num_sc": 60
    }
}