{
    "all": {
        "mean_mae": [
            24.60288429260254,
            30.088939666748047,
            45.438602447509766,
            56.704498291015625
        ],
        "mae_sr": 0.5319148898124695,
        "rmsd": 0.9445230960845947,
        "dihedral_counts": [
            94,
            84,
            30,
            12
        ],
        "seq_len": 114,
        "num_sc": 94,
        "clash_info": {
            "100": {
                "num_clashes": 47,
                "num_atom_pairs": 306204,
                "energy": 8.84256362915039
            },
            "90": {
                "num_clashes": 10,
                "num_atom_pairs": 306204,
                "energy": 1.8558671474456787
            },
            "80": {
                "num_clashes": 1,
                "num_atom_pairs": 306204,
                "energy": 0.09924840927124023
            }
        },
        "ca_rmsd": 9.44445514678955
    },
    "core": {
        "mean_mae": [
            12.485954284667969,
            19.364299774169922,
            24.231319427490234,
            69.84693145751953
        ],
        "mae_sr": 0.6800000071525574,
        "rmsd": 0.6941677927970886,
        "dihedral_counts": [
            25,
            21,
            7,
            4
        ],
        "seq_len": 34,
        "num_sc": 25
    },
    "surface": {
        "mean_mae": [
            32.905765533447266,
            36.91266632080078,
            45.154502868652344,
            58.27824783325195
        ],
        "mae_sr": 0.46000000834465027,
        "rmsd": 1.0663937330245972,
        "dihedral_counts": [
            50,
            45,
            15,
            5
        ],
        "seq_len": 57,
        "num_sc": 50
    }
}