{
    "all": {
        "mean_mae": [
            24.491235733032227,
            28.68010902404785,
            60.84320068359375,
            34.234378814697266
        ],
        "mae_sr": 0.6627907156944275,
        "rmsd": 0.840021550655365,
        "dihedral_counts": [
            172,
            135,
            37,
            16
        ],
        "seq_len": 227,
        "num_sc": 172,
        "clash_info": {
            "100": {
                "num_clashes": 106,
                "num_atom_pairs": 1020074,
                "energy": 23.543245315551758
            },
            "90": {
                "num_clashes": 23,
                "num_atom_pairs": 1020074,
                "energy": 5.766661643981934
            },
            "80": {
                "num_clashes": 4,
                "num_atom_pairs": 1020074,
                "energy": 1.2564189434051514
            }
        },
        "ca_rmsd": 5.477157115936279
    },
    "core": {
        "mean_mae": [
            13.700094223022461,
            17.39153480529785,
            40.5945930480957,
            8.911128997802734
        ],
        "mae_sr": 0.824999988079071,
        "rmsd": 0.4551294445991516,
        "dihedral_counts": [
            80,
            55,
            8,
            1
        ],
        "seq_len": 101,
        "num_sc": 80
    },
    "surface": {
        "mean_mae": [
            33.581172943115234,
            37.481109619140625,
            71.36746215820312,
            22.764739990234375
        ],
        "mae_sr": 0.5,
        "rmsd": 1.2486813068389893,
        "dihedral_counts": [
            62,
            55,
            22,
            11
        ],
        "seq_len": 87,
        "num_sc": 62
    }
}