{
    "all": {
        "mean_mae": [
            49.9495849609375,
            29.066265106201172,
            47.11629104614258,
            57.08501434326172
        ],
        "mae_sr": 0.5322580933570862,
        "rmsd": 1.2976659536361694,
        "dihedral_counts": [
            62,
            49,
            17,
            7
        ],
        "seq_len": 122,
        "num_sc": 62,
        "clash_info": {
            "100": {
                "num_clashes": 17,
                "num_atom_pairs": 121979,
                "energy": 4.5034379959106445
            },
            "90": {
                "num_clashes": 5,
                "num_atom_pairs": 121979,
                "energy": 1.174558401107788
            },
            "80": {
                "num_clashes": 0,
                "num_atom_pairs": 121979,
                "energy": 0.0
            }
        },
        "ca_rmsd": 20.425004959106445
    },
    "core": {
        "mean_mae": [
            0.0,
            0.0,
            0.0,
            0.0
        ],
        "mae_sr": 1.0,
        "rmsd": 0.0,
        "dihedral_counts": [
            0,
            0,
            0,
            0
        ],
        "seq_len": 51,
        "num_sc": 0
    },
    "surface": {
        "mean_mae": [
            49.079795837402344,
            29.22298812866211,
            43.5861930847168,
            48.5624885559082
        ],
        "mae_sr": 0.5344827771186829,
        "rmsd": 1.2576874494552612,
        "dihedral_counts": [
            58,
            45,
            15,
            6
        ],
        "seq_len": 65,
        "num_sc": 58
    }
}