{
    "all": {
        "mean_mae": [
            38.70473861694336,
            33.883026123046875,
            48.41881561279297,
            49.10424041748047
        ],
        "mae_sr": 0.5230769515037537,
        "rmsd": 1.1126267910003662,
        "dihedral_counts": [
            260,
            169,
            45,
            18
        ],
        "seq_len": 338,
        "num_sc": 260,
        "clash_info": {
            "100": {
                "num_clashes": 102,
                "num_atom_pairs": 2140880,
                "energy": 23.01983070373535
            },
            "90": {
                "num_clashes": 22,
                "num_atom_pairs": 2140880,
                "energy": 7.550837516784668
            },
            "80": {
                "num_clashes": 10,
                "num_atom_pairs": 2140880,
                "energy": 2.641934633255005
            }
        },
        "ca_rmsd": 6.7159953117370605
    },
    "core": {
        "mean_mae": [
            38.538387298583984,
            40.83810043334961,
            44.95452880859375,
            5.692238807678223
        ],
        "mae_sr": 0.5263158082962036,
        "rmsd": 1.0092675685882568,
        "dihedral_counts": [
            38,
            28,
            5,
            2
        ],
        "seq_len": 47,
        "num_sc": 38
    },
    "surface": {
        "mean_mae": [
            42.33552551269531,
            34.379634857177734,
            42.381134033203125,
            71.24626159667969
        ],
        "mae_sr": 0.5333333611488342,
        "rmsd": 1.1611217260360718,
        "dihedral_counts": [
            165,
            95,
            29,
            11
        ],
        "seq_len": 222,
        "num_sc": 165
    }
}