{
    "all": {
        "mean_mae": [
            47.8265380859375,
            36.38005447387695,
            54.16143798828125,
            74.6583251953125
        ],
        "mae_sr": 0.41719746589660645,
        "rmsd": 1.368148684501648,
        "dihedral_counts": [
            314,
            240,
            66,
            30
        ],
        "seq_len": 409,
        "num_sc": 314,
        "clash_info": {
            "100": {
                "num_clashes": 117,
                "num_atom_pairs": 3145561,
                "energy": 23.02983283996582
            },
            "90": {
                "num_clashes": 25,
                "num_atom_pairs": 3145561,
                "energy": 4.760968208312988
            },
            "80": {
                "num_clashes": 5,
                "num_atom_pairs": 3145561,
                "energy": 0.750941276550293
            }
        },
        "ca_rmsd": 100.17411041259766
    },
    "core": {
        "mean_mae": [
            24.258676528930664,
            32.51800537109375,
            122.59303283691406,
            141.17381286621094
        ],
        "mae_sr": 0.699999988079071,
        "rmsd": 0.7490633130073547,
        "dihedral_counts": [
            20,
            13,
            2,
            1
        ],
        "seq_len": 24,
        "num_sc": 20
    },
    "surface": {
        "mean_mae": [
            50.10894012451172,
            36.78396987915039,
            54.87862014770508,
            72.85649108886719
        ],
        "mae_sr": 0.39636364579200745,
        "rmsd": 1.4238969087600708,
        "dihedral_counts": [
            275,
            211,
            58,
            26
        ],
        "seq_len": 340,
        "num_sc": 275
    }
}