{
    "all": {
        "mean_mae": [
            35.07754135131836,
            39.23045349121094,
            51.420509338378906,
            79.13745880126953
        ],
        "mae_sr": 0.40092167258262634,
        "rmsd": 1.1067719459533691,
        "dihedral_counts": [
            217,
            159,
            55,
            23
        ],
        "seq_len": 280,
        "num_sc": 217,
        "clash_info": {
            "100": {
                "num_clashes": 132,
                "num_atom_pairs": 1353198,
                "energy": 23.887205123901367
            },
            "90": {
                "num_clashes": 23,
                "num_atom_pairs": 1353198,
                "energy": 3.5958521366119385
            },
            "80": {
                "num_clashes": 2,
                "num_atom_pairs": 1353198,
                "energy": 0.3853800296783447
            }
        },
        "ca_rmsd": 84.70968627929688
    },
    "core": {
        "mean_mae": [
            25.1035213470459,
            28.420190811157227,
            73.59393310546875,
            111.77706146240234
        ],
        "mae_sr": 0.5744680762290955,
        "rmsd": 0.7313950657844543,
        "dihedral_counts": [
            47,
            35,
            5,
            1
        ],
        "seq_len": 98,
        "num_sc": 47
    },
    "surface": {
        "mean_mae": [
            47.836181640625,
            49.876251220703125,
            48.8868522644043,
            58.991607666015625
        ],
        "mae_sr": 0.30188679695129395,
        "rmsd": 1.3849784135818481,
        "dihedral_counts": [
            106,
            78,
            32,
            14
        ],
        "seq_len": 115,
        "num_sc": 106
    }
}