{
    "all": {
        "mean_mae": [
            35.82224655151367,
            39.29215621948242,
            51.552825927734375,
            53.107662200927734
        ],
        "mae_sr": 0.4285714328289032,
        "rmsd": 1.6154367923736572,
        "dihedral_counts": [
            21,
            14,
            12,
            9
        ],
        "seq_len": 48,
        "num_sc": 21,
        "clash_info": {
            "100": {
                "num_clashes": 5,
                "num_atom_pairs": 17640,
                "energy": 1.7558162212371826
            },
            "90": {
                "num_clashes": 3,
                "num_atom_pairs": 17640,
                "energy": 0.5757949352264404
            },
            "80": {
                "num_clashes": 0,
                "num_atom_pairs": 17640,
                "energy": 0.0
            }
        },
        "ca_rmsd": 12.113443374633789
    },
    "core": {
        "mean_mae": [
            30.622333526611328,
            46.82344436645508,
            43.91054153442383,
            51.27975845336914
        ],
        "mae_sr": 0.5,
        "rmsd": 1.5680291652679443,
        "dihedral_counts": [
            10,
            7,
            6,
            4
        ],
        "seq_len": 33,
        "num_sc": 10
    },
    "surface": {
        "mean_mae": [
            40.54944610595703,
            31.7608699798584,
            59.19510269165039,
            54.56998825073242
        ],
        "mae_sr": 0.3636363744735718,
        "rmsd": 1.6585346460342407,
        "dihedral_counts": [
            11,
            7,
            6,
            5
        ],
        "seq_len": 15,
        "num_sc": 11
    }
}