{
    "all": {
        "mean_mae": [
            28.79134750366211,
            22.60301399230957,
            28.23912811279297,
            14.132962226867676
        ],
        "mae_sr": 0.6133333444595337,
        "rmsd": 0.8621012568473816,
        "dihedral_counts": [
            150,
            114,
            31,
            12
        ],
        "seq_len": 193,
        "num_sc": 150,
        "clash_info": {
            "100": {
                "num_clashes": 67,
                "num_atom_pairs": 678375,
                "energy": 11.20057487487793
            },
            "90": {
                "num_clashes": 10,
                "num_atom_pairs": 678375,
                "energy": 1.6993610858917236
            },
            "80": {
                "num_clashes": 1,
                "num_atom_pairs": 678375,
                "energy": 0.12895441055297852
            }
        },
        "ca_rmsd": 17.85369873046875
    },
    "core": {
        "mean_mae": [
            16.834293365478516,
            8.222003936767578,
            6.76173210144043,
            0.0
        ],
        "mae_sr": 0.8636363744735718,
        "rmsd": 0.43229416012763977,
        "dihedral_counts": [
            22,
            19,
            2,
            0
        ],
        "seq_len": 52,
        "num_sc": 22
    },
    "surface": {
        "mean_mae": [
            31.053020477294922,
            27.901182174682617,
            23.14397430419922,
            14.132962226867676
        ],
        "mae_sr": 0.5154638886451721,
        "rmsd": 0.9874594807624817,
        "dihedral_counts": [
            97,
            72,
            27,
            12
        ],
        "seq_len": 108,
        "num_sc": 97
    }
}