{
    "all": {
        "mean_mae": [
            23.92069435119629,
            32.8113899230957,
            46.41445541381836,
            60.889766693115234
        ],
        "mae_sr": 0.5635359287261963,
        "rmsd": 0.9281015396118164,
        "dihedral_counts": [
            181,
            142,
            44,
            22
        ],
        "seq_len": 211,
        "num_sc": 181,
        "clash_info": {
            "100": {
                "num_clashes": 108,
                "num_atom_pairs": 1044501,
                "energy": 23.739259719848633
            },
            "90": {
                "num_clashes": 19,
                "num_atom_pairs": 1044501,
                "energy": 6.546076774597168
            },
            "80": {
                "num_clashes": 5,
                "num_atom_pairs": 1044501,
                "energy": 2.4439802169799805
            }
        },
        "ca_rmsd": 11.992392539978027
    },
    "core": {
        "mean_mae": [
            12.777647018432617,
            21.017915725708008,
            58.29833221435547,
            52.142822265625
        ],
        "mae_sr": 0.75,
        "rmsd": 0.5649799108505249,
        "dihedral_counts": [
            36,
            27,
            5,
            3
        ],
        "seq_len": 41,
        "num_sc": 36
    },
    "surface": {
        "mean_mae": [
            32.810726165771484,
            38.428096771240234,
            47.46896743774414,
            52.70075225830078
        ],
        "mae_sr": 0.4727272689342499,
        "rmsd": 1.1059775352478027,
        "dihedral_counts": [
            110,
            83,
            31,
            16
        ],
        "seq_len": 130,
        "num_sc": 110
    }
}