{
    "all": {
        "mean_mae": [
            44.34272003173828,
            32.2454719543457,
            60.44404602050781,
            63.51201248168945
        ],
        "mae_sr": 0.42574256658554077,
        "rmsd": 1.1806153059005737,
        "dihedral_counts": [
            303,
            232,
            72,
            32
        ],
        "seq_len": 390,
        "num_sc": 303,
        "clash_info": {
            "100": {
                "num_clashes": 118,
                "num_atom_pairs": 2730574,
                "energy": 22.171443939208984
            },
            "90": {
                "num_clashes": 23,
                "num_atom_pairs": 2730574,
                "energy": 5.829710960388184
            },
            "80": {
                "num_clashes": 9,
                "num_atom_pairs": 2730574,
                "energy": 1.2860641479492188
            }
        },
        "ca_rmsd": 115.62577819824219
    },
    "core": {
        "mean_mae": [
            36.76478576660156,
            35.75845718383789,
            88.59748077392578,
            70.99666595458984
        ],
        "mae_sr": 0.46666666865348816,
        "rmsd": 1.015619158744812,
        "dihedral_counts": [
            30,
            16,
            7,
            3
        ],
        "seq_len": 67,
        "num_sc": 30
    },
    "surface": {
        "mean_mae": [
            47.50925064086914,
            33.522525787353516,
            56.70191192626953,
            65.43302154541016
        ],
        "mae_sr": 0.4139344394207001,
        "rmsd": 1.23793363571167,
        "dihedral_counts": [
            244,
            190,
            55,
            26
        ],
        "seq_len": 291,
        "num_sc": 244
    }
}