{
    "all": {
        "mean_mae": [
            33.25382995605469,
            31.54772186279297,
            54.72167205810547,
            75.95492553710938
        ],
        "mae_sr": 0.5315789580345154,
        "rmsd": 0.9802396297454834,
        "dihedral_counts": [
            570,
            392,
            109,
            47
        ],
        "seq_len": 688,
        "num_sc": 570,
        "clash_info": {
            "100": {
                "num_clashes": 366,
                "num_atom_pairs": 9972259,
                "energy": 71.24247741699219
            },
            "90": {
                "num_clashes": 63,
                "num_atom_pairs": 9972259,
                "energy": 13.059539794921875
            },
            "80": {
                "num_clashes": 12,
                "num_atom_pairs": 9972259,
                "energy": 1.5673770904541016
            }
        },
        "ca_rmsd": 9.110735893249512
    },
    "core": {
        "mean_mae": [
            21.910091400146484,
            19.992961883544922,
            57.1916618347168,
            51.448116302490234
        ],
        "mae_sr": 0.6610878705978394,
        "rmsd": 0.6464123129844666,
        "dihedral_counts": [
            239,
            166,
            33,
            11
        ],
        "seq_len": 288,
        "num_sc": 239
    },
    "surface": {
        "mean_mae": [
            45.67729949951172,
            40.17219543457031,
            56.50816345214844,
            82.69293975830078
        ],
        "mae_sr": 0.4285714328289032,
        "rmsd": 1.198502779006958,
        "dihedral_counts": [
            189,
            123,
            36,
            14
        ],
        "seq_len": 229,
        "num_sc": 189
    }
}