{
    "all": {
        "mean_mae": [
            53.84477615356445,
            47.65287780761719,
            52.78901672363281,
            62.22175979614258
        ],
        "mae_sr": 0.279720276594162,
        "rmsd": 1.8641338348388672,
        "dihedral_counts": [
            143,
            121,
            36,
            16
        ],
        "seq_len": 173,
        "num_sc": 143,
        "clash_info": {
            "100": {
                "num_clashes": 37,
                "num_atom_pairs": 708935,
                "energy": 7.273012161254883
            },
            "90": {
                "num_clashes": 7,
                "num_atom_pairs": 708935,
                "energy": 0.6671552658081055
            },
            "80": {
                "num_clashes": 0,
                "num_atom_pairs": 708935,
                "energy": 0.0
            }
        },
        "ca_rmsd": 16.010011672973633
    },
    "core": {
        "mean_mae": [
            53.8689079284668,
            37.13062286376953,
            25.651613235473633,
            67.62940216064453
        ],
        "mae_sr": 0.3255814015865326,
        "rmsd": 1.849785327911377,
        "dihedral_counts": [
            43,
            33,
            6,
            3
        ],
        "seq_len": 66,
        "num_sc": 43
    },
    "surface": {
        "mean_mae": [
            52.990631103515625,
            58.210418701171875,
            61.03642654418945,
            73.4441909790039
        ],
        "mae_sr": 0.22857142984867096,
        "rmsd": 1.7632670402526855,
        "dihedral_counts": [
            70,
            62,
            24,
            9
        ],
        "seq_len": 75,
        "num_sc": 70
    }
}