{
    "all": {
        "mean_mae": [
            48.08543395996094,
            37.17678451538086,
            59.32118225097656,
            50.35175323486328
        ],
        "mae_sr": 0.45049506425857544,
        "rmsd": 1.4291727542877197,
        "dihedral_counts": [
            202,
            154,
            36,
            20
        ],
        "seq_len": 241,
        "num_sc": 202,
        "clash_info": {
            "100": {
                "num_clashes": 83,
                "num_atom_pairs": 1256288,
                "energy": 17.429494857788086
            },
            "90": {
                "num_clashes": 20,
                "num_atom_pairs": 1256288,
                "energy": 4.3963494300842285
            },
            "80": {
                "num_clashes": 6,
                "num_atom_pairs": 1256288,
                "energy": 1.1217408180236816
            }
        },
        "ca_rmsd": 18.040176391601562
    },
    "core": {
        "mean_mae": [
            37.744449615478516,
            36.092552185058594,
            56.295169830322266,
            73.77767944335938
        ],
        "mae_sr": 0.5428571701049805,
        "rmsd": 1.1200634241104126,
        "dihedral_counts": [
            35,
            28,
            3,
            2
        ],
        "seq_len": 40,
        "num_sc": 35
    },
    "surface": {
        "mean_mae": [
            54.99104690551758,
            44.08564376831055,
            66.50663757324219,
            48.0958366394043
        ],
        "mae_sr": 0.4047619104385376,
        "rmsd": 1.5951484441757202,
        "dihedral_counts": [
            126,
            91,
            25,
            12
        ],
        "seq_len": 155,
        "num_sc": 126
    }
}