{
    "all": {
        "mean_mae": [
            29.93505096435547,
            30.839086532592773,
            57.867088317871094,
            63.60935974121094
        ],
        "mae_sr": 0.5719178318977356,
        "rmsd": 1.0344657897949219,
        "dihedral_counts": [
            292,
            222,
            75,
            33
        ],
        "seq_len": 384,
        "num_sc": 292,
        "clash_info": {
            "100": {
                "num_clashes": 182,
                "num_atom_pairs": 3090279,
                "energy": 38.01366424560547
            },
            "90": {
                "num_clashes": 35,
                "num_atom_pairs": 3090279,
                "energy": 7.63653564453125
            },
            "80": {
                "num_clashes": 6,
                "num_atom_pairs": 3090279,
                "energy": 1.9561755657196045
            }
        },
        "ca_rmsd": 8.908787727355957
    },
    "core": {
        "mean_mae": [
            18.665876388549805,
            22.8675537109375,
            50.334083557128906,
            79.94876098632812
        ],
        "mae_sr": 0.7319587469100952,
        "rmsd": 0.6090021133422852,
        "dihedral_counts": [
            97,
            75,
            11,
            3
        ],
        "seq_len": 124,
        "num_sc": 97
    },
    "surface": {
        "mean_mae": [
            40.3788948059082,
            33.42039108276367,
            55.08020782470703,
            68.1209487915039
        ],
        "mae_sr": 0.4560000002384186,
        "rmsd": 1.300398826599121,
        "dihedral_counts": [
            125,
            97,
            39,
            19
        ],
        "seq_len": 172,
        "num_sc": 125
    }
}