{
    "all": {
        "mean_mae": [
            28.027475357055664,
            27.846115112304688,
            56.84342575073242,
            63.598453521728516
        ],
        "mae_sr": 0.5625,
        "rmsd": 0.918528139591217,
        "dihedral_counts": [
            240,
            186,
            63,
            34
        ],
        "seq_len": 310,
        "num_sc": 240,
        "clash_info": {
            "100": {
                "num_clashes": 144,
                "num_atom_pairs": 1863165,
                "energy": 29.55998420715332
            },
            "90": {
                "num_clashes": 32,
                "num_atom_pairs": 1863165,
                "energy": 6.3077898025512695
            },
            "80": {
                "num_clashes": 6,
                "num_atom_pairs": 1863165,
                "energy": 1.0915591716766357
            }
        },
        "ca_rmsd": 16.49767303466797
    },
    "core": {
        "mean_mae": [
            17.376562118530273,
            17.04560089111328,
            53.756656646728516,
            36.27701187133789
        ],
        "mae_sr": 0.75,
        "rmsd": 0.5833877325057983,
        "dihedral_counts": [
            92,
            68,
            15,
            7
        ],
        "seq_len": 135,
        "num_sc": 92
    },
    "surface": {
        "mean_mae": [
            34.818267822265625,
            33.94736099243164,
            45.23667907714844,
            60.74815368652344
        ],
        "mae_sr": 0.43478259444236755,
        "rmsd": 1.1512627601623535,
        "dihedral_counts": [
            92,
            74,
            32,
            18
        ],
        "seq_len": 112,
        "num_sc": 92
    }
}