{
    "all": {
        "mean_mae": [
            41.3882942199707,
            40.936187744140625,
            51.74599075317383,
            69.34591674804688
        ],
        "mae_sr": 0.43448275327682495,
        "rmsd": 1.2596625089645386,
        "dihedral_counts": [
            290,
            217,
            73,
            35
        ],
        "seq_len": 343,
        "num_sc": 290,
        "clash_info": {
            "100": {
                "num_clashes": 87,
                "num_atom_pairs": 2537697,
                "energy": 11.642351150512695
            },
            "90": {
                "num_clashes": 9,
                "num_atom_pairs": 2537697,
                "energy": 2.224174737930298
            },
            "80": {
                "num_clashes": 3,
                "num_atom_pairs": 2537697,
                "energy": 0.4413421154022217
            }
        },
        "ca_rmsd": 28.30461883544922
    },
    "core": {
        "mean_mae": [
            6.3423566818237305,
            13.159628868103027,
            0.0,
            0.0
        ],
        "mae_sr": 0.8947368264198303,
        "rmsd": 0.2721616327762604,
        "dihedral_counts": [
            19,
            11,
            0,
            0
        ],
        "seq_len": 23,
        "num_sc": 19
    },
    "surface": {
        "mean_mae": [
            43.674354553222656,
            43.397586822509766,
            53.17402267456055,
            63.107627868652344
        ],
        "mae_sr": 0.39759036898612976,
        "rmsd": 1.3463256359100342,
        "dihedral_counts": [
            249,
            192,
            63,
            29
        ],
        "seq_len": 295,
        "num_sc": 249
    }
}