{
    "all": {
        "mean_mae": [
            24.636987686157227,
            20.162761688232422,
            38.23673629760742,
            41.39038848876953
        ],
        "mae_sr": 0.5858585834503174,
        "rmsd": 0.8459949493408203,
        "dihedral_counts": [
            198,
            160,
            62,
            34
        ],
        "seq_len": 223,
        "num_sc": 198,
        "clash_info": {
            "100": {
                "num_clashes": 47,
                "num_atom_pairs": 1212729,
                "energy": 5.7848076820373535
            },
            "90": {
                "num_clashes": 5,
                "num_atom_pairs": 1212729,
                "energy": 0.3132963180541992
            },
            "80": {
                "num_clashes": 0,
                "num_atom_pairs": 1212729,
                "energy": 0.0
            }
        },
        "ca_rmsd": 1.1909496784210205
    },
    "core": {
        "mean_mae": [
            13.197545051574707,
            11.165266036987305,
            20.680192947387695,
            34.464569091796875
        ],
        "mae_sr": 0.8115941882133484,
        "rmsd": 0.4411720931529999,
        "dihedral_counts": [
            69,
            50,
            12,
            5
        ],
        "seq_len": 80,
        "num_sc": 69
    },
    "surface": {
        "mean_mae": [
            35.99956130981445,
            26.135509490966797,
            45.28315353393555,
            41.242610931396484
        ],
        "mae_sr": 0.410526305437088,
        "rmsd": 1.2186967134475708,
        "dihedral_counts": [
            95,
            79,
            40,
            24
        ],
        "seq_len": 105,
        "num_sc": 95
    }
}