{
    "all": {
        "mean_mae": [
            37.017547607421875,
            33.933067321777344,
            56.71761703491211,
            74.17364501953125
        ],
        "mae_sr": 0.43987342715263367,
        "rmsd": 1.0428767204284668,
        "dihedral_counts": [
            316,
            238,
            71,
            31
        ],
        "seq_len": 518,
        "num_sc": 316,
        "clash_info": {
            "100": {
                "num_clashes": 32,
                "num_atom_pairs": 3186781,
                "energy": 5.089613914489746
            },
            "90": {
                "num_clashes": 7,
                "num_atom_pairs": 3186781,
                "energy": 0.6623330116271973
            },
            "80": {
                "num_clashes": 0,
                "num_atom_pairs": 3186781,
                "energy": 0.0
            }
        },
        "ca_rmsd": 190.44386291503906
    },
    "core": {
        "mean_mae": [
            33.76283264160156,
            32.95320129394531,
            42.38575744628906,
            47.23750686645508
        ],
        "mae_sr": 0.5199999809265137,
        "rmsd": 0.7326223850250244,
        "dihedral_counts": [
            25,
            17,
            4,
            2
        ],
        "seq_len": 151,
        "num_sc": 25
    },
    "surface": {
        "mean_mae": [
            38.05506896972656,
            34.50598907470703,
            59.251312255859375,
            77.91230010986328
        ],
        "mae_sr": 0.4280155599117279,
        "rmsd": 1.0925369262695312,
        "dihedral_counts": [
            257,
            197,
            61,
            26
        ],
        "seq_len": 326,
        "num_sc": 257
    }
}