{
    "all": {
        "mean_mae": [
            20.923240661621094,
            21.467681884765625,
            39.07465744018555,
            58.189674377441406
        ],
        "mae_sr": 0.6781609058380127,
        "rmsd": 0.6858845949172974,
        "dihedral_counts": [
            261,
            194,
            65,
            26
        ],
        "seq_len": 369,
        "num_sc": 261,
        "clash_info": {
            "100": {
                "num_clashes": 55,
                "num_atom_pairs": 2193283,
                "energy": 6.471586227416992
            },
            "90": {
                "num_clashes": 2,
                "num_atom_pairs": 2193283,
                "energy": 0.590928316116333
            },
            "80": {
                "num_clashes": 1,
                "num_atom_pairs": 2193283,
                "energy": 0.11870503425598145
            }
        },
        "ca_rmsd": 89.95677947998047
    },
    "core": {
        "mean_mae": [
            13.280548095703125,
            14.738226890563965,
            33.32530975341797,
            30.019498825073242
        ],
        "mae_sr": 0.8016529083251953,
        "rmsd": 0.46080756187438965,
        "dihedral_counts": [
            121,
            83,
            18,
            7
        ],
        "seq_len": 197,
        "num_sc": 121
    },
    "surface": {
        "mean_mae": [
            27.96329689025879,
            28.05059051513672,
            44.09965515136719,
            71.4390640258789
        ],
        "mae_sr": 0.5444444417953491,
        "rmsd": 0.9560307860374451,
        "dihedral_counts": [
            90,
            74,
            33,
            15
        ],
        "seq_len": 112,
        "num_sc": 90
    }
}