{
    "all": {
        "mean_mae": [
            24.7242374420166,
            23.033180236816406,
            45.23497772216797,
            41.75996017456055
        ],
        "mae_sr": 0.6470588445663452,
        "rmsd": 0.7471391558647156,
        "dihedral_counts": [
            204,
            158,
            55,
            30
        ],
        "seq_len": 313,
        "num_sc": 204,
        "clash_info": {
            "100": {
                "num_clashes": 39,
                "num_atom_pairs": 1480803,
                "energy": 2.677122116088867
            },
            "90": {
                "num_clashes": 0,
                "num_atom_pairs": 1480803,
                "energy": 0.0
            },
            "80": {
                "num_clashes": 0,
                "num_atom_pairs": 1480803,
                "energy": 0.0
            }
        },
        "ca_rmsd": 29.82259750366211
    },
    "core": {
        "mean_mae": [
            12.478976249694824,
            15.63969898223877,
            46.56977844238281,
            30.54180908203125
        ],
        "mae_sr": 0.7710843086242676,
        "rmsd": 0.4572151005268097,
        "dihedral_counts": [
            83,
            64,
            17,
            8
        ],
        "seq_len": 150,
        "num_sc": 83
    },
    "surface": {
        "mean_mae": [
            33.57526397705078,
            31.020963668823242,
            42.2901496887207,
            49.868133544921875
        ],
        "mae_sr": 0.517241358757019,
        "rmsd": 0.9971267580986023,
        "dihedral_counts": [
            87,
            67,
            31,
            16
        ],
        "seq_len": 116,
        "num_sc": 87
    }
}