{
    "all": {
        "mean_mae": [
            32.53165054321289,
            31.689489364624023,
            51.9570198059082,
            75.2826919555664
        ],
        "mae_sr": 0.4333333373069763,
        "rmsd": 1.0270837545394897,
        "dihedral_counts": [
            240,
            188,
            94,
            47
        ],
        "seq_len": 273,
        "num_sc": 240,
        "clash_info": {
            "100": {
                "num_clashes": 65,
                "num_atom_pairs": 1731717,
                "energy": 10.135665893554688
            },
            "90": {
                "num_clashes": 10,
                "num_atom_pairs": 1731717,
                "energy": 1.8514491319656372
            },
            "80": {
                "num_clashes": 2,
                "num_atom_pairs": 1731717,
                "energy": 0.38288605213165283
            }
        },
        "ca_rmsd": 2.9445269107818604
    },
    "core": {
        "mean_mae": [
            15.664945602416992,
            15.129908561706543,
            60.75651168823242,
            96.9525375366211
        ],
        "mae_sr": 0.7547169923782349,
        "rmsd": 0.5158646702766418,
        "dihedral_counts": [
            53,
            41,
            6,
            3
        ],
        "seq_len": 63,
        "num_sc": 53
    },
    "surface": {
        "mean_mae": [
            43.65789031982422,
            40.209232330322266,
            53.0610237121582,
            75.04731750488281
        ],
        "mae_sr": 0.3181818127632141,
        "rmsd": 1.3399417400360107,
        "dihedral_counts": [
            132,
            105,
            67,
            32
        ],
        "seq_len": 146,
        "num_sc": 132
    }
}