{
    "all": {
        "mean_mae": [
            17.68754768371582,
            15.02802562713623,
            46.033931732177734,
            68.3214111328125
        ],
        "mae_sr": 0.7068965435028076,
        "rmsd": 0.5673509836196899,
        "dihedral_counts": [
            116,
            79,
            22,
            11
        ],
        "seq_len": 141,
        "num_sc": 116,
        "clash_info": {
            "100": {
                "num_clashes": 32,
                "num_atom_pairs": 385526,
                "energy": 4.663335800170898
            },
            "90": {
                "num_clashes": 4,
                "num_atom_pairs": 385526,
                "energy": 0.8534703254699707
            },
            "80": {
                "num_clashes": 1,
                "num_atom_pairs": 385526,
                "energy": 0.026405811309814453
            }
        },
        "ca_rmsd": 6.094826698303223
    },
    "core": {
        "mean_mae": [
            13.828376770019531,
            6.363121509552002,
            39.74673843383789,
            61.5545539855957
        ],
        "mae_sr": 0.800000011920929,
        "rmsd": 0.3808329403400421,
        "dihedral_counts": [
            50,
            35,
            7,
            3
        ],
        "seq_len": 65,
        "num_sc": 50
    },
    "surface": {
        "mean_mae": [
            22.464412689208984,
            18.917112350463867,
            51.24727249145508,
            85.15099334716797
        ],
        "mae_sr": 0.6326530575752258,
        "rmsd": 0.6225388050079346,
        "dihedral_counts": [
            49,
            31,
            8,
            4
        ],
        "seq_len": 58,
        "num_sc": 49
    }
}