{
    "all": {
        "mean_mae": [
            53.08409881591797,
            44.37014389038086,
            51.960693359375,
            67.69824981689453
        ],
        "mae_sr": 0.24468085169792175,
        "rmsd": 1.4701851606369019,
        "dihedral_counts": [
            94,
            78,
            29,
            11
        ],
        "seq_len": 100,
        "num_sc": 94,
        "clash_info": {
            "100": {
                "num_clashes": 16,
                "num_atom_pairs": 266728,
                "energy": 1.3855068683624268
            },
            "90": {
                "num_clashes": 0,
                "num_atom_pairs": 266728,
                "energy": 0.0
            },
            "80": {
                "num_clashes": 0,
                "num_atom_pairs": 266728,
                "energy": 0.0
            }
        },
        "ca_rmsd": 16.51620101928711
    },
    "core": {
        "mean_mae": [
            41.501686096191406,
            49.12602233886719,
            75.8856430053711,
            0.0
        ],
        "mae_sr": 0.20000000298023224,
        "rmsd": 1.2752131223678589,
        "dihedral_counts": [
            10,
            10,
            1,
            0
        ],
        "seq_len": 10,
        "num_sc": 10
    },
    "surface": {
        "mean_mae": [
            59.687828063964844,
            43.73046875,
            45.29167556762695,
            71.03292083740234
        ],
        "mae_sr": 0.22413793206214905,
        "rmsd": 1.583032488822937,
        "dihedral_counts": [
            58,
            47,
            22,
            9
        ],
        "seq_len": 63,
        "num_sc": 58
    }
}