{
    "all": {
        "mean_mae": [
            47.76913833618164,
            36.060585021972656,
            70.6304931640625,
            110.50257873535156
        ],
        "mae_sr": 0.3625730872154236,
        "rmsd": 1.2814538478851318,
        "dihedral_counts": [
            171,
            118,
            36,
            14
        ],
        "seq_len": 232,
        "num_sc": 171,
        "clash_info": {
            "100": {
                "num_clashes": 28,
                "num_atom_pairs": 893244,
                "energy": 4.910562038421631
            },
            "90": {
                "num_clashes": 5,
                "num_atom_pairs": 893244,
                "energy": 1.4117614030838013
            },
            "80": {
                "num_clashes": 2,
                "num_atom_pairs": 893244,
                "energy": 0.476909875869751
            }
        },
        "ca_rmsd": 74.38883209228516
    },
    "core": {
        "mean_mae": [
            16.51540184020996,
            10.53357219696045,
            0.0,
            0.0
        ],
        "mae_sr": 0.7692307829856873,
        "rmsd": 0.5853968262672424,
        "dihedral_counts": [
            13,
            6,
            0,
            0
        ],
        "seq_len": 35,
        "num_sc": 13
    },
    "surface": {
        "mean_mae": [
            54.089359283447266,
            38.46643829345703,
            75.68317413330078,
            120.16759490966797
        ],
        "mae_sr": 0.31617647409439087,
        "rmsd": 1.4083983898162842,
        "dihedral_counts": [
            136,
            95,
            31,
            12
        ],
        "seq_len": 172,
        "num_sc": 136
    }
}