{
    "all": {
        "mean_mae": [
            28.89239501953125,
            36.42332458496094,
            53.989742279052734,
            77.7516098022461
        ],
        "mae_sr": 0.5671641826629639,
        "rmsd": 1.1094685792922974,
        "dihedral_counts": [
            67,
            52,
            24,
            8
        ],
        "seq_len": 74,
        "num_sc": 67,
        "clash_info": {
            "100": {
                "num_clashes": 20,
                "num_atom_pairs": 135982,
                "energy": 3.0783908367156982
            },
            "90": {
                "num_clashes": 3,
                "num_atom_pairs": 135982,
                "energy": 0.2853548526763916
            },
            "80": {
                "num_clashes": 0,
                "num_atom_pairs": 135982,
                "energy": 0.0
            }
        },
        "ca_rmsd": 7.675440788269043
    },
    "core": {
        "mean_mae": [
            4.891624450683594,
            22.028656005859375,
            59.933982849121094,
            72.24021911621094
        ],
        "mae_sr": 0.6666666865348816,
        "rmsd": 0.7088029980659485,
        "dihedral_counts": [
            12,
            9,
            5,
            2
        ],
        "seq_len": 15,
        "num_sc": 12
    },
    "surface": {
        "mean_mae": [
            39.466365814208984,
            48.166683197021484,
            54.27915954589844,
            79.58873748779297
        ],
        "mae_sr": 0.4651162922382355,
        "rmsd": 1.3928595781326294,
        "dihedral_counts": [
            43,
            33,
            18,
            6
        ],
        "seq_len": 45,
        "num_sc": 43
    }
}