{
    "all": {
        "mean_mae": [
            28.94157600402832,
            27.873750686645508,
            57.44890213012695,
            55.088130950927734
        ],
        "mae_sr": 0.5680000185966492,
        "rmsd": 0.823069155216217,
        "dihedral_counts": [
            125,
            97,
            28,
            14
        ],
        "seq_len": 142,
        "num_sc": 125,
        "clash_info": {
            "100": {
                "num_clashes": 55,
                "num_atom_pairs": 499612,
                "energy": 9.457962036132812
            },
            "90": {
                "num_clashes": 9,
                "num_atom_pairs": 499612,
                "energy": 1.2794430255889893
            },
            "80": {
                "num_clashes": 1,
                "num_atom_pairs": 499612,
                "energy": 0.33200716972351074
            }
        },
        "ca_rmsd": 2.0966341495513916
    },
    "core": {
        "mean_mae": [
            24.43565559387207,
            17.764129638671875,
            18.90705680847168,
            0.0
        ],
        "mae_sr": 0.7272727489471436,
        "rmsd": 0.6133334636688232,
        "dihedral_counts": [
            44,
            33,
            4,
            0
        ],
        "seq_len": 53,
        "num_sc": 44
    },
    "surface": {
        "mean_mae": [
            33.583126068115234,
            39.54258728027344,
            62.2838249206543,
            57.45751953125
        ],
        "mae_sr": 0.4166666567325592,
        "rmsd": 1.0648369789123535,
        "dihedral_counts": [
            60,
            50,
            21,
            13
        ],
        "seq_len": 66,
        "num_sc": 60
    }
}