{
    "all": {
        "mean_mae": [
            24.660310745239258,
            29.206737518310547,
            49.34780502319336,
            78.5242919921875
        ],
        "mae_sr": 0.5145630836486816,
        "rmsd": 0.7569693326950073,
        "dihedral_counts": [
            309,
            229,
            52,
            20
        ],
        "seq_len": 408,
        "num_sc": 309,
        "clash_info": {
            "100": {
                "num_clashes": 97,
                "num_atom_pairs": 3183730,
                "energy": 15.525858879089355
            },
            "90": {
                "num_clashes": 11,
                "num_atom_pairs": 3183730,
                "energy": 1.7368197441101074
            },
            "80": {
                "num_clashes": 2,
                "num_atom_pairs": 3183730,
                "energy": 0.4781923294067383
            }
        },
        "ca_rmsd": 8.774670600891113
    },
    "core": {
        "mean_mae": [
            18.18808937072754,
            25.129985809326172,
            37.49794387817383,
            47.30097198486328
        ],
        "mae_sr": 0.5942028760910034,
        "rmsd": 0.5705147385597229,
        "dihedral_counts": [
            138,
            99,
            21,
            7
        ],
        "seq_len": 184,
        "num_sc": 138
    },
    "surface": {
        "mean_mae": [
            35.022762298583984,
            40.06649398803711,
            53.192996978759766,
            95.33684539794922
        ],
        "mae_sr": 0.3461538553237915,
        "rmsd": 1.1002193689346313,
        "dihedral_counts": [
            104,
            81,
            23,
            13
        ],
        "seq_len": 130,
        "num_sc": 104
    }
}