{
    "all": {
        "mean_mae": [
            18.67404556274414,
            18.43886375427246,
            42.63090133666992,
            58.39121627807617
        ],
        "mae_sr": 0.6126126050949097,
        "rmsd": 0.7498408555984497,
        "dihedral_counts": [
            111,
            79,
            33,
            18
        ],
        "seq_len": 202,
        "num_sc": 111,
        "clash_info": {
            "100": {
                "num_clashes": 20,
                "num_atom_pairs": 379543,
                "energy": 4.07572078704834
            },
            "90": {
                "num_clashes": 5,
                "num_atom_pairs": 379543,
                "energy": 0.9894628524780273
            },
            "80": {
                "num_clashes": 1,
                "num_atom_pairs": 379543,
                "energy": 0.049926042556762695
            }
        },
        "ca_rmsd": 21.903318405151367
    },
    "core": {
        "mean_mae": [
            10.740562438964844,
            10.088146209716797,
            28.59614372253418,
            35.84129333496094
        ],
        "mae_sr": 0.8333333134651184,
        "rmsd": 0.3767520487308502,
        "dihedral_counts": [
            24,
            13,
            3,
            1
        ],
        "seq_len": 101,
        "num_sc": 24
    },
    "surface": {
        "mean_mae": [
            26.206911087036133,
            26.249982833862305,
            46.7616081237793,
            64.60328674316406
        ],
        "mae_sr": 0.4285714328289032,
        "rmsd": 1.0962414741516113,
        "dihedral_counts": [
            56,
            45,
            23,
            13
        ],
        "seq_len": 67,
        "num_sc": 56
    }
}