{
    "all": {
        "mean_mae": [
            44.76499938964844,
            50.13039016723633,
            57.7490348815918,
            24.732763290405273
        ],
        "mae_sr": 0.4439024329185486,
        "rmsd": 1.3415230512619019,
        "dihedral_counts": [
            205,
            148,
            39,
            17
        ],
        "seq_len": 261,
        "num_sc": 205,
        "clash_info": {
            "100": {
                "num_clashes": 180,
                "num_atom_pairs": 1501482,
                "energy": 51.25722885131836
            },
            "90": {
                "num_clashes": 51,
                "num_atom_pairs": 1501482,
                "energy": 17.443340301513672
            },
            "80": {
                "num_clashes": 19,
                "num_atom_pairs": 1501482,
                "energy": 7.071864604949951
            }
        },
        "ca_rmsd": 14.161456108093262
    },
    "core": {
        "mean_mae": [
            36.92459487915039,
            42.631752014160156,
            71.33026123046875,
            18.926597595214844
        ],
        "mae_sr": 0.5731707215309143,
        "rmsd": 1.047670841217041,
        "dihedral_counts": [
            82,
            57,
            7,
            2
        ],
        "seq_len": 109,
        "num_sc": 82
    },
    "surface": {
        "mean_mae": [
            53.723182678222656,
            52.39037322998047,
            66.57058715820312,
            25.222675323486328
        ],
        "mae_sr": 0.3372093141078949,
        "rmsd": 1.5593451261520386,
        "dihedral_counts": [
            86,
            61,
            22,
            8
        ],
        "seq_len": 107,
        "num_sc": 86
    }
}