{
    "all": {
        "mean_mae": [
            26.597702026367188,
            28.817296981811523,
            51.34652328491211,
            57.833377838134766
        ],
        "mae_sr": 0.5142857432365417,
        "rmsd": 0.9452366232872009,
        "dihedral_counts": [
            140,
            113,
            41,
            22
        ],
        "seq_len": 166,
        "num_sc": 140,
        "clash_info": {
            "100": {
                "num_clashes": 56,
                "num_atom_pairs": 664961,
                "energy": 10.669340133666992
            },
            "90": {
                "num_clashes": 10,
                "num_atom_pairs": 664961,
                "energy": 2.574702262878418
            },
            "80": {
                "num_clashes": 2,
                "num_atom_pairs": 664961,
                "energy": 0.7028775215148926
            }
        },
        "ca_rmsd": 6.034849166870117
    },
    "core": {
        "mean_mae": [
            17.61273956298828,
            18.765169143676758,
            35.423763275146484,
            84.7082748413086
        ],
        "mae_sr": 0.761904776096344,
        "rmsd": 0.4773868918418884,
        "dihedral_counts": [
            42,
            31,
            7,
            3
        ],
        "seq_len": 50,
        "num_sc": 42
    },
    "surface": {
        "mean_mae": [
            31.818988800048828,
            35.93379211425781,
            54.755741119384766,
            63.338096618652344
        ],
        "mae_sr": 0.4054054021835327,
        "rmsd": 1.1735994815826416,
        "dihedral_counts": [
            74,
            62,
            27,
            15
        ],
        "seq_len": 91,
        "num_sc": 74
    }
}