{
    "all": {
        "mean_mae": [
            26.062252044677734,
            25.252229690551758,
            53.077674865722656,
            63.55028533935547
        ],
        "mae_sr": 0.6232876777648926,
        "rmsd": 0.9150611162185669,
        "dihedral_counts": [
            292,
            222,
            75,
            33
        ],
        "seq_len": 384,
        "num_sc": 292,
        "clash_info": {
            "100": {
                "num_clashes": 125,
                "num_atom_pairs": 3090279,
                "energy": 19.26896095275879
            },
            "90": {
                "num_clashes": 13,
                "num_atom_pairs": 3090279,
                "energy": 1.8882112503051758
            },
            "80": {
                "num_clashes": 2,
                "num_atom_pairs": 3090279,
                "energy": 0.2148662805557251
            }
        },
        "ca_rmsd": 8.908787727355957
    },
    "core": {
        "mean_mae": [
            15.390416145324707,
            15.044207572937012,
            36.28947448730469,
            81.56576538085938
        ],
        "mae_sr": 0.8144329786300659,
        "rmsd": 0.4970102906227112,
        "dihedral_counts": [
            97,
            75,
            11,
            3
        ],
        "seq_len": 124,
        "num_sc": 97
    },
    "surface": {
        "mean_mae": [
            37.34654235839844,
            30.367340087890625,
            55.33974838256836,
            62.775428771972656
        ],
        "mae_sr": 0.4959999918937683,
        "rmsd": 1.2595562934875488,
        "dihedral_counts": [
            125,
            97,
            39,
            19
        ],
        "seq_len": 172,
        "num_sc": 125
    }
}