{
    "all": {
        "mean_mae": [
            27.01906394958496,
            22.997112274169922,
            39.5439567565918,
            51.3726692199707
        ],
        "mae_sr": 0.6481481194496155,
        "rmsd": 0.7745316028594971,
        "dihedral_counts": [
            108,
            70,
            25,
            10
        ],
        "seq_len": 171,
        "num_sc": 108,
        "clash_info": {
            "100": {
                "num_clashes": 23,
                "num_atom_pairs": 330785,
                "energy": 3.71437931060791
            },
            "90": {
                "num_clashes": 2,
                "num_atom_pairs": 330785,
                "energy": 0.29833507537841797
            },
            "80": {
                "num_clashes": 0,
                "num_atom_pairs": 330785,
                "energy": 0.0
            }
        },
        "ca_rmsd": 20.528545379638672
    },
    "core": {
        "mean_mae": [
            9.72144889831543,
            11.080652236938477,
            66.15108489990234,
            35.29015350341797
        ],
        "mae_sr": 0.8214285969734192,
        "rmsd": 0.32998067140579224,
        "dihedral_counts": [
            28,
            17,
            2,
            1
        ],
        "seq_len": 76,
        "num_sc": 28
    },
    "surface": {
        "mean_mae": [
            34.75812530517578,
            32.57773971557617,
            40.552001953125,
            58.91197204589844
        ],
        "mae_sr": 0.5555555820465088,
        "rmsd": 0.9856784343719482,
        "dihedral_counts": [
            63,
            38,
            18,
            8
        ],
        "seq_len": 76,
        "num_sc": 63
    }
}