{
    "all": {
        "mean_mae": [
            19.752994537353516,
            30.578651428222656,
            49.080326080322266,
            76.0715103149414
        ],
        "mae_sr": 0.6000000238418579,
        "rmsd": 0.8047229647636414,
        "dihedral_counts": [
            40,
            35,
            11,
            5
        ],
        "seq_len": 56,
        "num_sc": 40,
        "clash_info": {
            "100": {
                "num_clashes": 13,
                "num_atom_pairs": 48867,
                "energy": 1.6418085098266602
            },
            "90": {
                "num_clashes": 1,
                "num_atom_pairs": 48867,
                "energy": 0.07018518447875977
            },
            "80": {
                "num_clashes": 0,
                "num_atom_pairs": 48867,
                "energy": 0.0
            }
        },
        "ca_rmsd": 9.649980545043945
    },
    "core": {
        "mean_mae": [
            37.30669021606445,
            44.613555908203125,
            165.08375549316406,
            0.0
        ],
        "mae_sr": 0.6666666865348816,
        "rmsd": 0.6461395025253296,
        "dihedral_counts": [
            3,
            3,
            1,
            0
        ],
        "seq_len": 3,
        "num_sc": 3
    },
    "surface": {
        "mean_mae": [
            18.060344696044922,
            30.455900192260742,
            37.47998046875,
            76.0715103149414
        ],
        "mae_sr": 0.5357142686843872,
        "rmsd": 0.8721762299537659,
        "dihedral_counts": [
            28,
            24,
            10,
            5
        ],
        "seq_len": 43,
        "num_sc": 28
    }
}