{
    "all": {
        "mean_mae": [
            26.300079345703125,
            31.142173767089844,
            57.197532653808594,
            50.77470016479492
        ],
        "mae_sr": 0.563829779624939,
        "rmsd": 1.0260854959487915,
        "dihedral_counts": [
            94,
            84,
            30,
            12
        ],
        "seq_len": 114,
        "num_sc": 94,
        "clash_info": {
            "100": {
                "num_clashes": 40,
                "num_atom_pairs": 306204,
                "energy": 11.54892635345459
            },
            "90": {
                "num_clashes": 13,
                "num_atom_pairs": 306204,
                "energy": 4.565226078033447
            },
            "80": {
                "num_clashes": 5,
                "num_atom_pairs": 306204,
                "energy": 1.8982096910476685
            }
        },
        "ca_rmsd": 9.44445514678955
    },
    "core": {
        "mean_mae": [
            13.015460968017578,
            28.30893898010254,
            61.963626861572266,
            71.3119888305664
        ],
        "mae_sr": 0.7200000286102295,
        "rmsd": 0.8980361223220825,
        "dihedral_counts": [
            25,
            21,
            7,
            4
        ],
        "seq_len": 34,
        "num_sc": 25
    },
    "surface": {
        "mean_mae": [
            33.883888244628906,
            33.529258728027344,
            54.17275619506836,
            42.735801696777344
        ],
        "mae_sr": 0.47999998927116394,
        "rmsd": 1.0835063457489014,
        "dihedral_counts": [
            50,
            45,
            15,
            5
        ],
        "seq_len": 57,
        "num_sc": 50
    }
}