{
    "all": {
        "mean_mae": [
            26.621896743774414,
            32.40282440185547,
            49.98737335205078,
            88.0069580078125
        ],
        "mae_sr": 0.5,
        "rmsd": 1.2030221223831177,
        "dihedral_counts": [
            40,
            35,
            21,
            9
        ],
        "seq_len": 153,
        "num_sc": 40,
        "clash_info": {
            "100": {
                "num_clashes": 5,
                "num_atom_pairs": 57321,
                "energy": 0.10402607917785645
            },
            "90": {
                "num_clashes": 0,
                "num_atom_pairs": 57321,
                "energy": 0.0
            },
            "80": {
                "num_clashes": 0,
                "num_atom_pairs": 57321,
                "energy": 0.0
            }
        },
        "ca_rmsd": 16.799978256225586
    },
    "core": {
        "mean_mae": [
            71.92130279541016,
            48.99274826049805,
            68.55948638916016,
            120.38380432128906
        ],
        "mae_sr": 0.3333333432674408,
        "rmsd": 1.764853835105896,
        "dihedral_counts": [
            3,
            3,
            3,
            1
        ],
        "seq_len": 108,
        "num_sc": 3
    },
    "surface": {
        "mean_mae": [
            22.948970794677734,
            30.847522735595703,
            46.89202117919922,
            83.95985412597656
        ],
        "mae_sr": 0.5135135054588318,
        "rmsd": 1.1574681997299194,
        "dihedral_counts": [
            37,
            32,
            18,
            8
        ],
        "seq_len": 45,
        "num_sc": 37
    }
}