{
    "all": {
        "mean_mae": [
            34.107078552246094,
            40.650962829589844,
            48.41119384765625,
            57.46925354003906
        ],
        "mae_sr": 0.43317973613739014,
        "rmsd": 1.049005150794983,
        "dihedral_counts": [
            217,
            159,
            55,
            23
        ],
        "seq_len": 280,
        "num_sc": 217,
        "clash_info": {
            "100": {
                "num_clashes": 93,
                "num_atom_pairs": 1353198,
                "energy": 15.215911865234375
            },
            "90": {
                "num_clashes": 13,
                "num_atom_pairs": 1353198,
                "energy": 2.2257587909698486
            },
            "80": {
                "num_clashes": 1,
                "num_atom_pairs": 1353198,
                "energy": 0.03144431114196777
            }
        },
        "ca_rmsd": 84.70968627929688
    },
    "core": {
        "mean_mae": [
            22.503862380981445,
            24.205047607421875,
            58.1026611328125,
            137.2080535888672
        ],
        "mae_sr": 0.6382978558540344,
        "rmsd": 0.6147505640983582,
        "dihedral_counts": [
            47,
            35,
            5,
            1
        ],
        "seq_len": 98,
        "num_sc": 47
    },
    "surface": {
        "mean_mae": [
            45.726646423339844,
            53.12602615356445,
            51.063873291015625,
            45.11610794067383
        ],
        "mae_sr": 0.33018869161605835,
        "rmsd": 1.3347853422164917,
        "dihedral_counts": [
            106,
            78,
            32,
            14
        ],
        "seq_len": 115,
        "num_sc": 106
    }
}