{
    "all": {
        "mean_mae": [
            33.41684341430664,
            28.453474044799805,
            45.46988296508789,
            68.85469818115234
        ],
        "mae_sr": 0.5803108811378479,
        "rmsd": 0.8931065797805786,
        "dihedral_counts": [
            193,
            120,
            32,
            15
        ],
        "seq_len": 266,
        "num_sc": 193,
        "clash_info": {
            "100": {
                "num_clashes": 63,
                "num_atom_pairs": 1177355,
                "energy": 9.265796661376953
            },
            "90": {
                "num_clashes": 8,
                "num_atom_pairs": 1177355,
                "energy": 0.5807614326477051
            },
            "80": {
                "num_clashes": 0,
                "num_atom_pairs": 1177355,
                "energy": 0.0
            }
        },
        "ca_rmsd": 112.44181823730469
    },
    "core": {
        "mean_mae": [
            29.77220344543457,
            25.770994186401367,
            8.911364555358887,
            5.2933735847473145
        ],
        "mae_sr": 0.6388888955116272,
        "rmsd": 0.69883131980896,
        "dihedral_counts": [
            72,
            37,
            6,
            3
        ],
        "seq_len": 97,
        "num_sc": 72
    },
    "surface": {
        "mean_mae": [
            47.37238693237305,
            34.80231857299805,
            54.37923812866211,
            91.99996948242188
        ],
        "mae_sr": 0.4545454680919647,
        "rmsd": 1.275421380996704,
        "dihedral_counts": [
            77,
            51,
            17,
            11
        ],
        "seq_len": 112,
        "num_sc": 77
    }
}