{
    "all": {
        "mean_mae": [
            32.98795700073242,
            35.410701751708984,
            68.15621185302734,
            48.03913497924805
        ],
        "mae_sr": 0.5303030014038086,
        "rmsd": 1.0286256074905396,
        "dihedral_counts": [
            66,
            47,
            20,
            12
        ],
        "seq_len": 116,
        "num_sc": 66,
        "clash_info": {
            "100": {
                "num_clashes": 19,
                "num_atom_pairs": 153348,
                "energy": 3.805088520050049
            },
            "90": {
                "num_clashes": 3,
                "num_atom_pairs": 153348,
                "energy": 0.8646886348724365
            },
            "80": {
                "num_clashes": 1,
                "num_atom_pairs": 153348,
                "energy": 0.1918351650238037
            }
        },
        "ca_rmsd": 18.70526695251465
    },
    "core": {
        "mean_mae": [
            5.220620155334473,
            11.148294448852539,
            9.967419624328613,
            2.532078504562378
        ],
        "mae_sr": 0.9333333373069763,
        "rmsd": 0.4010140597820282,
        "dihedral_counts": [
            15,
            10,
            3,
            3
        ],
        "seq_len": 55,
        "num_sc": 15
    },
    "surface": {
        "mean_mae": [
            40.784793853759766,
            43.26594924926758,
            68.99506378173828,
            61.619625091552734
        ],
        "mae_sr": 0.375,
        "rmsd": 1.1914007663726807,
        "dihedral_counts": [
            40,
            28,
            14,
            6
        ],
        "seq_len": 47,
        "num_sc": 40
    }
}