{
    "all": {
        "mean_mae": [
            39.53850173950195,
            38.07839584350586,
            72.26506805419922,
            61.9699821472168
        ],
        "mae_sr": 0.4032258093357086,
        "rmsd": 1.2786002159118652,
        "dihedral_counts": [
            62,
            45,
            22,
            11
        ],
        "seq_len": 350,
        "num_sc": 62,
        "clash_info": {
            "100": {
                "num_clashes": 18,
                "num_atom_pairs": 110271,
                "energy": 2.6182563304901123
            },
            "90": {
                "num_clashes": 3,
                "num_atom_pairs": 110271,
                "energy": 0.2234330177307129
            },
            "80": {
                "num_clashes": 0,
                "num_atom_pairs": 110271,
                "energy": 0.0
            }
        },
        "ca_rmsd": 97.16218566894531
    },
    "core": {
        "mean_mae": [
            3.1123714447021484,
            12.725414276123047,
            0.0,
            0.0
        ],
        "mae_sr": 0.6666666865348816,
        "rmsd": 0.4757215678691864,
        "dihedral_counts": [
            3,
            2,
            0,
            0
        ],
        "seq_len": 283,
        "num_sc": 3
    },
    "surface": {
        "mean_mae": [
            46.34465408325195,
            46.09941101074219,
            72.26506805419922,
            61.9699821472168
        ],
        "mae_sr": 0.2978723347187042,
        "rmsd": 1.5300062894821167,
        "dihedral_counts": [
            47,
            36,
            22,
            11
        ],
        "seq_len": 55,
        "num_sc": 47
    }
}