{
    "all": {
        "mean_mae": [
            41.53688049316406,
            37.90055465698242,
            63.785194396972656,
            68.77459716796875
        ],
        "mae_sr": 0.395652174949646,
        "rmsd": 1.1636501550674438,
        "dihedral_counts": [
            230,
            160,
            50,
            18
        ],
        "seq_len": 306,
        "num_sc": 230,
        "clash_info": {
            "100": {
                "num_clashes": 90,
                "num_atom_pairs": 1684725,
                "energy": 13.090149879455566
            },
            "90": {
                "num_clashes": 11,
                "num_atom_pairs": 1684725,
                "energy": 1.1269135475158691
            },
            "80": {
                "num_clashes": 0,
                "num_atom_pairs": 1684725,
                "energy": 0.0
            }
        },
        "ca_rmsd": 18.51552963256836
    },
    "core": {
        "mean_mae": [
            29.98695945739746,
            28.6337890625,
            73.64299011230469,
            78.80879974365234
        ],
        "mae_sr": 0.5222222208976746,
        "rmsd": 0.9066089987754822,
        "dihedral_counts": [
            90,
            64,
            19,
            7
        ],
        "seq_len": 142,
        "num_sc": 90
    },
    "surface": {
        "mean_mae": [
            52.49831771850586,
            49.42015838623047,
            63.521549224853516,
            57.66215896606445
        ],
        "mae_sr": 0.25531914830207825,
        "rmsd": 1.3676366806030273,
        "dihedral_counts": [
            94,
            64,
            22,
            7
        ],
        "seq_len": 115,
        "num_sc": 94
    }
}