{
    "all": {
        "mean_mae": [
            21.783580780029297,
            14.497413635253906,
            54.45426940917969,
            80.67960357666016
        ],
        "mae_sr": 0.6842105388641357,
        "rmsd": 0.6340047717094421,
        "dihedral_counts": [
            76,
            48,
            13,
            6
        ],
        "seq_len": 103,
        "num_sc": 76,
        "clash_info": {
            "100": {
                "num_clashes": 30,
                "num_atom_pairs": 168800,
                "energy": 5.619571685791016
            },
            "90": {
                "num_clashes": 5,
                "num_atom_pairs": 168800,
                "energy": 0.6913437843322754
            },
            "80": {
                "num_clashes": 0,
                "num_atom_pairs": 168800,
                "energy": 0.0
            }
        },
        "ca_rmsd": 24.735403060913086
    },
    "core": {
        "mean_mae": [
            8.972543716430664,
            7.7504754066467285,
            62.39940643310547,
            163.01304626464844
        ],
        "mae_sr": 0.7647058963775635,
        "rmsd": 0.3308964669704437,
        "dihedral_counts": [
            17,
            12,
            2,
            1
        ],
        "seq_len": 26,
        "num_sc": 17
    },
    "surface": {
        "mean_mae": [
            23.65566062927246,
            20.603839874267578,
            30.133630752563477,
            53.45357894897461
        ],
        "mae_sr": 0.6666666865348816,
        "rmsd": 0.6276869177818298,
        "dihedral_counts": [
            39,
            23,
            6,
            3
        ],
        "seq_len": 56,
        "num_sc": 39
    }
}