{
    "all": {
        "rmsd": 0.8282972574234009,
        "mae_sr": 0.5301851034164429,
        "mean_mae": [
            23.420074462890625,
            27.724475860595703,
            47.576171875,
            53.51865005493164
        ],
        "dihedral_counts": [
            14707,
            11279,
            3812,
            1806
        ],
        "num_sc": 14708,
        "mean_seq_len": 256.1212158203125,
        "ca_rmsd": 6.6999145929003134e-06,
        "clash_info": {
            "100": {
                "energy": 14.833724021911621,
                "num_atom_pairs": 684447.0,
                "num_clashes": 78.5
            },
            "90": {
                "energy": 2.3683114051818848,
                "num_atom_pairs": 684447.0,
                "num_clashes": 12.5
            },
            "80": {
                "energy": 0.5068958401679993,
                "num_atom_pairs": 684447.0,
                "num_clashes": 2.0
            }
        }
    },
    "core": {
        "rmsd": 0.37030279636383057,
        "mae_sr": 0.8366666436195374,
        "mean_mae": [
            7.8983659744262695,
            12.171833992004395,
            28.69085693359375,
            19.339038848876953
        ],
        "dihedral_counts": [
            3815,
            2794,
            529,
            225
        ],
        "num_sc": 3815,
        "mean_seq_len": 68.75757598876953
    },
    "surface": {
        "rmsd": 1.0836936235427856,
        "mae_sr": 0.42990195751190186,
        "mean_mae": [
            29.049175262451172,
            34.80989074707031,
            50.83555603027344,
            57.48280715942383
        ],
        "dihedral_counts": [
            7367,
            5745,
            2433,
            1168
        ],
        "num_sc": 7368,
        "mean_seq_len": 126.8484878540039
    }
}