{
    "all": {
        "mean_mae": [
            9.948678016662598,
            13.678196907043457,
            33.86469268798828,
            53.832157135009766
        ],
        "mae_sr": 0.8167155385017395,
        "rmsd": 0.4262625575065613,
        "dihedral_counts": [
            682,
            480,
            123,
            57
        ],
        "seq_len": 832,
        "num_sc": 682,
        "clash_info": {
            "100": {
                "num_clashes": 260,
                "num_atom_pairs": 14330928,
                "energy": 35.11050796508789
            },
            "90": {
                "num_clashes": 30,
                "num_atom_pairs": 14330928,
                "energy": 4.121338367462158
            },
            "80": {
                "num_clashes": 3,
                "num_atom_pairs": 14330928,
                "energy": 0.5485895872116089
            }
        },
        "ca_rmsd": 1.0789604857563972e-05
    },
    "core": {
        "mean_mae": [
            4.886956214904785,
            7.007767200469971,
            23.878278732299805,
            42.10049819946289
        ],
        "mae_sr": 0.9363057613372803,
        "rmsd": 0.283364862203598,
        "dihedral_counts": [
            314,
            234,
            41,
            23
        ],
        "seq_len": 391,
        "num_sc": 314
    },
    "surface": {
        "mean_mae": [
            16.382131576538086,
            22.53818130493164,
            44.191017150878906,
            46.84515380859375
        ],
        "mae_sr": 0.6965174078941345,
        "rmsd": 0.579184889793396,
        "dihedral_counts": [
            201,
            126,
            40,
            13
        ],
        "seq_len": 242,
        "num_sc": 201
    }
}