{
    "all": {
        "mean_mae": [
            40.69880294799805,
            38.31433868408203,
            47.986785888671875,
            67.01790618896484
        ],
        "mae_sr": 0.3513513505458832,
        "rmsd": 1.2683682441711426,
        "dihedral_counts": [
            592,
            480,
            169,
            75
        ],
        "seq_len": 648,
        "num_sc": 592,
        "clash_info": {
            "100": {
                "num_clashes": 351,
                "num_atom_pairs": 10489017,
                "energy": 95.5291519165039
            },
            "90": {
                "num_clashes": 109,
                "num_atom_pairs": 10489017,
                "energy": 31.42212677001953
            },
            "80": {
                "num_clashes": 28,
                "num_atom_pairs": 10489017,
                "energy": 12.18369197845459
            }
        },
        "ca_rmsd": 1.1699059541570023e-05
    },
    "core": {
        "mean_mae": [
            24.04330062866211,
            26.657737731933594,
            36.70174026489258,
            43.99431228637695
        ],
        "mae_sr": 0.5882353186607361,
        "rmsd": 0.7720857262611389,
        "dihedral_counts": [
            85,
            64,
            11,
            2
        ],
        "seq_len": 99,
        "num_sc": 85
    },
    "surface": {
        "mean_mae": [
            49.10169219970703,
            45.295692443847656,
            50.438507080078125,
            67.31430053710938
        ],
        "mae_sr": 0.24512535333633423,
        "rmsd": 1.529721736907959,
        "dihedral_counts": [
            359,
            300,
            124,
            55
        ],
        "seq_len": 389,
        "num_sc": 359
    }
}