{
    "all": {
        "mean_mae": [
            18.404882431030273,
            24.480302810668945,
            35.73474884033203,
            65.00011444091797
        ],
        "mae_sr": 0.5918367505073547,
        "rmsd": 0.7624690532684326,
        "dihedral_counts": [
            147,
            119,
            36,
            22
        ],
        "seq_len": 170,
        "num_sc": 147,
        "clash_info": {
            "100": {
                "num_clashes": 78,
                "num_atom_pairs": 683768,
                "energy": 17.074260711669922
            },
            "90": {
                "num_clashes": 16,
                "num_atom_pairs": 683768,
                "energy": 4.064892768859863
            },
            "80": {
                "num_clashes": 5,
                "num_atom_pairs": 683768,
                "energy": 0.7108371257781982
            }
        },
        "ca_rmsd": 4.06356912208139e-06
    },
    "core": {
        "mean_mae": [
            7.280419826507568,
            22.497262954711914,
            20.82168960571289,
            65.02137756347656
        ],
        "mae_sr": 0.7894737124443054,
        "rmsd": 0.3969574272632599,
        "dihedral_counts": [
            38,
            26,
            6,
            4
        ],
        "seq_len": 49,
        "num_sc": 38
    },
    "surface": {
        "mean_mae": [
            28.56595230102539,
            31.644500732421875,
            39.61729049682617,
            67.96052551269531
        ],
        "mae_sr": 0.3896103799343109,
        "rmsd": 1.0923513174057007,
        "dihedral_counts": [
            77,
            65,
            27,
            16
        ],
        "seq_len": 84,
        "num_sc": 77
    }
}