{
    "all": {
        "mean_mae": [
            25.79384422302246,
            26.587326049804688,
            49.78382110595703,
            60.52043533325195
        ],
        "mae_sr": 0.5804597735404968,
        "rmsd": 0.7439886331558228,
        "dihedral_counts": [
            174,
            118,
            36,
            20
        ],
        "seq_len": 190,
        "num_sc": 174,
        "clash_info": {
            "100": {
                "num_clashes": 80,
                "num_atom_pairs": 786891,
                "energy": 17.914684295654297
            },
            "90": {
                "num_clashes": 22,
                "num_atom_pairs": 786891,
                "energy": 4.142366409301758
            },
            "80": {
                "num_clashes": 2,
                "num_atom_pairs": 786891,
                "energy": 0.8023762702941895
            }
        },
        "ca_rmsd": 2.3330783278652234e-06
    },
    "core": {
        "mean_mae": [
            8.185949325561523,
            7.440694808959961,
            28.100082397460938,
            5.6666340827941895
        ],
        "mae_sr": 0.8888888955116272,
        "rmsd": 0.26539725065231323,
        "dihedral_counts": [
            45,
            25,
            6,
            3
        ],
        "seq_len": 49,
        "num_sc": 45
    },
    "surface": {
        "mean_mae": [
            37.55807113647461,
            36.62076187133789,
            55.778892517089844,
            76.45291900634766
        ],
        "mae_sr": 0.40860214829444885,
        "rmsd": 1.0772795677185059,
        "dihedral_counts": [
            93,
            68,
            25,
            14
        ],
        "seq_len": 99,
        "num_sc": 93
    }
}