{
    "all": {
        "mean_mae": [
            15.220403671264648,
            17.509004592895508,
            24.670085906982422,
            37.66693878173828
        ],
        "mae_sr": 0.7634408473968506,
        "rmsd": 0.520666778087616,
        "dihedral_counts": [
            93,
            68,
            29,
            14
        ],
        "seq_len": 119,
        "num_sc": 93,
        "clash_info": {
            "100": {
                "num_clashes": 20,
                "num_atom_pairs": 279891,
                "energy": 1.9310381412506104
            },
            "90": {
                "num_clashes": 1,
                "num_atom_pairs": 279891,
                "energy": 0.11772441864013672
            },
            "80": {
                "num_clashes": 0,
                "num_atom_pairs": 279891,
                "energy": 0.0
            }
        },
        "ca_rmsd": 4.410504971019691e-06
    },
    "core": {
        "mean_mae": [
            3.157243490219116,
            4.129720211029053,
            22.374296188354492,
            0.0
        ],
        "mae_sr": 0.95652174949646,
        "rmsd": 0.1801098883152008,
        "dihedral_counts": [
            23,
            15,
            3,
            0
        ],
        "seq_len": 29,
        "num_sc": 23
    },
    "surface": {
        "mean_mae": [
            27.66509437561035,
            27.827062606811523,
            27.289365768432617,
            42.12667465209961
        ],
        "mae_sr": 0.5869565010070801,
        "rmsd": 0.8550544381141663,
        "dihedral_counts": [
            46,
            36,
            22,
            12
        ],
        "seq_len": 59,
        "num_sc": 46
    }
}