{
    "all": {
        "mean_mae": [
            27.052499771118164,
            23.29384422302246,
            74.759521484375,
            40.450775146484375
        ],
        "mae_sr": 0.5092592835426331,
        "rmsd": 1.031722068786621,
        "dihedral_counts": [
            108,
            87,
            28,
            11
        ],
        "seq_len": 125,
        "num_sc": 108,
        "clash_info": {
            "100": {
                "num_clashes": 79,
                "num_atom_pairs": 389340,
                "energy": 36.56553649902344
            },
            "90": {
                "num_clashes": 33,
                "num_atom_pairs": 389340,
                "energy": 19.83087921142578
            },
            "80": {
                "num_clashes": 20,
                "num_atom_pairs": 389340,
                "energy": 11.739049911499023
            }
        },
        "ca_rmsd": 3.369794285390526e-06
    },
    "core": {
        "mean_mae": [
            41.69984817504883,
            14.856379508972168,
            0.0,
            0.0
        ],
        "mae_sr": 0.5,
        "rmsd": 1.6874706745147705,
        "dihedral_counts": [
            4,
            3,
            0,
            0
        ],
        "seq_len": 4,
        "num_sc": 4
    },
    "surface": {
        "mean_mae": [
            26.98409652709961,
            25.814823150634766,
            70.62307739257812,
            43.249229431152344
        ],
        "mae_sr": 0.4935064911842346,
        "rmsd": 0.9913244843482971,
        "dihedral_counts": [
            77,
            62,
            25,
            10
        ],
        "seq_len": 89,
        "num_sc": 77
    }
}