{
    "all": {
        "mean_mae": [
            53.50912094116211,
            45.85293197631836,
            49.66600036621094,
            27.15826988220215
        ],
        "mae_sr": 0.14942528307437897,
        "rmsd": 1.5317188501358032,
        "dihedral_counts": [
            87,
            75,
            29,
            15
        ],
        "seq_len": 95,
        "num_sc": 87,
        "clash_info": {
            "100": {
                "num_clashes": 30,
                "num_atom_pairs": 237281,
                "energy": 5.469428539276123
            },
            "90": {
                "num_clashes": 4,
                "num_atom_pairs": 237281,
                "energy": 1.0522081851959229
            },
            "80": {
                "num_clashes": 1,
                "num_atom_pairs": 237281,
                "energy": 0.20638608932495117
            }
        },
        "ca_rmsd": 2.9701650142669678
    },
    "core": {
        "mean_mae": [
            22.477502822875977,
            40.50763702392578,
            34.43535614013672,
            0.0
        ],
        "mae_sr": 0.1818181872367859,
        "rmsd": 0.9645893573760986,
        "dihedral_counts": [
            11,
            10,
            1,
            0
        ],
        "seq_len": 13,
        "num_sc": 11
    },
    "surface": {
        "mean_mae": [
            63.22846984863281,
            46.72555160522461,
            43.87080001831055,
            27.33072853088379
        ],
        "mae_sr": 0.09259258955717087,
        "rmsd": 1.6932271718978882,
        "dihedral_counts": [
            54,
            45,
            24,
            13
        ],
        "seq_len": 58,
        "num_sc": 54
    }
}