{
    "all": {
        "mean_mae": [
            44.55380630493164,
            43.45093536376953,
            57.03972625732422,
            66.18931579589844
        ],
        "mae_sr": 0.29230770468711853,
        "rmsd": 1.3689759969711304,
        "dihedral_counts": [
            390,
            340,
            91,
            47
        ],
        "seq_len": 426,
        "num_sc": 390,
        "clash_info": {
            "100": {
                "num_clashes": 158,
                "num_atom_pairs": 4626885,
                "energy": 32.886573791503906
            },
            "90": {
                "num_clashes": 32,
                "num_atom_pairs": 4626885,
                "energy": 8.408722877502441
            },
            "80": {
                "num_clashes": 7,
                "num_atom_pairs": 4626885,
                "energy": 2.421861171722412
            }
        },
        "ca_rmsd": 2.46980357170105
    },
    "core": {
        "mean_mae": [
            21.431602478027344,
            33.95374298095703,
            76.44573974609375,
            30.05523681640625
        ],
        "mae_sr": 0.5142857432365417,
        "rmsd": 0.8070859909057617,
        "dihedral_counts": [
            35,
            32,
            4,
            1
        ],
        "seq_len": 39,
        "num_sc": 35
    },
    "surface": {
        "mean_mae": [
            50.14288330078125,
            45.36043930053711,
            57.20444107055664,
            64.04752349853516
        ],
        "mae_sr": 0.25830256938934326,
        "rmsd": 1.5159722566604614,
        "dihedral_counts": [
            271,
            238,
            78,
            42
        ],
        "seq_len": 293,
        "num_sc": 271
    }
}