{
    "all": {
        "mean_mae": [
            23.666475296020508,
            20.23567008972168,
            37.298038482666016,
            56.91475296020508
        ],
        "mae_sr": 0.611940324306488,
        "rmsd": 0.8475667238235474,
        "dihedral_counts": [
            67,
            53,
            26,
            9
        ],
        "seq_len": 97,
        "num_sc": 67,
        "clash_info": {
            "100": {
                "num_clashes": 25,
                "num_atom_pairs": 137256,
                "energy": 2.7012135982513428
            },
            "90": {
                "num_clashes": 0,
                "num_atom_pairs": 137256,
                "energy": 0.0
            },
            "80": {
                "num_clashes": 0,
                "num_atom_pairs": 137256,
                "energy": 0.0
            }
        },
        "ca_rmsd": 16.720014572143555
    },
    "core": {
        "mean_mae": [
            5.60197114944458,
            7.993289947509766,
            0.0,
            0.0
        ],
        "mae_sr": 0.9090909361839294,
        "rmsd": 0.28659942746162415,
        "dihedral_counts": [
            11,
            6,
            0,
            0
        ],
        "seq_len": 33,
        "num_sc": 11
    },
    "surface": {
        "mean_mae": [
            32.82290267944336,
            26.44835090637207,
            33.922306060791016,
            56.91475296020508
        ],
        "mae_sr": 0.4615384638309479,
        "rmsd": 1.1768981218338013,
        "dihedral_counts": [
            39,
            34,
            20,
            9
        ],
        "seq_len": 46,
        "num_sc": 39
    }
}