{
    "all": {
        "mean_mae": [
            45.00859069824219,
            41.550880432128906,
            52.63304138183594,
            55.40053176879883
        ],
        "mae_sr": 0.3461538553237915,
        "rmsd": 1.3329135179519653,
        "dihedral_counts": [
            52,
            47,
            19,
            7
        ],
        "seq_len": 255,
        "num_sc": 52,
        "clash_info": {
            "100": {
                "num_clashes": 9,
                "num_atom_pairs": 89640,
                "energy": 0.9122719764709473
            },
            "90": {
                "num_clashes": 1,
                "num_atom_pairs": 89640,
                "energy": 0.020160675048828125
            },
            "80": {
                "num_clashes": 0,
                "num_atom_pairs": 89640,
                "energy": 0.0
            }
        },
        "ca_rmsd": 43.25819396972656
    },
    "core": {
        "mean_mae": [
            28.401098251342773,
            7.5596489906311035,
            0.0,
            0.0
        ],
        "mae_sr": 0.800000011920929,
        "rmsd": 0.4702547490596771,
        "dihedral_counts": [
            5,
            3,
            0,
            0
        ],
        "seq_len": 201,
        "num_sc": 5
    },
    "surface": {
        "mean_mae": [
            52.5855598449707,
            46.91770553588867,
            52.44380187988281,
            57.25956344604492
        ],
        "mae_sr": 0.2368421107530594,
        "rmsd": 1.5961756706237793,
        "dihedral_counts": [
            38,
            35,
            16,
            6
        ],
        "seq_len": 43,
        "num_sc": 38
    }
}