{
    "all": {
        "mean_mae": [
            42.861053466796875,
            35.92745590209961,
            74.976806640625,
            96.69709777832031
        ],
        "mae_sr": 0.3779527544975281,
        "rmsd": 1.1816620826721191,
        "dihedral_counts": [
            127,
            81,
            36,
            19
        ],
        "seq_len": 172,
        "num_sc": 127,
        "clash_info": {
            "100": {
                "num_clashes": 51,
                "num_atom_pairs": 456404,
                "energy": 11.233343124389648
            },
            "90": {
                "num_clashes": 13,
                "num_atom_pairs": 456404,
                "energy": 2.5412511825561523
            },
            "80": {
                "num_clashes": 3,
                "num_atom_pairs": 456404,
                "energy": 0.5751652717590332
            }
        },
        "ca_rmsd": 117.86837005615234
    },
    "core": {
        "mean_mae": [
            41.11296081542969,
            24.374160766601562,
            117.15958404541016,
            1.8809794187545776
        ],
        "mae_sr": 0.5384615659713745,
        "rmsd": 1.0110574960708618,
        "dihedral_counts": [
            39,
            25,
            3,
            1
        ],
        "seq_len": 67,
        "num_sc": 39
    },
    "surface": {
        "mean_mae": [
            35.86674499511719,
            36.84370040893555,
            70.96612548828125,
            107.83808898925781
        ],
        "mae_sr": 0.40740740299224854,
        "rmsd": 1.1181542873382568,
        "dihedral_counts": [
            54,
            31,
            19,
            10
        ],
        "seq_len": 68,
        "num_sc": 54
    }
}