{
    "all": {
        "mean_mae": [
            40.401268005371094,
            31.96365737915039,
            55.712642669677734,
            36.78629684448242
        ],
        "mae_sr": 0.4318181872367859,
        "rmsd": 0.9900254011154175,
        "dihedral_counts": [
            264,
            173,
            44,
            14
        ],
        "seq_len": 335,
        "num_sc": 264,
        "clash_info": {
            "100": {
                "num_clashes": 68,
                "num_atom_pairs": 2044441,
                "energy": 8.717623710632324
            },
            "90": {
                "num_clashes": 5,
                "num_atom_pairs": 2044441,
                "energy": 0.38027405738830566
            },
            "80": {
                "num_clashes": 0,
                "num_atom_pairs": 2044441,
                "energy": 0.0
            }
        },
        "ca_rmsd": 23.09772491455078
    },
    "core": {
        "mean_mae": [
            17.852214813232422,
            21.28713035583496,
            55.77756118774414,
            44.29475784301758
        ],
        "mae_sr": 0.7547169923782349,
        "rmsd": 0.5989660024642944,
        "dihedral_counts": [
            53,
            37,
            4,
            3
        ],
        "seq_len": 62,
        "num_sc": 53
    },
    "surface": {
        "mean_mae": [
            53.52389144897461,
            38.01567077636719,
            60.7684326171875,
            23.406883239746094
        ],
        "mae_sr": 0.30666667222976685,
        "rmsd": 1.1927683353424072,
        "dihedral_counts": [
            150,
            92,
            30,
            9
        ],
        "seq_len": 201,
        "num_sc": 150
    }
}