{
    "all": {
        "mean_mae": [
            45.08432388305664,
            42.64216613769531,
            44.227294921875,
            49.48136901855469
        ],
        "mae_sr": 0.2947368323802948,
        "rmsd": 1.2312146425247192,
        "dihedral_counts": [
            95,
            75,
            24,
            11
        ],
        "seq_len": 102,
        "num_sc": 95,
        "clash_info": {
            "100": {
                "num_clashes": 30,
                "num_atom_pairs": 256048,
                "energy": 3.9856724739074707
            },
            "90": {
                "num_clashes": 2,
                "num_atom_pairs": 256048,
                "energy": 0.16715049743652344
            },
            "80": {
                "num_clashes": 0,
                "num_atom_pairs": 256048,
                "energy": 0.0
            }
        },
        "ca_rmsd": 0.9414048790931702
    },
    "core": {
        "mean_mae": [
            24.99131202697754,
            46.916988372802734,
            144.32896423339844,
            1.9090652465820312
        ],
        "mae_sr": 0.4166666567325592,
        "rmsd": 0.8441974520683289,
        "dihedral_counts": [
            12,
            11,
            2,
            1
        ],
        "seq_len": 12,
        "num_sc": 12
    },
    "surface": {
        "mean_mae": [
            50.631099700927734,
            41.98409652709961,
            40.54740905761719,
            45.245059967041016
        ],
        "mae_sr": 0.26229506731033325,
        "rmsd": 1.3760539293289185,
        "dihedral_counts": [
            61,
            47,
            16,
            6
        ],
        "seq_len": 65,
        "num_sc": 61
    }
}