{
    "all": {
        "mean_mae": [
            27.900833129882812,
            30.24705696105957,
            44.324668884277344,
            50.24787521362305
        ],
        "mae_sr": 0.5177993774414062,
        "rmsd": 0.8554636836051941,
        "dihedral_counts": [
            309,
            229,
            52,
            20
        ],
        "seq_len": 408,
        "num_sc": 309,
        "clash_info": {
            "100": {
                "num_clashes": 118,
                "num_atom_pairs": 3183730,
                "energy": 17.551403045654297
            },
            "90": {
                "num_clashes": 17,
                "num_atom_pairs": 3183730,
                "energy": 1.2899692058563232
            },
            "80": {
                "num_clashes": 0,
                "num_atom_pairs": 3183730,
                "energy": 0.0
            }
        },
        "ca_rmsd": 10.10430908203125
    },
    "core": {
        "mean_mae": [
            20.43927764892578,
            28.476694107055664,
            42.509979248046875,
            56.41762161254883
        ],
        "mae_sr": 0.5579710006713867,
        "rmsd": 0.7364180684089661,
        "dihedral_counts": [
            138,
            99,
            21,
            7
        ],
        "seq_len": 184,
        "num_sc": 138
    },
    "surface": {
        "mean_mae": [
            34.5084114074707,
            35.01368713378906,
            42.09904479980469,
            46.925697326660156
        ],
        "mae_sr": 0.4711538553237915,
        "rmsd": 1.0308536291122437,
        "dihedral_counts": [
            104,
            81,
            23,
            13
        ],
        "seq_len": 130,
        "num_sc": 104
    }
}