{
    "all": {
        "mean_mae": [
            21.865543365478516,
            23.772336959838867,
            43.997249603271484,
            44.43199920654297
        ],
        "mae_sr": 0.6744868159294128,
        "rmsd": 0.7212755680084229,
        "dihedral_counts": [
            682,
            480,
            123,
            57
        ],
        "seq_len": 832,
        "num_sc": 682,
        "clash_info": {
            "100": {
                "num_clashes": 331,
                "num_atom_pairs": 14330928,
                "energy": 62.7395133972168
            },
            "90": {
                "num_clashes": 53,
                "num_atom_pairs": 14330928,
                "energy": 16.520023345947266
            },
            "80": {
                "num_clashes": 19,
                "num_atom_pairs": 14330928,
                "energy": 7.180443286895752
            }
        },
        "ca_rmsd": 20.06392478942871
    },
    "core": {
        "mean_mae": [
            14.585009574890137,
            18.527069091796875,
            38.74463653564453,
            30.328533172607422
        ],
        "mae_sr": 0.7866241931915283,
        "rmsd": 0.5558692216873169,
        "dihedral_counts": [
            314,
            234,
            41,
            23
        ],
        "seq_len": 391,
        "num_sc": 314
    },
    "surface": {
        "mean_mae": [
            30.632854461669922,
            31.57494354248047,
            52.403114318847656,
            60.38691711425781
        ],
        "mae_sr": 0.5472636818885803,
        "rmsd": 0.832575798034668,
        "dihedral_counts": [
            201,
            126,
            40,
            13
        ],
        "seq_len": 242,
        "num_sc": 201
    }
}