{
    "all": {
        "mean_mae": [
            50.1566276550293,
            35.81684875488281,
            62.353729248046875,
            34.60007858276367
        ],
        "mae_sr": 0.38679245114326477,
        "rmsd": 1.2943538427352905,
        "dihedral_counts": [
            106,
            69,
            25,
            12
        ],
        "seq_len": 140,
        "num_sc": 106,
        "clash_info": {
            "100": {
                "num_clashes": 16,
                "num_atom_pairs": 319605,
                "energy": 1.1984214782714844
            },
            "90": {
                "num_clashes": 0,
                "num_atom_pairs": 319605,
                "energy": 0.0
            },
            "80": {
                "num_clashes": 0,
                "num_atom_pairs": 319605,
                "energy": 0.0
            }
        },
        "ca_rmsd": 144.99285888671875
    },
    "core": {
        "mean_mae": [
            44.62885665893555,
            36.299373626708984,
            23.90642738342285,
            132.31613159179688
        ],
        "mae_sr": 0.3333333432674408,
        "rmsd": 1.019984483718872,
        "dihedral_counts": [
            15,
            11,
            2,
            1
        ],
        "seq_len": 19,
        "num_sc": 15
    },
    "surface": {
        "mean_mae": [
            48.73054504394531,
            36.73713684082031,
            64.35533142089844,
            23.430099487304688
        ],
        "mae_sr": 0.41333332657814026,
        "rmsd": 1.3264082670211792,
        "dihedral_counts": [
            75,
            46,
            20,
            10
        ],
        "seq_len": 83,
        "num_sc": 75
    }
}