{
    "all": {
        "mean_mae": [
            53.366966247558594,
            49.69139099121094,
            62.541908264160156,
            73.40095520019531
        ],
        "mae_sr": 0.18840579688549042,
        "rmsd": 1.5246063470840454,
        "dihedral_counts": [
            138,
            106,
            44,
            24
        ],
        "seq_len": 168,
        "num_sc": 138,
        "clash_info": {
            "100": {
                "num_clashes": 81,
                "num_atom_pairs": 577822,
                "energy": 24.246469497680664
            },
            "90": {
                "num_clashes": 27,
                "num_atom_pairs": 577822,
                "energy": 8.607545852661133
            },
            "80": {
                "num_clashes": 7,
                "num_atom_pairs": 577822,
                "energy": 4.078852653503418
            }
        },
        "ca_rmsd": 14.826475143432617
    },
    "core": {
        "mean_mae": [
            42.02325439453125,
            47.76959991455078,
            60.82960891723633,
            122.38163757324219
        ],
        "mae_sr": 0.27272728085517883,
        "rmsd": 1.2516788244247437,
        "dihedral_counts": [
            33,
            21,
            7,
            2
        ],
        "seq_len": 37,
        "num_sc": 33
    },
    "surface": {
        "mean_mae": [
            58.049556732177734,
            49.89817810058594,
            59.8383903503418,
            72.91487121582031
        ],
        "mae_sr": 0.13698630034923553,
        "rmsd": 1.6317061185836792,
        "dihedral_counts": [
            73,
            61,
            29,
            16
        ],
        "seq_len": 96,
        "num_sc": 73
    }
}