{
    "all": {
        "mean_mae": [
            48.07060623168945,
            47.42345428466797,
            54.22406768798828,
            48.37996292114258
        ],
        "mae_sr": 0.2977272868156433,
        "rmsd": 1.4701565504074097,
        "dihedral_counts": [
            440,
            364,
            121,
            66
        ],
        "seq_len": 464,
        "num_sc": 440,
        "clash_info": {
            "100": {
                "num_clashes": 142,
                "num_atom_pairs": 5583048,
                "energy": 19.7003116607666
            },
            "90": {
                "num_clashes": 18,
                "num_atom_pairs": 5583048,
                "energy": 3.522578477859497
            },
            "80": {
                "num_clashes": 3,
                "num_atom_pairs": 5583048,
                "energy": 0.7623374462127686
            }
        },
        "ca_rmsd": 36.9968376159668
    },
    "core": {
        "mean_mae": [
            24.85634994506836,
            43.44305419921875,
            95.89045715332031,
            90.70835876464844
        ],
        "mae_sr": 0.4000000059604645,
        "rmsd": 0.9022839665412903,
        "dihedral_counts": [
            45,
            40,
            5,
            2
        ],
        "seq_len": 48,
        "num_sc": 45
    },
    "surface": {
        "mean_mae": [
            54.053253173828125,
            47.06283950805664,
            49.06743240356445,
            49.50289535522461
        ],
        "mae_sr": 0.2631579041481018,
        "rmsd": 1.6580673456192017,
        "dihedral_counts": [
            285,
            234,
            98,
            55
        ],
        "seq_len": 303,
        "num_sc": 285
    }
}