{
    "all": {
        "mean_mae": [
            35.01934051513672,
            28.635509490966797,
            51.38513946533203,
            62.908199310302734
        ],
        "mae_sr": 0.41525423526763916,
        "rmsd": 1.040823221206665,
        "dihedral_counts": [
            472,
            372,
            136,
            61
        ],
        "seq_len": 580,
        "num_sc": 472,
        "clash_info": {
            "100": {
                "num_clashes": 208,
                "num_atom_pairs": 6977790,
                "energy": 39.01540756225586
            },
            "90": {
                "num_clashes": 34,
                "num_atom_pairs": 6977790,
                "energy": 7.831416130065918
            },
            "80": {
                "num_clashes": 8,
                "num_atom_pairs": 6977790,
                "energy": 1.3949344158172607
            }
        },
        "ca_rmsd": 33.01062774658203
    },
    "core": {
        "mean_mae": [
            25.14344596862793,
            24.4993896484375,
            57.263084411621094,
            63.255943298339844
        ],
        "mae_sr": 0.5136986374855042,
        "rmsd": 0.7269743084907532,
        "dihedral_counts": [
            146,
            120,
            29,
            14
        ],
        "seq_len": 229,
        "num_sc": 146
    },
    "surface": {
        "mean_mae": [
            42.92261505126953,
            38.39235305786133,
            46.22861862182617,
            58.86248779296875
        ],
        "mae_sr": 0.31282052397727966,
        "rmsd": 1.3348394632339478,
        "dihedral_counts": [
            195,
            147,
            77,
            33
        ],
        "seq_len": 209,
        "num_sc": 195
    }
}