{
    "all": {
        "mean_mae": [
            28.377872467041016,
            24.334962844848633,
            40.04306411743164,
            58.78507995605469
        ],
        "mae_sr": 0.5873786211013794,
        "rmsd": 0.8327762484550476,
        "dihedral_counts": [
            412,
            288,
            113,
            61
        ],
        "seq_len": 863,
        "num_sc": 412,
        "clash_info": {
            "100": {
                "num_clashes": 116,
                "num_atom_pairs": 4850685,
                "energy": 22.663803100585938
            },
            "90": {
                "num_clashes": 26,
                "num_atom_pairs": 4850685,
                "energy": 5.131083011627197
            },
            "80": {
                "num_clashes": 4,
                "num_atom_pairs": 4850685,
                "energy": 1.365612268447876
            }
        },
        "ca_rmsd": 43.293025970458984
    },
    "core": {
        "mean_mae": [
            18.277616500854492,
            15.255375862121582,
            62.34678649902344,
            48.519405364990234
        ],
        "mae_sr": 0.7757009267807007,
        "rmsd": 0.5025030374526978,
        "dihedral_counts": [
            107,
            74,
            9,
            6
        ],
        "seq_len": 519,
        "num_sc": 107
    },
    "surface": {
        "mean_mae": [
            35.63589096069336,
            30.047855377197266,
            37.97868347167969,
            66.1231689453125
        ],
        "mae_sr": 0.4731707274913788,
        "rmsd": 1.0269253253936768,
        "dihedral_counts": [
            205,
            143,
            73,
            37
        ],
        "seq_len": 235,
        "num_sc": 205
    }
}