{
    "all": {
        "mean_mae": [
            27.126300811767578,
            34.58147430419922,
            50.2132682800293,
            52.05862045288086
        ],
        "mae_sr": 0.47601476311683655,
        "rmsd": 0.9056565165519714,
        "dihedral_counts": [
            271,
            200,
            76,
            29
        ],
        "seq_len": 338,
        "num_sc": 271,
        "clash_info": {
            "100": {
                "num_clashes": 80,
                "num_atom_pairs": 2357222,
                "energy": 12.923646926879883
            },
            "90": {
                "num_clashes": 13,
                "num_atom_pairs": 2357222,
                "energy": 2.1851041316986084
            },
            "80": {
                "num_clashes": 2,
                "num_atom_pairs": 2357222,
                "energy": 0.5401010513305664
            }
        },
        "ca_rmsd": 21.408794403076172
    },
    "core": {
        "mean_mae": [
            10.443367958068848,
            31.8117733001709,
            32.99028396606445,
            11.149415016174316
        ],
        "mae_sr": 0.7599999904632568,
        "rmsd": 0.5151770710945129,
        "dihedral_counts": [
            50,
            31,
            4,
            4
        ],
        "seq_len": 64,
        "num_sc": 50
    },
    "surface": {
        "mean_mae": [
            37.25758743286133,
            36.86308670043945,
            51.8077278137207,
            62.05236053466797
        ],
        "mae_sr": 0.36305731534957886,
        "rmsd": 1.114614725112915,
        "dihedral_counts": [
            157,
            119,
            57,
            19
        ],
        "seq_len": 197,
        "num_sc": 157
    }
}