{
    "all": {
        "mean_mae": [
            24.318132400512695,
            29.830202102661133,
            47.67314910888672,
            56.156246185302734
        ],
        "mae_sr": 0.5740740895271301,
        "rmsd": 0.888821005821228,
        "dihedral_counts": [
            216,
            186,
            67,
            34
        ],
        "seq_len": 287,
        "num_sc": 216,
        "clash_info": {
            "100": {
                "num_clashes": 76,
                "num_atom_pairs": 1606354,
                "energy": 9.69743537902832
            },
            "90": {
                "num_clashes": 4,
                "num_atom_pairs": 1606354,
                "energy": 0.3566262722015381
            },
            "80": {
                "num_clashes": 0,
                "num_atom_pairs": 1606354,
                "energy": 0.0
            }
        },
        "ca_rmsd": 17.83710479736328
    },
    "core": {
        "mean_mae": [
            10.326560974121094,
            14.425267219543457,
            30.0477294921875,
            23.055233001708984
        ],
        "mae_sr": 0.7941176295280457,
        "rmsd": 0.40724635124206543,
        "dihedral_counts": [
            68,
            57,
            11,
            7
        ],
        "seq_len": 117,
        "num_sc": 68
    },
    "surface": {
        "mean_mae": [
            35.72793197631836,
            41.882728576660156,
            51.07042694091797,
            65.40961456298828
        ],
        "mae_sr": 0.38297873735427856,
        "rmsd": 1.2926172018051147,
        "dihedral_counts": [
            94,
            82,
            41,
            19
        ],
        "seq_len": 108,
        "num_sc": 94
    }
}