{
    "all": {
        "mean_mae": [
            50.40313720703125,
            44.82632064819336,
            50.57548522949219,
            42.220298767089844
        ],
        "mae_sr": 0.23404255509376526,
        "rmsd": 1.493381381034851,
        "dihedral_counts": [
            94,
            78,
            29,
            11
        ],
        "seq_len": 100,
        "num_sc": 94,
        "clash_info": {
            "100": {
                "num_clashes": 17,
                "num_atom_pairs": 266728,
                "energy": 1.7103674411773682
            },
            "90": {
                "num_clashes": 0,
                "num_atom_pairs": 266728,
                "energy": 0.0
            },
            "80": {
                "num_clashes": 0,
                "num_atom_pairs": 266728,
                "energy": 0.0
            }
        },
        "ca_rmsd": 16.516199111938477
    },
    "core": {
        "mean_mae": [
            48.4159049987793,
            44.88737487792969,
            21.19892692565918,
            0.0
        ],
        "mae_sr": 0.20000000298023224,
        "rmsd": 1.4696961641311646,
        "dihedral_counts": [
            10,
            10,
            1,
            0
        ],
        "seq_len": 10,
        "num_sc": 10
    },
    "surface": {
        "mean_mae": [
            58.078941345214844,
            46.76493453979492,
            49.53000259399414,
            39.67449951171875
        ],
        "mae_sr": 0.17241379618644714,
        "rmsd": 1.6404953002929688,
        "dihedral_counts": [
            58,
            47,
            22,
            9
        ],
        "seq_len": 63,
        "num_sc": 58
    }
}