{
    "all": {
        "mean_mae": [
            47.32150650024414,
            39.13016891479492,
            40.17975616455078,
            32.92615509033203
        ],
        "mae_sr": 0.26436781883239746,
        "rmsd": 1.323014736175537,
        "dihedral_counts": [
            87,
            75,
            29,
            15
        ],
        "seq_len": 95,
        "num_sc": 87,
        "clash_info": {
            "100": {
                "num_clashes": 22,
                "num_atom_pairs": 237281,
                "energy": 2.004863739013672
            },
            "90": {
                "num_clashes": 0,
                "num_atom_pairs": 237281,
                "energy": 0.0
            },
            "80": {
                "num_clashes": 0,
                "num_atom_pairs": 237281,
                "energy": 0.0
            }
        },
        "ca_rmsd": 1.144351601600647
    },
    "core": {
        "mean_mae": [
            22.01403045654297,
            35.53030014038086,
            39.70701217651367,
            0.0
        ],
        "mae_sr": 0.3636363744735718,
        "rmsd": 0.8975855112075806,
        "dihedral_counts": [
            11,
            10,
            1,
            0
        ],
        "seq_len": 13,
        "num_sc": 11
    },
    "surface": {
        "mean_mae": [
            50.12129592895508,
            39.76905059814453,
            35.069339752197266,
            27.969310760498047
        ],
        "mae_sr": 0.2222222238779068,
        "rmsd": 1.4002646207809448,
        "dihedral_counts": [
            54,
            45,
            24,
            13
        ],
        "seq_len": 58,
        "num_sc": 54
    }
}