{
    "all": {
        "mean_mae": [
            42.81021499633789,
            38.820804595947266,
            63.58371353149414,
            77.6144027709961
        ],
        "mae_sr": 0.41434264183044434,
        "rmsd": 1.1694930791854858,
        "dihedral_counts": [
            251,
            165,
            65,
            22
        ],
        "seq_len": 365,
        "num_sc": 251,
        "clash_info": {
            "100": {
                "num_clashes": 49,
                "num_atom_pairs": 1755541,
                "energy": 8.79527473449707
            },
            "90": {
                "num_clashes": 12,
                "num_atom_pairs": 1755541,
                "energy": 1.6461951732635498
            },
            "80": {
                "num_clashes": 2,
                "num_atom_pairs": 1755541,
                "energy": 0.219956636428833
            }
        },
        "ca_rmsd": 80.822021484375
    },
    "core": {
        "mean_mae": [
            36.687496185302734,
            25.58637046813965,
            64.12403869628906,
            0.0
        ],
        "mae_sr": 0.5102040767669678,
        "rmsd": 0.8155486583709717,
        "dihedral_counts": [
            49,
            32,
            5,
            0
        ],
        "seq_len": 128,
        "num_sc": 49
    },
    "surface": {
        "mean_mae": [
            42.96769332885742,
            42.48207473754883,
            67.49907684326172,
            79.35267639160156
        ],
        "mae_sr": 0.4026845693588257,
        "rmsd": 1.2706149816513062,
        "dihedral_counts": [
            149,
            97,
            43,
            16
        ],
        "seq_len": 174,
        "num_sc": 149
    }
}