{
    "all": {
        "mean_mae": [
            18.48467445373535,
            17.668298721313477,
            35.282833099365234,
            61.407569885253906
        ],
        "mae_sr": 0.646789014339447,
        "rmsd": 0.6666970252990723,
        "dihedral_counts": [
            436,
            341,
            124,
            64
        ],
        "seq_len": 505,
        "num_sc": 436,
        "clash_info": {
            "100": {
                "num_clashes": 216,
                "num_atom_pairs": 5878583,
                "energy": 43.088409423828125
            },
            "90": {
                "num_clashes": 42,
                "num_atom_pairs": 5878583,
                "energy": 9.757304191589355
            },
            "80": {
                "num_clashes": 10,
                "num_atom_pairs": 5878583,
                "energy": 2.4822864532470703
            }
        },
        "ca_rmsd": 7.309121608734131
    },
    "core": {
        "mean_mae": [
            8.389877319335938,
            9.097042083740234,
            21.458749771118164,
            38.07884216308594
        ],
        "mae_sr": 0.8482758402824402,
        "rmsd": 0.3829655945301056,
        "dihedral_counts": [
            145,
            114,
            30,
            11
        ],
        "seq_len": 180,
        "num_sc": 145
    },
    "surface": {
        "mean_mae": [
            25.732778549194336,
            23.898761749267578,
            42.99414825439453,
            78.24615478515625
        ],
        "mae_sr": 0.5053191781044006,
        "rmsd": 0.8724405169487,
        "dihedral_counts": [
            188,
            146,
            62,
            33
        ],
        "seq_len": 211,
        "num_sc": 188
    }
}