{
    "all": {
        "mean_mae": [
            25.340923309326172,
            27.38692855834961,
            44.51043701171875,
            58.28146743774414
        ],
        "mae_sr": 0.542553186416626,
        "rmsd": 0.9540261626243591,
        "dihedral_counts": [
            94,
            84,
            30,
            12
        ],
        "seq_len": 114,
        "num_sc": 94,
        "clash_info": {
            "100": {
                "num_clashes": 37,
                "num_atom_pairs": 306204,
                "energy": 7.172983169555664
            },
            "90": {
                "num_clashes": 8,
                "num_atom_pairs": 306204,
                "energy": 1.3806443214416504
            },
            "80": {
                "num_clashes": 0,
                "num_atom_pairs": 306204,
                "energy": 0.0
            }
        },
        "ca_rmsd": 9.44445514678955
    },
    "core": {
        "mean_mae": [
            8.371504783630371,
            19.010026931762695,
            38.136898040771484,
            29.350353240966797
        ],
        "mae_sr": 0.6800000071525574,
        "rmsd": 0.6824288964271545,
        "dihedral_counts": [
            25,
            21,
            7,
            4
        ],
        "seq_len": 34,
        "num_sc": 25
    },
    "surface": {
        "mean_mae": [
            36.48746871948242,
            30.13097381591797,
            42.900089263916016,
            95.07167053222656
        ],
        "mae_sr": 0.5,
        "rmsd": 1.0863139629364014,
        "dihedral_counts": [
            50,
            45,
            15,
            5
        ],
        "seq_len": 57,
        "num_sc": 50
    }
}