{
    "all": {
        "mean_mae": [
            40.824737548828125,
            36.074806213378906,
            54.44153594970703,
            59.174434661865234
        ],
        "mae_sr": 0.3777777850627899,
        "rmsd": 1.258250117301941,
        "dihedral_counts": [
            270,
            205,
            78,
            33
        ],
        "seq_len": 376,
        "num_sc": 270,
        "clash_info": {
            "100": {
                "num_clashes": 116,
                "num_atom_pairs": 2236612,
                "energy": 19.633636474609375
            },
            "90": {
                "num_clashes": 16,
                "num_atom_pairs": 2236612,
                "energy": 3.1333141326904297
            },
            "80": {
                "num_clashes": 2,
                "num_atom_pairs": 2236612,
                "energy": 0.3900887966156006
            }
        },
        "ca_rmsd": 89.51297760009766
    },
    "core": {
        "mean_mae": [
            21.877010345458984,
            23.486711502075195,
            41.08629608154297,
            12.607566833496094
        ],
        "mae_sr": 0.6567164063453674,
        "rmsd": 0.647720992565155,
        "dihedral_counts": [
            67,
            45,
            9,
            3
        ],
        "seq_len": 144,
        "num_sc": 67
    },
    "surface": {
        "mean_mae": [
            55.42340087890625,
            44.95576477050781,
            56.81880569458008,
            76.27941131591797
        ],
        "mae_sr": 0.22972972691059113,
        "rmsd": 1.6756113767623901,
        "dihedral_counts": [
            148,
            115,
            57,
            24
        ],
        "seq_len": 166,
        "num_sc": 148
    }
}