{
    "all": {
        "mean_mae": [
            54.3369026184082,
            47.13271713256836,
            71.8780746459961,
            75.27133178710938
        ],
        "mae_sr": 0.3112582862377167,
        "rmsd": 1.740740418434143,
        "dihedral_counts": [
            151,
            118,
            43,
            20
        ],
        "seq_len": 198,
        "num_sc": 151,
        "clash_info": {
            "100": {
                "num_clashes": 46,
                "num_atom_pairs": 676545,
                "energy": 9.758829116821289
            },
            "90": {
                "num_clashes": 13,
                "num_atom_pairs": 676545,
                "energy": 2.0192770957946777
            },
            "80": {
                "num_clashes": 1,
                "num_atom_pairs": 676545,
                "energy": 0.11720776557922363
            }
        },
        "ca_rmsd": 20.144977569580078
    },
    "core": {
        "mean_mae": [
            52.16592788696289,
            40.03583908081055,
            61.23613357543945,
            72.03095245361328
        ],
        "mae_sr": 0.3589743673801422,
        "rmsd": 1.4923521280288696,
        "dihedral_counts": [
            39,
            30,
            5,
            3
        ],
        "seq_len": 84,
        "num_sc": 39
    },
    "surface": {
        "mean_mae": [
            57.0715446472168,
            47.92134475708008,
            68.2343521118164,
            75.210693359375
        ],
        "mae_sr": 0.28947368264198303,
        "rmsd": 1.8373905420303345,
        "dihedral_counts": [
            76,
            62,
            30,
            12
        ],
        "seq_len": 77,
        "num_sc": 76
    }
}