{
    "all": {
        "mean_mae": [
            36.826934814453125,
            32.066131591796875,
            45.23475646972656,
            39.624542236328125
        ],
        "mae_sr": 0.46296295523643494,
        "rmsd": 1.1412203311920166,
        "dihedral_counts": [
            162,
            127,
            46,
            21
        ],
        "seq_len": 170,
        "num_sc": 162,
        "clash_info": {
            "100": {
                "num_clashes": 82,
                "num_atom_pairs": 730331,
                "energy": 16.399303436279297
            },
            "90": {
                "num_clashes": 16,
                "num_atom_pairs": 730331,
                "energy": 4.666384696960449
            },
            "80": {
                "num_clashes": 5,
                "num_atom_pairs": 730331,
                "energy": 1.855683445930481
            }
        },
        "ca_rmsd": 20.550674438476562
    },
    "core": {
        "mean_mae": [
            13.974079132080078,
            19.1175594329834,
            5.436912536621094,
            3.824496269226074
        ],
        "mae_sr": 0.8125,
        "rmsd": 0.42958155274391174,
        "dihedral_counts": [
            16,
            12,
            1,
            1
        ],
        "seq_len": 16,
        "num_sc": 16
    },
    "surface": {
        "mean_mae": [
            37.40154266357422,
            32.12110900878906,
            42.52149200439453,
            39.121665954589844
        ],
        "mae_sr": 0.4320000112056732,
        "rmsd": 1.1901216506958008,
        "dihedral_counts": [
            125,
            97,
            40,
            18
        ],
        "seq_len": 132,
        "num_sc": 125
    }
}