{
    "all": {
        "mean_mae": [
            29.280303955078125,
            32.87901306152344,
            53.915096282958984,
            70.60175323486328
        ],
        "mae_sr": 0.42500001192092896,
        "rmsd": 1.2086093425750732,
        "dihedral_counts": [
            40,
            35,
            21,
            9
        ],
        "seq_len": 153,
        "num_sc": 40,
        "clash_info": {
            "100": {
                "num_clashes": 7,
                "num_atom_pairs": 57321,
                "energy": 0.5423622131347656
            },
            "90": {
                "num_clashes": 0,
                "num_atom_pairs": 57321,
                "energy": 0.0
            },
            "80": {
                "num_clashes": 0,
                "num_atom_pairs": 57321,
                "energy": 0.0
            }
        },
        "ca_rmsd": 16.799978256225586
    },
    "core": {
        "mean_mae": [
            4.460521221160889,
            88.32183837890625,
            69.9203109741211,
            124.48951721191406
        ],
        "mae_sr": 0.0,
        "rmsd": 2.2486984729766846,
        "dihedral_counts": [
            3,
            3,
            3,
            1
        ],
        "seq_len": 108,
        "num_sc": 3
    },
    "surface": {
        "mean_mae": [
            31.292720794677734,
            27.681251525878906,
            51.24755859375,
            63.86578369140625
        ],
        "mae_sr": 0.45945945382118225,
        "rmsd": 1.1242778301239014,
        "dihedral_counts": [
            37,
            32,
            18,
            8
        ],
        "seq_len": 45,
        "num_sc": 37
    }
}