{
    "all": {
        "mean_mae": [
            16.897483825683594,
            19.09794807434082,
            30.71192169189453,
            42.06019592285156
        ],
        "mae_sr": 0.6707317233085632,
        "rmsd": 0.7274580001831055,
        "dihedral_counts": [
            82,
            69,
            23,
            10
        ],
        "seq_len": 102,
        "num_sc": 82,
        "clash_info": {
            "100": {
                "num_clashes": 46,
                "num_atom_pairs": 247779,
                "energy": 9.135200500488281
            },
            "90": {
                "num_clashes": 9,
                "num_atom_pairs": 247779,
                "energy": 1.1710991859436035
            },
            "80": {
                "num_clashes": 2,
                "num_atom_pairs": 247779,
                "energy": 0.14371371269226074
            }
        },
        "ca_rmsd": 14.84046745300293
    },
    "core": {
        "mean_mae": [
            9.133136749267578,
            16.289052963256836,
            4.045907497406006,
            0.0
        ],
        "mae_sr": 0.7333333492279053,
        "rmsd": 0.39544677734375,
        "dihedral_counts": [
            15,
            11,
            1,
            0
        ],
        "seq_len": 19,
        "num_sc": 15
    },
    "surface": {
        "mean_mae": [
            21.975143432617188,
            21.094810485839844,
            38.20090866088867,
            51.131317138671875
        ],
        "mae_sr": 0.6304348111152649,
        "rmsd": 0.9195144772529602,
        "dihedral_counts": [
            46,
            41,
            16,
            8
        ],
        "seq_len": 58,
        "num_sc": 46
    }
}