{
    "all": {
        "mean_mae": [
            51.9936637878418,
            45.7912712097168,
            42.08683776855469,
            42.05471420288086
        ],
        "mae_sr": 0.20212766528129578,
        "rmsd": 1.5736037492752075,
        "dihedral_counts": [
            94,
            78,
            29,
            11
        ],
        "seq_len": 100,
        "num_sc": 94,
        "clash_info": {
            "100": {
                "num_clashes": 17,
                "num_atom_pairs": 266728,
                "energy": 1.902984380722046
            },
            "90": {
                "num_clashes": 1,
                "num_atom_pairs": 266728,
                "energy": 0.05134391784667969
            },
            "80": {
                "num_clashes": 0,
                "num_atom_pairs": 266728,
                "energy": 0.0
            }
        },
        "ca_rmsd": 16.516199111938477
    },
    "core": {
        "mean_mae": [
            46.55314636230469,
            63.1558837890625,
            20.057533264160156,
            0.0
        ],
        "mae_sr": 0.10000000149011612,
        "rmsd": 1.604774832725525,
        "dihedral_counts": [
            10,
            10,
            1,
            0
        ],
        "seq_len": 10,
        "num_sc": 10
    },
    "surface": {
        "mean_mae": [
            58.783512115478516,
            44.13328170776367,
            40.67402267456055,
            39.757850646972656
        ],
        "mae_sr": 0.17241379618644714,
        "rmsd": 1.6547613143920898,
        "dihedral_counts": [
            58,
            47,
            22,
            9
        ],
        "seq_len": 63,
        "num_sc": 58
    }
}