{
    "all": {
        "mean_mae": [
            17.9703369140625,
            15.264779090881348,
            29.828128814697266,
            44.88248825073242
        ],
        "mae_sr": 0.773809552192688,
        "rmsd": 0.6687701344490051,
        "dihedral_counts": [
            84,
            72,
            21,
            9
        ],
        "seq_len": 98,
        "num_sc": 84,
        "clash_info": {
            "100": {
                "num_clashes": 17,
                "num_atom_pairs": 231869,
                "energy": 2.2132601737976074
            },
            "90": {
                "num_clashes": 1,
                "num_atom_pairs": 231869,
                "energy": 0.16411519050598145
            },
            "80": {
                "num_clashes": 0,
                "num_atom_pairs": 231869,
                "energy": 0.0
            }
        },
        "ca_rmsd": 0.3788348138332367
    },
    "core": {
        "mean_mae": [
            2.567769765853882,
            16.05364418029785,
            0.6253311634063721,
            0.0
        ],
        "mae_sr": 0.8888888955116272,
        "rmsd": 0.21185462176799774,
        "dihedral_counts": [
            9,
            8,
            1,
            0
        ],
        "seq_len": 13,
        "num_sc": 9
    },
    "surface": {
        "mean_mae": [
            25.236268997192383,
            18.551626205444336,
            41.7039909362793,
            65.77811431884766
        ],
        "mae_sr": 0.6666666865348816,
        "rmsd": 0.8877629041671753,
        "dihedral_counts": [
            51,
            41,
            14,
            6
        ],
        "seq_len": 60,
        "num_sc": 51
    }
}