{
    "all": {
        "mean_mae": [
            24.266035079956055,
            25.783889770507812,
            40.57754135131836,
            38.5334358215332
        ],
        "mae_sr": 0.5695793032646179,
        "rmsd": 0.7473059892654419,
        "dihedral_counts": [
            309,
            229,
            52,
            20
        ],
        "seq_len": 408,
        "num_sc": 309,
        "clash_info": {
            "100": {
                "num_clashes": 114,
                "num_atom_pairs": 3183730,
                "energy": 16.975719451904297
            },
            "90": {
                "num_clashes": 13,
                "num_atom_pairs": 3183730,
                "energy": 1.4291951656341553
            },
            "80": {
                "num_clashes": 0,
                "num_atom_pairs": 3183730,
                "energy": 0.0
            }
        },
        "ca_rmsd": 8.774670600891113
    },
    "core": {
        "mean_mae": [
            17.263662338256836,
            19.084592819213867,
            35.80475997924805,
            22.196924209594727
        ],
        "mae_sr": 0.6739130616188049,
        "rmsd": 0.5380199551582336,
        "dihedral_counts": [
            138,
            99,
            21,
            7
        ],
        "seq_len": 184,
        "num_sc": 138
    },
    "surface": {
        "mean_mae": [
            33.59608840942383,
            37.229915618896484,
            37.0009651184082,
            47.33001708984375
        ],
        "mae_sr": 0.4326923191547394,
        "rmsd": 1.0651195049285889,
        "dihedral_counts": [
            104,
            81,
            23,
            13
        ],
        "seq_len": 130,
        "num_sc": 104
    }
}