{
    "all": {
        "mean_mae": [
            13.932902336120605,
            13.29924201965332,
            45.388580322265625,
            32.585384368896484
        ],
        "mae_sr": 0.7575757503509521,
        "rmsd": 0.5064247846603394,
        "dihedral_counts": [
            165,
            128,
            36,
            14
        ],
        "seq_len": 193,
        "num_sc": 165,
        "clash_info": {
            "100": {
                "num_clashes": 84,
                "num_atom_pairs": 846370,
                "energy": 17.910404205322266
            },
            "90": {
                "num_clashes": 17,
                "num_atom_pairs": 846370,
                "energy": 4.732861518859863
            },
            "80": {
                "num_clashes": 7,
                "num_atom_pairs": 846370,
                "energy": 1.2721126079559326
            }
        },
        "ca_rmsd": 5.783806800842285
    },
    "core": {
        "mean_mae": [
            6.460071086883545,
            10.425498962402344,
            11.971266746520996,
            16.927480697631836
        ],
        "mae_sr": 0.9268292784690857,
        "rmsd": 0.29961633682250977,
        "dihedral_counts": [
            41,
            31,
            8,
            5
        ],
        "seq_len": 48,
        "num_sc": 41
    },
    "surface": {
        "mean_mae": [
            18.065155029296875,
            14.3584566116333,
            55.19447326660156,
            45.4762077331543
        ],
        "mae_sr": 0.6630434989929199,
        "rmsd": 0.5997776985168457,
        "dihedral_counts": [
            92,
            73,
            24,
            8
        ],
        "seq_len": 109,
        "num_sc": 92
    }
}