{
    "all": {
        "mean_mae": [
            14.668378829956055,
            17.036056518554688,
            47.37326431274414,
            50.03123474121094
        ],
        "mae_sr": 0.7586206793785095,
        "rmsd": 0.536863386631012,
        "dihedral_counts": [
            116,
            79,
            22,
            11
        ],
        "seq_len": 141,
        "num_sc": 116,
        "clash_info": {
            "100": {
                "num_clashes": 43,
                "num_atom_pairs": 385526,
                "energy": 6.1409406661987305
            },
            "90": {
                "num_clashes": 7,
                "num_atom_pairs": 385526,
                "energy": 0.5276699066162109
            },
            "80": {
                "num_clashes": 0,
                "num_atom_pairs": 385526,
                "energy": 0.0
            }
        },
        "ca_rmsd": 6.094827175140381
    },
    "core": {
        "mean_mae": [
            6.660327911376953,
            4.999576568603516,
            28.32187843322754,
            9.992788314819336
        ],
        "mae_sr": 0.8999999761581421,
        "rmsd": 0.2871059477329254,
        "dihedral_counts": [
            50,
            35,
            7,
            3
        ],
        "seq_len": 65,
        "num_sc": 50
    },
    "surface": {
        "mean_mae": [
            22.105865478515625,
            24.541589736938477,
            46.482276916503906,
            44.78971862792969
        ],
        "mae_sr": 0.6530612111091614,
        "rmsd": 0.6439148187637329,
        "dihedral_counts": [
            49,
            31,
            8,
            4
        ],
        "seq_len": 58,
        "num_sc": 49
    }
}