{
    "all": {
        "rmsd": 1.0706950426101685,
        "mae_sr": 0.4727654457092285,
        "mean_mae": [
            34.847862243652344,
            31.91095542907715,
            51.16303253173828,
            54.77471923828125
        ],
        "dihedral_counts": [
            14707,
            11279,
            3812,
            1806
        ],
        "num_sc": 14708,
        "mean_seq_len": 295.43939208984375,
        "ca_rmsd": 27.038503646850586,
        "clash_info": {
            "100": {
                "energy": 13.709861755371094,
                "num_atom_pairs": 2408216.0,
                "num_clashes": 79.04545593261719
            },
            "90": {
                "energy": 2.5852761268615723,
                "num_atom_pairs": 2408216.0,
                "num_clashes": 11.636363983154297
            },
            "80": {
                "energy": 0.7436386346817017,
                "num_atom_pairs": 2408216.0,
                "num_clashes": 2.5151515007019043
            }
        }
    },
    "core": {
        "rmsd": 0.6552304625511169,
        "mae_sr": 0.679516077041626,
        "mean_mae": [
            20.51499366760254,
            21.00419807434082,
            37.250099182128906,
            31.428363800048828
        ],
        "dihedral_counts": [
            3867,
            2834,
            541,
            230
        ],
        "num_sc": 3867,
        "mean_seq_len": 105.54545593261719
    },
    "surface": {
        "rmsd": 1.2866793870925903,
        "mae_sr": 0.3708276152610779,
        "mean_mae": [
            42.09138870239258,
            37.43353271484375,
            51.84450912475586,
            58.759830474853516
        ],
        "dihedral_counts": [
            7341,
            5728,
            2428,
            1164
        ],
        "num_sc": 7342,
        "mean_seq_len": 128.56060791015625
    }
}