{
    "all": {
        "mean_mae": [
            31.460416793823242,
            31.56639289855957,
            47.465579986572266,
            56.24293899536133
        ],
        "mae_sr": 0.42916667461395264,
        "rmsd": 1.0421632528305054,
        "dihedral_counts": [
            240,
            188,
            94,
            47
        ],
        "seq_len": 273,
        "num_sc": 240,
        "clash_info": {
            "100": {
                "num_clashes": 58,
                "num_atom_pairs": 1731717,
                "energy": 8.842133522033691
            },
            "90": {
                "num_clashes": 7,
                "num_atom_pairs": 1731717,
                "energy": 1.0447688102722168
            },
            "80": {
                "num_clashes": 0,
                "num_atom_pairs": 1731717,
                "energy": 0.0
            }
        },
        "ca_rmsd": 2.944528341293335
    },
    "core": {
        "mean_mae": [
            14.867371559143066,
            16.484413146972656,
            43.69948196411133,
            42.07414627075195
        ],
        "mae_sr": 0.7169811129570007,
        "rmsd": 0.49488309025764465,
        "dihedral_counts": [
            53,
            41,
            6,
            3
        ],
        "seq_len": 63,
        "num_sc": 53
    },
    "surface": {
        "mean_mae": [
            43.52848815917969,
            40.695213317871094,
            51.60613250732422,
            64.31391906738281
        ],
        "mae_sr": 0.2954545319080353,
        "rmsd": 1.4073567390441895,
        "dihedral_counts": [
            132,
            105,
            67,
            32
        ],
        "seq_len": 146,
        "num_sc": 132
    }
}