{
    "all": {
        "mean_mae": [
            30.187969207763672,
            22.633455276489258,
            32.24485778808594,
            22.496273040771484
        ],
        "mae_sr": 0.6153846383094788,
        "rmsd": 0.8135586380958557,
        "dihedral_counts": [
            91,
            63,
            17,
            7
        ],
        "seq_len": 106,
        "num_sc": 91,
        "clash_info": {
            "100": {
                "num_clashes": 45,
                "num_atom_pairs": 244617,
                "energy": 7.603023529052734
            },
            "90": {
                "num_clashes": 9,
                "num_atom_pairs": 244617,
                "energy": 0.9153106212615967
            },
            "80": {
                "num_clashes": 0,
                "num_atom_pairs": 244617,
                "energy": 0.0
            }
        },
        "ca_rmsd": 25.60463523864746
    },
    "core": {
        "mean_mae": [
            7.687884330749512,
            18.862842559814453,
            155.3536834716797,
            26.013267517089844
        ],
        "mae_sr": 0.8666666746139526,
        "rmsd": 0.4424808919429779,
        "dihedral_counts": [
            15,
            11,
            1,
            1
        ],
        "seq_len": 15,
        "num_sc": 15
    },
    "surface": {
        "mean_mae": [
            42.663570404052734,
            24.901212692260742,
            27.00554084777832,
            36.31863784790039
        ],
        "mae_sr": 0.48076921701431274,
        "rmsd": 1.032360315322876,
        "dihedral_counts": [
            52,
            39,
            12,
            3
        ],
        "seq_len": 66,
        "num_sc": 52
    }
}