{
    "all": {
        "mean_mae": [
            41.106178283691406,
            35.78731155395508,
            55.83547592163086,
            53.282997131347656
        ],
        "mae_sr": 0.29323309659957886,
        "rmsd": 1.1447023153305054,
        "dihedral_counts": [
            133,
            98,
            39,
            23
        ],
        "seq_len": 148,
        "num_sc": 133,
        "clash_info": {
            "100": {
                "num_clashes": 31,
                "num_atom_pairs": 531330,
                "energy": 3.6549856662750244
            },
            "90": {
                "num_clashes": 1,
                "num_atom_pairs": 531330,
                "energy": 0.06117963790893555
            },
            "80": {
                "num_clashes": 0,
                "num_atom_pairs": 531330,
                "energy": 0.0
            }
        },
        "ca_rmsd": 2.4761555194854736
    },
    "core": {
        "mean_mae": [
            21.98829460144043,
            25.773290634155273,
            48.68452835083008,
            64.72159576416016
        ],
        "mae_sr": 0.5,
        "rmsd": 0.7754011750221252,
        "dihedral_counts": [
            28,
            19,
            5,
            4
        ],
        "seq_len": 32,
        "num_sc": 28
    },
    "surface": {
        "mean_mae": [
            46.67927169799805,
            38.63944625854492,
            55.70319366455078,
            52.687740325927734
        ],
        "mae_sr": 0.2368421107530594,
        "rmsd": 1.2719749212265015,
        "dihedral_counts": [
            76,
            56,
            26,
            15
        ],
        "seq_len": 85,
        "num_sc": 76
    }
}