{
    "all": {
        "mean_mae": [
            29.987125396728516,
            25.98041343688965,
            81.39801788330078,
            34.412071228027344
        ],
        "mae_sr": 0.5204081535339355,
        "rmsd": 0.8077702522277832,
        "dihedral_counts": [
            98,
            57,
            12,
            7
        ],
        "seq_len": 922,
        "num_sc": 98,
        "clash_info": {
            "100": {
                "num_clashes": 32,
                "num_atom_pairs": 308580,
                "energy": 5.412680625915527
            },
            "90": {
                "num_clashes": 4,
                "num_atom_pairs": 308580,
                "energy": 1.0040535926818848
            },
            "80": {
                "num_clashes": 2,
                "num_atom_pairs": 308580,
                "energy": 0.08439779281616211
            }
        },
        "ca_rmsd": 86.69133758544922
    },
    "core": {
        "mean_mae": [
            18.07808494567871,
            22.930479049682617,
            0.0,
            0.0
        ],
        "mae_sr": 0.625,
        "rmsd": 0.5371962189674377,
        "dihedral_counts": [
            8,
            5,
            0,
            0
        ],
        "seq_len": 800,
        "num_sc": 8
    },
    "surface": {
        "mean_mae": [
            32.30906295776367,
            25.758071899414062,
            58.63193130493164,
            31.820072174072266
        ],
        "mae_sr": 0.5070422291755676,
        "rmsd": 0.8227822184562683,
        "dihedral_counts": [
            71,
            38,
            8,
            4
        ],
        "seq_len": 99,
        "num_sc": 71
    }
}