{
    "all": {
        "mean_mae": [
            27.98012924194336,
            23.9630184173584,
            39.165279388427734,
            39.89812469482422
        ],
        "mae_sr": 0.6559139490127563,
        "rmsd": 0.7982391119003296,
        "dihedral_counts": [
            93,
            68,
            29,
            14
        ],
        "seq_len": 127,
        "num_sc": 93,
        "clash_info": {
            "100": {
                "num_clashes": 24,
                "num_atom_pairs": 279891,
                "energy": 2.9324445724487305
            },
            "90": {
                "num_clashes": 2,
                "num_atom_pairs": 279891,
                "energy": 0.1850900650024414
            },
            "80": {
                "num_clashes": 0,
                "num_atom_pairs": 279891,
                "energy": 0.0
            }
        },
        "ca_rmsd": 15.494580268859863
    },
    "core": {
        "mean_mae": [
            11.57442569732666,
            14.890588760375977,
            31.40111541748047,
            0.0
        ],
        "mae_sr": 0.8695651888847351,
        "rmsd": 0.31014853715896606,
        "dihedral_counts": [
            23,
            15,
            3,
            0
        ],
        "seq_len": 29,
        "num_sc": 23
    },
    "surface": {
        "mean_mae": [
            48.909053802490234,
            34.45430374145508,
            44.11064147949219,
            43.66427993774414
        ],
        "mae_sr": 0.41304346919059753,
        "rmsd": 1.3128576278686523,
        "dihedral_counts": [
            46,
            36,
            22,
            12
        ],
        "seq_len": 67,
        "num_sc": 46
    }
}