{
    "all": {
        "mean_mae": [
            27.372556686401367,
            28.45863914489746,
            42.921173095703125,
            63.53963851928711
        ],
        "mae_sr": 0.5984848737716675,
        "rmsd": 0.962386429309845,
        "dihedral_counts": [
            264,
            215,
            81,
            39
        ],
        "seq_len": 318,
        "num_sc": 264,
        "clash_info": {
            "100": {
                "num_clashes": 100,
                "num_atom_pairs": 2142613,
                "energy": 20.44261932373047
            },
            "90": {
                "num_clashes": 21,
                "num_atom_pairs": 2142613,
                "energy": 4.401477336883545
            },
            "80": {
                "num_clashes": 2,
                "num_atom_pairs": 2142613,
                "energy": 1.3148930072784424
            }
        },
        "ca_rmsd": 6.587305545806885
    },
    "core": {
        "mean_mae": [
            13.349992752075195,
            16.82976722717285,
            33.04270935058594,
            124.48566436767578
        ],
        "mae_sr": 0.8111110925674438,
        "rmsd": 0.507063090801239,
        "dihedral_counts": [
            90,
            69,
            11,
            4
        ],
        "seq_len": 123,
        "num_sc": 90
    },
    "surface": {
        "mean_mae": [
            40.329708099365234,
            38.12065505981445,
            46.00346374511719,
            63.277191162109375
        ],
        "mae_sr": 0.3913043439388275,
        "rmsd": 1.437705636024475,
        "dihedral_counts": [
            115,
            101,
            52,
            25
        ],
        "seq_len": 129,
        "num_sc": 115
    }
}