{
    "all": {
        "mean_mae": [
            56.88453674316406,
            44.31785202026367,
            70.29347229003906,
            56.0682373046875
        ],
        "mae_sr": 0.14754098653793335,
        "rmsd": 1.5672290325164795,
        "dihedral_counts": [
            61,
            54,
            30,
            6
        ],
        "seq_len": 109,
        "num_sc": 61,
        "clash_info": {
            "100": {
                "num_clashes": 4,
                "num_atom_pairs": 121380,
                "energy": 0.38130640983581543
            },
            "90": {
                "num_clashes": 0,
                "num_atom_pairs": 121380,
                "energy": 0.0
            },
            "80": {
                "num_clashes": 0,
                "num_atom_pairs": 121380,
                "energy": 0.0
            }
        },
        "ca_rmsd": 111.30352020263672
    },
    "core": {
        "mean_mae": [
            0.0,
            0.0,
            0.0,
            0.0
        ],
        "mae_sr": 1.0,
        "rmsd": 0.0,
        "dihedral_counts": [
            0,
            0,
            0,
            0
        ],
        "seq_len": 40,
        "num_sc": 0
    },
    "surface": {
        "mean_mae": [
            56.8845329284668,
            44.31785583496094,
            70.29347229003906,
            56.0682373046875
        ],
        "mae_sr": 0.14754098653793335,
        "rmsd": 1.5672290325164795,
        "dihedral_counts": [
            61,
            54,
            30,
            6
        ],
        "seq_len": 69,
        "num_sc": 61
    }
}