{
    "all": {
        "mean_mae": [
            27.032434463500977,
            21.637619018554688,
            51.98625946044922,
            56.011390686035156
        ],
        "mae_sr": 0.6182795763015747,
        "rmsd": 0.9573622941970825,
        "dihedral_counts": [
            186,
            136,
            63,
            32
        ],
        "seq_len": 264,
        "num_sc": 186,
        "clash_info": {
            "100": {
                "num_clashes": 78,
                "num_atom_pairs": 1171742,
                "energy": 12.552999496459961
            },
            "90": {
                "num_clashes": 13,
                "num_atom_pairs": 1171742,
                "energy": 2.5175530910491943
            },
            "80": {
                "num_clashes": 2,
                "num_atom_pairs": 1171742,
                "energy": 0.19580912590026855
            }
        },
        "ca_rmsd": 24.63385581970215
    },
    "core": {
        "mean_mae": [
            11.900215148925781,
            6.133079528808594,
            15.234418869018555,
            51.16178512573242
        ],
        "mae_sr": 0.90625,
        "rmsd": 0.37243515253067017,
        "dihedral_counts": [
            64,
            43,
            10,
            4
        ],
        "seq_len": 116,
        "num_sc": 64
    },
    "surface": {
        "mean_mae": [
            38.343421936035156,
            29.751497268676758,
            59.93693542480469,
            51.30221176147461
        ],
        "mae_sr": 0.4588235318660736,
        "rmsd": 1.3866872787475586,
        "dihedral_counts": [
            85,
            67,
            39,
            21
        ],
        "seq_len": 104,
        "num_sc": 85
    }
}