{
    "all": {
        "mean_mae": [
            43.29328155517578,
            35.38465881347656,
            56.89744567871094,
            56.65986251831055
        ],
        "mae_sr": 0.44252872467041016,
        "rmsd": 1.171992301940918,
        "dihedral_counts": [
            174,
            118,
            36,
            20
        ],
        "seq_len": 199,
        "num_sc": 174,
        "clash_info": {
            "100": {
                "num_clashes": 78,
                "num_atom_pairs": 786891,
                "energy": 16.989164352416992
            },
            "90": {
                "num_clashes": 19,
                "num_atom_pairs": 786891,
                "energy": 4.054534912109375
            },
            "80": {
                "num_clashes": 4,
                "num_atom_pairs": 786891,
                "energy": 0.6068152189254761
            }
        },
        "ca_rmsd": 8.90024471282959
    },
    "core": {
        "mean_mae": [
            23.248109817504883,
            17.189790725708008,
            84.9093017578125,
            6.903636932373047
        ],
        "mae_sr": 0.695652186870575,
        "rmsd": 0.5722715258598328,
        "dihedral_counts": [
            46,
            26,
            6,
            3
        ],
        "seq_len": 50,
        "num_sc": 46
    },
    "surface": {
        "mean_mae": [
            55.23225021362305,
            41.630558013916016,
            52.3280143737793,
            68.72237396240234
        ],
        "mae_sr": 0.2967033088207245,
        "rmsd": 1.508558988571167,
        "dihedral_counts": [
            91,
            67,
            24,
            13
        ],
        "seq_len": 106,
        "num_sc": 91
    }
}