{
    "all": {
        "mean_mae": [
            21.334054946899414,
            24.917217254638672,
            49.1678581237793,
            51.755332946777344
        ],
        "mae_sr": 0.6203703880310059,
        "rmsd": 0.7765750288963318,
        "dihedral_counts": [
            216,
            186,
            67,
            34
        ],
        "seq_len": 287,
        "num_sc": 216,
        "clash_info": {
            "100": {
                "num_clashes": 75,
                "num_atom_pairs": 1606354,
                "energy": 9.238062858581543
            },
            "90": {
                "num_clashes": 7,
                "num_atom_pairs": 1606354,
                "energy": 0.8225927352905273
            },
            "80": {
                "num_clashes": 0,
                "num_atom_pairs": 1606354,
                "energy": 0.0
            }
        },
        "ca_rmsd": 18.326539993286133
    },
    "core": {
        "mean_mae": [
            9.689295768737793,
            13.145584106445312,
            31.14680290222168,
            22.294322967529297
        ],
        "mae_sr": 0.8088235259056091,
        "rmsd": 0.3888377547264099,
        "dihedral_counts": [
            68,
            57,
            11,
            7
        ],
        "seq_len": 117,
        "num_sc": 68
    },
    "surface": {
        "mean_mae": [
            30.34848976135254,
            31.9720516204834,
            55.12173080444336,
            61.2880859375
        ],
        "mae_sr": 0.4680851101875305,
        "rmsd": 1.085439920425415,
        "dihedral_counts": [
            94,
            82,
            41,
            19
        ],
        "seq_len": 108,
        "num_sc": 94
    }
}