{
    "all": {
        "mean_mae": [
            32.499305725097656,
            28.3775691986084,
            51.22549819946289,
            67.55609893798828
        ],
        "mae_sr": 0.593406617641449,
        "rmsd": 0.9387586712837219,
        "dihedral_counts": [
            91,
            63,
            17,
            7
        ],
        "seq_len": 106,
        "num_sc": 91,
        "clash_info": {
            "100": {
                "num_clashes": 48,
                "num_atom_pairs": 244617,
                "energy": 8.53577995300293
            },
            "90": {
                "num_clashes": 10,
                "num_atom_pairs": 244617,
                "energy": 1.2487142086029053
            },
            "80": {
                "num_clashes": 0,
                "num_atom_pairs": 244617,
                "energy": 0.0
            }
        },
        "ca_rmsd": 26.351070404052734
    },
    "core": {
        "mean_mae": [
            28.988752365112305,
            29.726421356201172,
            155.6547088623047,
            62.82912063598633
        ],
        "mae_sr": 0.7333333492279053,
        "rmsd": 0.8898677229881287,
        "dihedral_counts": [
            15,
            11,
            1,
            1
        ],
        "seq_len": 15,
        "num_sc": 15
    },
    "surface": {
        "mean_mae": [
            39.42033386230469,
            33.31085205078125,
            56.71682357788086,
            90.58828735351562
        ],
        "mae_sr": 0.48076921701431274,
        "rmsd": 1.0904393196105957,
        "dihedral_counts": [
            52,
            39,
            12,
            3
        ],
        "seq_len": 66,
        "num_sc": 52
    }
}