{
    "all": {
        "mean_mae": [
            18.47112274169922,
            20.28062629699707,
            36.016693115234375,
            62.42599105834961
        ],
        "mae_sr": 0.6527777910232544,
        "rmsd": 0.6070668697357178,
        "dihedral_counts": [
            144,
            115,
            34,
            18
        ],
        "seq_len": 186,
        "num_sc": 144,
        "clash_info": {
            "100": {
                "num_clashes": 67,
                "num_atom_pairs": 685126,
                "energy": 12.525373458862305
            },
            "90": {
                "num_clashes": 13,
                "num_atom_pairs": 685126,
                "energy": 3.3859024047851562
            },
            "80": {
                "num_clashes": 5,
                "num_atom_pairs": 685126,
                "energy": 0.8923658132553101
            }
        },
        "ca_rmsd": 14.66030216217041
    },
    "core": {
        "mean_mae": [
            15.463191032409668,
            14.289362907409668,
            56.024391174316406,
            21.5622501373291
        ],
        "mae_sr": 0.7599999904632568,
        "rmsd": 0.45207226276397705,
        "dihedral_counts": [
            50,
            36,
            8,
            3
        ],
        "seq_len": 62,
        "num_sc": 50
    },
    "surface": {
        "mean_mae": [
            24.95267105102539,
            28.225141525268555,
            30.35934829711914,
            83.75273895263672
        ],
        "mae_sr": 0.4642857015132904,
        "rmsd": 0.8712170720100403,
        "dihedral_counts": [
            56,
            47,
            18,
            12
        ],
        "seq_len": 65,
        "num_sc": 56
    }
}