{
    "all": {
        "mean_mae": [
            48.17127990722656,
            47.48280715942383,
            54.482421875,
            44.80159378051758
        ],
        "mae_sr": 0.2954545319080353,
        "rmsd": 1.4819247722625732,
        "dihedral_counts": [
            440,
            364,
            121,
            66
        ],
        "seq_len": 464,
        "num_sc": 440,
        "clash_info": {
            "100": {
                "num_clashes": 153,
                "num_atom_pairs": 5583048,
                "energy": 27.595752716064453
            },
            "90": {
                "num_clashes": 24,
                "num_atom_pairs": 5583048,
                "energy": 6.455408096313477
            },
            "80": {
                "num_clashes": 7,
                "num_atom_pairs": 5583048,
                "energy": 1.8262814283370972
            }
        },
        "ca_rmsd": 34.16825866699219
    },
    "core": {
        "mean_mae": [
            24.873323440551758,
            44.1491813659668,
            102.88663482666016,
            99.67546081542969
        ],
        "mae_sr": 0.3777777850627899,
        "rmsd": 0.8896713256835938,
        "dihedral_counts": [
            45,
            40,
            5,
            2
        ],
        "seq_len": 48,
        "num_sc": 45
    },
    "surface": {
        "mean_mae": [
            53.968284606933594,
            46.31720733642578,
            50.00905227661133,
            41.82624435424805
        ],
        "mae_sr": 0.27017542719841003,
        "rmsd": 1.6747775077819824,
        "dihedral_counts": [
            285,
            234,
            98,
            55
        ],
        "seq_len": 303,
        "num_sc": 285
    }
}