{
    "all": {
        "mean_mae": [
            51.816307067871094,
            39.985469818115234,
            57.76752853393555,
            30.681150436401367
        ],
        "mae_sr": 0.2068965584039688,
        "rmsd": 1.4667226076126099,
        "dihedral_counts": [
            87,
            75,
            29,
            15
        ],
        "seq_len": 95,
        "num_sc": 87,
        "clash_info": {
            "100": {
                "num_clashes": 26,
                "num_atom_pairs": 237281,
                "energy": 3.0697669982910156
            },
            "90": {
                "num_clashes": 1,
                "num_atom_pairs": 237281,
                "energy": 0.2152705192565918
            },
            "80": {
                "num_clashes": 0,
                "num_atom_pairs": 237281,
                "energy": 0.0
            }
        },
        "ca_rmsd": 2.9701647758483887
    },
    "core": {
        "mean_mae": [
            23.730501174926758,
            37.95482635498047,
            43.134647369384766,
            0.0
        ],
        "mae_sr": 0.27272728085517883,
        "rmsd": 0.9731007218360901,
        "dihedral_counts": [
            11,
            10,
            1,
            0
        ],
        "seq_len": 13,
        "num_sc": 11
    },
    "surface": {
        "mean_mae": [
            58.02157974243164,
            41.1159553527832,
            54.88331604003906,
            33.26848602294922
        ],
        "mae_sr": 0.1666666716337204,
        "rmsd": 1.601384162902832,
        "dihedral_counts": [
            54,
            45,
            24,
            13
        ],
        "seq_len": 58,
        "num_sc": 54
    }
}