{
    "all": {
        "mean_mae": [
            19.370023727416992,
            24.258468627929688,
            49.24810028076172,
            57.14030838012695
        ],
        "mae_sr": 0.6683416962623596,
        "rmsd": 0.6909029483795166,
        "dihedral_counts": [
            199,
            151,
            45,
            20
        ],
        "seq_len": 299,
        "num_sc": 199,
        "clash_info": {
            "100": {
                "num_clashes": 91,
                "num_atom_pairs": 1410345,
                "energy": 20.37057113647461
            },
            "90": {
                "num_clashes": 17,
                "num_atom_pairs": 1410345,
                "energy": 7.634848594665527
            },
            "80": {
                "num_clashes": 9,
                "num_atom_pairs": 1410345,
                "energy": 3.8994503021240234
            }
        },
        "ca_rmsd": 12.744390487670898
    },
    "core": {
        "mean_mae": [
            10.137765884399414,
            12.182522773742676,
            26.947750091552734,
            35.9841194152832
        ],
        "mae_sr": 0.8061224222183228,
        "rmsd": 0.34096527099609375,
        "dihedral_counts": [
            98,
            73,
            13,
            5
        ],
        "seq_len": 156,
        "num_sc": 98
    },
    "surface": {
        "mean_mae": [
            35.174591064453125,
            43.038448333740234,
            63.111427307128906,
            41.57114791870117
        ],
        "mae_sr": 0.43939393758773804,
        "rmsd": 1.251245379447937,
        "dihedral_counts": [
            66,
            55,
            25,
            12
        ],
        "seq_len": 97,
        "num_sc": 66
    }
}