{
    "all": {
        "mean_mae": [
            41.165122985839844,
            38.025691986083984,
            56.79107666015625,
            67.79402160644531
        ],
        "mae_sr": 0.405633807182312,
        "rmsd": 1.195807695388794,
        "dihedral_counts": [
            355,
            270,
            79,
            30
        ],
        "seq_len": 547,
        "num_sc": 355,
        "clash_info": {
            "100": {
                "num_clashes": 117,
                "num_atom_pairs": 3806270,
                "energy": 21.05479621887207
            },
            "90": {
                "num_clashes": 20,
                "num_atom_pairs": 3806270,
                "energy": 3.5453672409057617
            },
            "80": {
                "num_clashes": 3,
                "num_atom_pairs": 3806270,
                "energy": 0.7259221076965332
            }
        },
        "ca_rmsd": 187.62635803222656
    },
    "core": {
        "mean_mae": [
            11.829079627990723,
            21.604717254638672,
            42.203857421875,
            0.0
        ],
        "mae_sr": 0.7647058963775635,
        "rmsd": 0.45810073614120483,
        "dihedral_counts": [
            34,
            21,
            4,
            0
        ],
        "seq_len": 162,
        "num_sc": 34
    },
    "surface": {
        "mean_mae": [
            45.1617546081543,
            40.17005920410156,
            59.5063591003418,
            67.30465698242188
        ],
        "mae_sr": 0.356890469789505,
        "rmsd": 1.3026971817016602,
        "dihedral_counts": [
            283,
            221,
            66,
            25
        ],
        "seq_len": 345,
        "num_sc": 283
    }
}