{
    "all": {
        "mean_mae": [
            42.89813995361328,
            39.8000373840332,
            53.75563049316406,
            87.15121459960938
        ],
        "mae_sr": 0.3885350227355957,
        "rmsd": 1.289117455482483,
        "dihedral_counts": [
            314,
            240,
            66,
            30
        ],
        "seq_len": 409,
        "num_sc": 314,
        "clash_info": {
            "100": {
                "num_clashes": 120,
                "num_atom_pairs": 3145561,
                "energy": 38.08196258544922
            },
            "90": {
                "num_clashes": 44,
                "num_atom_pairs": 3145561,
                "energy": 15.402636528015137
            },
            "80": {
                "num_clashes": 14,
                "num_atom_pairs": 3145561,
                "energy": 7.434643745422363
            }
        },
        "ca_rmsd": 100.17411041259766
    },
    "core": {
        "mean_mae": [
            27.172775268554688,
            36.22901153564453,
            72.51922607421875,
            103.71477508544922
        ],
        "mae_sr": 0.550000011920929,
        "rmsd": 0.6609857082366943,
        "dihedral_counts": [
            20,
            13,
            2,
            1
        ],
        "seq_len": 24,
        "num_sc": 20
    },
    "surface": {
        "mean_mae": [
            45.84906768798828,
            39.9851188659668,
            55.365196228027344,
            83.61030578613281
        ],
        "mae_sr": 0.3672727346420288,
        "rmsd": 1.3605079650878906,
        "dihedral_counts": [
            275,
            211,
            58,
            26
        ],
        "seq_len": 340,
        "num_sc": 275
    }
}