{
    "all": {
        "mean_mae": [
            32.507694244384766,
            23.769290924072266,
            47.296268463134766,
            67.322509765625
        ],
        "mae_sr": 0.5515872836112976,
        "rmsd": 0.9767720699310303,
        "dihedral_counts": [
            252,
            195,
            64,
            37
        ],
        "seq_len": 312,
        "num_sc": 252,
        "clash_info": {
            "100": {
                "num_clashes": 118,
                "num_atom_pairs": 1768206,
                "energy": 25.543373107910156
            },
            "90": {
                "num_clashes": 26,
                "num_atom_pairs": 1768206,
                "energy": 6.90822172164917
            },
            "80": {
                "num_clashes": 9,
                "num_atom_pairs": 1768206,
                "energy": 1.6264119148254395
            }
        },
        "ca_rmsd": 18.24554443359375
    },
    "core": {
        "mean_mae": [
            15.161903381347656,
            15.612283706665039,
            53.166748046875,
            79.81104278564453
        ],
        "mae_sr": 0.8591549396514893,
        "rmsd": 0.38668307662010193,
        "dihedral_counts": [
            71,
            46,
            2,
            1
        ],
        "seq_len": 126,
        "num_sc": 71
    },
    "surface": {
        "mean_mae": [
            46.99660873413086,
            28.67882537841797,
            46.09737014770508,
            61.92906188964844
        ],
        "mae_sr": 0.33980581164360046,
        "rmsd": 1.4363051652908325,
        "dihedral_counts": [
            103,
            89,
            42,
            22
        ],
        "seq_len": 106,
        "num_sc": 103
    }
}