{
    "all": {
        "mean_mae": [
            56.39869689941406,
            42.945343017578125,
            66.18445587158203,
            72.89698028564453
        ],
        "mae_sr": 0.4032258093357086,
        "rmsd": 1.4586188793182373,
        "dihedral_counts": [
            62,
            49,
            17,
            7
        ],
        "seq_len": 122,
        "num_sc": 62,
        "clash_info": {
            "100": {
                "num_clashes": 13,
                "num_atom_pairs": 121979,
                "energy": 2.3568620681762695
            },
            "90": {
                "num_clashes": 2,
                "num_atom_pairs": 121979,
                "energy": 0.5980453491210938
            },
            "80": {
                "num_clashes": 1,
                "num_atom_pairs": 121979,
                "energy": 0.1293649673461914
            }
        },
        "ca_rmsd": 20.425004959106445
    },
    "core": {
        "mean_mae": [
            0.0,
            0.0,
            0.0,
            0.0
        ],
        "mae_sr": 1.0,
        "rmsd": 0.0,
        "dihedral_counts": [
            0,
            0,
            0,
            0
        ],
        "seq_len": 51,
        "num_sc": 0
    },
    "surface": {
        "mean_mae": [
            53.970157623291016,
            38.84694290161133,
            64.38804626464844,
            66.1888656616211
        ],
        "mae_sr": 0.4137931168079376,
        "rmsd": 1.4084172248840332,
        "dihedral_counts": [
            58,
            45,
            15,
            6
        ],
        "seq_len": 65,
        "num_sc": 58
    }
}