{
    "all": {
        "mean_mae": [
            49.51035690307617,
            51.79631805419922,
            56.740234375,
            52.18107986450195
        ],
        "mae_sr": 0.341085284948349,
        "rmsd": 1.4673346281051636,
        "dihedral_counts": [
            387,
            301,
            120,
            60
        ],
        "seq_len": 495,
        "num_sc": 387,
        "clash_info": {
            "100": {
                "num_clashes": 146,
                "num_atom_pairs": 4832570,
                "energy": 29.129148483276367
            },
            "90": {
                "num_clashes": 26,
                "num_atom_pairs": 4832570,
                "energy": 7.153362274169922
            },
            "80": {
                "num_clashes": 7,
                "num_atom_pairs": 4832570,
                "energy": 2.422699451446533
            }
        },
        "ca_rmsd": 52.04771423339844
    },
    "core": {
        "mean_mae": [
            30.631103515625,
            32.56496047973633,
            33.39307403564453,
            124.77648162841797
        ],
        "mae_sr": 0.510869562625885,
        "rmsd": 0.8855525851249695,
        "dihedral_counts": [
            92,
            66,
            7,
            3
        ],
        "seq_len": 144,
        "num_sc": 92
    },
    "surface": {
        "mean_mae": [
            59.7166633605957,
            59.519371032714844,
            58.60561752319336,
            50.578575134277344
        ],
        "mae_sr": 0.2341463416814804,
        "rmsd": 1.7952196598052979,
        "dihedral_counts": [
            205,
            169,
            93,
            45
        ],
        "seq_len": 245,
        "num_sc": 205
    }
}