{
    "all": {
        "mean_mae": [
            12.520942687988281,
            16.43866539001465,
            47.15930938720703,
            46.611690521240234
        ],
        "mae_sr": 0.717277467250824,
        "rmsd": 0.5737206935882568,
        "dihedral_counts": [
            191,
            160,
            52,
            24
        ],
        "seq_len": 230,
        "num_sc": 191,
        "clash_info": {
            "100": {
                "num_clashes": 80,
                "num_atom_pairs": 1146495,
                "energy": 32.31208419799805
            },
            "90": {
                "num_clashes": 24,
                "num_atom_pairs": 1146495,
                "energy": 17.83831024169922
            },
            "80": {
                "num_clashes": 15,
                "num_atom_pairs": 1146495,
                "energy": 11.73344612121582
            }
        },
        "ca_rmsd": 5.726197719573975
    },
    "core": {
        "mean_mae": [
            10.785762786865234,
            14.926145553588867,
            19.38612174987793,
            4.037618637084961
        ],
        "mae_sr": 0.875,
        "rmsd": 0.3858936131000519,
        "dihedral_counts": [
            72,
            56,
            9,
            2
        ],
        "seq_len": 87,
        "num_sc": 72
    },
    "surface": {
        "mean_mae": [
            18.214136123657227,
            21.60919189453125,
            57.17750930786133,
            61.04282760620117
        ],
        "mae_sr": 0.54666668176651,
        "rmsd": 0.7987731695175171,
        "dihedral_counts": [
            75,
            65,
            28,
            14
        ],
        "seq_len": 90,
        "num_sc": 75
    }
}