{
    "all": {
        "mean_mae": [
            35.365234375,
            35.226844787597656,
            44.69221496582031,
            55.62145233154297
        ],
        "mae_sr": 0.5653846263885498,
        "rmsd": 0.9805999994277954,
        "dihedral_counts": [
            260,
            169,
            45,
            18
        ],
        "seq_len": 338,
        "num_sc": 260,
        "clash_info": {
            "100": {
                "num_clashes": 82,
                "num_atom_pairs": 2140880,
                "energy": 19.494531631469727
            },
            "90": {
                "num_clashes": 19,
                "num_atom_pairs": 2140880,
                "energy": 6.275961399078369
            },
            "80": {
                "num_clashes": 7,
                "num_atom_pairs": 2140880,
                "energy": 2.5948386192321777
            }
        },
        "ca_rmsd": 6.715993881225586
    },
    "core": {
        "mean_mae": [
            33.195125579833984,
            27.289276123046875,
            37.399742126464844,
            45.15093994140625
        ],
        "mae_sr": 0.6052631735801697,
        "rmsd": 0.8084511756896973,
        "dihedral_counts": [
            38,
            28,
            5,
            2
        ],
        "seq_len": 47,
        "num_sc": 38
    },
    "surface": {
        "mean_mae": [
            38.62174606323242,
            39.33134078979492,
            41.81624221801758,
            59.96208190917969
        ],
        "mae_sr": 0.5575757622718811,
        "rmsd": 1.031233310699463,
        "dihedral_counts": [
            165,
            95,
            29,
            11
        ],
        "seq_len": 222,
        "num_sc": 165
    }
}