{
    "all": {
        "mean_mae": [
            16.688520431518555,
            17.572669982910156,
            44.14997482299805,
            52.767181396484375
        ],
        "mae_sr": 0.6829268336296082,
        "rmsd": 0.7637320756912231,
        "dihedral_counts": [
            82,
            69,
            23,
            10
        ],
        "seq_len": 102,
        "num_sc": 82,
        "clash_info": {
            "100": {
                "num_clashes": 43,
                "num_atom_pairs": 247779,
                "energy": 17.968076705932617
            },
            "90": {
                "num_clashes": 15,
                "num_atom_pairs": 247779,
                "energy": 9.526839256286621
            },
            "80": {
                "num_clashes": 11,
                "num_atom_pairs": 247779,
                "energy": 5.8267107009887695
            }
        },
        "ca_rmsd": 14.84046745300293
    },
    "core": {
        "mean_mae": [
            6.206455707550049,
            7.299725532531738,
            14.917325019836426,
            0.0
        ],
        "mae_sr": 0.8666666746139526,
        "rmsd": 0.24274465441703796,
        "dihedral_counts": [
            15,
            11,
            1,
            0
        ],
        "seq_len": 19,
        "num_sc": 15
    },
    "surface": {
        "mean_mae": [
            22.694005966186523,
            23.98336410522461,
            56.46855926513672,
            64.02311706542969
        ],
        "mae_sr": 0.5869565010070801,
        "rmsd": 1.1039342880249023,
        "dihedral_counts": [
            46,
            41,
            16,
            8
        ],
        "seq_len": 58,
        "num_sc": 46
    }
}