{
    "all": {
        "mean_mae": [
            22.398344039916992,
            27.04127311706543,
            44.67776107788086,
            56.38606643676758
        ],
        "mae_sr": 0.6532663106918335,
        "rmsd": 0.7888756990432739,
        "dihedral_counts": [
            199,
            151,
            45,
            20
        ],
        "seq_len": 263,
        "num_sc": 199,
        "clash_info": {
            "100": {
                "num_clashes": 191,
                "num_atom_pairs": 1410345,
                "energy": 66.49883270263672
            },
            "90": {
                "num_clashes": 56,
                "num_atom_pairs": 1410345,
                "energy": 31.048551559448242
            },
            "80": {
                "num_clashes": 33,
                "num_atom_pairs": 1410345,
                "energy": 17.83426856994629
            }
        },
        "ca_rmsd": 4.588580850395374e-06
    },
    "core": {
        "mean_mae": [
            14.03646183013916,
            19.489492416381836,
            18.694950103759766,
            48.513187408447266
        ],
        "mae_sr": 0.7551020383834839,
        "rmsd": 0.49763599038124084,
        "dihedral_counts": [
            98,
            73,
            13,
            5
        ],
        "seq_len": 120,
        "num_sc": 98
    },
    "surface": {
        "mean_mae": [
            34.372371673583984,
            39.499454498291016,
            61.143680572509766,
            48.34101867675781
        ],
        "mae_sr": 0.4545454680919647,
        "rmsd": 1.252158284187317,
        "dihedral_counts": [
            66,
            55,
            25,
            12
        ],
        "seq_len": 97,
        "num_sc": 66
    }
}