{
    "all": {
        "mean_mae": [
            27.432373046875,
            30.177541732788086,
            57.98353958129883,
            68.60336303710938
        ],
        "mae_sr": 0.5430463552474976,
        "rmsd": 0.8519322276115417,
        "dihedral_counts": [
            453,
            323,
            82,
            38
        ],
        "seq_len": 563,
        "num_sc": 453,
        "clash_info": {
            "100": {
                "num_clashes": 506,
                "num_atom_pairs": 6430869,
                "energy": 116.8698959350586
            },
            "90": {
                "num_clashes": 134,
                "num_atom_pairs": 6430869,
                "energy": 25.731426239013672
            },
            "80": {
                "num_clashes": 26,
                "num_atom_pairs": 6430869,
                "energy": 4.954196453094482
            }
        },
        "ca_rmsd": 0.0
    },
    "core": {
        "mean_mae": [
            21.805875778198242,
            23.779211044311523,
            52.18577575683594,
            60.1073112487793
        ],
        "mae_sr": 0.6098484992980957,
        "rmsd": 0.7188342213630676,
        "dihedral_counts": [
            264,
            187,
            51,
            24
        ],
        "seq_len": 319,
        "num_sc": 264
    },
    "surface": {
        "mean_mae": [
            41.003421783447266,
            42.25970458984375,
            66.87349700927734,
            103.45572662353516
        ],
        "mae_sr": 0.4117647111415863,
        "rmsd": 1.1484863758087158,
        "dihedral_counts": [
            102,
            73,
            16,
            3
        ],
        "seq_len": 141,
        "num_sc": 102
    }
}