{
    "all": {
        "mean_mae": [
            39.38687515258789,
            32.48149871826172,
            59.36712646484375,
            53.729373931884766
        ],
        "mae_sr": 0.47194719314575195,
        "rmsd": 1.1380188465118408,
        "dihedral_counts": [
            303,
            232,
            72,
            32
        ],
        "seq_len": 358,
        "num_sc": 303,
        "clash_info": {
            "100": {
                "num_clashes": 125,
                "num_atom_pairs": 2730574,
                "energy": 20.899063110351562
            },
            "90": {
                "num_clashes": 18,
                "num_atom_pairs": 2730574,
                "energy": 3.050771713256836
            },
            "80": {
                "num_clashes": 3,
                "num_atom_pairs": 2730574,
                "energy": 0.4009857177734375
            }
        },
        "ca_rmsd": 1.1203589565411676e-05
    },
    "core": {
        "mean_mae": [
            33.7758903503418,
            21.37959861755371,
            42.967567443847656,
            44.77568435668945
        ],
        "mae_sr": 0.5666666626930237,
        "rmsd": 0.8009780645370483,
        "dihedral_counts": [
            30,
            16,
            7,
            3
        ],
        "seq_len": 35,
        "num_sc": 30
    },
    "surface": {
        "mean_mae": [
            40.86383819580078,
            33.92253112792969,
            58.0057487487793,
            57.34138870239258
        ],
        "mae_sr": 0.46311476826667786,
        "rmsd": 1.18613862991333,
        "dihedral_counts": [
            244,
            190,
            55,
            26
        ],
        "seq_len": 291,
        "num_sc": 244
    }
}