{
    "all": {
        "mean_mae": [
            19.479736328125,
            22.13299560546875,
            35.54547882080078,
            60.81493377685547
        ],
        "mae_sr": 0.6275510191917419,
        "rmsd": 0.7335560321807861,
        "dihedral_counts": [
            392,
            298,
            112,
            61
        ],
        "seq_len": 460,
        "num_sc": 392,
        "clash_info": {
            "100": {
                "num_clashes": 192,
                "num_atom_pairs": 4660950,
                "energy": 31.165393829345703
            },
            "90": {
                "num_clashes": 21,
                "num_atom_pairs": 4660950,
                "energy": 2.130927324295044
            },
            "80": {
                "num_clashes": 0,
                "num_atom_pairs": 4660950,
                "energy": 0.0
            }
        },
        "ca_rmsd": 3.561203129720525e-06
    },
    "core": {
        "mean_mae": [
            9.981255531311035,
            16.6896915435791,
            29.610136032104492,
            89.1877670288086
        ],
        "mae_sr": 0.7682926654815674,
        "rmsd": 0.4041175842285156,
        "dihedral_counts": [
            164,
            103,
            23,
            10
        ],
        "seq_len": 203,
        "num_sc": 164
    },
    "surface": {
        "mean_mae": [
            28.944507598876953,
            28.995361328125,
            43.13473892211914,
            51.65509033203125
        ],
        "mae_sr": 0.44285714626312256,
        "rmsd": 1.0802440643310547,
        "dihedral_counts": [
            140,
            123,
            61,
            34
        ],
        "seq_len": 152,
        "num_sc": 140
    }
}