{
    "all": {
        "mean_mae": [
            21.776939392089844,
            31.4676456451416,
            41.79349136352539,
            52.48210525512695
        ],
        "mae_sr": 0.5744680762290955,
        "rmsd": 0.9773187041282654,
        "dihedral_counts": [
            94,
            84,
            30,
            12
        ],
        "seq_len": 111,
        "num_sc": 94,
        "clash_info": {
            "100": {
                "num_clashes": 50,
                "num_atom_pairs": 306204,
                "energy": 11.877470970153809
            },
            "90": {
                "num_clashes": 12,
                "num_atom_pairs": 306204,
                "energy": 3.254642963409424
            },
            "80": {
                "num_clashes": 3,
                "num_atom_pairs": 306204,
                "energy": 1.045050024986267
            }
        },
        "ca_rmsd": 2.340505261599901e-06
    },
    "core": {
        "mean_mae": [
            16.61060333251953,
            19.08913230895996,
            26.039541244506836,
            50.582786560058594
        ],
        "mae_sr": 0.7200000286102295,
        "rmsd": 0.7932290434837341,
        "dihedral_counts": [
            25,
            21,
            7,
            4
        ],
        "seq_len": 34,
        "num_sc": 25
    },
    "surface": {
        "mean_mae": [
            26.182241439819336,
            36.90410232543945,
            36.75822830200195,
            59.32799530029297
        ],
        "mae_sr": 0.5400000214576721,
        "rmsd": 1.0441380739212036,
        "dihedral_counts": [
            50,
            45,
            15,
            5
        ],
        "seq_len": 54,
        "num_sc": 50
    }
}