{
    "all": {
        "mean_mae": [
            18.98668098449707,
            27.63420867919922,
            56.54226303100586,
            55.613304138183594
        ],
        "mae_sr": 0.6229507923126221,
        "rmsd": 0.6700010895729065,
        "dihedral_counts": [
            183,
            127,
            37,
            15
        ],
        "seq_len": 214,
        "num_sc": 183,
        "clash_info": {
            "100": {
                "num_clashes": 157,
                "num_atom_pairs": 1046100,
                "energy": 26.459503173828125
            },
            "90": {
                "num_clashes": 20,
                "num_atom_pairs": 1046100,
                "energy": 2.7749457359313965
            },
            "80": {
                "num_clashes": 1,
                "num_atom_pairs": 1046100,
                "energy": 0.0024945735931396484
            }
        },
        "ca_rmsd": 1.4919811519575887e-06
    },
    "core": {
        "mean_mae": [
            13.253925323486328,
            23.81394386291504,
            42.005496978759766,
            9.914900779724121
        ],
        "mae_sr": 0.7222222089767456,
        "rmsd": 0.5600250959396362,
        "dihedral_counts": [
            72,
            48,
            10,
            2
        ],
        "seq_len": 83,
        "num_sc": 72
    },
    "surface": {
        "mean_mae": [
            25.44226837158203,
            31.27320671081543,
            64.83689880371094,
            50.95772933959961
        ],
        "mae_sr": 0.5555555820465088,
        "rmsd": 0.7696578502655029,
        "dihedral_counts": [
            72,
            53,
            18,
            9
        ],
        "seq_len": 87,
        "num_sc": 72
    }
}