{
    "all": {
        "mean_mae": [
            31.666528701782227,
            34.31520080566406,
            53.39588928222656,
            60.45888137817383
        ],
        "mae_sr": 0.43529412150382996,
        "rmsd": 1.0176808834075928,
        "dihedral_counts": [
            255,
            198,
            78,
            36
        ],
        "seq_len": 300,
        "num_sc": 255,
        "clash_info": {
            "100": {
                "num_clashes": 161,
                "num_atom_pairs": 1935960,
                "energy": 31.13790512084961
            },
            "90": {
                "num_clashes": 29,
                "num_atom_pairs": 1935960,
                "energy": 5.907751083374023
            },
            "80": {
                "num_clashes": 6,
                "num_atom_pairs": 1935960,
                "energy": 0.9935493469238281
            }
        },
        "ca_rmsd": 1.5258789289873675e-06
    },
    "core": {
        "mean_mae": [
            14.91061019897461,
            23.451711654663086,
            52.31165313720703,
            63.805397033691406
        ],
        "mae_sr": 0.6391752362251282,
        "rmsd": 0.5953529477119446,
        "dihedral_counts": [
            97,
            71,
            17,
            10
        ],
        "seq_len": 114,
        "num_sc": 97
    },
    "surface": {
        "mean_mae": [
            49.16304016113281,
            49.439857482910156,
            60.903202056884766,
            49.91874694824219
        ],
        "mae_sr": 0.24074074625968933,
        "rmsd": 1.4298471212387085,
        "dihedral_counts": [
            108,
            83,
            44,
            17
        ],
        "seq_len": 125,
        "num_sc": 108
    }
}