{
    "all": {
        "mean_mae": [
            26.46336555480957,
            19.590824127197266,
            47.398529052734375,
            73.8149185180664
        ],
        "mae_sr": 0.5992063283920288,
        "rmsd": 0.8826809525489807,
        "dihedral_counts": [
            252,
            195,
            64,
            37
        ],
        "seq_len": 264,
        "num_sc": 252,
        "clash_info": {
            "100": {
                "num_clashes": 139,
                "num_atom_pairs": 1768206,
                "energy": 24.25071144104004
            },
            "90": {
                "num_clashes": 22,
                "num_atom_pairs": 1768206,
                "energy": 3.4878203868865967
            },
            "80": {
                "num_clashes": 3,
                "num_atom_pairs": 1768206,
                "energy": 0.5458073616027832
            }
        },
        "ca_rmsd": 4.911178166366881e-06
    },
    "core": {
        "mean_mae": [
            9.095300674438477,
            6.439476490020752,
            8.309184074401855,
            175.19143676757812
        ],
        "mae_sr": 0.9154929518699646,
        "rmsd": 0.28398627042770386,
        "dihedral_counts": [
            71,
            46,
            2,
            1
        ],
        "seq_len": 78,
        "num_sc": 71
    },
    "surface": {
        "mean_mae": [
            33.18567657470703,
            27.842317581176758,
            45.62787628173828,
            58.625770568847656
        ],
        "mae_sr": 0.42718446254730225,
        "rmsd": 1.1963073015213013,
        "dihedral_counts": [
            103,
            89,
            42,
            22
        ],
        "seq_len": 106,
        "num_sc": 103
    }
}