{
    "all": {
        "mean_mae": [
            31.92095947265625,
            31.34626579284668,
            49.3412971496582,
            43.42853927612305
        ],
        "mae_sr": 0.523809552192688,
        "rmsd": 1.364815354347229,
        "dihedral_counts": [
            21,
            14,
            12,
            9
        ],
        "seq_len": 29,
        "num_sc": 21,
        "clash_info": {
            "100": {
                "num_clashes": 5,
                "num_atom_pairs": 17640,
                "energy": 0.24551606178283691
            },
            "90": {
                "num_clashes": 0,
                "num_atom_pairs": 17640,
                "energy": 0.0
            },
            "80": {
                "num_clashes": 0,
                "num_atom_pairs": 17640,
                "energy": 0.0
            }
        },
        "ca_rmsd": 5.035546450926631e-07
    },
    "core": {
        "mean_mae": [
            0.0,
            0.0,
            0.0,
            0.0
        ],
        "mae_sr": 1.0,
        "rmsd": 0.0,
        "dihedral_counts": [
            0,
            0,
            0,
            0
        ],
        "seq_len": 0,
        "num_sc": 0
    },
    "surface": {
        "mean_mae": [
            31.92095947265625,
            31.34626579284668,
            49.3412971496582,
            43.42853927612305
        ],
        "mae_sr": 0.523809552192688,
        "rmsd": 1.364815354347229,
        "dihedral_counts": [
            21,
            14,
            12,
            9
        ],
        "seq_len": 29,
        "num_sc": 21
    }
}