{
    "all": {
        "mean_mae": [
            18.96012306213379,
            18.239543914794922,
            42.373287200927734,
            45.308509826660156
        ],
        "mae_sr": 0.7172619104385376,
        "rmsd": 0.6423593163490295,
        "dihedral_counts": [
            336,
            239,
            55,
            28
        ],
        "seq_len": 409,
        "num_sc": 336,
        "clash_info": {
            "100": {
                "num_clashes": 248,
                "num_atom_pairs": 3631698,
                "energy": 57.11703109741211
            },
            "90": {
                "num_clashes": 55,
                "num_atom_pairs": 3631698,
                "energy": 12.611043930053711
            },
            "80": {
                "num_clashes": 13,
                "num_atom_pairs": 3631698,
                "energy": 2.6929047107696533
            }
        },
        "ca_rmsd": 3.325003490317613e-06
    },
    "core": {
        "mean_mae": [
            13.307528495788574,
            16.56412124633789,
            43.472450256347656,
            56.37165832519531
        ],
        "mae_sr": 0.7770270109176636,
        "rmsd": 0.5400689840316772,
        "dihedral_counts": [
            148,
            106,
            18,
            8
        ],
        "seq_len": 174,
        "num_sc": 148
    },
    "surface": {
        "mean_mae": [
            30.16924285888672,
            25.103778839111328,
            49.324920654296875,
            37.82368087768555
        ],
        "mae_sr": 0.6126126050949097,
        "rmsd": 0.8448029160499573,
        "dihedral_counts": [
            111,
            79,
            21,
            14
        ],
        "seq_len": 144,
        "num_sc": 111
    }
}