{
    "all": {
        "mean_mae": [
            19.783418655395508,
            24.74308967590332,
            48.0018196105957,
            53.696468353271484
        ],
        "mae_sr": 0.6177369952201843,
        "rmsd": 0.7459073066711426,
        "dihedral_counts": [
            654,
            493,
            154,
            76
        ],
        "seq_len": 761,
        "num_sc": 654,
        "clash_info": {
            "100": {
                "num_clashes": 343,
                "num_atom_pairs": 13781900,
                "energy": 70.06946563720703
            },
            "90": {
                "num_clashes": 63,
                "num_atom_pairs": 13781900,
                "energy": 16.47439193725586
            },
            "80": {
                "num_clashes": 17,
                "num_atom_pairs": 13781900,
                "energy": 6.233733177185059
            }
        },
        "ca_rmsd": 1.0175778697885107e-05
    },
    "core": {
        "mean_mae": [
            10.59952449798584,
            13.97172737121582,
            43.582393646240234,
            47.761329650878906
        ],
        "mae_sr": 0.7932330965995789,
        "rmsd": 0.4520132839679718,
        "dihedral_counts": [
            266,
            193,
            31,
            11
        ],
        "seq_len": 308,
        "num_sc": 266
    },
    "surface": {
        "mean_mae": [
            34.91200256347656,
            38.648345947265625,
            53.2171516418457,
            62.42160415649414
        ],
        "mae_sr": 0.4145299196243286,
        "rmsd": 1.207310438156128,
        "dihedral_counts": [
            234,
            178,
            83,
            43
        ],
        "seq_len": 282,
        "num_sc": 234
    }
}