{
    "all": {
        "mean_mae": [
            16.07243537902832,
            22.840036392211914,
            36.03483581542969,
            40.01295852661133
        ],
        "mae_sr": 0.6343042254447937,
        "rmsd": 0.6283645629882812,
        "dihedral_counts": [
            309,
            229,
            52,
            20
        ],
        "seq_len": 391,
        "num_sc": 309,
        "clash_info": {
            "100": {
                "num_clashes": 176,
                "num_atom_pairs": 3183730,
                "energy": 26.82434844970703
            },
            "90": {
                "num_clashes": 22,
                "num_atom_pairs": 3183730,
                "energy": 2.192446231842041
            },
            "80": {
                "num_clashes": 0,
                "num_atom_pairs": 3183730,
                "energy": 0.0
            }
        },
        "ca_rmsd": 3.5028729143959936e-06
    },
    "core": {
        "mean_mae": [
            12.404879570007324,
            19.724794387817383,
            42.31413269042969,
            31.437618255615234
        ],
        "mae_sr": 0.6985294222831726,
        "rmsd": 0.5428319573402405,
        "dihedral_counts": [
            136,
            98,
            21,
            7
        ],
        "seq_len": 182,
        "num_sc": 136
    },
    "surface": {
        "mean_mae": [
            19.41080665588379,
            29.3568058013916,
            21.679838180541992,
            44.63044738769531
        ],
        "mae_sr": 0.561904788017273,
        "rmsd": 0.7737162113189697,
        "dihedral_counts": [
            105,
            82,
            23,
            13
        ],
        "seq_len": 131,
        "num_sc": 105
    }
}