{
    "all": {
        "mean_mae": [
            23.37339973449707,
            33.8484001159668,
            41.889869689941406,
            70.05150604248047
        ],
        "mae_sr": 0.4526315927505493,
        "rmsd": 0.8368350267410278,
        "dihedral_counts": [
            95,
            75,
            24,
            11
        ],
        "seq_len": 102,
        "num_sc": 95,
        "clash_info": {
            "100": {
                "num_clashes": 25,
                "num_atom_pairs": 256048,
                "energy": 3.8392763137817383
            },
            "90": {
                "num_clashes": 1,
                "num_atom_pairs": 256048,
                "energy": 0.12098860740661621
            },
            "80": {
                "num_clashes": 0,
                "num_atom_pairs": 256048,
                "energy": 0.0
            }
        },
        "ca_rmsd": 5.341644850886951e-07
    },
    "core": {
        "mean_mae": [
            10.039200782775879,
            26.251131057739258,
            79.34345245361328,
            113.05323791503906
        ],
        "mae_sr": 0.5,
        "rmsd": 0.5238749384880066,
        "dihedral_counts": [
            12,
            11,
            2,
            1
        ],
        "seq_len": 12,
        "num_sc": 12
    },
    "surface": {
        "mean_mae": [
            26.644351959228516,
            31.12976837158203,
            37.35567855834961,
            64.43302917480469
        ],
        "mae_sr": 0.4590163826942444,
        "rmsd": 0.9143210053443909,
        "dihedral_counts": [
            61,
            47,
            16,
            6
        ],
        "seq_len": 65,
        "num_sc": 61
    }
}