{
    "all": {
        "mean_mae": [
            8.542265892028809,
            12.044705390930176,
            28.91516876220703,
            40.95688247680664
        ],
        "mae_sr": 0.8489736318588257,
        "rmsd": 0.39898207783699036,
        "dihedral_counts": [
            682,
            480,
            123,
            57
        ],
        "seq_len": 832,
        "num_sc": 682,
        "clash_info": {
            "100": {
                "num_clashes": 281,
                "num_atom_pairs": 14330928,
                "energy": 44.999629974365234
            },
            "90": {
                "num_clashes": 34,
                "num_atom_pairs": 14330928,
                "energy": 7.440584182739258
            },
            "80": {
                "num_clashes": 10,
                "num_atom_pairs": 14330928,
                "energy": 2.0168991088867188
            }
        },
        "ca_rmsd": 1.0624296010064427e-05
    },
    "core": {
        "mean_mae": [
            4.446915626525879,
            8.692238807678223,
            21.839147567749023,
            33.523292541503906
        ],
        "mae_sr": 0.9363057613372803,
        "rmsd": 0.30078771710395813,
        "dihedral_counts": [
            314,
            234,
            41,
            23
        ],
        "seq_len": 391,
        "num_sc": 314
    },
    "surface": {
        "mean_mae": [
            13.734331130981445,
            16.626325607299805,
            35.018184661865234,
            42.52805709838867
        ],
        "mae_sr": 0.7611940503120422,
        "rmsd": 0.49536311626434326,
        "dihedral_counts": [
            201,
            126,
            40,
            13
        ],
        "seq_len": 242,
        "num_sc": 201
    }
}