{
    "all": {
        "mean_mae": [
            29.51820182800293,
            30.280515670776367,
            46.42150115966797,
            60.75308609008789
        ],
        "mae_sr": 0.5681818127632141,
        "rmsd": 0.818064272403717,
        "dihedral_counts": [
            264,
            173,
            44,
            14
        ],
        "seq_len": 324,
        "num_sc": 264,
        "clash_info": {
            "100": {
                "num_clashes": 95,
                "num_atom_pairs": 2044441,
                "energy": 19.88995933532715
            },
            "90": {
                "num_clashes": 19,
                "num_atom_pairs": 2044441,
                "energy": 3.9891104698181152
            },
            "80": {
                "num_clashes": 4,
                "num_atom_pairs": 2044441,
                "energy": 1.4679381847381592
            }
        },
        "ca_rmsd": 6.703193776047556e-06
    },
    "core": {
        "mean_mae": [
            10.264228820800781,
            20.1993465423584,
            21.428503036499023,
            90.96502685546875
        ],
        "mae_sr": 0.8679245114326477,
        "rmsd": 0.4396797716617584,
        "dihedral_counts": [
            53,
            37,
            4,
            3
        ],
        "seq_len": 62,
        "num_sc": 53
    },
    "surface": {
        "mean_mae": [
            42.37314224243164,
            37.949092864990234,
            54.26759338378906,
            54.60511016845703
        ],
        "mae_sr": 0.41333332657814026,
        "rmsd": 1.055376648902893,
        "dihedral_counts": [
            150,
            92,
            30,
            9
        ],
        "seq_len": 190,
        "num_sc": 150
    }
}