{
    "all": {
        "rmsd": 0.797439694404602,
        "mae_sr": 0.5767077803611755,
        "mean_mae": [
            21.918630599975586,
            25.38254165649414,
            43.283416748046875,
            52.23381805419922
        ],
        "dihedral_counts": [
            14703,
            11277,
            3812,
            1806
        ],
        "num_sc": 14703,
        "mean_seq_len": 256.01513671875,
        "ca_rmsd": 4.627247562893899e-06,
        "clash_info": {
            "100": {
                "energy": 23.8317813873291,
                "num_atom_pairs": 2406350.5,
                "num_clashes": 108.74242401123047
            },
            "90": {
                "energy": 6.321112632751465,
                "num_atom_pairs": 2406350.5,
                "num_clashes": 22.07575798034668
            },
            "80": {
                "energy": 2.4924464225769043,
                "num_atom_pairs": 2406350.5,
                "num_clashes": 6.060606002807617
            }
        }
    },
    "core": {
        "rmsd": 0.4284268021583557,
        "mae_sr": 0.7768120765686035,
        "mean_mae": [
            10.643768310546875,
            16.270498275756836,
            33.50604248046875,
            34.395240783691406
        ],
        "dihedral_counts": [
            3810,
            2791,
            529,
            225
        ],
        "num_sc": 3810,
        "mean_seq_len": 68.68181610107422
    },
    "surface": {
        "rmsd": 0.9935483932495117,
        "mae_sr": 0.4796452820301056,
        "mean_mae": [
            28.295745849609375,
            30.1572265625,
            44.60765075683594,
            54.97516632080078
        ],
        "dihedral_counts": [
            7372,
            5748,
            2433,
            1168
        ],
        "num_sc": 7372,
        "mean_seq_len": 126.8787841796875
    }
}