{
    "all": {
        "mean_mae": [
            30.838350296020508,
            31.363971710205078,
            68.38103485107422,
            61.931243896484375
        ],
        "mae_sr": 0.41566264629364014,
        "rmsd": 1.0811576843261719,
        "dihedral_counts": [
            166,
            138,
            44,
            21
        ],
        "seq_len": 188,
        "num_sc": 166,
        "clash_info": {
            "100": {
                "num_clashes": 114,
                "num_atom_pairs": 919649,
                "energy": 31.50139045715332
            },
            "90": {
                "num_clashes": 30,
                "num_atom_pairs": 919649,
                "energy": 11.602914810180664
            },
            "80": {
                "num_clashes": 14,
                "num_atom_pairs": 919649,
                "energy": 4.778044700622559
            }
        },
        "ca_rmsd": 0.0
    },
    "core": {
        "mean_mae": [
            12.755701065063477,
            27.93198013305664,
            56.03109359741211,
            54.635887145996094
        ],
        "mae_sr": 0.5909090638160706,
        "rmsd": 0.5339479446411133,
        "dihedral_counts": [
            22,
            18,
            2,
            1
        ],
        "seq_len": 29,
        "num_sc": 22
    },
    "surface": {
        "mean_mae": [
            38.36774444580078,
            31.54242515563965,
            61.719078063964844,
            65.98774719238281
        ],
        "mae_sr": 0.37254902720451355,
        "rmsd": 1.2494091987609863,
        "dihedral_counts": [
            102,
            85,
            32,
            12
        ],
        "seq_len": 113,
        "num_sc": 102
    }
}