{
    "all": {
        "mean_mae": [
            11.224976539611816,
            17.245880126953125,
            28.60065460205078,
            44.071014404296875
        ],
        "mae_sr": 0.8041958212852478,
        "rmsd": 0.5218519568443298,
        "dihedral_counts": [
            143,
            97,
            36,
            16
        ],
        "seq_len": 184,
        "num_sc": 143,
        "clash_info": {
            "100": {
                "num_clashes": 57,
                "num_atom_pairs": 636051,
                "energy": 10.431967735290527
            },
            "90": {
                "num_clashes": 15,
                "num_atom_pairs": 636051,
                "energy": 1.4239671230316162
            },
            "80": {
                "num_clashes": 0,
                "num_atom_pairs": 636051,
                "energy": 0.0
            }
        },
        "ca_rmsd": 2.411513833067147e-06
    },
    "core": {
        "mean_mae": [
            6.007489204406738,
            12.743867874145508,
            24.249671936035156,
            27.961660385131836
        ],
        "mae_sr": 0.9200000166893005,
        "rmsd": 0.33771592378616333,
        "dihedral_counts": [
            50,
            30,
            6,
            4
        ],
        "seq_len": 64,
        "num_sc": 50
    },
    "surface": {
        "mean_mae": [
            18.259618759155273,
            30.248165130615234,
            34.89634323120117,
            53.94658660888672
        ],
        "mae_sr": 0.6491228342056274,
        "rmsd": 0.7989243865013123,
        "dihedral_counts": [
            57,
            38,
            22,
            8
        ],
        "seq_len": 81,
        "num_sc": 57
    }
}