{
    "all": {
        "mean_mae": [
            14.420485496520996,
            21.619951248168945,
            39.60737228393555,
            66.42166137695312
        ],
        "mae_sr": 0.6526315808296204,
        "rmsd": 0.5913236141204834,
        "dihedral_counts": [
            95,
            71,
            32,
            12
        ],
        "seq_len": 117,
        "num_sc": 95,
        "clash_info": {
            "100": {
                "num_clashes": 31,
                "num_atom_pairs": 294373,
                "energy": 6.611651420593262
            },
            "90": {
                "num_clashes": 7,
                "num_atom_pairs": 294373,
                "energy": 1.5063831806182861
            },
            "80": {
                "num_clashes": 1,
                "num_atom_pairs": 294373,
                "energy": 0.47251367568969727
            }
        },
        "ca_rmsd": 2.3785780740581686e-06
    },
    "core": {
        "mean_mae": [
            4.157001495361328,
            12.839762687683105,
            13.541302680969238,
            6.968282222747803
        ],
        "mae_sr": 0.8799999952316284,
        "rmsd": 0.20266790688037872,
        "dihedral_counts": [
            25,
            18,
            3,
            1
        ],
        "seq_len": 35,
        "num_sc": 25
    },
    "surface": {
        "mean_mae": [
            24.511558532714844,
            32.519615173339844,
            45.20936584472656,
            72.38858795166016
        ],
        "mae_sr": 0.40425533056259155,
        "rmsd": 0.9450090527534485,
        "dihedral_counts": [
            47,
            37,
            24,
            9
        ],
        "seq_len": 58,
        "num_sc": 47
    }
}