{
    "all": {
        "mean_mae": [
            17.332216262817383,
            15.923852920532227,
            38.76109313964844,
            40.00520706176758
        ],
        "mae_sr": 0.6960784196853638,
        "rmsd": 0.5461102724075317,
        "dihedral_counts": [
            204,
            158,
            55,
            30
        ],
        "seq_len": 277,
        "num_sc": 204,
        "clash_info": {
            "100": {
                "num_clashes": 89,
                "num_atom_pairs": 1480803,
                "energy": 24.3229923248291
            },
            "90": {
                "num_clashes": 25,
                "num_atom_pairs": 1480803,
                "energy": 8.845170974731445
            },
            "80": {
                "num_clashes": 10,
                "num_atom_pairs": 1480803,
                "energy": 3.668487310409546
            }
        },
        "ca_rmsd": 5.172403234610101e-06
    },
    "core": {
        "mean_mae": [
            8.343982696533203,
            10.007680892944336,
            50.543514251708984,
            32.84239196777344
        ],
        "mae_sr": 0.8433734774589539,
        "rmsd": 0.3630865514278412,
        "dihedral_counts": [
            83,
            64,
            17,
            8
        ],
        "seq_len": 114,
        "num_sc": 83
    },
    "surface": {
        "mean_mae": [
            24.693628311157227,
            18.31308937072754,
            32.46674728393555,
            45.25606155395508
        ],
        "mae_sr": 0.5517241358757019,
        "rmsd": 0.6889150142669678,
        "dihedral_counts": [
            87,
            67,
            31,
            16
        ],
        "seq_len": 116,
        "num_sc": 87
    }
}