{
    "all": {
        "mean_mae": [
            34.07671356201172,
            34.97971725463867,
            44.60729217529297,
            66.01902770996094
        ],
        "mae_sr": 0.43703705072402954,
        "rmsd": 1.104671597480774,
        "dihedral_counts": [
            270,
            205,
            78,
            33
        ],
        "seq_len": 312,
        "num_sc": 270,
        "clash_info": {
            "100": {
                "num_clashes": 132,
                "num_atom_pairs": 2236612,
                "energy": 30.720476150512695
            },
            "90": {
                "num_clashes": 32,
                "num_atom_pairs": 2236612,
                "energy": 7.467662334442139
            },
            "80": {
                "num_clashes": 7,
                "num_atom_pairs": 2236612,
                "energy": 1.5731748342514038
            }
        },
        "ca_rmsd": 7.1104554990597535e-06
    },
    "core": {
        "mean_mae": [
            15.727639198303223,
            21.4294490814209,
            38.813438415527344,
            37.20383071899414
        ],
        "mae_sr": 0.6865671873092651,
        "rmsd": 0.488777220249176,
        "dihedral_counts": [
            67,
            45,
            9,
            3
        ],
        "seq_len": 80,
        "num_sc": 67
    },
    "surface": {
        "mean_mae": [
            48.755897521972656,
            38.12736511230469,
            47.13725662231445,
            73.15864562988281
        ],
        "mae_sr": 0.30405405163764954,
        "rmsd": 1.4844958782196045,
        "dihedral_counts": [
            148,
            115,
            57,
            24
        ],
        "seq_len": 166,
        "num_sc": 148
    }
}