{
    "all": {
        "rmsd": 0.7242043018341064,
        "mae_sr": 0.6565895676612854,
        "mean_mae": [
            19.051664352416992,
            22.703792572021484,
            41.13395309448242,
            51.946102142333984
        ],
        "dihedral_counts": [
            17962,
            13381,
            4406,
            2035
        ],
        "num_sc": 17962,
        "mean_seq_len": 303.9013977050781,
        "ca_rmsd": 0.11467219144105911,
        "clash_info": {
            "100": {
                "energy": 31.438451766967773,
                "num_atom_pairs": 3113382.0,
                "num_clashes": 128.50704956054688
            },
            "90": {
                "energy": 10.338562965393066,
                "num_atom_pairs": 3113382.0,
                "num_clashes": 30.71830940246582
            },
            "80": {
                "energy": 4.2113518714904785,
                "num_atom_pairs": 3113382.0,
                "num_clashes": 11.492958068847656
            }
        }
    },
    "core": {
        "rmsd": 0.35444116592407227,
        "mae_sr": 0.8498003482818604,
        "mean_mae": [
            8.186945915222168,
            12.351509094238281,
            28.412473678588867,
            35.94425964355469
        ],
        "dihedral_counts": [
            5775,
            4143,
            811,
            339
        ],
        "num_sc": 5775,
        "mean_seq_len": 99.53520965576172
    },
    "surface": {
        "rmsd": 0.9321914315223694,
        "mae_sr": 0.5454623699188232,
        "mean_mae": [
            25.964136123657227,
            28.313262939453125,
            44.488651275634766,
            54.26805114746094
        ],
        "dihedral_counts": [
            8432,
            6368,
            2669,
            1234
        ],
        "num_sc": 8432,
        "mean_seq_len": 142.77464294433594
    }
}