{
    "all": {
        "mean_mae": [
            19.342632293701172,
            16.807836532592773,
            18.79766273498535,
            13.984009742736816
        ],
        "mae_sr": 0.7266666889190674,
        "rmsd": 0.5904535055160522,
        "dihedral_counts": [
            150,
            114,
            31,
            12
        ],
        "seq_len": 167,
        "num_sc": 150,
        "clash_info": {
            "100": {
                "num_clashes": 43,
                "num_atom_pairs": 678375,
                "energy": 6.1356706619262695
            },
            "90": {
                "num_clashes": 2,
                "num_atom_pairs": 678375,
                "energy": 0.33534693717956543
            },
            "80": {
                "num_clashes": 1,
                "num_atom_pairs": 678375,
                "energy": 0.004760265350341797
            }
        },
        "ca_rmsd": 2.227275899713277e-06
    },
    "core": {
        "mean_mae": [
            4.19215202331543,
            4.823506832122803,
            10.170816421508789,
            0.0
        ],
        "mae_sr": 1.0,
        "rmsd": 0.20617729425430298,
        "dihedral_counts": [
            22,
            19,
            2,
            0
        ],
        "seq_len": 26,
        "num_sc": 22
    },
    "surface": {
        "mean_mae": [
            24.66584014892578,
            17.705907821655273,
            15.907695770263672,
            13.984009742736816
        ],
        "mae_sr": 0.6391752362251282,
        "rmsd": 0.7472153306007385,
        "dihedral_counts": [
            97,
            72,
            27,
            12
        ],
        "seq_len": 108,
        "num_sc": 97
    }
}