{
    "all": {
        "mean_mae": [
            12.768186569213867,
            17.715309143066406,
            37.754112243652344,
            39.63661575317383
        ],
        "mae_sr": 0.7658536434173584,
        "rmsd": 0.49217304587364197,
        "dihedral_counts": [
            205,
            148,
            39,
            17
        ],
        "seq_len": 252,
        "num_sc": 205,
        "clash_info": {
            "100": {
                "num_clashes": 131,
                "num_atom_pairs": 1501482,
                "energy": 38.01692199707031
            },
            "90": {
                "num_clashes": 37,
                "num_atom_pairs": 1501482,
                "energy": 15.92812442779541
            },
            "80": {
                "num_clashes": 20,
                "num_atom_pairs": 1501482,
                "energy": 7.194509506225586
            }
        },
        "ca_rmsd": 4.650996288546594e-06
    },
    "core": {
        "mean_mae": [
            8.402729988098145,
            8.499993324279785,
            44.10615158081055,
            83.56588745117188
        ],
        "mae_sr": 0.9146341681480408,
        "rmsd": 0.3223210275173187,
        "dihedral_counts": [
            82,
            57,
            7,
            2
        ],
        "seq_len": 100,
        "num_sc": 82
    },
    "surface": {
        "mean_mae": [
            19.81108856201172,
            29.957489013671875,
            42.67123794555664,
            46.50120162963867
        ],
        "mae_sr": 0.6162790656089783,
        "rmsd": 0.7017996311187744,
        "dihedral_counts": [
            86,
            61,
            22,
            8
        ],
        "seq_len": 107,
        "num_sc": 86
    }
}