{
    "all": {
        "mean_mae": [
            14.277193069458008,
            15.616153717041016,
            34.37162780761719,
            59.17852783203125
        ],
        "mae_sr": 0.7115010023117065,
        "rmsd": 0.46651145815849304,
        "dihedral_counts": [
            513,
            365,
            109,
            47
        ],
        "seq_len": 628,
        "num_sc": 513,
        "clash_info": {
            "100": {
                "num_clashes": 228,
                "num_atom_pairs": 8358985,
                "energy": 35.229835510253906
            },
            "90": {
                "num_clashes": 25,
                "num_atom_pairs": 8358985,
                "energy": 7.011246681213379
            },
            "80": {
                "num_clashes": 8,
                "num_atom_pairs": 8358985,
                "energy": 2.095548152923584
            }
        },
        "ca_rmsd": 4.03865351472632e-06
    },
    "core": {
        "mean_mae": [
            6.644465923309326,
            10.159292221069336,
            29.392757415771484,
            43.27351379394531
        ],
        "mae_sr": 0.8385650515556335,
        "rmsd": 0.2812553644180298,
        "dihedral_counts": [
            223,
            172,
            38,
            13
        ],
        "seq_len": 278,
        "num_sc": 223
    },
    "surface": {
        "mean_mae": [
            24.59653091430664,
            26.501068115234375,
            40.075504302978516,
            76.18628692626953
        ],
        "mae_sr": 0.5197740197181702,
        "rmsd": 0.7262234687805176,
        "dihedral_counts": [
            177,
            114,
            48,
            19
        ],
        "seq_len": 215,
        "num_sc": 177
    }
}