{
    "all": {
        "mean_mae": [
            11.003148078918457,
            17.476577758789062,
            51.67439651489258,
            57.78944396972656
        ],
        "mae_sr": 0.7795275449752808,
        "rmsd": 0.5646829605102539,
        "dihedral_counts": [
            127,
            101,
            30,
            18
        ],
        "seq_len": 160,
        "num_sc": 127,
        "clash_info": {
            "100": {
                "num_clashes": 53,
                "num_atom_pairs": 568666,
                "energy": 9.38563346862793
            },
            "90": {
                "num_clashes": 9,
                "num_atom_pairs": 568666,
                "energy": 1.5611095428466797
            },
            "80": {
                "num_clashes": 2,
                "num_atom_pairs": 568666,
                "energy": 0.19603228569030762
            }
        },
        "ca_rmsd": 1.9539181721484056e-06
    },
    "core": {
        "mean_mae": [
            3.4161970615386963,
            6.309876441955566,
            39.40803909301758,
            6.902177333831787
        ],
        "mae_sr": 0.9387755393981934,
        "rmsd": 0.2943481504917145,
        "dihedral_counts": [
            49,
            40,
            6,
            3
        ],
        "seq_len": 61,
        "num_sc": 49
    },
    "surface": {
        "mean_mae": [
            17.05690574645996,
            25.17756462097168,
            56.61997985839844,
            71.76829528808594
        ],
        "mae_sr": 0.6333333253860474,
        "rmsd": 0.8319811224937439,
        "dihedral_counts": [
            60,
            49,
            22,
            14
        ],
        "seq_len": 72,
        "num_sc": 60
    }
}