{
    "all": {
        "mean_mae": [
            25.649639129638672,
            35.933921813964844,
            45.238311767578125,
            70.38876342773438
        ],
        "mae_sr": 0.548275887966156,
        "rmsd": 0.9331872463226318,
        "dihedral_counts": [
            290,
            217,
            73,
            35
        ],
        "seq_len": 343,
        "num_sc": 290,
        "clash_info": {
            "100": {
                "num_clashes": 86,
                "num_atom_pairs": 2537697,
                "energy": 20.58257484436035
            },
            "90": {
                "num_clashes": 22,
                "num_atom_pairs": 2537697,
                "energy": 6.861897945404053
            },
            "80": {
                "num_clashes": 9,
                "num_atom_pairs": 2537697,
                "energy": 2.4843125343322754
            }
        },
        "ca_rmsd": 1.843211066443473e-05
    },
    "core": {
        "mean_mae": [
            4.166398048400879,
            5.762220859527588,
            0.0,
            0.0
        ],
        "mae_sr": 1.0,
        "rmsd": 0.16982577741146088,
        "dihedral_counts": [
            19,
            11,
            0,
            0
        ],
        "seq_len": 23,
        "num_sc": 19
    },
    "surface": {
        "mean_mae": [
            27.224380493164062,
            37.65010452270508,
            46.52998733520508,
            61.17469787597656
        ],
        "mae_sr": 0.5180723071098328,
        "rmsd": 0.9917095899581909,
        "dihedral_counts": [
            249,
            192,
            63,
            29
        ],
        "seq_len": 295,
        "num_sc": 249
    }
}