{
    "all": {
        "mean_mae": [
            11.746674537658691,
            16.144304275512695,
            31.684188842773438,
            59.736881256103516
        ],
        "mae_sr": 0.7423469424247742,
        "rmsd": 0.5498502850532532,
        "dihedral_counts": [
            392,
            298,
            112,
            61
        ],
        "seq_len": 460,
        "num_sc": 392,
        "clash_info": {
            "100": {
                "num_clashes": 181,
                "num_atom_pairs": 4660950,
                "energy": 46.092491149902344
            },
            "90": {
                "num_clashes": 46,
                "num_atom_pairs": 4660950,
                "energy": 14.398730278015137
            },
            "80": {
                "num_clashes": 12,
                "num_atom_pairs": 4660950,
                "energy": 6.375226974487305
            }
        },
        "ca_rmsd": 1.3772325928584905e-06
    },
    "core": {
        "mean_mae": [
            6.9950666427612305,
            11.07742977142334,
            27.212322235107422,
            65.38470458984375
        ],
        "mae_sr": 0.8597561120986938,
        "rmsd": 0.3156331181526184,
        "dihedral_counts": [
            164,
            103,
            23,
            10
        ],
        "seq_len": 203,
        "num_sc": 164
    },
    "surface": {
        "mean_mae": [
            21.12266731262207,
            24.99302864074707,
            36.72416687011719,
            64.33625030517578
        ],
        "mae_sr": 0.5642856955528259,
        "rmsd": 0.8930354118347168,
        "dihedral_counts": [
            140,
            123,
            61,
            34
        ],
        "seq_len": 152,
        "num_sc": 140
    }
}