{
    "all": {
        "mean_mae": [
            16.59208869934082,
            22.914791107177734,
            42.390071868896484,
            60.5523681640625
        ],
        "mae_sr": 0.6276595592498779,
        "rmsd": 0.7476389408111572,
        "dihedral_counts": [
            94,
            84,
            30,
            12
        ],
        "seq_len": 111,
        "num_sc": 94,
        "clash_info": {
            "100": {
                "num_clashes": 61,
                "num_atom_pairs": 306204,
                "energy": 20.185510635375977
            },
            "90": {
                "num_clashes": 24,
                "num_atom_pairs": 306204,
                "energy": 8.852168083190918
            },
            "80": {
                "num_clashes": 11,
                "num_atom_pairs": 306204,
                "energy": 3.7545323371887207
            }
        },
        "ca_rmsd": 2.340505261599901e-06
    },
    "core": {
        "mean_mae": [
            16.664453506469727,
            24.01188850402832,
            76.56159210205078,
            56.91400146484375
        ],
        "mae_sr": 0.6800000071525574,
        "rmsd": 0.8859986066818237,
        "dihedral_counts": [
            25,
            21,
            7,
            4
        ],
        "seq_len": 34,
        "num_sc": 25
    },
    "surface": {
        "mean_mae": [
            16.96796226501465,
            23.00289535522461,
            30.840261459350586,
            77.72354125976562
        ],
        "mae_sr": 0.6200000047683716,
        "rmsd": 0.6931443810462952,
        "dihedral_counts": [
            50,
            45,
            15,
            5
        ],
        "seq_len": 54,
        "num_sc": 50
    }
}