{
    "all": {
        "mean_mae": [
            14.986527442932129,
            15.229644775390625,
            39.958580017089844,
            56.28757095336914
        ],
        "mae_sr": 0.7292817831039429,
        "rmsd": 0.6755065321922302,
        "dihedral_counts": [
            181,
            142,
            44,
            22
        ],
        "seq_len": 205,
        "num_sc": 181,
        "clash_info": {
            "100": {
                "num_clashes": 77,
                "num_atom_pairs": 1044501,
                "energy": 18.40968132019043
            },
            "90": {
                "num_clashes": 20,
                "num_atom_pairs": 1044501,
                "energy": 6.160316467285156
            },
            "80": {
                "num_clashes": 8,
                "num_atom_pairs": 1044501,
                "energy": 2.4043068885803223
            }
        },
        "ca_rmsd": 5.718850388802821e-07
    },
    "core": {
        "mean_mae": [
            3.7228872776031494,
            8.536334991455078,
            4.880815505981445,
            4.165764331817627
        ],
        "mae_sr": 0.9722222089767456,
        "rmsd": 0.3054051399230957,
        "dihedral_counts": [
            36,
            27,
            5,
            3
        ],
        "seq_len": 41,
        "num_sc": 36
    },
    "surface": {
        "mean_mae": [
            20.786415100097656,
            18.07886505126953,
            48.429969787597656,
            57.11590576171875
        ],
        "mae_sr": 0.6181818246841431,
        "rmsd": 0.8683249950408936,
        "dihedral_counts": [
            110,
            83,
            31,
            16
        ],
        "seq_len": 124,
        "num_sc": 110
    }
}