{
    "all": {
        "mean_mae": [
            10.07363224029541,
            16.397598266601562,
            30.898082733154297,
            38.470985412597656
        ],
        "mae_sr": 0.7883211970329285,
        "rmsd": 0.48293933272361755,
        "dihedral_counts": [
            137,
            93,
            33,
            13
        ],
        "seq_len": 168,
        "num_sc": 137,
        "clash_info": {
            "100": {
                "num_clashes": 54,
                "num_atom_pairs": 563940,
                "energy": 9.980792999267578
            },
            "90": {
                "num_clashes": 9,
                "num_atom_pairs": 563940,
                "energy": 2.5165863037109375
            },
            "80": {
                "num_clashes": 2,
                "num_atom_pairs": 563940,
                "energy": 0.7954555749893188
            }
        },
        "ca_rmsd": 3.1090776246855967e-06
    },
    "core": {
        "mean_mae": [
            3.690009832382202,
            4.989894866943359,
            10.088006973266602,
            21.285486221313477
        ],
        "mae_sr": 0.9433962106704712,
        "rmsd": 0.2530554234981537,
        "dihedral_counts": [
            53,
            38,
            7,
            3
        ],
        "seq_len": 70,
        "num_sc": 53
    },
    "surface": {
        "mean_mae": [
            15.04333209991455,
            27.856571197509766,
            36.319618225097656,
            26.974031448364258
        ],
        "mae_sr": 0.6612903475761414,
        "rmsd": 0.6550567150115967,
        "dihedral_counts": [
            62,
            40,
            23,
            7
        ],
        "seq_len": 71,
        "num_sc": 62
    }
}