{
    "all": {
        "mean_mae": [
            13.822593688964844,
            30.9660701751709,
            62.0279541015625,
            64.45845031738281
        ],
        "mae_sr": 0.4375,
        "rmsd": 1.0262163877487183,
        "dihedral_counts": [
            48,
            47,
            20,
            7
        ],
        "seq_len": 73,
        "num_sc": 48,
        "clash_info": {
            "100": {
                "num_clashes": 7,
                "num_atom_pairs": 117455,
                "energy": 0.2546882629394531
            },
            "90": {
                "num_clashes": 0,
                "num_atom_pairs": 117455,
                "energy": 0.0
            },
            "80": {
                "num_clashes": 0,
                "num_atom_pairs": 117455,
                "energy": 0.0
            }
        },
        "ca_rmsd": 4.60778284072876
    },
    "core": {
        "mean_mae": [
            8.473027229309082,
            7.778331756591797,
            0.0,
            0.0
        ],
        "mae_sr": 1.0,
        "rmsd": 0.29458004236221313,
        "dihedral_counts": [
            5,
            5,
            0,
            0
        ],
        "seq_len": 10,
        "num_sc": 5
    },
    "surface": {
        "mean_mae": [
            17.108049392700195,
            34.3989143371582,
            59.33965301513672,
            58.509765625
        ],
        "mae_sr": 0.30000001192092896,
        "rmsd": 1.2533496618270874,
        "dihedral_counts": [
            30,
            30,
            17,
            6
        ],
        "seq_len": 44,
        "num_sc": 30
    }
}