{
    "all": {
        "mean_mae": [
            49.682273864746094,
            33.45021438598633,
            69.90713500976562,
            49.12028121948242
        ],
        "mae_sr": 0.35661765933036804,
        "rmsd": 1.3017438650131226,
        "dihedral_counts": [
            272,
            205,
            57,
            27
        ],
        "seq_len": 298,
        "num_sc": 272,
        "clash_info": {
            "100": {
                "num_clashes": 74,
                "num_atom_pairs": 2207413,
                "energy": 8.554946899414062
            },
            "90": {
                "num_clashes": 3,
                "num_atom_pairs": 2207413,
                "energy": 0.15358400344848633
            },
            "80": {
                "num_clashes": 0,
                "num_atom_pairs": 2207413,
                "energy": 0.0
            }
        },
        "ca_rmsd": 26.469867706298828
    },
    "core": {
        "mean_mae": [
            28.696317672729492,
            31.904232025146484,
            62.38275909423828,
            4.291367053985596
        ],
        "mae_sr": 0.5454545617103577,
        "rmsd": 0.796967089176178,
        "dihedral_counts": [
            55,
            42,
            7,
            1
        ],
        "seq_len": 64,
        "num_sc": 55
    },
    "surface": {
        "mean_mae": [
            59.863014221191406,
            37.78017044067383,
            67.14163208007812,
            51.490020751953125
        ],
        "mae_sr": 0.2535211145877838,
        "rmsd": 1.6075725555419922,
        "dihedral_counts": [
            142,
            108,
            34,
            20
        ],
        "seq_len": 153,
        "num_sc": 142
    }
}