{
    "all": {
        "mean_mae": [
            26.589021682739258,
            30.05076026916504,
            43.29457092285156,
            61.737876892089844
        ],
        "mae_sr": 0.5035461187362671,
        "rmsd": 0.8811134696006775,
        "dihedral_counts": [
            141,
            106,
            39,
            15
        ],
        "seq_len": 156,
        "num_sc": 141,
        "clash_info": {
            "100": {
                "num_clashes": 30,
                "num_atom_pairs": 593764,
                "energy": 3.1097912788391113
            },
            "90": {
                "num_clashes": 1,
                "num_atom_pairs": 593764,
                "energy": 0.07345390319824219
            },
            "80": {
                "num_clashes": 0,
                "num_atom_pairs": 593764,
                "energy": 0.0
            }
        },
        "ca_rmsd": 1.1510224342346191
    },
    "core": {
        "mean_mae": [
            25.81006622314453,
            18.79271697998047,
            28.110754013061523,
            22.446805953979492
        ],
        "mae_sr": 0.7209302186965942,
        "rmsd": 0.7235278487205505,
        "dihedral_counts": [
            43,
            30,
            3,
            3
        ],
        "seq_len": 50,
        "num_sc": 43
    },
    "surface": {
        "mean_mae": [
            31.0701904296875,
            38.29890060424805,
            40.775020599365234,
            77.06033325195312
        ],
        "mae_sr": 0.3571428656578064,
        "rmsd": 1.0410706996917725,
        "dihedral_counts": [
            70,
            53,
            29,
            11
        ],
        "seq_len": 77,
        "num_sc": 70
    }
}