{
    "all": {
        "mean_mae": [
            27.549087524414062,
            30.289121627807617,
            49.85017395019531,
            34.04848861694336
        ],
        "mae_sr": 0.5242718458175659,
        "rmsd": 0.8665687441825867,
        "dihedral_counts": [
            309,
            229,
            52,
            20
        ],
        "seq_len": 408,
        "num_sc": 309,
        "clash_info": {
            "100": {
                "num_clashes": 54,
                "num_atom_pairs": 3183730,
                "energy": 5.716052532196045
            },
            "90": {
                "num_clashes": 1,
                "num_atom_pairs": 3183730,
                "energy": 0.041112661361694336
            },
            "80": {
                "num_clashes": 0,
                "num_atom_pairs": 3183730,
                "energy": 0.0
            }
        },
        "ca_rmsd": 10.10430908203125
    },
    "core": {
        "mean_mae": [
            19.817554473876953,
            25.87485122680664,
            53.50646209716797,
            24.87982177734375
        ],
        "mae_sr": 0.5942028760910034,
        "rmsd": 0.694631040096283,
        "dihedral_counts": [
            138,
            99,
            21,
            7
        ],
        "seq_len": 184,
        "num_sc": 138
    },
    "surface": {
        "mean_mae": [
            34.185691833496094,
            38.18862533569336,
            38.686676025390625,
            38.98546600341797
        ],
        "mae_sr": 0.42307692766189575,
        "rmsd": 1.1039210557937622,
        "dihedral_counts": [
            104,
            81,
            23,
            13
        ],
        "seq_len": 130,
        "num_sc": 104
    }
}