{
    "all": {
        "mean_mae": [
            24.145118713378906,
            32.19689178466797,
            54.25925827026367,
            47.91808319091797
        ],
        "mae_sr": 0.611940324306488,
        "rmsd": 0.9561629891395569,
        "dihedral_counts": [
            67,
            52,
            24,
            8
        ],
        "seq_len": 74,
        "num_sc": 67,
        "clash_info": {
            "100": {
                "num_clashes": 12,
                "num_atom_pairs": 135982,
                "energy": 1.909996509552002
            },
            "90": {
                "num_clashes": 2,
                "num_atom_pairs": 135982,
                "energy": 0.18935394287109375
            },
            "80": {
                "num_clashes": 0,
                "num_atom_pairs": 135982,
                "energy": 0.0
            }
        },
        "ca_rmsd": 7.851142883300781
    },
    "core": {
        "mean_mae": [
            5.348977565765381,
            6.117541790008545,
            41.558902740478516,
            67.8062973022461
        ],
        "mae_sr": 0.8333333134651184,
        "rmsd": 0.4651482105255127,
        "dihedral_counts": [
            12,
            9,
            5,
            2
        ],
        "seq_len": 15,
        "num_sc": 12
    },
    "surface": {
        "mean_mae": [
            32.238365173339844,
            40.81802749633789,
            59.69181823730469,
            41.28867721557617
        ],
        "mae_sr": 0.4883720874786377,
        "rmsd": 1.2411667108535767,
        "dihedral_counts": [
            43,
            33,
            18,
            6
        ],
        "seq_len": 45,
        "num_sc": 43
    }
}