{
    "all": {
        "mean_mae": [
            52.96958541870117,
            35.42045211791992,
            50.518768310546875,
            35.093379974365234
        ],
        "mae_sr": 0.349056601524353,
        "rmsd": 1.3271358013153076,
        "dihedral_counts": [
            106,
            69,
            25,
            12
        ],
        "seq_len": 140,
        "num_sc": 106,
        "clash_info": {
            "100": {
                "num_clashes": 7,
                "num_atom_pairs": 319605,
                "energy": 0.6548659801483154
            },
            "90": {
                "num_clashes": 0,
                "num_atom_pairs": 319605,
                "energy": 0.0
            },
            "80": {
                "num_clashes": 0,
                "num_atom_pairs": 319605,
                "energy": 0.0
            }
        },
        "ca_rmsd": 144.99285888671875
    },
    "core": {
        "mean_mae": [
            44.90496063232422,
            32.208595275878906,
            17.96461296081543,
            126.88103485107422
        ],
        "mae_sr": 0.4000000059604645,
        "rmsd": 0.9972063302993774,
        "dihedral_counts": [
            15,
            11,
            2,
            1
        ],
        "seq_len": 19,
        "num_sc": 15
    },
    "surface": {
        "mean_mae": [
            53.2450065612793,
            36.500083923339844,
            51.01859664916992,
            25.916006088256836
        ],
        "mae_sr": 0.36000001430511475,
        "rmsd": 1.3932629823684692,
        "dihedral_counts": [
            75,
            46,
            20,
            10
        ],
        "seq_len": 83,
        "num_sc": 75
    }
}