{
    "all": {
        "mean_mae": [
            50.76523971557617,
            50.1546745300293,
            62.57551193237305,
            56.6688346862793
        ],
        "mae_sr": 0.18840579688549042,
        "rmsd": 1.510609745979309,
        "dihedral_counts": [
            138,
            106,
            44,
            24
        ],
        "seq_len": 168,
        "num_sc": 138,
        "clash_info": {
            "100": {
                "num_clashes": 70,
                "num_atom_pairs": 577822,
                "energy": 13.463347434997559
            },
            "90": {
                "num_clashes": 17,
                "num_atom_pairs": 577822,
                "energy": 1.6343107223510742
            },
            "80": {
                "num_clashes": 0,
                "num_atom_pairs": 577822,
                "energy": 0.0
            }
        },
        "ca_rmsd": 14.826475143432617
    },
    "core": {
        "mean_mae": [
            34.25697326660156,
            42.86311721801758,
            59.221885681152344,
            98.87858581542969
        ],
        "mae_sr": 0.27272728085517883,
        "rmsd": 1.0860447883605957,
        "dihedral_counts": [
            33,
            21,
            7,
            2
        ],
        "seq_len": 37,
        "num_sc": 33
    },
    "surface": {
        "mean_mae": [
            58.80171585083008,
            53.692508697509766,
            61.76262283325195,
            57.226985931396484
        ],
        "mae_sr": 0.10958904027938843,
        "rmsd": 1.7029517889022827,
        "dihedral_counts": [
            73,
            61,
            29,
            16
        ],
        "seq_len": 96,
        "num_sc": 73
    }
}