{
    "all": {
        "mean_mae": [
            42.85405349731445,
            33.13301086425781,
            67.9205551147461,
            82.3241195678711
        ],
        "mae_sr": 0.35433071851730347,
        "rmsd": 1.2190086841583252,
        "dihedral_counts": [
            127,
            81,
            36,
            19
        ],
        "seq_len": 172,
        "num_sc": 127,
        "clash_info": {
            "100": {
                "num_clashes": 33,
                "num_atom_pairs": 456404,
                "energy": 3.5920259952545166
            },
            "90": {
                "num_clashes": 2,
                "num_atom_pairs": 456404,
                "energy": 0.026323795318603516
            },
            "80": {
                "num_clashes": 0,
                "num_atom_pairs": 456404,
                "energy": 0.0
            }
        },
        "ca_rmsd": 117.86837005615234
    },
    "core": {
        "mean_mae": [
            41.108848571777344,
            21.641067504882812,
            119.35650634765625,
            18.91764259338379
        ],
        "mae_sr": 0.4871794879436493,
        "rmsd": 1.0201972723007202,
        "dihedral_counts": [
            39,
            25,
            3,
            1
        ],
        "seq_len": 67,
        "num_sc": 39
    },
    "surface": {
        "mean_mae": [
            42.51750564575195,
            41.30982208251953,
            60.963783264160156,
            94.50299072265625
        ],
        "mae_sr": 0.35185185074806213,
        "rmsd": 1.257643222808838,
        "dihedral_counts": [
            54,
            31,
            19,
            10
        ],
        "seq_len": 68,
        "num_sc": 54
    }
}