{
    "all": {
        "mean_mae": [
            34.32230758666992,
            35.4493522644043,
            42.384002685546875,
            54.55894470214844
        ],
        "mae_sr": 0.4333333373069763,
        "rmsd": 1.1472245454788208,
        "dihedral_counts": [
            90,
            74,
            34,
            15
        ],
        "seq_len": 101,
        "num_sc": 90,
        "clash_info": {
            "100": {
                "num_clashes": 2,
                "num_atom_pairs": 232470,
                "energy": 0.12561249732971191
            },
            "90": {
                "num_clashes": 0,
                "num_atom_pairs": 232470,
                "energy": 0.0
            },
            "80": {
                "num_clashes": 0,
                "num_atom_pairs": 232470,
                "energy": 0.0
            }
        },
        "ca_rmsd": 21.219078063964844
    },
    "core": {
        "mean_mae": [
            0.0,
            0.0,
            0.0,
            0.0
        ],
        "mae_sr": 1.0,
        "rmsd": 0.0,
        "dihedral_counts": [
            0,
            0,
            0,
            0
        ],
        "seq_len": 0,
        "num_sc": 0
    },
    "surface": {
        "mean_mae": [
            34.32230758666992,
            35.4493522644043,
            42.384002685546875,
            54.55894470214844
        ],
        "mae_sr": 0.4333333373069763,
        "rmsd": 1.1472245454788208,
        "dihedral_counts": [
            90,
            74,
            34,
            15
        ],
        "seq_len": 101,
        "num_sc": 90
    }
}