{
    "all": {
        "mean_mae": [
            24.323184967041016,
            28.571147918701172,
            52.50816345214844,
            58.25927734375
        ],
        "mae_sr": 0.5744680762290955,
        "rmsd": 0.9517146944999695,
        "dihedral_counts": [
            282,
            231,
            85,
            41
        ],
        "seq_len": 349,
        "num_sc": 282,
        "clash_info": {
            "100": {
                "num_clashes": 203,
                "num_atom_pairs": 2864125,
                "energy": 47.4020881652832
            },
            "90": {
                "num_clashes": 45,
                "num_atom_pairs": 2864125,
                "energy": 11.711042404174805
            },
            "80": {
                "num_clashes": 14,
                "num_atom_pairs": 2864125,
                "energy": 3.0607314109802246
            }
        },
        "ca_rmsd": 2.348605903534917e-06
    },
    "core": {
        "mean_mae": [
            17.039953231811523,
            19.76769256591797,
            51.086669921875,
            50.17392349243164
        ],
        "mae_sr": 0.6982758641242981,
        "rmsd": 0.6876581311225891,
        "dihedral_counts": [
            116,
            87,
            22,
            12
        ],
        "seq_len": 149,
        "num_sc": 116
    },
    "surface": {
        "mean_mae": [
            39.357357025146484,
            40.76504898071289,
            51.18403625488281,
            72.91940307617188
        ],
        "mae_sr": 0.3854166567325592,
        "rmsd": 1.3703562021255493,
        "dihedral_counts": [
            96,
            85,
            43,
            19
        ],
        "seq_len": 118,
        "num_sc": 96
    }
}