{
    "all": {
        "mean_mae": [
            20.34619903564453,
            24.51374053955078,
            38.898590087890625,
            58.62946319580078
        ],
        "mae_sr": 0.6377550959587097,
        "rmsd": 0.7783464789390564,
        "dihedral_counts": [
            392,
            298,
            112,
            61
        ],
        "seq_len": 460,
        "num_sc": 392,
        "clash_info": {
            "100": {
                "num_clashes": 193,
                "num_atom_pairs": 4660950,
                "energy": 40.01762008666992
            },
            "90": {
                "num_clashes": 37,
                "num_atom_pairs": 4660950,
                "energy": 9.28207778930664
            },
            "80": {
                "num_clashes": 13,
                "num_atom_pairs": 4660950,
                "energy": 2.42836856842041
            }
        },
        "ca_rmsd": 1.3745831211053883e-06
    },
    "core": {
        "mean_mae": [
            13.536581039428711,
            19.61471939086914,
            37.093257904052734,
            73.86732482910156
        ],
        "mae_sr": 0.75,
        "rmsd": 0.4818633496761322,
        "dihedral_counts": [
            164,
            103,
            23,
            10
        ],
        "seq_len": 203,
        "num_sc": 164
    },
    "surface": {
        "mean_mae": [
            29.11398696899414,
            32.14847183227539,
            38.90148162841797,
            57.2423095703125
        ],
        "mae_sr": 0.48571428656578064,
        "rmsd": 1.1088987588882446,
        "dihedral_counts": [
            140,
            123,
            61,
            34
        ],
        "seq_len": 152,
        "num_sc": 140
    }
}