{
    "all": {
        "mean_mae": [
            36.2552490234375,
            33.097740173339844,
            51.899864196777344,
            53.938716888427734
        ],
        "mae_sr": 0.39012739062309265,
        "rmsd": 1.1492704153060913,
        "dihedral_counts": [
            628,
            496,
            213,
            104
        ],
        "seq_len": 748,
        "num_sc": 628,
        "clash_info": {
            "100": {
                "num_clashes": 443,
                "num_atom_pairs": 12839134,
                "energy": 103.90415954589844
            },
            "90": {
                "num_clashes": 121,
                "num_atom_pairs": 12839134,
                "energy": 26.349788665771484
            },
            "80": {
                "num_clashes": 27,
                "num_atom_pairs": 12839134,
                "energy": 6.165327548980713
            }
        },
        "ca_rmsd": 4.825079940928845e-06
    },
    "core": {
        "mean_mae": [
            27.59270477294922,
            27.37322998046875,
            43.20897674560547,
            45.23203659057617
        ],
        "mae_sr": 0.5498008131980896,
        "rmsd": 0.7947148680686951,
        "dihedral_counts": [
            251,
            184,
            38,
            19
        ],
        "seq_len": 301,
        "num_sc": 251
    },
    "surface": {
        "mean_mae": [
            52.3082389831543,
            38.958229064941406,
            53.50567626953125,
            57.67747497558594
        ],
        "mae_sr": 0.21212121844291687,
        "rmsd": 1.5813356637954712,
        "dihedral_counts": [
            231,
            196,
            127,
            57
        ],
        "seq_len": 276,
        "num_sc": 231
    }
}