{
    "all": {
        "mean_mae": [
            30.49330711364746,
            40.06447219848633,
            54.44845962524414,
            56.445133209228516
        ],
        "mae_sr": 0.4920634925365448,
        "rmsd": 1.0961551666259766,
        "dihedral_counts": [
            126,
            93,
            26,
            19
        ],
        "seq_len": 170,
        "num_sc": 126,
        "clash_info": {
            "100": {
                "num_clashes": 29,
                "num_atom_pairs": 522518,
                "energy": 5.444048881530762
            },
            "90": {
                "num_clashes": 6,
                "num_atom_pairs": 522518,
                "energy": 0.7745931148529053
            },
            "80": {
                "num_clashes": 1,
                "num_atom_pairs": 522518,
                "energy": 0.02406930923461914
            }
        },
        "ca_rmsd": 9.79139622359071e-06
    },
    "core": {
        "mean_mae": [
            0.0,
            0.0,
            0.0,
            0.0
        ],
        "mae_sr": 1.0,
        "rmsd": 0.0,
        "dihedral_counts": [
            0,
            0,
            0,
            0
        ],
        "seq_len": 0,
        "num_sc": 0
    },
    "surface": {
        "mean_mae": [
            30.72378921508789,
            40.06447219848633,
            54.44845962524414,
            56.445133209228516
        ],
        "mae_sr": 0.4880000054836273,
        "rmsd": 1.103678584098816,
        "dihedral_counts": [
            125,
            93,
            26,
            19
        ],
        "seq_len": 169,
        "num_sc": 125
    }
}