{
    "all": {
        "mean_mae": [
            28.44051170349121,
            19.764240264892578,
            27.78179168701172,
            37.882171630859375
        ],
        "mae_sr": 0.6161616444587708,
        "rmsd": 0.8724770545959473,
        "dihedral_counts": [
            198,
            160,
            62,
            34
        ],
        "seq_len": 223,
        "num_sc": 198,
        "clash_info": {
            "100": {
                "num_clashes": 125,
                "num_atom_pairs": 1212729,
                "energy": 26.704805374145508
            },
            "90": {
                "num_clashes": 24,
                "num_atom_pairs": 1212729,
                "energy": 6.054961681365967
            },
            "80": {
                "num_clashes": 10,
                "num_atom_pairs": 1212729,
                "energy": 1.4545139074325562
            }
        },
        "ca_rmsd": 3.785593207794591e-06
    },
    "core": {
        "mean_mae": [
            17.435035705566406,
            12.459188461303711,
            16.65879249572754,
            29.138561248779297
        ],
        "mae_sr": 0.7971014380455017,
        "rmsd": 0.4855879545211792,
        "dihedral_counts": [
            69,
            50,
            12,
            5
        ],
        "seq_len": 80,
        "num_sc": 69
    },
    "surface": {
        "mean_mae": [
            37.6659049987793,
            23.14410400390625,
            32.6076545715332,
            42.05169677734375
        ],
        "mae_sr": 0.49473685026168823,
        "rmsd": 1.1620285511016846,
        "dihedral_counts": [
            95,
            79,
            40,
            24
        ],
        "seq_len": 105,
        "num_sc": 95
    }
}