{
    "all": {
        "mean_mae": [
            21.35105323791504,
            23.725088119506836,
            38.954307556152344,
            61.330135345458984
        ],
        "mae_sr": 0.5808966755867004,
        "rmsd": 0.683860719203949,
        "dihedral_counts": [
            513,
            365,
            109,
            47
        ],
        "seq_len": 628,
        "num_sc": 513,
        "clash_info": {
            "100": {
                "num_clashes": 415,
                "num_atom_pairs": 8358985,
                "energy": 94.70494842529297
            },
            "90": {
                "num_clashes": 102,
                "num_atom_pairs": 8358985,
                "energy": 23.489816665649414
            },
            "80": {
                "num_clashes": 29,
                "num_atom_pairs": 8358985,
                "energy": 6.454356670379639
            }
        },
        "ca_rmsd": 4.781045845447807e-06
    },
    "core": {
        "mean_mae": [
            12.83074951171875,
            15.843656539916992,
            40.81096267700195,
            44.80443572998047
        ],
        "mae_sr": 0.7174887657165527,
        "rmsd": 0.4854981303215027,
        "dihedral_counts": [
            223,
            172,
            38,
            13
        ],
        "seq_len": 278,
        "num_sc": 223
    },
    "surface": {
        "mean_mae": [
            32.665443420410156,
            34.37217330932617,
            39.25969696044922,
            76.6963882446289
        ],
        "mae_sr": 0.395480215549469,
        "rmsd": 0.9228498339653015,
        "dihedral_counts": [
            177,
            114,
            48,
            19
        ],
        "seq_len": 215,
        "num_sc": 177
    }
}