{
    "all": {
        "mean_mae": [
            25.775493621826172,
            32.89087677001953,
            51.49715805053711,
            108.08171844482422
        ],
        "mae_sr": 0.6029411554336548,
        "rmsd": 0.8273151516914368,
        "dihedral_counts": [
            204,
            136,
            39,
            12
        ],
        "seq_len": 265,
        "num_sc": 204,
        "clash_info": {
            "100": {
                "num_clashes": 132,
                "num_atom_pairs": 1392006,
                "energy": 32.202701568603516
            },
            "90": {
                "num_clashes": 30,
                "num_atom_pairs": 1392006,
                "energy": 10.48714828491211
            },
            "80": {
                "num_clashes": 13,
                "num_atom_pairs": 1392006,
                "energy": 4.3511152267456055
            }
        },
        "ca_rmsd": 9.373399620926648e-07
    },
    "core": {
        "mean_mae": [
            20.836414337158203,
            34.347999572753906,
            55.87798309326172,
            58.65095901489258
        ],
        "mae_sr": 0.720588207244873,
        "rmsd": 0.6482160091400146,
        "dihedral_counts": [
            68,
            38,
            10,
            2
        ],
        "seq_len": 100,
        "num_sc": 68
    },
    "surface": {
        "mean_mae": [
            35.43268585205078,
            30.035844802856445,
            58.78385925292969,
            137.88526916503906
        ],
        "mae_sr": 0.5357142686843872,
        "rmsd": 1.036699891090393,
        "dihedral_counts": [
            84,
            62,
            18,
            7
        ],
        "seq_len": 106,
        "num_sc": 84
    }
}