{
    "all": {
        "mean_mae": [
            18.278322219848633,
            19.06050682067871,
            52.6149787902832,
            50.26738739013672
        ],
        "mae_sr": 0.6463414430618286,
        "rmsd": 0.777198076248169,
        "dihedral_counts": [
            82,
            69,
            23,
            10
        ],
        "seq_len": 98,
        "num_sc": 82,
        "clash_info": {
            "100": {
                "num_clashes": 49,
                "num_atom_pairs": 247779,
                "energy": 10.303826332092285
            },
            "90": {
                "num_clashes": 10,
                "num_atom_pairs": 247779,
                "energy": 1.4430904388427734
            },
            "80": {
                "num_clashes": 1,
                "num_atom_pairs": 247779,
                "energy": 0.23414015769958496
            }
        },
        "ca_rmsd": 3.0203955247998238e-06
    },
    "core": {
        "mean_mae": [
            16.87750816345215,
            10.079429626464844,
            4.21604061126709,
            0.0
        ],
        "mae_sr": 0.7333333492279053,
        "rmsd": 0.473594069480896,
        "dihedral_counts": [
            15,
            11,
            1,
            0
        ],
        "seq_len": 19,
        "num_sc": 15
    },
    "surface": {
        "mean_mae": [
            21.713558197021484,
            22.72062110900879,
            71.07410430908203,
            61.412837982177734
        ],
        "mae_sr": 0.5652173757553101,
        "rmsd": 0.9808587431907654,
        "dihedral_counts": [
            46,
            41,
            16,
            8
        ],
        "seq_len": 54,
        "num_sc": 46
    }
}