{
    "all": {
        "mean_mae": [
            24.568950653076172,
            33.46648406982422,
            50.7846565246582,
            61.072044372558594
        ],
        "mae_sr": 0.6188119053840637,
        "rmsd": 0.9031985402107239,
        "dihedral_counts": [
            202,
            154,
            36,
            20
        ],
        "seq_len": 230,
        "num_sc": 202,
        "clash_info": {
            "100": {
                "num_clashes": 77,
                "num_atom_pairs": 1256288,
                "energy": 14.713672637939453
            },
            "90": {
                "num_clashes": 14,
                "num_atom_pairs": 1256288,
                "energy": 3.279952049255371
            },
            "80": {
                "num_clashes": 4,
                "num_atom_pairs": 1256288,
                "energy": 1.1560407876968384
            }
        },
        "ca_rmsd": 6.151298293843865e-06
    },
    "core": {
        "mean_mae": [
            10.791099548339844,
            18.147518157958984,
            58.604312896728516,
            5.411319732666016
        ],
        "mae_sr": 0.8285714387893677,
        "rmsd": 0.4201429486274719,
        "dihedral_counts": [
            35,
            28,
            3,
            2
        ],
        "seq_len": 40,
        "num_sc": 35
    },
    "surface": {
        "mean_mae": [
            30.768823623657227,
            42.093505859375,
            52.54293441772461,
            59.91176223754883
        ],
        "mae_sr": 0.5476190447807312,
        "rmsd": 1.0849918127059937,
        "dihedral_counts": [
            126,
            91,
            25,
            12
        ],
        "seq_len": 144,
        "num_sc": 126
    }
}