{
    "all": {
        "mean_mae": [
            18.138214111328125,
            21.680145263671875,
            48.573486328125,
            54.36119079589844
        ],
        "mae_sr": 0.5625,
        "rmsd": 0.7807439565658569,
        "dihedral_counts": [
            128,
            91,
            47,
            23
        ],
        "seq_len": 161,
        "num_sc": 128,
        "clash_info": {
            "100": {
                "num_clashes": 74,
                "num_atom_pairs": 535325,
                "energy": 14.184671401977539
            },
            "90": {
                "num_clashes": 18,
                "num_atom_pairs": 535325,
                "energy": 2.5541481971740723
            },
            "80": {
                "num_clashes": 1,
                "num_atom_pairs": 535325,
                "energy": 0.0030858516693115234
            }
        },
        "ca_rmsd": 3.60334024662734e-06
    },
    "core": {
        "mean_mae": [
            9.13317584991455,
            15.180182456970215,
            61.391845703125,
            40.633602142333984
        ],
        "mae_sr": 0.8421052694320679,
        "rmsd": 0.3690319359302521,
        "dihedral_counts": [
            38,
            23,
            5,
            3
        ],
        "seq_len": 51,
        "num_sc": 38
    },
    "surface": {
        "mean_mae": [
            29.313701629638672,
            34.24116516113281,
            46.25215530395508,
            56.4926643371582
        ],
        "mae_sr": 0.35849055647850037,
        "rmsd": 1.1150535345077515,
        "dihedral_counts": [
            53,
            37,
            28,
            11
        ],
        "seq_len": 69,
        "num_sc": 53
    }
}